reference,direction,rmse_thresh_deg_1jnd,rmse_jod_0.1deg,rmse_jod_0.5deg,rmse_jod_1.0deg,rmse_jod_5.0deg,rmse_jod_10.0deg,rmse_jod_20.0deg,psnr_thresh_deg_1jnd,psnr_jod_0.1deg,psnr_jod_0.5deg,psnr_jod_1.0deg,psnr_jod_5.0deg,psnr_jod_10.0deg,psnr_jod_20.0deg,ssim_thresh_deg_1jnd,ssim_jod_0.1deg,ssim_jod_0.5deg,ssim_jod_1.0deg,ssim_jod_5.0deg,ssim_jod_10.0deg,ssim_jod_20.0deg,ms_ssim_thresh_deg_1jnd,ms_ssim_jod_0.1deg,ms_ssim_jod_0.5deg,ms_ssim_jod_1.0deg,ms_ssim_jod_5.0deg,ms_ssim_jod_10.0deg,ms_ssim_jod_20.0deg,iw_ssim_thresh_deg_1jnd,iw_ssim_jod_0.1deg,iw_ssim_jod_0.5deg,iw_ssim_jod_1.0deg,iw_ssim_jod_5.0deg,iw_ssim_jod_10.0deg,iw_ssim_jod_20.0deg,vif_thresh_deg_1jnd,vif_jod_0.1deg,vif_jod_0.5deg,vif_jod_1.0deg,vif_jod_5.0deg,vif_jod_10.0deg,vif_jod_20.0deg,fsim_thresh_deg_1jnd,fsim_jod_0.1deg,fsim_jod_0.5deg,fsim_jod_1.0deg,fsim_jod_5.0deg,fsim_jod_10.0deg,fsim_jod_20.0deg,srsim_thresh_deg_1jnd,srsim_jod_0.1deg,srsim_jod_0.5deg,srsim_jod_1.0deg,srsim_jod_5.0deg,srsim_jod_10.0deg,srsim_jod_20.0deg,gmsd_thresh_deg_1jnd,gmsd_jod_0.1deg,gmsd_jod_0.5deg,gmsd_jod_1.0deg,gmsd_jod_5.0deg,gmsd_jod_10.0deg,gmsd_jod_20.0deg,ms_gmsd_thresh_deg_1jnd,ms_gmsd_jod_0.1deg,ms_gmsd_jod_0.5deg,ms_gmsd_jod_1.0deg,ms_gmsd_jod_5.0deg,ms_gmsd_jod_10.0deg,ms_gmsd_jod_20.0deg,vsi_thresh_deg_1jnd,vsi_jod_0.1deg,vsi_jod_0.5deg,vsi_jod_1.0deg,vsi_jod_5.0deg,vsi_jod_10.0deg,vsi_jod_20.0deg,mdsi_thresh_deg_1jnd,mdsi_jod_0.1deg,mdsi_jod_0.5deg,mdsi_jod_1.0deg,mdsi_jod_5.0deg,mdsi_jod_10.0deg,mdsi_jod_20.0deg,haarpsi_thresh_deg_1jnd,haarpsi_jod_0.1deg,haarpsi_jod_0.5deg,haarpsi_jod_1.0deg,haarpsi_jod_5.0deg,haarpsi_jod_10.0deg,haarpsi_jod_20.0deg,dss_thresh_deg_1jnd,dss_jod_0.1deg,dss_jod_0.5deg,dss_jod_1.0deg,dss_jod_5.0deg,dss_jod_10.0deg,dss_jod_20.0deg,lpips_thresh_deg_1jnd,lpips_jod_0.1deg,lpips_jod_0.5deg,lpips_jod_1.0deg,lpips_jod_5.0deg,lpips_jod_10.0deg,lpips_jod_20.0deg,dists_thresh_deg_1jnd,dists_jod_0.1deg,dists_jod_0.5deg,dists_jod_1.0deg,dists_jod_5.0deg,dists_jod_10.0deg,dists_jod_20.0deg,pieapp_thresh_deg_1jnd,pieapp_jod_0.1deg,pieapp_jod_0.5deg,pieapp_jod_1.0deg,pieapp_jod_5.0deg,pieapp_jod_10.0deg,pieapp_jod_20.0deg
I01,clockwise,0.23267205467941668,0.27896714046459437,1.983644649919463,2.6159847186051026,3.129524412029679,3.214747209902323,3.3243383432717524,0.2328303436397505,0.27788320272608535,1.9855296202429278,2.6050515717973566,3.0653514629938976,3.1338039524350463,3.2160188414686197,0.3390953156445585,0.1506201998665233,1.674268466149691,2.511847467390635,2.954435863857925,2.9773193505680204,3.025774376874418,0.4568437552582956,0.1721495377342901,1.1362411641334313,2.215329834100573,2.676701783759288,2.6788476034069326,2.6794637518333273,0.2737910390395585,0.32484315655390184,1.9033608429961415,2.5446330635134142,2.576447898697169,2.576447957468744,2.576447962009616,0.29234861410147905,0.3603171945445048,1.7580229439680921,2.4524531641800906,2.806163529775162,2.824858163600376,2.8349640762116506,0.07835609487508857,1.3077976111633234,2.7003050257164887,2.8163869938466632,2.8413740751109344,2.841868903512477,2.84220883376679,0.08112438530144794,1.2689968270012741,2.5681963227866618,2.6304180867879268,2.641997586030925,2.642266357860649,2.6423186821986064,0.10945614991907948,0.9217310898821567,2.3834158889232255,2.6389678163153474,2.7375783345904687,2.7429145272512945,2.7447214060258633,0.123760656204527,0.8031076833137036,2.3952344165257093,2.682794628623279,2.7879452387361257,2.792838058866371,2.7944497351256032,0.14355285186019812,0.6839063414458906,2.243361909934265,2.5882341858323343,2.7329844414248328,2.7362789698577217,2.737422462389077,0.09981016232810835,1.0021627179325414,2.427650106620051,2.6480745050592387,2.8314769730680704,2.8595310440900596,2.8824874713727757,0.16027321161075922,0.64563314582605,2.108129847076704,2.7355799744670364,3.3375417666171003,3.3995230702383417,3.417467876927496,0.19621694041524362,0.5266932546510361,1.9328679979200842,2.465816824406147,2.6377835086216237,2.6490276904130496,2.6548531729210936,2.234162041817533,0.05899948341459882,0.25789596170915724,0.4881879107875294,1.7292959069698288,2.283677587686405,2.7060033736017983,4.182359862629266,0.23582859846550738,0.3406320867937317,0.45446207507704517,1.1490243496983599,1.8689063797553829,2.306475220052609,2.79289901658208,0.3220215786429609,0.7702358553603433,0.7695287551473678,1.2355192813421794,1.7207015493124729,2.5529725013001814
I01,counter_clockwise,0.23304944733339494,0.27838639680693156,1.981033299344225,2.6072457094095194,3.113477355117742,3.218790281531674,3.3363298007148847,0.23320816970366312,0.27729264687043265,1.9829204326097245,2.596754847348344,3.0521059625395215,3.136964184928861,3.224512885960888,0.33868704410735223,0.15106921249071892,1.6737288099860868,2.511522962077928,2.949412458256994,2.975385392852207,3.0221377609334787,0.4467660688361942,0.1730207579169072,1.171181658563246,2.245976783428943,2.676458073681622,2.6786933765538503,2.6794601339926576,0.2730847783149291,0.32541463282532224,1.9052380031895133,2.546257952824754,2.576447884992554,2.5764479565596394,2.5764479619960428,0.2923841226282116,0.3601410971685909,1.7576655252933175,2.4515987641761208,2.806053868038825,2.825075009403714,2.835402706700743,0.0791817657565089,1.2842186914758713,2.712041739376673,2.8148242918127835,2.8411421146008706,2.84190359047102,2.8421602234734564,0.08276910497355622,1.239501752525257,2.5696406289374636,2.6308590745940137,2.641984188615538,2.6422530159217104,2.642320617827181,0.1077540113046305,0.9350855404802956,2.417870311626262,2.6536688393745256,2.7357400597689723,2.742403611849039,2.7442014126595633,0.12385769262933587,0.8009096833471152,2.4252390203619907,2.6963759427212963,2.7863702479746033,2.792586199607527,2.7943313175654767,0.14521126891542052,0.6774998860023516,2.2592251895025584,2.5865151839238933,2.732750927077632,2.7361851326118085,2.737339939656067,0.10021211860252942,0.9981224459026503,2.430856143233723,2.646826733558212,2.8233351557877917,2.8503724341789956,2.8769520650312512,0.1537429879236533,0.6536468078495652,2.2503374022330505,2.8010787561293533,3.32425961594652,3.39327757621351,3.4153959969782335,0.20975879179782544,0.5115525068204079,1.8995116755233994,2.459157936759084,2.6390589131299294,2.649371600750328,2.654965579398322,2.256142546427471,0.05984242833379533,0.2568691459657298,0.49121107019780935,1.7288554164194643,2.317112751823462,2.7199586663950917,3.375173828277817,0.2375113423465192,0.3227267458883415,0.45880503858899496,1.3895039509805414,1.9882788484103515,2.3773735921357733,4.7105149933538,0.30263754389889885,0.9438266796899771,0.8195372299239799,1.097593487364866,1.9595187647658894,2.573473999500469
I02,clockwise,0.46991484243919046,-0.03010626650442294,1.0690412649563976,1.7036641974448576,2.665053574031224,2.9954755760889276,3.2349248425178088,0.47027585773916775,-0.04574391935455013,1.0681160342463656,1.7048123122900911,2.6514278710299957,2.9518264521145294,3.14948817265156,0.4095840689917544,0.12581136765451362,1.3203433600578398,2.2452464308684057,2.7350685935034775,2.8061573828700093,2.8399374469851546,0.5655158396431443,0.1459195222666878,0.8324423489513468,1.8634243776492125,2.6606648940293978,2.676701237139474,2.6791663101997134,0.3305032158559405,0.27788063425026355,1.6126666348003171,2.4871028466424274,2.5764469228319244,2.5764479425951388,2.5764479612038107,0.37506597306895173,0.30615238066609496,1.4380761583223505,2.2874313027120943,2.7772026952612543,2.813025534822411,2.8292993774414885,0.1218364394009595,0.8125376940090518,2.504341273967384,2.7560524781054028,2.8372760677050337,2.8400537875602367,2.840501192406464,0.12804854205387098,0.7697349788388692,2.3989030232654613,2.598393780565857,2.641438822079408,2.642255372566524,2.642324335989997,0.2080834101133069,0.43571357018306855,1.9137775930907854,2.408554369158518,2.70543305625919,2.7239171322581384,2.727746232961415,0.23732167732363973,0.3718939196144151,1.8358474592607898,2.4071873489333964,2.7608347001908546,2.7795584287435444,2.784837497221665,0.2037332575623593,0.4783004750993314,1.9534274024363185,2.466565565403471,2.7245699457166666,2.7336639789459696,2.7359198163503606,0.15435097383928378,0.6132051822448479,2.161709882951705,2.4762431398679787,2.7414455716766355,2.7911330098984948,2.7969106575064595,0.2995665750239145,0.29125596795831576,1.5416819292270674,2.3520898766268985,3.2742971857700987,3.35698949804474,3.3785839487091742,0.3321284210027679,0.3676306188478975,1.3974340887180006,2.1283665767978164,2.6232155245386366,2.644017639376216,2.652022463666299,2.8789824162463336,0.05186446240205361,0.19468732626363222,0.3879288625156329,1.4484400517133897,2.0951618531819314,2.590564714552253,6.262943928519834,0.23039404502138,0.32893534658951,0.3667122923194324,0.8091830044721489,1.4474359844062794,2.2008751450388253,7.319764262309754,0.18638011472336558,0.46575491380295475,0.4968974554648501,0.7349928658694344,1.3204740919450018,2.0714592685449853
I02,counter_clockwise,0.4705560228374425,-0.02872541211709745,1.0674103971916393,1.7046941487231946,2.6642051626098615,2.99612130783136,3.2366279886798273,0.4709177451199792,-0.04423159926892317,1.0664864083701082,1.7058466871871283,2.650629092895847,2.9523877887297907,3.1508019009200905,0.40909922068958443,0.12610076809132575,1.3217765221790385,2.2442172761761556,2.7309972901033372,2.80663627308932,2.8501423679038673,0.5426943132356024,0.147490088682813,0.885570472635306,1.895172184810069,2.66226096829132,2.6770739305852835,2.679276036829589,0.33117782825038183,0.2786724490016601,1.604940631373351,2.485894313116833,2.5764469756302733,2.576447946951137,2.5764479610893662,0.3749490016924503,0.30644749590976955,1.4382130272378733,2.287274713859624,2.7769997258271153,2.813841840946589,2.8310013846976645,0.12268301207086621,0.8073916226464917,2.508352159905371,2.7589669195822353,2.8372708927422536,2.8400683554987154,2.840486183399207,0.12318863659881737,0.8042234382993456,2.3925131973741145,2.599906247629292,2.641435212249121,2.6422529458158124,2.6423243054689465,0.21601778188729936,0.43644649028456595,1.9300675135920815,2.436220163430057,2.706526511635833,2.725022907267378,2.730657807092514,0.24152591853923458,0.37337575130075784,1.841871707913297,2.417299928109383,2.760674893671866,2.780088068611925,2.7864797770783483,0.20003310660259055,0.48246444220012563,1.9822899939545096,2.4743674175310844,2.724549942270187,2.7334971202653833,2.7358072266943054,0.15319587294413853,0.6227925315283798,2.1599139821259383,2.4743655264128037,2.7354991187854862,2.7688678616807976,2.787519442714727,0.29855739164594913,0.31427298920408475,1.5566875558641602,2.370522461959638,3.277441088021323,3.3571441705385716,3.3785881929732398,0.29755295077631605,0.37607330189939603,1.5667227043941239,2.2089381131163464,2.619426647434011,2.6449904568389684,2.6498845550090664,2.8573851094657607,0.052483504137641634,0.1935632341344658,0.38744424793575777,1.5185560059674432,2.1526843471183827,2.6200721179719086,5.298225953835038,0.23298655779931818,0.3143473978809285,0.3827274990381164,0.9531374708601155,1.7501783679170653,2.287605274081991,4.646087000878319,0.17097799883929243,0.46552635946967225,0.5858050012058723,1.0975763753299472,2.0748772280446266,2.5225027761771814
I03,clockwise,0.49267348893664664,-0.020191117520319324,1.0166302351588667,1.6827283864078657,2.810527216051601,3.118572589602537,3.3242934312583197,0.49304365455158616,-0.03490495464769061,1.0157566819552613,1.6837760722552377,2.7865571169413728,3.056322739445569,3.2159867884045146,0.5838447650118541,0.10272717450246649,0.8159424030807036,1.590494575931885,2.3269884700070076,2.4606070523650105,2.584186868901468,0.7879866683972387,0.12304705127090854,0.5180641780025561,1.2973579519688379,2.6242541780639073,2.671923871891421,2.6780942329105706,0.36487933636193254,0.2662801676798585,1.4662378329273453,2.4630895775816866,2.576447769848656,2.5764479596120173,2.576447961585724,0.4698217227444871,0.30221070782036247,1.0888359373148193,2.080816248660796,2.7570704731207503,2.8012406226001865,2.8144336303614734,0.12221511765940313,0.8224358593313355,2.447390779141415,2.7582389735373454,2.835677413627309,2.8391428985396487,2.8409488650886487,0.11235637617693932,0.8923312465702793,2.433832619612872,2.6122255345142094,2.6416816086765493,2.642254854705584,2.642314572069381,0.2220891866505688,0.4490987570879019,1.928195558898309,2.5433862326433254,2.738083575652342,2.74443315979425,2.7473769544110547,0.24933203204944504,0.3925965031092862,1.8563670137498105,2.5653162140401014,2.7901686493076188,2.795126059886009,2.796957511501815,0.21812803488460122,0.46291196523452527,1.8375406512832342,2.389181515463406,2.700854165299461,2.7242148763207297,2.7336336576754547,0.18344270051041123,0.5210721990358578,1.9903484347253404,2.4956461114896484,2.7934566902839277,2.8447454954132882,2.8742790509088416,0.25913651405884863,0.37270388725057657,1.770415529829263,2.6879918638035214,3.376943955442435,3.427562815072669,3.46560099834846,0.3446911231476112,0.33980315261555916,1.3893705549826336,2.1919924538169653,2.6431929744994704,2.6543048513556187,2.655990237989954,3.785134034574369,0.0541712608311431,0.14312131442774417,0.28151397044814125,1.2632358954666716,2.0153642430577032,2.576382116158132,9.463224701969576,0.2222079591860625,0.28364880053582286,0.30938762299846456,0.5716279702912841,1.0305090854246257,1.6710639431533825,4.1575400665367646,0.17467567450286514,0.2862735895932428,0.34912636607726233,1.0906899359264184,1.94441435995217,2.404798285520802
I03,counter_clockwise,0.4906627421484936,-0.01511117692532249,1.0214728270973703,1.6888468535052263,2.83023962750264,3.143201153351593,3.3575251436474316,0.49102696051930567,-0.02936958489577912,1.0205927725712258,1.6899240547418817,2.8045567589275247,3.076556768629605,3.2392332081477995,0.5859011146064642,0.10264645166805586,0.8112754008120602,1.5842352111515776,2.308543328008744,2.4314950074063715,2.568387499945784,0.7869094645155896,0.12340140067778815,0.5205986271796648,1.2967467211627222,2.6234582370507376,2.6715373230160955,2.678202801660925,0.3614605000238144,0.2698787899935713,1.475767204038501,2.4638708950717128,2.576447755094959,2.57644796017967,2.576447961618687,0.47067785105205795,0.30216857146415677,1.0851611995860106,2.0735292286613616,2.75567259040607,2.8019264073438204,2.818290273669831,0.12021280023619571,0.8388272811312163,2.445947968507653,2.7571800995992817,2.8358504029761207,2.8388584755771262,2.8404562430112037,0.10876171048735782,0.9270347915811499,2.423425740141056,2.609190386574028,2.6416369150125547,2.64226807895443,2.642324844989389,0.2184839096592371,0.4731231160985381,1.915677196703006,2.5399174969294287,2.737271210142152,2.7443561432461316,2.747514315582969,0.2441963047593691,0.4025455234091342,1.8500781041379926,2.564779801696811,2.78973927063387,2.795238170582379,2.797020151871047,0.21580330063035982,0.4685808014669419,1.8378858960163598,2.3866165312911107,2.7023964126178726,2.7242544513251232,2.734117600623904,0.18452424210415513,0.5250018954618161,1.9779898879142872,2.4815543860988347,2.786258477488768,2.83278708556562,2.8733444185781893,0.25165098106144795,0.4042521902636622,1.7630660626836345,2.683345377549827,3.378827411803499,3.4363163357555564,3.4713348969900935,0.3353131869982989,0.3521200988950568,1.4441851600320206,2.120120810823664,2.6437201251576425,2.654313745867057,2.656759063884465,3.7580404111116836,0.05506011049677362,0.1426965477095436,0.27815152204719124,1.2690059208823325,2.0362882818339996,2.646867107925123,9.115741139393487,0.2313941932644629,0.27079387299842234,0.310037565640015,0.5932458825748013,1.0931625664374591,1.8147113608408074,4.754565174793379,0.17459789251091584,0.30571036124646156,0.28604530608464596,1.0305919545759545,2.012006956696234,2.460205777571707
I04,clockwise,1.375673792836449,-0.2084598253914347,0.394574694850121,0.811075104149686,1.987209417543407,2.4882232109944846,2.829749449652046,1.377542323198141,-0.25212674057691553,0.3947421475855706,0.8107353294163238,1.9890923856039535,2.482761280271239,2.8041103665048883,0.6250595881891223,0.0927660487504296,0.7790629694238538,1.3230176436458132,1.9458409489776614,2.1210521141327128,2.3038751679040015,1.1165185587750477,0.11296786134153436,0.4107323458704961,0.9007086799020416,2.392034409444384,2.6357494140182256,2.6770439653386404,0.4830485361167232,0.21853601923136967,1.0467722287454828,2.0665922863666175,2.576188272113532,2.5764456905440047,2.5764479600420955,0.6264018492607144,0.2788819775551281,0.7394476812580454,1.5237724194452054,2.580388087848941,2.7194006664305372,2.788483378974943,0.2416805810614837,0.38800520496852187,1.787964454811572,2.360574012043571,2.7545141425132442,2.7961773638103296,2.816293954780349,0.18081254185436535,0.5052162065595667,2.1050966144698577,2.5071216331435835,2.6364359041724583,2.6418195567617886,2.6423139945815137,0.4367051424753449,0.2556989603542741,1.173700687149719,1.9391771423892048,2.6116037090446533,2.6811121867388548,2.7125576047553115,0.4827574407583231,0.2016179349835252,1.0456989119913327,1.8302520868303824,2.6639752390915463,2.7418790023210526,2.7698350300788537,0.30379475883308726,0.334124022540891,1.513491384912868,2.1489592485645517,2.675749192166677,2.719932301418794,2.7315055958192715,0.3088976642739493,0.2806747599223805,1.4642658444283925,1.988270466271581,2.5345474682717035,2.669962874666757,2.7334222855109522,0.523249058955734,0.149844527712375,0.9433495845979785,1.7777471615767109,2.998579420973197,3.2047906188134014,3.281862742835525,0.5821311909812168,0.23144350798838786,0.8339654619487646,1.447425705359592,2.549663375513319,2.621534619243903,2.643542797026612,4.667287421423729,0.05384048339090214,0.16969108851942788,0.29080610734402773,1.0593192158072509,1.7107767096853796,2.382749028281156,8.011501908902364,0.2332226654201502,0.32329121171113206,0.3283052415448012,0.6953025421156003,1.1754906552498157,1.907778336573795,5.15957463877161,0.15203448818887333,0.39579633103403555,0.4641176753360995,0.8930282443635406,1.6613168576979427,2.277274736227634
I04,counter_clockwise,1.378073750680367,-0.20711879488218887,0.39706274308545186,0.8122810630978226,1.932585756320762,2.3762972401707936,2.7998357981554927,1.3799722354086328,-0.25045820978779276,0.39724481632445086,0.8119367727763744,1.9344642686191427,2.3741044776566738,2.7767604823221133,0.6236780130756069,0.09286001212662187,0.7799292246314531,1.327834463948058,1.9534767773852248,2.1165577788846175,2.324265090370444,1.122308647084219,0.11287286107939298,0.40333980702908656,0.8928434017890572,2.4161940834530906,2.6397754107490297,2.676996774783791,0.4827320761123206,0.2188734246583186,1.0472686858393372,2.068303097143092,2.5761987916620708,2.5764458817312823,2.5764479573492,0.6246319716362502,0.27888608406385673,0.7407047938959739,1.5282187912271277,2.586644606915848,2.7235053100936946,2.791364843593871,0.2406595605143314,0.3867901730059202,1.7982315128624577,2.367465881800399,2.7553271774338555,2.7951860373536874,2.8198129631298343,0.17787003292544248,0.5038340375250527,2.125792693019207,2.516941303497447,2.6367983878798213,2.642105062481278,2.642323205691582,0.4119786417142248,0.2480294753767356,1.2644447072723755,1.959023846657764,2.6036097127459574,2.6709374499767295,2.71218136828621,0.4596432579040593,0.20023144101739243,1.117785308108069,1.8569235382476912,2.6582426868749174,2.732829819904187,2.769078709889846,0.3002724595118757,0.3320007404595344,1.52131768834397,2.1471772009322194,2.671678812806931,2.717579191081313,2.7318508040730194,0.30193226694633196,0.28404338548250646,1.490643004782755,1.9919090826380847,2.506264247703512,2.6462407834888033,2.7682169425390315,0.5256874804098901,0.14477215781846553,0.9367605979313574,1.7705550870515303,2.982677820278763,3.1681824064984276,3.2986648407516306,0.5681031791300604,0.22995004972744937,0.8512978758653844,1.5591985363439562,2.5521056424554445,2.6255500858308096,2.6479196315328863,4.670794031226333,0.054173833440647856,0.16836462034063976,0.295576653263453,1.048056563851207,1.6734091535112736,2.358005859168324,9.206353098314905,0.23105888370182018,0.29284444233506235,0.33441271505022657,0.6384847004066064,1.0618303738399648,1.7367948246422007,5.976672234995306,0.16258670923183793,0.3612271257050257,0.401366159928332,0.9078073301852544,1.481968934647171,2.38316446411623
I05,clockwise,0.16198982826463443,0.5569794889888753,2.408815056326673,3.0494891809881386,3.4747063934421094,3.516677783660831,3.532502791468464,0.16210797635475935,0.5574307264532905,2.405800042151125,2.9983178999469016,3.311568596140322,3.3315152217179693,3.337501836033612,0.358513716747226,0.17160883196345544,1.5626987277262678,2.584504548044797,3.09511365007038,3.1130360282073086,3.1183133878606304,0.47412074539065807,0.17228710009842008,1.08131819325647,2.22130519222448,2.6792948279296978,2.679595877816068,2.6796251560012285,0.2639258994021065,0.3484618158806905,1.9279382556649738,2.5564140297698135,2.5764479611342272,2.576447962234111,2.5764479622640817,0.27747556688674513,0.3983768245184214,1.719581635231288,2.4451653424663027,2.812460904317187,2.8292995305780093,2.8359581254511537,0.07198134622367212,1.399903520440148,2.7251441349280867,2.826351226695351,2.84215680659986,2.8424344532375017,2.8425285773428186,0.07163249522793969,1.4293075500053192,2.5934276413570387,2.637606603830136,2.642284399246023,2.6423189187261187,2.642326015224512,0.10770692224000124,0.9387262784648414,2.418016420264023,2.6691882535972913,2.7392597387187725,2.74208559966841,2.742516643039814,0.11666121180752927,0.864048705798149,2.444543659449508,2.718967900008522,2.7902018639614994,2.7922434752549705,2.7922907480955255,0.09520061423770122,1.0539619943187972,2.5401442335596585,2.7104210852885444,2.7376388412167216,2.7377757958183793,2.7378133649403935,0.08387815213816889,1.207014041379595,2.5129438654083045,2.733990536464631,2.876484610174188,2.8927253244445867,2.899055629006298,0.15108448951250733,0.6614522535201086,2.2102448976370006,2.8737337168832475,3.385064277938355,3.425596564522266,3.4528800457145827,0.25237183081052983,0.45242669572121486,1.6811404829259118,2.285029236589253,2.625774919732521,2.6434372845501457,2.649145358777787,2.101215136001523,0.054209103214462095,0.2116217563107699,0.4611793811198302,1.924286753330722,2.536672418541543,2.7995784546630356,5.7953310271022005,0.22347061802090543,0.29044857865994406,0.37155661460145606,0.9386490849139489,1.4135555395072095,2.0748443459470653,3.5923030182519273,0.24765603024498772,0.6623233995268311,0.7700355736981136,1.060362447710006,1.4656179691590752,2.1620781133812175
I05,counter_clockwise,0.16210838642307168,0.5558809479258118,2.408760710601052,3.0490436536037846,3.4722273055535693,3.5154709474330366,3.530550725366843,0.16222608314040465,0.5563337928791392,2.4057469897954524,2.9979384169918863,3.3102540346337164,3.3310159053271806,3.336826056525372,0.35822438940100226,0.17169530408723066,1.563425285618366,2.584099271056478,3.095353398030187,3.112382372142779,3.119413990310129,0.47457593538646436,0.17236387888373628,1.0788741822110812,2.2007347333669864,2.679268435478795,2.6795954920279144,2.679623603804375,0.26347091717043886,0.3487506344007665,1.931650624425063,2.5564584805785913,2.57644796107507,2.5764479622184604,2.5764479622606764,0.27707010214872657,0.39861760995204265,1.7209296342857883,2.445600901596498,2.8125669497220027,2.8291906919012217,2.8360472143002293,0.07287922501307781,1.3851004320242737,2.726232736182965,2.8264113442253347,2.842143950776517,2.8424296123005206,2.8425132785612277,0.07247460573138961,1.4185176917683293,2.593561920333059,2.6378376034552957,2.6422937570024487,2.6423209256091695,2.642325412184391,0.10584315536248268,0.9538350390622985,2.4157675845040028,2.668438638112501,2.738998178571522,2.7413468794719775,2.7422545799332414,0.11630284382828242,0.8671772961688944,2.43659592781891,2.717749093127864,2.789886757540885,2.791841012296378,2.7921130767927433,0.09521822796937265,1.0540731305745794,2.540621731277497,2.710931810434886,2.7376313907807344,2.7377728122164626,2.7378117196744824,0.08380833223815984,1.207649270736938,2.516464640860801,2.7477781689885634,2.881910233625143,2.8948252129762735,2.900401215398352,0.1533981032748376,0.6688992089957644,2.1924785198969126,2.8743412064967053,3.382829070424812,3.4207168685263696,3.4449649452483904,0.2568259897862173,0.4462286874907022,1.639279609422374,2.2476295288215624,2.6246691538876803,2.640673506542953,2.6474659085436087,2.0905028990367787,0.05402418753122207,0.21725773207519322,0.4679833199885602,1.939877443720152,2.517885881431198,2.7892623430885064,6.037497337025914,0.22522365743735837,0.28764413400712274,0.3567391630599189,0.859178547980412,1.4201983340133766,1.947703243908683,2.5944659793144984,0.32391839975592873,0.740672048935156,0.7106394808329489,1.2006340322817066,1.7320905626688692,2.4296074750487477
I06,clockwise,0.19525559953667804,0.38677445442147906,2.2870392010688176,2.879113670694946,3.238082269719917,3.331841292057157,3.381963592052027,0.19538916248024585,0.3868926930267531,2.2866345314556114,2.848819695380627,3.1519223567436945,3.2213469614152346,3.2556959578608358,0.30223485040509834,0.17135618067298042,2.017002681163812,2.924430069577096,3.093391326629276,3.099453822454871,3.1092858552811755,0.37331522661844807,0.19375858019911352,1.4930520909910419,2.5331638650882287,2.6792479761282166,2.6795375139752347,2.6795723639842146,0.24888266354058677,0.3509196707330178,2.082322971210332,2.5713017353355507,2.576447959743896,2.5764479620298566,2.5764479621879017,0.23655763478473094,0.3995628727229435,2.060244088035724,2.5973873127720917,2.8215940575963407,2.832810246321621,2.837339507132098,0.07819035343512487,1.3057742849032365,2.7204402391253097,2.8157506236086647,2.8391900529691156,2.839779752303457,2.8402978139906736,0.07355293730686906,1.4150451693218429,2.6171554891028563,2.6372458103481904,2.6419151252338224,2.6422523337264465,2.642314986813858,0.1206905264469423,0.8355701611069128,2.40711013322703,2.6414758166167265,2.727258074736396,2.729199134946453,2.7317483946813224,0.12799669722822854,0.769749908780426,2.4336450908966043,2.692275566574817,2.7824008392058213,2.7846167780423814,2.7868970103865323,0.09658076330894871,1.0394997211642476,2.6091713937239547,2.710382083686909,2.736451335755646,2.737237781327167,2.7375632610110188,0.08665645831499294,1.1758074820789608,2.5536985851131004,2.702754332048,2.787066892595374,2.7937522002303132,2.8168247389931866,0.15589518412142334,0.6167100931984955,2.2757020683880356,2.8450856771442794,3.3089030800769876,3.3336504539409795,3.355669066284758,0.23412278630327077,0.45522110047386377,1.813927056974535,2.351924470863196,2.623629026762501,2.637664190430314,2.6452587226535798,2.0881618810805063,0.061768922051380515,0.3060023643003393,0.5823630623457026,1.6843585842648963,2.224171408101541,2.592915714942922,5.098471409032677,0.2365456621595347,0.36376032957229165,0.4555330331316817,0.9865029422406975,1.6970493827516406,2.245872216112772,5.743137963682268,0.3693119281099634,0.832869704654995,0.6976743681271923,0.9260550584460566,1.3922544500235654,2.3983355888983633
I06,counter_clockwise,0.19530314332482665,0.3855147314173184,2.288521713240832,2.8810484884297827,3.258480996003688,3.3687156836224963,3.4225770540120974,0.19543647920893395,0.3856245570582466,2.2880920188642317,2.8505604391800077,3.1675101291565686,3.2468431359986023,3.281640393267391,0.30152204649072467,0.17172801300315,2.021010270698235,2.925698404331367,3.0995288273990944,3.107193470833887,3.1136687367107303,0.367459188739585,0.19508750385284124,1.5204727393860544,2.535275374196324,2.6793050731788473,2.67954588951498,2.679583880136507,0.24893478094741767,0.3506190842194288,2.084535898803667,2.5713615307813384,2.5764479596093395,2.5764479621813807,2.5764479622050613,0.23602638849381796,0.3999737397778319,2.0638362952419818,2.5988421732910454,2.822688625503845,2.8333917764878076,2.83750394115426,0.07875988289684493,1.2949409922634914,2.7207523021540965,2.815504984411973,2.8393455335922226,2.840351415126179,2.8404993414515047,0.07423090464779268,1.4037206884489706,2.6060028147938965,2.636910034468656,2.6420898966582627,2.6422616029499295,2.642301447768432,0.11653755397722282,0.8808680512856486,2.4433209897255614,2.6543692865268897,2.730678974002949,2.733129992765321,2.7302382477724394,0.1286447090548173,0.7797232468627073,2.460188584278944,2.699096441356092,2.7839327744229427,2.787181797917146,2.7860135039367995,0.09658728367173988,1.0397025455990843,2.6090685774229314,2.7105540662491876,2.736807381907056,2.737504654737222,2.73761487497859,0.0878018018696009,1.1579679494490862,2.5511730587262553,2.6953697684144218,2.8041258963499467,2.82348119703134,2.8177261853044877,0.15766629601548834,0.6150860194668972,2.2793995071463833,2.8438528301063037,3.326947782374713,3.3683135732103757,3.360039679784414,0.22586990387089592,0.46745793565560234,1.8572332965843543,2.3834505503050423,2.6269170617058535,2.6474860824037023,2.647803245865589,2.0765806373878806,0.061627044934948305,0.31123406662587166,0.5863601011588708,1.6827567156237955,2.2396469745388816,2.6211065283761332,5.015414621170624,0.23780649534945422,0.3656325240425078,0.4555245289433717,0.9937596526042188,1.6843647561733917,2.308233145067189,0.69258607839762,0.3407683493268303,0.8722171994899218,1.0531192252285817,1.7763436044491518,2.4342891517766003,2.5867045070666967
I07,clockwise,0.36372191461089287,0.11573755100980598,1.3741891562122053,2.220322972492455,3.1172509399662376,3.2892125547023197,3.3932114392387094,0.3640269919657466,0.10991545984702222,1.3737769328073504,2.2208622404512517,3.0552299340633904,3.1905134626599847,3.263070325115311,0.5624605752650861,0.1059132435269805,0.8405480698424626,1.858756670625036,2.875495152061961,2.9582335362812504,3.001706269397995,0.644121032212187,0.13932097814815814,0.6616587416312396,1.7860687947518237,2.67636194580302,2.6792671467444986,2.679552162251933,0.33658092396182326,0.2921054253207114,1.5452058642089659,2.507333903144418,2.576447922621191,2.5764479616000457,2.5764479618257177,0.47635202384558645,0.3122601798124545,1.0602606558491343,2.0671073546216356,2.773713065990519,2.8113673386288283,2.8294356902592672,0.10577281716049834,0.9504818867483209,2.518523809858607,2.7838260388780327,2.8392846516903774,2.8414509354208803,2.842181454035426,0.09302494728257985,1.0865637281810905,2.5094329650122518,2.627386674386571,2.6418678674028797,2.642279904809129,2.642323810382777,0.11020651578316704,0.9201433872388551,2.3225878182598536,2.6402819173540935,2.7370689232245824,2.744875949752347,2.7475240478437137,0.13896461959407172,0.7100200173830267,2.2801794312623933,2.6746337762712464,2.787550706700138,2.7936751008801615,2.795776248535468,0.1479545743038766,0.6674916857309654,2.2268283624953256,2.626504169135387,2.733137086233455,2.7367349600021953,2.737470619499618,0.13086386822118967,0.7719972095333254,2.220158930282663,2.612353729278308,2.8268618024449927,2.861748597573282,2.8843177935719786,0.24031351400846046,0.40992450705404515,1.7477564993761092,2.5831152526791037,3.3026681114772174,3.3809928256507007,3.4240869522544557,0.3026508649990488,0.37494613066974125,1.5239516405633822,2.216901965392708,2.6348267705291164,2.6514729293221535,2.65505992349631,2.6604403963306176,0.048366529738279485,0.15284927627231965,0.34393878737284483,1.6297914532789488,2.323515545573221,2.7322082978238154,6.183019518725099,0.22110407674294075,0.28244420478959525,0.35685054354050666,0.8253339580733741,1.453863113820215,2.049958663483708,3.650920498048487,0.22149433750977465,0.5465990175753489,0.7744973444427926,1.370451348972971,2.0198380647466063,2.4432751061408466
I07,counter_clockwise,0.36363454892787134,0.11564875764306759,1.3732506029716918,2.216236929673511,3.109389460605061,3.2747052126400016,3.379108116542949,0.3639410423392118,0.10982282402312982,1.3728349369527364,2.216824450019305,3.0487153945582333,3.1797295063209696,3.253802644632834,0.5645272443705045,0.1059207866863181,0.8357315258850377,1.8519591149886212,2.860375190039571,2.940740623075696,2.9973355772908485,0.6407916059998044,0.13947784046966794,0.6649679982358263,1.802516758312139,2.676527559343026,2.6792534183372325,2.679542459662434,0.33607132402889545,0.29206669245782546,1.5484028946844708,2.508785886834925,2.5764479234240616,2.5764479614777738,2.5764479616735025,0.4769568202930625,0.3122219879385206,1.0588730176468155,2.065030293129723,2.772478764816029,2.8100552015042335,2.8286428270168376,0.1071022104940702,0.9394074126794294,2.5101673658004984,2.78274119542516,2.838794628655478,2.8411190355780036,2.8420927074050724,0.09327803935144524,1.0829020001679055,2.504791822033553,2.62531839963151,2.641737770754844,2.6422441351242014,2.6423216119922017,0.1068339960692664,0.94526150795074,2.3370945881553147,2.641916865095729,2.7354194737212025,2.743054824543789,2.746332577859873,0.1358616594184046,0.727945992020818,2.2839646406989926,2.677848655138388,2.7868787990575665,2.7927254241207544,2.79485736444032,0.1487409120942623,0.6650113672712905,2.219083451640472,2.622649214688863,2.7327124593907683,2.7365229818965418,2.737432845812691,0.1317518989158126,0.7643333711061893,2.218117687170222,2.5965599282240746,2.800841451551864,2.8388220183756796,2.8675478955574367,0.24080492980691032,0.4074568744614613,1.7346410984273692,2.5817578394727576,3.2959255039482294,3.373968002616799,3.422458092078344,0.29580738333095435,0.38358627944035106,1.5691564115745678,2.3216809452676443,2.6410624647062377,2.6508838616609864,2.654639125866879,2.6062483110143155,0.0486236893949516,0.15291062367333902,0.35364929013853413,1.6255864682974595,2.3157380011747786,2.743757388954637,5.9411911186755635,0.22448157253971862,0.28258810472098855,0.3591987805661649,0.8575624875001201,1.4596388989438907,2.039541425209082,5.169109857702404,0.24146191176618348,0.5615166942184401,0.522453672287947,0.9413633164708272,1.6734711519293457,2.5299456046059277
I08,clockwise,0.1493063568017444,0.6043533583500071,2.6402613369306183,3.191581819798105,3.4508122441168227,3.4881216255930196,3.5176827962095034,0.1494114631301585,0.6047125156531195,2.628040880170624,3.11553545544526,3.298408311904501,3.3184499605161855,3.331926831500191,0.3307030756364684,0.16263913410199837,1.7811781834407556,2.8170655967813776,3.057858131380251,3.0796623620559878,3.100640964529222,0.40396334372403353,0.180769155087122,1.3506761826274394,2.441829522274192,2.678618997155299,2.6793588212143487,2.6796033899715272,0.26241936576611674,0.33469563224646315,1.9915987049245798,2.5670268675165504,2.5764479539179996,2.5764479605644137,2.5764479622396923,0.26813378573828595,0.3949904171717661,1.8028724776660228,2.4649842390371357,2.8003807294898584,2.8217270002590578,2.8357788423826653,0.0716246296894622,1.402968139958375,2.7454474444984953,2.8277134964791912,2.841607185483099,2.8420804306929313,2.8424547570821233,0.06019747950153732,1.6565813968300063,2.6220474761367996,2.63997288639041,2.642250065664143,2.642310315952841,2.642326512979139,0.0877716783787642,1.1400404086771734,2.5168609749296036,2.681954813960482,2.7380002657415887,2.7442815691370988,2.7470738618075,0.09310931366841019,1.0793352588093625,2.5599202504408165,2.7348391279183017,2.79041868856868,2.7948565092400104,2.796549292436877,0.09892698025690157,1.011791915106187,2.570672048950655,2.705543827796646,2.7369429461646178,2.7376142045313827,2.7377989428759975,0.07321121527611478,1.3790237903564315,2.615640726178208,2.753710576941137,2.8507248280546986,2.861847367949945,2.8763385645332424,0.15042861646537833,0.6638854269261358,2.2216547091210863,2.8673885677056035,3.366965637783469,3.423458515331159,3.4591956365518044,0.2072765612064855,0.4983847374396646,1.9694815762300095,2.4089369841690313,2.6427838477568457,2.6523115576462715,2.6566406593403826,2.3656811819491894,0.055396440085753784,0.24911413881821126,0.5000672978287195,1.71284187590278,2.3603177411283576,2.7926843600004774,4.199973012551421,0.23600623762772316,0.348506402965338,0.4726709379085415,1.110172119344439,1.7621407830140825,2.3301677909152807,2.930816189476797,0.31944267467239607,0.9267440091917346,0.8596677738425343,1.2752972695875568,2.0943067319653106,2.535498890949665
I08,counter_clockwise,0.14917544445292727,0.6050608165673008,2.6371846306313893,3.1896251513596576,3.4514749771099025,3.4915791639059757,3.525041978379961,0.14928026331957817,0.6054181691481502,2.6251321359341686,3.1139801518372,3.298787105780377,3.3201550011354306,3.3348179530018673,0.3301642200598255,0.16281516933396212,1.7845543730561282,2.8183053928711415,3.0590678917042453,3.0757757448332574,3.0966017962931174,0.40759730053651994,0.17996741469333521,1.3356902375190423,2.446383106639348,2.6785735069140584,2.6793632870450264,2.6796093141229704,0.26170179648904235,0.33566325122752083,1.9967296750124675,2.567378066357789,2.5764479541392697,2.5764479610525752,2.5764479622738126,0.2679254825747093,0.39506983995426215,1.8032105126280793,2.4639196331667845,2.8005476498262416,2.821008756410355,2.8355695116880706,0.06964148560996673,1.4384279138780585,2.7421778341908976,2.827934179877275,2.8415062585015676,2.8420322766146455,2.8424224712446176,0.05910185800532017,1.6702753986309062,2.6224378821762,2.6399311368346616,2.642257818333519,2.64231901430162,2.6423267235354615,0.0850100922952212,1.1729922439276481,2.5106636307106815,2.682621134691782,2.7392495617071684,2.745053309116703,2.7469204162569194,0.09172915602080638,1.0952190955688985,2.561748573684027,2.7378824922475067,2.7910526688549,2.7952333828636338,2.7965129885676614,0.09719579490959332,1.0312005886216866,2.567853991231459,2.705775875339441,2.736935924957379,2.737611659216327,2.7377936117941317,0.0722304511006032,1.3971427610812186,2.607542692842757,2.745895407067104,2.849715588729087,2.8606568000865855,2.8734852643529645,0.1467280248362226,0.6931582698271264,2.207135354578636,2.8636093896133232,3.369697132797821,3.428792718747566,3.4573565212662594,0.21049945047819757,0.5000707073252215,1.8978726326174638,2.460195809770539,2.6447560443159546,2.6520773550344074,2.6557331921903824,2.3872729413267555,0.058451631957940176,0.2515246953103872,0.5072530531864079,1.713674419937379,2.404619309306921,2.7996390913127005,4.684224502638423,0.24230010941179117,0.3545190347686257,0.47441062188215744,1.0488594150111634,1.7668219053969874,2.3407752175144925,0.7508412527489612,0.3463136554523424,0.9254876434787401,0.9834378189654861,2.020069962775234,2.4596548230688224,2.537029884382134
I09,clockwise,0.3209904334362417,0.15959586242595147,1.5391034795301692,2.358209984533132,3.2335826810059176,3.369216206928823,3.459724039573067,0.32125313255895765,0.15552106368427454,1.5394280682569867,2.356433023279769,3.148451845668443,3.2471807911746633,3.3034394080502554,0.49181657262549583,0.11247599975705658,1.0231547210713057,1.871718803449892,2.5784487772290126,2.6722974029052384,2.7721979126704897,0.6475823501090371,0.13484757788339374,0.6652124861221385,1.6174158707915032,2.666175296704747,2.678245975036713,2.6794587725935877,0.3302794231509198,0.29363992182108767,1.6048423502994265,2.5041584168708306,2.5764479039435937,2.5764479606699116,2.57644796139372,0.3934460347903816,0.319372969172847,1.3418294910476047,2.232457915077581,2.7752977482983856,2.8078275491637354,2.826977408547412,0.09439745307417516,1.0632074534064486,2.588978925522042,2.795226012183548,2.839443707389364,2.84139742278785,2.842077857103277,0.08281731816906865,1.23323596750663,2.5489121794241782,2.6313908003852475,2.6419311763668247,2.6422815577737992,2.642321206765814,0.12146558869672959,0.8627101682252167,2.2663720051775456,2.621543048756504,2.7426519883067937,2.747429636143417,2.7499645021778982,0.1471339073455141,0.7087677574953113,2.2371351643574773,2.670271219014161,2.7929584643065333,2.7964231221151143,2.7980780881250515,0.1782945324976451,0.5702366429759422,2.017647807528192,2.506486854965715,2.728865412313098,2.7357175767506305,2.737276670065512,0.1323696677346867,0.7664231634112073,2.231255566033262,2.6242010980890704,2.8422373115750608,2.8723466761365968,2.891595631556622,0.18893548804145213,0.5228609110596754,2.0020613994110583,2.784411880626621,3.3852495280521495,3.437562926918069,3.4669380636197076,0.24075672412801952,0.48118961435920937,1.6752361208220918,2.356519209125736,2.639331474314986,2.6522556747249837,2.657220431390215,2.543825896078849,0.054616978240038805,0.19893069182096085,0.39910503481209153,1.6657494165553974,2.3460649878572717,2.7688065925088745,5.552329501923926,0.2314391319849854,0.3032800012647638,0.36119061537263486,0.9070451083261917,1.4636496820547684,2.163559899308189,3.4798886978743635,0.21563906366319463,0.5990825118816737,0.4430846420561193,1.8686350907622695,2.366687653662759,2.5485092764014716
I09,counter_clockwise,0.3226002003564371,0.1579116459760801,1.5312728319073212,2.3402913067325573,3.2200769475364135,3.3563279291877537,3.458827589085394,0.3228641555050935,0.15377725112870944,1.5315585625461168,2.3388985589031654,3.137968016435648,3.2384121980626257,3.302939617835999,0.49314767436490503,0.11243867164950938,1.0192524704732113,1.867651688609814,2.5818557915892644,2.6863129238171872,2.79414485654262,0.6601873565455175,0.13467256295567687,0.6504092752969597,1.6008953910333847,2.667512567981886,2.6780727794921155,2.679443921100912,0.3303497778353611,0.29334468460930196,1.6033360429705095,2.504585580553548,2.5764479184956937,2.5764479611725033,2.5764479614649476,0.393760859220547,0.3191923199405792,1.3402279404070667,2.231877049867423,2.7753478531242646,2.8103871100766926,2.8295916903544045,0.0943912407044232,1.063650832558551,2.5959820295895497,2.7962837395286897,2.8396892040138937,2.8414625698269447,2.8421954347466,0.08320239044096647,1.2303595429656298,2.5674957761939368,2.634233375148142,2.6421479913250323,2.6423118459708803,2.6423256503461516,0.12148203084025982,0.8475157309446142,2.2196644397125254,2.622251958897127,2.7430715010147204,2.747895452080479,2.7503462250025774,0.14495752883819138,0.6956075997130429,2.1983878672249704,2.6647094685677652,2.7930968082136785,2.7967593184635655,2.7982908733980336,0.17825562857629285,0.5704069241637626,2.023362836337583,2.5095654116680635,2.7288567161194806,2.7358277983844346,2.7373610233789805,0.13258687377539713,0.7606014505411325,2.2303585205164,2.6126089470866556,2.842479125581004,2.874754560795306,2.892238119206219,0.19067039617073805,0.5466413631925704,1.997192979097509,2.789613162190637,3.3860696783074538,3.438239040461209,3.4674397991452928,0.230224330887518,0.4794445279505908,1.8094841640386221,2.414277330242385,2.6420264899652466,2.654121853763627,2.657931360314933,2.530487300745891,0.053829367300148034,0.19499880361268124,0.3959898300412255,1.7145029038671755,2.3839740373988394,2.800887772887141,5.02363119050944,0.23246008020832815,0.3078680280487694,0.41063618641988586,0.9932877324931202,1.6633354167917536,2.179980419733368,3.134426251979677,0.19404705935143818,0.44865175229269216,0.5892954083670722,1.6271311546254692,2.507350874400299,2.585335512871507
I10,clockwise,0.4464338209871932,0.005743071152261692,1.1220269322298417,1.8267000731905485,2.869250909043033,3.1291351230951117,3.2833404642803936,0.4467929880672373,-0.006763195204523065,1.121092043323566,1.8283506263082732,2.839931090954728,3.0650312354051557,3.1861652525017967,0.4924610225462992,0.11310566673341871,1.0207418693148735,1.8874677374497422,2.6542013844940326,2.7164620035238407,2.7735912062528625,0.6488018027981449,0.1343417408736256,0.6741911430780889,1.6143171814959523,2.657686063697155,2.6762788183220945,2.6787102393194235,0.35174656425699086,0.2751907439644601,1.4906303229304108,2.4596363321025887,2.576447449868149,2.576447956642326,2.5764479609293724,0.4457125820171282,0.30394068524203965,1.1532642859629514,2.095123485362574,2.7654158229261743,2.8078855101573614,2.821981081666802,0.12599383388281488,0.7896292554200954,2.436686433982004,2.7499949741386445,2.838515784951369,2.840856349279875,2.841269349939921,0.11713532290990883,0.8482750699972712,2.4157436405504313,2.6127211730965882,2.642035743663314,2.6422797938515714,2.6423210978913403,0.19470004391828985,0.5202778932924854,1.9328246224201044,2.5186019415145338,2.729129024327173,2.737086950871752,2.739734608463212,0.22715666769078266,0.4303509372043257,1.8487896496855403,2.5213351854007398,2.7815768260511433,2.78938791802314,2.7907513725179838,0.18836702136080136,0.5199243961824322,2.021142227375549,2.529397516519566,2.7327404675233993,2.736313972578955,2.7373030473718245,0.1548559285629744,0.6230798391482624,2.1200953551157995,2.5306929150849795,2.8100963074931298,2.8400668730755263,2.8519953065177015,0.28627474233053885,0.32843870844924083,1.6260972336300785,2.4489429338466024,3.3004686376576373,3.3644293258651565,3.402096856847521,0.32640234011048624,0.3646847903789876,1.4647246167478443,2.176842562248339,2.6183843538810834,2.640359133048605,2.646772232919602,2.584328637870422,0.051905807523593694,0.18705421393093719,0.384714864199956,1.6250971256343132,2.1820999812787987,2.5696512101917177,6.762919371541544,0.2310757112303075,0.30610152076330227,0.36805431058983207,0.8261030812863412,1.315386679355571,1.8970987095465253,3.7593098755263044,0.22241077929001518,0.5739718693862456,0.5897495018613116,1.2534573256296486,2.012407820051093,2.4453833238730436
I10,counter_clockwise,0.45011520405542993,0.0050091408003920534,1.1120791538856212,1.8046795269999674,2.7868294974761048,3.0672565066015123,3.300676620423265,0.45049338434200437,-0.007555692663045566,1.1111424771072818,1.806254647797815,2.7648120797265623,3.0134011140672956,3.1989350681915973,0.49363717117657935,0.11329682566893062,1.0173950802733618,1.880084860814395,2.6318433745989607,2.691171070856277,2.75721202138827,0.6550140185802756,0.13430332272556456,0.6619429625590181,1.6177455388116329,2.6555968880685903,2.6760508198732635,2.6786331484538293,0.35259160530832884,0.2752831085345626,1.4848924918627846,2.4568201569831363,2.5764474151454415,2.576447957156393,2.576447960754935,0.44777888026991924,0.30372624124330067,1.146822277518833,2.088578107361643,2.7614737670331375,2.804589745513018,2.821315442564264,0.12593543221625975,0.7878404107862025,2.433800686188306,2.7475163834380965,2.837441486925627,2.8400731288800216,2.8413825486716178,0.11396124551246006,0.8698106565467469,2.4319641809262293,2.6116542307840973,2.641994532892909,2.642236662325331,2.642321637177929,0.19520035760907437,0.5148079758099424,1.9504352854412894,2.5011410542135954,2.7275336822050424,2.735612619297354,2.740855280572053,0.22690532743874073,0.42758946979307555,1.8688923316639918,2.5159548003300802,2.7795339195060587,2.7883462878555276,2.791601010492905,0.1869665345505097,0.5159901215529317,2.0240184751364723,2.526853286567075,2.7319803035702535,2.7358175895647037,2.7373600288515263,0.15505407831681273,0.6269127002290347,2.116939298439181,2.502354159427215,2.7954447954483173,2.8265701329008,2.852443176539723,0.2855654677176474,0.3386128221320739,1.5751647895559788,2.4129378512077686,3.2915590409296698,3.3597017529566706,3.4063617295641464,0.3441456985474323,0.36069124861842283,1.388679173165201,2.1157708904740957,2.618078534022061,2.639465331911424,2.6486898875225506,2.6797802258095142,0.05272550270219384,0.1887889229739142,0.3812010830408041,1.5703770536956416,2.130874465229239,2.582384334789083,7.456209147199037,0.22992562853095427,0.29881028672754606,0.34021198315943085,0.7181347818645382,1.274416652380864,1.8294644877888464,3.327160065829316,0.24049296195809322,0.6620498068651587,0.7255919947373562,1.2367237292427746,1.637410961974818,2.296085864512472
I11,clockwise,0.23693355344559558,0.27737093440479743,1.9444635711286171,2.6314036714927154,3.2288913946163182,3.3569362138318857,3.4496473946180677,0.2371016056481997,0.27626044620088286,1.9463508347438236,2.6196630037336512,3.14482146168255,3.2388294656558734,3.2977407340933405,0.40162737933705406,0.13387242853834458,1.3488155782382787,2.3325023506981237,2.901858126410038,2.9658711852606556,3.0110728861808687,0.5454611952858309,0.14993547439106836,0.876106700796845,1.9615236561040676,2.6750738161615937,2.6790779496165955,2.6795411411926633,0.2938081973750353,0.30844945300457116,1.785544099606982,2.5381814628705444,2.576447927078692,2.5764479616662737,2.576447962260784,0.333473469511485,0.34685271419035446,1.5350364249532205,2.332607814679524,2.7899887844721687,2.819512558147256,2.8325965281435845,0.09469014978279638,1.062637232292218,2.632816224928092,2.797513367209376,2.8401461716546237,2.841644326875212,2.8422094657764774,0.0859855963913306,1.1917224750238802,2.5668349938863457,2.6318036864594205,2.6421125708092177,2.6422829006996835,2.6423235392308015,0.1422395958855165,0.7167211773959905,2.2083238810228267,2.6030610716913034,2.734876988186428,2.741082435046715,2.7443442374857594,0.1580205160857739,0.6243624915805688,2.197626806520936,2.641208292362567,2.7867216502450383,2.792261383308091,2.794573856908313,0.13138295215470872,0.748280999040162,2.381252703282371,2.6498187069346386,2.73558900087437,2.737218471493634,2.737679826290787,0.1119312145356248,0.8999684731928446,2.380493130566642,2.638522961855724,2.822405467863318,2.8498789414742145,2.8692794326640274,0.17853261163191764,0.5619916018633759,2.006323693555384,2.704380726736602,3.336028420640009,3.3805577741811774,3.4203450925430587,0.288790046663468,0.39589890642628234,1.54640945397432,2.2416781932863614,2.634367667236347,2.6476841588664684,2.6538614185187726,2.2011483267634318,0.059022242569880534,0.24172025999064578,0.48027764204690077,1.7881318053180142,2.371966090068537,2.6961059303000843,5.810494361566213,0.2402013991321677,0.37345983897967916,0.44038598293787756,0.9524644496762005,1.5486234618386139,2.133425311460374,3.767094067262863,0.28350541635241255,0.5695989325658489,0.7029017842396971,1.2110255127976877,1.865331490055273,2.512121147412858
I11,counter_clockwise,0.2361132859331901,0.27832489726801857,1.9483369702803657,2.6359373720627337,3.238577851252736,3.367873009890478,3.454868468761892,0.23628002314691035,0.2772302919075371,1.9502261799537695,2.6239525153245444,3.1523038822900724,3.2462741399812853,3.300715229657373,0.40251822830769557,0.1340377923213376,1.3458670808542106,2.329207516805142,2.896659967214351,2.9603475554637146,3.007373136842575,0.5403823273823668,0.1499973544476907,0.8872176117917321,1.9840169453891985,2.674741365200018,2.679087975543373,2.6795431126109737,0.2918806400804987,0.3096885858633609,1.7980085550093579,2.5396452632269835,2.576447928688691,2.5764479617474594,2.5764479622316863,0.3341629676277829,0.34691575481734976,1.5323664504367849,2.3317601294411188,2.7898633836978863,2.8193584932250157,2.8328655621529744,0.09414399692002122,1.0699254532287341,2.6292070697525105,2.7972845335254988,2.8402327423693805,2.8416209354968487,2.8421770899935836,0.08594590555828455,1.1923870330917907,2.561725774643037,2.6293322140166993,2.6420337251894352,2.642278543271118,2.6423183999256707,0.13883205122604164,0.7149798589133081,2.2432656600623937,2.610309690929308,2.734512626896293,2.740895532662876,2.7446401914261718,0.15221455425426686,0.6340850410366836,2.237108675783456,2.655514304060345,2.786539701545104,2.792397489039832,2.794951722929439,0.13112279576712715,0.7486436069198135,2.373779511950943,2.6487986260945036,2.7355697576904277,2.7371871179921072,2.737662133567028,0.11075136045517228,0.9086396530403493,2.3816931856118244,2.6352311844222442,2.8241427752138337,2.8562395468647916,2.867907311792702,0.17753661160115475,0.5548295736710571,2.051353036788072,2.7208534248027867,3.3351687660878504,3.383033398341201,3.422182336522237,0.25296375729628284,0.4208182079521521,1.6727371773304185,2.2940836542554734,2.633502056611178,2.647231623232983,2.6536652717616107,2.089772136629245,0.05991890344451356,0.238001161867817,0.48555460815931667,1.853363663451087,2.388472759583126,2.7148480617596773,4.104172991655955,0.24065945447802073,0.3864299570609672,0.46383072161541655,1.1148280326453226,1.618657689923427,2.186887208558208,4.479665385850211,0.29748592369058047,0.7913336642669858,0.7421061750534262,1.1629505128745516,1.6731231449732227,2.4388117961798925
I12,clockwise,0.4165431913959813,0.033429571820865256,1.2023951144228597,1.9246817130411005,3.0377429826823823,3.2746296374726116,3.38730595479809,0.41687744204172467,0.022979512614499153,1.2015271013109814,1.9265525103603522,2.9882874924293756,3.1796729703922337,3.2592153669407122,0.407116001549356,0.12605178130898897,1.3320719395023453,2.2803119668580845,2.8010246249211592,2.872962642946754,2.8999939021715884,0.5376971625361773,0.1477397534771172,0.8971557430752024,1.9491006081144508,2.665592439432934,2.676972521938163,2.6786452836841788,0.32713330584130035,0.28284763307832694,1.6110253048416592,2.490013244408842,2.57644731204031,2.5764479500776565,2.5764479580927278,0.38821563907398937,0.309577405296825,1.35829498817773,2.2402668955214824,2.779116759024527,2.8122851239807063,2.8271732222016377,0.11817774952715068,0.8482358308326639,2.452695168652781,2.7297023671546867,2.835907155436189,2.839252895223808,2.84049128712536,0.11718386947011353,0.8511536256766021,2.3891692540745453,2.6017941301117844,2.6417514567536955,2.642254299096521,2.6423178117795487,0.19981544750096225,0.5213875227447824,1.9182034063380988,2.4792290395097054,2.7242719016414694,2.7340204877439214,2.738629645840795,0.22371695280261103,0.43640393755599316,1.860864512471965,2.4915371543412537,2.777142849039845,2.78802816572785,2.791873167109019,0.19035672311436053,0.5081636989416438,2.0049820255280792,2.4569658372442973,2.7274252961001366,2.7342047020606515,2.7358288543559866,0.14294570882539026,0.673944903693966,2.2122894518633,2.5366275800386093,2.8043329077276464,2.8336825493761193,2.841417040068527,0.28492019492792886,0.3489778045120904,1.6079031466889333,2.4832780123540132,3.358924539549715,3.415374304358693,3.4424603732063517,0.3210479263968268,0.35473961118032094,1.3952061496481747,2.1460499734712357,2.621603782337843,2.6391706161502952,2.6489496032900206,2.9304349125879727,0.055900101395441826,0.20979448698998843,0.40023517247887547,1.4846224652410396,2.1544938925734947,2.607889220311868,6.381695987156871,0.22675997109732537,0.26614116885130984,0.317847540944027,0.8486583363454576,1.3766903979879501,2.0044287597246977,3.779048492257905,0.2007980695818281,0.5148357499148678,0.6504510921271215,1.2317140760188687,1.4223564878648034,2.083964805408466
I12,counter_clockwise,0.413388523316951,0.030386967067026482,1.2124494829347263,1.9413239246105087,3.0796811651886857,3.330317820123496,3.4162459072266147,0.4137197471091187,0.019724708498629173,1.2115965514489417,1.9432093076773183,3.0238827092118403,3.2202686980298822,3.2777263703977666,0.40652796956878623,0.12616972622092248,1.3342428476546608,2.2815878837448453,2.8070970265288935,2.875456947419302,2.906793527077572,0.5398729234613591,0.14757971207137155,0.8921354510190675,1.9525629609638706,2.6638436669193863,2.676965968462781,2.6786523582272075,0.32764618607473767,0.2819789572725533,1.6120898051612,2.488821990007633,2.576447220520656,2.576447949067969,2.5764479563578986,0.38862870836871183,0.3093539322756661,1.3572559786648715,2.240797359084888,2.780636284604622,2.8129422546121963,2.8271053645532542,0.11899753840519067,0.8417161454990492,2.455526173230055,2.733337540052162,2.8367731350219856,2.839837889649516,2.8409495040941692,0.11837371557224305,0.841406468337027,2.381600980264807,2.5959763721041327,2.641856789030271,2.642245129442472,2.642319809387459,0.20048483371574619,0.4942658927619834,1.9617655575115944,2.4821721663140255,2.7261030061041818,2.7347252342589035,2.7396767111817364,0.22300739222444893,0.42048070325927767,1.8961904936864407,2.492830951713609,2.7790107660862686,2.788076467202642,2.7922050879127243,0.1906383549295229,0.5047629985351705,2.002396836169737,2.4580870572667664,2.728557991516027,2.734771290761273,2.7363073398851157,0.14297561168135706,0.671744021278569,2.221923488026226,2.5363854480033634,2.8031858867959465,2.8411523394777105,2.8611780906908675,0.2818388515869376,0.34628932770941745,1.6233323785014235,2.486844084356438,3.369785435299086,3.4186364962538747,3.449436924878011,0.33947844044620334,0.3412087136464379,1.3950168669705363,2.0705165960343948,2.620021051699723,2.6425121913980547,2.6500971402913365,2.90463732971922,0.05514856280696501,0.20550485442879868,0.3962502974161472,1.5022621346817175,2.090636217217265,2.5574587850441466,6.304518333345083,0.22423315773421965,0.27084547136689047,0.31323522620206046,0.80867886331916,1.3314095565732786,1.8826156822263211,6.899183985395193,0.2282325003360267,0.5573828431197608,0.6126468185903781,0.957733257312472,1.104894901891032,2.306406220845351
I13,clockwise,0.1706554877731783,0.4866249138989467,2.4421952131480777,2.9240707987552215,3.1829009990135413,3.284009063780089,3.347616126053164,0.17075584962274806,0.4870961220763552,2.4382309442412278,2.889039023075399,3.1086212371411626,3.186661395573705,3.232399578097503,0.28479767177391896,0.1898750478495872,2.115305701011999,2.9208122592690646,3.0729188772838425,3.0852000845861225,3.0968915519857747,0.37846638273496597,0.19211519852369063,1.467997795341316,2.5040477422866907,2.677634624292579,2.679100304878216,2.6795019195084873,0.2437454557004054,0.36169678043264497,2.0926582483019667,2.568865007920225,2.5764479221765857,2.5764479605822856,2.576447961919838,0.2261105697070117,0.41315179622221576,2.1160206460893844,2.6085201709681534,2.818576164762389,2.8314945136640963,2.8379920851366274,0.08301136376063933,1.2311789358045644,2.69647280544109,2.802767217014434,2.8361261110021587,2.8386244857615566,2.839791752618112,0.0679236166478269,1.5252549489214289,2.598019428008797,2.632749279729069,2.6417405448570435,2.642214714350871,2.642297194745197,0.146556913131969,0.6755173162863062,2.2318554538258657,2.568320397599765,2.6954307263218626,2.7117081913649037,2.716259218220808,0.15608244551487135,0.620208642653068,2.238401903662135,2.6007629421776635,2.7564058800398668,2.769590050657719,2.775738693828192,0.11265051227478257,0.8861841280786393,2.510458086275321,2.668751084426276,2.7301784306919217,2.73467474645895,2.736267165841582,0.10137680186595636,0.9877695177368366,2.4456702716630523,2.627543134184285,2.7414466087338365,2.764389201886961,2.776006476254202,0.15229061818440537,0.6538819224232881,2.260551572479649,2.795612992386932,3.1815271429873597,3.2376979175485943,3.2764288928822403,0.2736708997516244,0.3888277612602451,1.6696631822751442,2.2311017021283988,2.590122261657825,2.623204589576062,2.62643276848371,1.8336213237557888,0.07413215394356437,0.3714900757561124,0.6589260035436624,1.699607773183663,2.1503044055756697,2.427555752097803,5.558723760325474,0.2583729041486522,0.4426954114760945,0.5544984486428695,0.9558155585721524,1.3841594193664395,2.0804650235223447,10.70522658795819,0.2387168130182017,0.7133631817729366,0.6563314236343584,0.7273247066410701,0.9219508217577675,1.8996620783818807
I13,counter_clockwise,0.1707184484510604,0.4882794595656046,2.4389308408354937,2.917893350545685,3.1679159561303836,3.260400958447044,3.3242392423660716,0.17081955250915898,0.4887521608944201,2.4350642705884886,2.883542343874802,3.0966018788391545,3.168964674139651,3.2159481089554425,0.2851428887763352,0.1896996479077413,2.1143575422482,2.920318049361687,3.074205091310448,3.0836776395414693,3.0934417716748532,0.3744011056458307,0.19327047703110578,1.487083763538675,2.506598857279519,2.677651724023007,2.679177036684072,2.679501344096285,0.2436160258150493,0.3619869948426748,2.095053632218841,2.5689067821772342,2.576447917118455,2.5764479607550204,2.576447961879725,0.22640185253982256,0.4127598604743135,2.1139757399586756,2.607845928718913,2.8185330004456595,2.831759919503815,2.8375768146604483,0.08325267594136346,1.2243711927753793,2.700874453060351,2.8033650250438313,2.835739734570552,2.8381117876672306,2.839430061376788,0.07234174185231368,1.4351148095269082,2.6032146984601923,2.631135435929309,2.641862693218627,2.642238817063003,2.6423165897203944,0.14046354243349565,0.7104485099660458,2.2490159362287687,2.565525534552878,2.696460377289276,2.7091726668572487,2.714918868822893,0.1537911239271788,0.6353667341585714,2.2471131979818013,2.6054509412913145,2.757130190122197,2.767695439533835,2.774249526035433,0.11332215749617133,0.8799703119616424,2.513142779894224,2.66880429472576,2.72993657135612,2.7344354544698035,2.7361608332848846,0.10160015513314295,0.9857118829945672,2.4440776483313877,2.6234206134797375,2.7297986501056095,2.7490940928616148,2.758412157687521,0.14571574885995175,0.6713828520632354,2.2499079020612385,2.791200104536763,3.1874032585335286,3.235527824614035,3.270251435689744,0.2788614142786325,0.3986523616222257,1.59288624985129,2.186228936396219,2.593650240022498,2.622700285623523,2.632673912701648,1.792127141232149,0.07781153366714644,0.36703303207130794,0.6569004637299107,1.660016097615997,2.059295712343657,2.42083209531144,5.510789402724276,0.2771532240617907,0.4077098169445251,0.6217619612249609,0.9692653936282868,1.27763893015581,1.7366161004313103,4.34632304091076,0.29094019284156214,0.7916670333103658,0.6560907113117628,1.0190338885314154,1.5698268853449502,2.0944496817472555
I14,clockwise,0.2552427653053116,0.25795935403103787,1.8154820363344664,2.57370098982753,3.290632099321761,3.414611683413985,3.4945566090163487,0.2554595813642394,0.25649998200192403,1.8170961412742965,2.564811097398803,3.19156115384745,3.276707775752142,3.3215988704689825,0.39931079170725203,0.13835976684577167,1.3631177235092,2.352219858640682,2.953479363389307,3.019320685998018,3.0572141276701776,0.5374271715268087,0.15170542886026084,0.8924228912031706,1.986959049243973,2.6763169341343556,2.6793220633952313,2.6795845187733756,0.3063492634140131,0.30479011647380894,1.721538774272041,2.5252343035609206,2.5764478903840926,2.576447961135292,2.576447962203253,0.35372146648671965,0.33571830871469316,1.4565923400007252,2.287854299409912,2.7863280002251805,2.8166944526621207,2.8315048660513193,0.09620197170558564,1.0433949492301053,2.6110884651097876,2.801483855345168,2.8404872335745495,2.841636020230908,2.8420196141109955,0.09842748896152716,1.0184190234260768,2.4940123689040092,2.6219567539086484,2.641908110791519,2.6422345417473707,2.642307811345063,0.1445355752763749,0.7386585052573871,2.153091694032469,2.5868527392133562,2.7295723001444903,2.736187530154701,2.73945593912338,0.16952625794143558,0.6148468557311653,2.1372680711260807,2.6230035990468483,2.7825124862440846,2.788474529974435,2.791123628374897,0.14612696056651514,0.6682462592184493,2.293992172063099,2.6301126275347997,2.7352141603601012,2.737200146576015,2.7376030780674228,0.11762887821743045,0.8566796348779893,2.3598953959257623,2.6638997223562892,2.853785734978264,2.876056596241532,2.88818826147778,0.21029052529495273,0.4666916257750042,1.8770425168596905,2.6421277771733855,3.322162761849029,3.38159444829358,3.4189720934429317,0.2896025583800677,0.4109737661451618,1.5761675062965423,2.195802272816991,2.6272913966313354,2.6468023903867106,2.650560824676859,2.269204876530679,0.051092792828902556,0.19609180891462102,0.419162823095747,1.8598682319390545,2.506328996582081,2.8708631536154012,6.771315203621429,0.2285157462725718,0.3078520751555261,0.3715106124079911,0.7982325226227754,1.261872358131935,1.9709316076495806,3.7955528087866557,0.20970672745974106,0.6219388382980907,0.7321293677777535,0.936874733489513,2.034865141095384,2.4706688737942253
I14,counter_clockwise,0.25633392716374065,0.25604261004018536,1.8094347716733559,2.5635255770806813,3.2776285534450773,3.410636535091453,3.491478007918043,0.25655008795964895,0.25454626774370825,1.8110273132626689,2.5550912865618636,3.181913714230308,3.2742159069214645,3.3201055475598857,0.3999037441885405,0.13834470269137977,1.361352690096079,2.35080265799904,2.946774236972735,3.0098835764957226,3.0445983470514966,0.5488895362817972,0.15127548156028947,0.8639737424796774,1.9697599858279213,2.6761940749333943,2.6793081815682447,2.679581497518565,0.3070228851811683,0.3046791029257614,1.7163721586541199,2.524777703074527,2.5764478831560886,2.576447961176406,2.576447962093795,0.3544468971394455,0.3355724954933188,1.4538717461399486,2.2847371393797107,2.7846569324114068,2.814888470634275,2.8302126430586383,0.0969957999937726,1.0342865730519861,2.609948724078322,2.8008692175030774,2.8404642870186763,2.84168409736958,2.842149900061031,0.0986148074916822,1.0162276462044701,2.4937252040452904,2.6224421065014667,2.642004546510634,2.6422607490549126,2.642311649901785,0.14537000418053242,0.7082761450502546,2.147263060707298,2.585629449988058,2.729934496432239,2.7361364720821437,2.7400987096640645,0.1670018537461299,0.6022373836591353,2.1343265279040526,2.622348454105298,2.7827792338490243,2.788664456675452,2.7914679994669207,0.14721236154836445,0.6669125593562057,2.287310368398721,2.628732845389095,2.7352264885521436,2.7371869703802076,2.7376043231856784,0.1171514506548845,0.8611060808323638,2.359659391263996,2.665531298581043,2.8486159814309,2.8686203720029413,2.8873152644597977,0.21139229829839434,0.46114577159708325,1.8695370322738487,2.6219489024592377,3.3225988783788694,3.3844985349912307,3.4353070578017686,0.29309768074374354,0.40584918150034355,1.5488604668194057,2.240230727217522,2.6307863483466463,2.6488859871346904,2.653353269452282,2.2839147103005284,0.05133672099059461,0.19853358633056178,0.42722575287999326,1.849272070958534,2.5176604111714265,2.889262743284164,6.7011610509157915,0.23105912757061892,0.30210842731156123,0.3734647628994007,0.7856871708816479,1.3210211249892172,1.8850673879956663,2.7600321221892257,0.21968489144637815,0.6894473081850486,0.7036913630335452,1.3903403403017318,2.217617803548952,2.5390305326975264
I15,clockwise,0.7096426219651659,-0.1249868195006627,0.6927784963796784,1.2691696690437002,2.489183745585035,2.923393335997365,3.249713299281715,0.7104645209882031,-0.15228071705424495,0.6928665708045194,1.2684312729031895,2.483688082830179,2.8884366881305126,3.1608401121860115,0.5650088829722721,0.0949776782465297,0.8552033285780505,1.567821643712012,2.1782397195370162,2.3492576041927045,2.491555856214216,0.9658531829525476,0.11479953793233877,0.45059047175085887,1.0332940411967164,2.5011172682913125,2.6541632449670747,2.676453707572543,0.43354439582853,0.2314497826382622,1.199732520206755,2.2370016546584157,2.5764090332772085,2.576447800801038,2.5764479572928334,0.5809569042489799,0.282582245465718,0.8127137713185482,1.6509431797779113,2.5839996096149824,2.714220567202297,2.775496594406884,0.1937433291623066,0.4817312070463231,2.038162222192568,2.529215410786037,2.7909708094564394,2.817095800302468,2.8274997782980336,0.13685087192225892,0.7075617933591047,2.3183965459744513,2.5811665369411685,2.6407753894823145,2.6422203587467266,2.6423236533412364,0.3431101114897268,0.33391759706703716,1.439107304031873,2.2062860559006077,2.6870100703695283,2.7051475783450294,2.7181728153573634,0.38477801168276576,0.2709051493994725,1.3248660038416877,2.144069328841427,2.7409867971343926,2.761766320935627,2.775799862814286,0.23321271495081533,0.406040424274579,1.8358322913072698,2.3888700124539355,2.7157321618883543,2.7338834268598475,2.7365013349003675,0.26755308518223486,0.3314052080489218,1.616515254729777,2.1551684338711516,2.595239293999278,2.677829935520077,2.753135624271445,0.41026537939629043,0.21618236404986568,1.2786522616001363,2.2706048545792576,3.2643062305159205,3.3219415902318197,3.3674499598789396,0.42226930256783407,0.2941541894531383,1.239366185750896,1.9678291573907245,2.598476179837917,2.640174361267327,2.651274664122866,3.8675359293352627,0.05075057838337382,0.1628760006664724,0.3000317305020089,1.234400206179865,1.9567704691411654,2.547069001974124,8.416876821873213,0.2257612683548306,0.3035413330823521,0.3307232340706394,0.6501352000096675,1.1796559623618084,1.9587542083671223,3.931121669556879,0.19039604381449726,0.4130304072925993,0.4595512138889072,1.2410879783407411,1.4860186510215758,2.3745071140938996
I15,counter_clockwise,0.7017066017758629,-0.12613891588270132,0.6962871768650567,1.2821887279852309,2.571707678887571,2.9834704380304116,3.2698609500611786,0.7025201490717881,-0.15361245718815986,0.6963630038312572,1.28148314755002,2.562907948619088,2.9413709936833015,3.1760981769298504,0.5632049994159212,0.09510446074651568,0.8575270928247729,1.5746958083194604,2.2039611839800415,2.374293335469453,2.511041669773869,0.9626024572191115,0.11507492752552873,0.45402667149831855,1.0373323445708431,2.50861732685833,2.6555614844460065,2.676651898342339,0.43342083839235596,0.23191633628119313,1.2009736088751524,2.246088437316682,2.576412926237264,2.576447785957064,2.5764479576161268,0.5780436863586937,0.28277978415385485,0.8181420114153959,1.662678766518595,2.5982392671878256,2.724683805405809,2.7839329065073026,0.19324964874521117,0.4838884975738438,2.0361885796330625,2.530124875343745,2.795673009521579,2.8197073976366482,2.8283833772381968,0.13791209398554163,0.7092331713425892,2.3377748784872665,2.588900549944583,2.6413343996923686,2.642272793986308,2.6423252841848353,0.33547695221934554,0.34043107175635257,1.4493588815116634,2.209483255904224,2.6899088671525333,2.709242508266127,2.716282620850738,0.3717078255399855,0.2825437707310876,1.3477022223959676,2.1514548347610134,2.744001388548698,2.7642738291175517,2.773250527700303,0.23211718786188487,0.4110175042387709,1.8308189234467136,2.3915220112853603,2.718005166774674,2.7341916033942653,2.7366312923109035,0.2657014063487491,0.33416260186064306,1.629088805912909,2.1896090724677397,2.6485483167650035,2.7315104162449426,2.776876053564697,0.41107389139523365,0.22030861476882002,1.275397840128285,2.2945925576416535,3.2786092877613733,3.3353622603921806,3.3635046299471405,0.43422615358676875,0.2959839767224821,1.205662682061984,1.9667570656026783,2.617946117590691,2.6437109874052567,2.6511397322371977,3.840904818741861,0.05068166392738094,0.15986032986641435,0.29672086107057544,1.2228717514744616,1.9513417913848594,2.522365465779769,7.352500212068303,0.23390892535568525,0.3076693086293549,0.3485178124508476,0.721165952352181,1.2585071286458356,1.9499046072282868,6.060700473727019,0.15279084538317655,0.4707313023579306,0.476180749276894,0.9168577835281627,1.4360912624342448,2.3144254975398417
I16,clockwise,0.5442222849562274,-0.07932426268648296,0.9177095093952037,1.512202985890978,2.3837858733237125,2.687520701425254,2.968489549032106,0.5446763554259932,-0.10030290217466287,0.9170358075076994,1.5123947047282669,2.3814123892749213,2.672538292907666,2.928264577482739,0.49093326642675117,0.10995489649126844,1.0244722955382741,1.7824353723740218,2.334358309773905,2.3915150624498045,2.474956483486534,0.6917120234465053,0.13295120427804497,0.6447277905173032,1.446531528306743,2.600600823552428,2.667878581821382,2.678161451591726,0.3530488901886469,0.26778037288104883,1.4973872481632409,2.435742445418148,2.576440847453605,2.5764478356852925,2.576447960168748,0.43327293825090346,0.302751136471439,1.203629438224053,2.11681608129005,2.749976011888081,2.79701941076304,2.8211347537382747,0.14627767859023585,0.6586303729993688,2.289078372406493,2.654550334065334,2.816766529749657,2.8290510126676054,2.835495579740382,0.1364556200857209,0.7002061608409349,2.344532931947356,2.5836053441980766,2.6405445989870486,2.642062302161662,2.6423156114462927,0.270157679077401,0.3975716409661838,1.6130439408850896,2.260955068051906,2.6740320712049734,2.70487572199093,2.719747619124109,0.2960850586186416,0.34214107252731885,1.5286371321619037,2.241985143344615,2.732559375664062,2.7628738257604244,2.7770267912393614,0.1980926329630482,0.4831234468247203,1.9662152831670028,2.4357404663201123,2.7172041806943525,2.731496845923175,2.735980401093002,0.178763255492385,0.5247022595454722,1.9646375466631378,2.327716319170592,2.6517564195672434,2.7064024716637616,2.748916412785186,0.3400102010554858,0.2722455495710516,1.3882546290229705,2.1747034952922313,3.135687281631512,3.245895386701836,3.308445037926127,0.3844304717042329,0.32594716304924987,1.2615276938292936,1.895935019768558,2.5969991587480763,2.6358941072742255,2.648123593333594,3.252093792720943,0.05811423009141725,0.20397641829736107,0.3820003454231367,1.3302384219790473,1.9418308003379747,2.4907315206629956,6.932334218882772,0.23912013231699264,0.3437477096264523,0.38187760734657084,0.7675483834002664,1.343056208885881,2.106713604265068,3.615691339844743,0.21610271806581016,0.6116071025158979,0.7141895829963626,1.468921551133851,2.1704834730589404,2.481063976466785
I16,counter_clockwise,0.5442754265784515,-0.07881496377540209,0.9175866712973706,1.5133713697762667,2.3917029139024164,2.7128160553859475,3.011448290752811,0.5447293913811608,-0.0997313513036382,0.9169134700810602,1.5135690098846677,2.389132460958567,2.696207180899475,2.9656706879726507,0.4918953180198383,0.1098775923765527,1.0219536621275829,1.7817954981678543,2.3321862451400523,2.4089562488257634,2.5047520167744954,0.6639520418970053,0.13411763471824845,0.6839435838541283,1.4522847951725923,2.6075733160143466,2.669516170688735,2.6781177069585205,0.35376432276916775,0.2678193321406317,1.494846885539216,2.4374067102487977,2.5764416187224395,2.5764478725293403,2.5764479604912998,0.433412997876377,0.3028819445085267,1.2030566879396802,2.119694493506721,2.7504763868416306,2.797305473838213,2.8210436977112474,0.14698460836836374,0.6590748610196897,2.29205275799427,2.651671423378957,2.8201919905945942,2.830892764747432,2.8363653150202026,0.13480715480580455,0.7121297634805615,2.3441550315754967,2.585621996801592,2.6416211883489495,2.642091760234962,2.642323096585642,0.23091531434448734,0.42486419150575916,1.7932550024932739,2.3499497784591923,2.6775238270324047,2.7083321037852843,2.722184749643359,0.2651174651456452,0.35515518376452926,1.677418509231695,2.2947467031186592,2.7351421952763184,2.766262103481713,2.7791612835765047,0.20007568370964784,0.4802450877282354,1.9597693330733819,2.429856834727616,2.718308582760983,2.731543682929896,2.735983350436527,0.18228582266930235,0.5120982001719432,1.9500834913593,2.338315622277641,2.6673201465631937,2.7293747437064013,2.772493279463618,0.3327408993008399,0.2716534426230268,1.4238445690747366,2.2085200089567927,3.1491134519148645,3.261827446064064,3.3121860929716576,0.4136155781988726,0.31375000960156285,1.1972183391621911,1.866086827096069,2.5882217274565846,2.6368221997977344,2.6490961102210804,3.4225661096774003,0.05789715585800509,0.2018130853352838,0.3788002307483666,1.3244153910478074,1.9395212207982688,2.4344165670913642,7.664915627780292,0.2352411154264787,0.31659293186867926,0.33979512857761407,0.7139937469319942,1.2098881177240568,1.9293193486246578,3.121381140818306,0.18012967565485305,0.6559260048291385,0.7959575144653871,1.423138601366873,2.3596966108652397,2.5777036947911895
I17,clockwise,0.30356770362972424,0.16115946123749314,1.5745208862222153,2.22692982096934,2.9992058387399565,3.1895436607739365,3.314187612003626,0.3038269481714105,0.15713930218733507,1.5750238838028272,2.2273893181866646,2.95506679905884,3.113915296154673,3.208740918566384,0.46231425654642505,0.12389964562699163,1.1169964094939395,2.0783249615767883,2.789275717426796,2.8692909228732555,2.9156454039758515,0.6021503623308557,0.1429735277982136,0.7367346988598316,1.7810204620693586,2.6704725713382658,2.6787051155837878,2.6794725166050837,0.3094480470004767,0.30798407769941605,1.6936162932469934,2.5218961768658295,2.5764478468304874,2.576447962220006,2.576447962248807,0.4461170796959433,0.31240698121933985,1.1536539841558637,2.1166327651990917,2.7570204524070965,2.802859081222389,2.8203089682906617,0.12479771367594579,0.798663854953702,2.4366353319994687,2.7449278506080645,2.8318929585195747,2.8364573306560033,2.838415132029013,0.09657545495178174,1.0421198855160583,2.505278831336909,2.6258648899445234,2.6415889207507917,2.6422153673369166,2.6423073161329285,0.18378456023592807,0.5454744527108062,1.9855378977091394,2.5261516009914966,2.7145946078474466,2.7265302600007995,2.7309155537129812,0.20930282901493813,0.464773153900367,1.9376427222892534,2.5533441119751092,2.7707981481672173,2.7815652169975493,2.785475219521981,0.1618504768175185,0.6065547052958209,2.1598936791792767,2.5750812289929854,2.728640196793094,2.73512901540289,2.7366682132383175,0.15079183496412119,0.651252236095482,2.120522347943679,2.5176233920041495,2.750914251149364,2.78483156391105,2.8063415644032226,0.24230081337132875,0.4028556273573862,1.7278048447293326,2.5295542260992256,3.2409703711373865,3.3094993390025955,3.353655789026824,0.34715774980954195,0.36882758480874145,1.395606697202993,2.0643899506435446,2.6178689359712735,2.6396876558546865,2.649596565531965,2.3810528872906835,0.05706298121723302,0.2239164719222258,0.45294599876619807,1.6621823134163745,2.2458532897976022,2.625393337062201,5.97414665234945,0.24186658808629377,0.3348157775073469,0.4191456789636456,0.8907094308845944,1.4003106413765054,1.7932890774191659,3.173013887577394,0.20739870909614655,0.6739574216328413,0.8781145146220432,1.0261348780164044,1.8136923695492806,2.0602187036094786
I17,counter_clockwise,0.3044533315032344,0.16165851806760934,1.5693585051074574,2.219610765870269,2.9675329392523393,3.165967570596245,3.299130387181358,0.30471266557491333,0.1576558396872363,1.5698348296351115,2.220158987462509,2.9274256593325148,3.095031529448655,3.1978045293781983,0.46269627599447183,0.1240070501730437,1.115273238015278,2.0742528752291776,2.7791942442672957,2.8654469027454654,2.9152266630417465,0.5989806774015334,0.14412057326946348,0.7465666237973396,1.7844480905308284,2.670156974558921,2.6786850636375865,2.6794478741333574,0.30868641158876836,0.3089919215851271,1.696417867225712,2.522950324792925,2.57644782870896,2.576447962163793,2.576447962109623,0.4461501883506456,0.31252718570073607,1.152848267869631,2.11393626040262,2.75478160597887,2.802631371635767,2.8205946409728497,0.126050178761696,0.7899603522057532,2.4331918021030106,2.743312472792695,2.8312362176538954,2.835927959668197,2.8386786557000505,0.09791582346714517,1.0251005234053991,2.5040628237826468,2.620573118115317,2.641541492267379,2.642165720435628,2.642306534384602,0.17151098873992857,0.6122414822645248,2.023233388566617,2.52504012601497,2.7140603465648687,2.7270573928193076,2.732433117783424,0.2024458599639704,0.4997452341055557,1.9735545140134698,2.554161464403818,2.7708781332864536,2.78229607955142,2.7861797454896386,0.164692042904285,0.6016666523746608,2.1548472340018634,2.571131395750399,2.727819260183878,2.734982365977885,2.736662033603352,0.15231360490840898,0.6459117594936841,2.1109821737610543,2.5115416420724985,2.7311359294468134,2.7713727965931807,2.785058614662254,0.24463331258714177,0.4119069509481328,1.7333276525742747,2.5123479053807465,3.232974270372228,3.3089122764665184,3.347857049149056,0.3364184439174711,0.36724423090709024,1.443245571771513,2.158410260998835,2.6226238899780583,2.64459350140055,2.6501472676782214,2.422752549568448,0.056596197549487304,0.21915522281160643,0.4527953128515934,1.6446547492699957,2.2337939221914995,2.6236720438010295,7.883570485502029,0.24015356427153428,0.32959876611969535,0.38606071024568533,0.7399137744143218,1.1306771778474467,1.8199008023221381,2.9606596852185034,0.2804098953689106,0.5660706489899098,0.6569701236356466,1.2429339317010504,1.7375922569691946,2.2479119190617105
I18,clockwise,0.28960977067918947,0.17876885609327875,1.6820529857643445,2.502491008172403,3.280223043237396,3.406992242880013,3.4659434910170086,0.2898300161549542,0.17533230564286617,1.6830969277192214,2.4965176263125373,3.183847407527771,3.2719144119942167,3.3068665096031595,0.41988759307260437,0.13454818945029468,1.2782762226628384,2.296171213511337,2.895514168404987,2.9310600073152084,2.979093115685118,0.550099071426139,0.15111971814279146,0.8578133700266712,2.0023077402443246,2.676437680605132,2.6790529770467915,2.6795039826385887,0.3115195448528154,0.30314873828255173,1.6892373772499294,2.523789827842566,2.5764479463674537,2.576447961683119,2.5764479621050906,0.33856053125156227,0.3374599145806687,1.5589493144260473,2.4007966505126705,2.8085924007298178,2.8250341114591633,2.830850944743975,0.10403926993386967,0.9629500044181896,2.6031841869885284,2.795876176199272,2.839684301307898,2.841164875768527,2.8420094218681697,0.11755380044692246,0.8443114526309046,2.4402497206922362,2.6075454910460394,2.641771695763623,2.6422031449363885,2.6423060699412417,0.16363999000261684,0.6031420857535497,2.07924834146974,2.558857581912965,2.7247642983301517,2.7344450807942597,2.7402701095842485,0.18883254035991937,0.503829998273553,2.0561624824888565,2.5917785862207294,2.7798761425204166,2.7878430367212,2.7918396609628164,0.1536228625471935,0.628900167568645,2.3026050643270537,2.630868479890978,2.73488767923709,2.7372998254577396,2.7377342440122447,0.13879206001751204,0.7125882355044706,2.23378432393679,2.5763055976534033,2.800888366729452,2.843227689803327,2.877590483689641,0.19243443902427634,0.49680636324295513,2.034389050013395,2.732784547951347,3.347495179091922,3.4110027074776035,3.442053384648947,0.31649006349418135,0.36379188604428236,1.5264753970093352,2.189757772709754,2.6255123396006184,2.6419636029086178,2.6507760134741147,2.2673198398695456,0.055039168293674834,0.21899109406187695,0.46233329034824183,1.814919328446374,2.447810320649786,2.8464999186786804,5.456139572372757,0.24009207568874102,0.3306572142633188,0.3896214523264639,0.9574791364341028,1.579115471887037,2.028157354226269,6.550477466155886,0.21516042688146042,0.596077270370924,0.6983157689062368,0.7668130115329942,1.507689778945434,2.3198157968899693
I18,counter_clockwise,0.28965561722303856,0.1805792013900822,1.680316257281281,2.5011173169847263,3.26671947550203,3.390041818602275,3.45661871065077,0.28987663400205915,0.17719920389417254,1.681351759542352,2.4951942258092066,3.173735425856464,3.261005918474796,3.3017019684341897,0.420168999848963,0.13468831107663304,1.2761763798220365,2.2933898780437953,2.889524342244238,2.9220930228731694,2.9608135258862456,0.5506137923296629,0.15133736004970944,0.8577199426157502,1.9744897477409067,2.6761385853153943,2.6789950790442116,2.679492110480971,0.31113302044013685,0.3035325903631483,1.690979009067184,2.5227794491359523,2.576447942259901,2.5764479614466556,2.5764479621686025,0.33883242478900694,0.337443964633046,1.5580847094061763,2.4007710330576466,2.807653043508192,2.825199292311116,2.829286436901389,0.10471967344963058,0.957786451913762,2.5943256177713465,2.7952141614357515,2.8395950830590664,2.8410635291670587,2.841984000551747,0.11825329921534578,0.8396994140654215,2.4294427932511553,2.6055768095638996,2.6417705005653715,2.642207490703754,2.642309618252966,0.16335385585733067,0.6275823213730409,2.1198010139336163,2.560775942677066,2.7242684672351545,2.7349069414058227,2.7398906898127993,0.1889100156626913,0.5151045158643437,2.0789088430749416,2.5871955651127427,2.778955735651089,2.787730697260251,2.7916009289381014,0.1558807598007331,0.6191022116063323,2.2942879462470955,2.630125500201757,2.734953845241762,2.737313755484138,2.7377389971534285,0.13931735189902494,0.7070250443221091,2.222412023823716,2.5653341092438637,2.7974825703423054,2.8360651801959134,2.859698234020266,0.1920686615088872,0.5084579568472449,2.04377695940871,2.722964244559318,3.3403748730999396,3.403194758085693,3.4351115658310505,0.28412089553172837,0.38727501799485253,1.6385880071798056,2.2551196314454955,2.618667001241647,2.6416449105051925,2.6523071911494753,2.2943762490132102,0.055394629777617,0.21819332186830126,0.46621781273138413,1.7670277847869709,2.431889614458567,2.814593128065045,5.236477192922359,0.2335496600912346,0.3304884749086991,0.4052017762176058,0.9440497727174402,1.460586708191991,1.9798714037699103,6.2913333062707055,0.18345027889703525,0.45081605180740436,0.5172661242371742,0.7288785296611283,1.3869708554275322,2.1729752390952033
I19,clockwise,0.18784504655646542,0.436998500676796,2.276032825443173,3.0715302362203127,3.2956388415889704,3.3840614581079658,3.4360671564017915,0.18797403565554352,0.4373635637537674,2.2758050381909283,3.017012831280773,3.195245501095217,3.257081480781173,3.2897988004352707,0.3979426601530511,0.1337285346263668,1.4039150945351864,2.5801323796615376,2.9640486951095824,3.0130996044798426,3.0258340494102764,0.42370822012264414,0.18202503678714876,1.2690783464845503,2.4764498956550423,2.6750449525618825,2.6788293389635243,2.679309689429706,0.26843884562536996,0.33838041864442836,1.9214293925965,2.5649642065319567,2.576447792652475,2.576447958657293,2.5764479611501327,0.27713227294420917,0.3853725032279327,1.8115193232061497,2.4936181551803367,2.775988798187584,2.81420583192203,2.8304252763588877,0.05968173136146611,1.6073801168161026,2.745386203457201,2.8257367357998646,2.8379201166894745,2.8392188924847233,2.841004267250355,0.0681808401107743,1.4838823398555405,2.6024461805699275,2.6377111603617323,2.6420779217472727,2.6422853409097797,2.6423238094524777,0.059465566240603895,1.5615490579746818,2.5612214599066614,2.6827966704997217,2.7262353400090826,2.7357511885297847,2.743066515500028,0.07369842340330708,1.3633534024496237,2.596642799326421,2.7332968174199657,2.778604831021319,2.787462069736213,2.7932930058065324,0.09229190613417287,1.0885424751545543,2.5612612896352402,2.7027308811489092,2.7346523272749437,2.736489652812452,2.737413672556613,0.07785584642023693,1.2842798237775463,2.5394132912426426,2.727968473211749,2.805165602568717,2.8216561393700164,2.845161238305052,0.18567208410767916,0.547508057378808,2.1112471822574044,2.7530669755423673,3.2365784354575666,3.3099485654467173,3.3739579207675163,0.20445137656954976,0.4772323013962705,2.0294165375303237,2.5065987613377274,2.634037127661486,2.6501120824082136,2.654828569320216,2.630109564048142,0.05575812271151698,0.23596097601934068,0.47704453008803765,1.4699494771736723,2.056749336729508,2.559477768805029,2.8926416589370767,0.2411971097051733,0.3321889030613952,0.4606845903020138,1.3958215792538093,2.0098171843049837,2.4082837639900014,0.384428486593029,0.4696060925978024,1.1498881787058068,1.2998846023681287,2.34561227243209,2.5825465755589,2.583180488122072
I19,counter_clockwise,0.18781374434497555,0.4378001930384956,2.274714961802391,3.069328246371449,3.302862864870124,3.3791631796332426,3.4297126953727135,0.1879430994600729,0.4381680798932919,2.2745078732610216,3.0151527341332813,3.200530689550012,3.253839232118279,3.2859875665733163,0.39847837557787436,0.13382986316379641,1.400956076820095,2.5750068338038803,2.9607329002687788,3.004100088531655,3.0120806376879017,0.4302309504544508,0.1816071252165683,1.2402225024269486,2.440519900900008,2.6752737240111175,2.6787922332877834,2.679306310558882,0.26518879476171836,0.3389451630998961,1.9496565433036546,2.5656622370156486,2.5764477189548156,2.5764479587702365,2.576447961112896,0.27735559784773656,0.38539249717977525,1.8095590819584697,2.4920385187915213,2.775215826660714,2.8135474554325555,2.8309953969999513,0.06021550649588794,1.607161519668125,2.7552290834030373,2.825319258482523,2.8380600143048014,2.839443543152811,2.8408855679156204,0.06776084168534058,1.4926352525312723,2.606855650202988,2.6374288394596306,2.641996272854499,2.6422327619566204,2.6423158230560375,0.06133235535530927,1.5102425177652274,2.5653982779109694,2.6827206250408575,2.726752717463436,2.7363906342994153,2.743326680744612,0.07594825978125673,1.318164136454831,2.600592538933526,2.733518688217222,2.7800709383125444,2.7880055186521355,2.7932088247233073,0.09286281836027022,1.0820344289277273,2.574010566709603,2.70134141358767,2.734748476976165,2.7364436340217253,2.7373594848249923,0.07898965001991289,1.27033893451404,2.5417342716137483,2.7128767046128446,2.7933744166076075,2.8043219406393995,2.8153212024944065,0.1857235044009412,0.5613304601968423,2.0605748832601414,2.7442791856759605,3.244293196622145,3.3251934467251303,3.367840064867373,0.21167773628987988,0.46676413616114587,1.9444280690292999,2.4793850014746113,2.629006704932408,2.6491778473530303,2.6549237418023495,2.7994378819875387,0.054995948927411886,0.23146561234768953,0.4646301887724769,1.402127967406642,2.046409783555116,2.559566518382276,2.894968622030033,0.2442614315185884,0.35314632622865866,0.47941225813857674,1.3503077937959571,2.16045750001031,2.3938200119140505,0.3560802303676196,0.4163632791567172,1.3852828001397515,0.8939832334796941,2.3752787952368,2.44788468765252,2.516552656348494
I20,clockwise,0.34687574855816555,0.11083834687272276,1.4448349605890947,2.243854656335654,3.1646629523034244,3.3519740060426946,3.480415942583204,0.34715359893648007,0.10479349561034801,1.4447126677948066,2.244095559989819,3.093979008254227,3.2354156270395964,3.314546775951618,0.6168089197020068,0.0933162388726263,0.7723821754614484,1.4618163731756235,2.1916007054172892,2.330941308635733,2.4528066930231915,0.8602605667055667,0.11935832484312003,0.4929237940997435,1.17608167157786,2.5861949691877104,2.6622512799101585,2.675381362445666,0.3471756837595613,0.27391930878609116,1.5336005835847146,2.4702965920224473,2.5764477809897057,2.5764479571454793,2.5764479617965925,0.42705983011318505,0.3228755197812375,1.1971361126466515,2.0491651399381183,2.7124788632577608,2.7647915673883343,2.7936186467897834,0.15034385884502902,0.6783842765432837,2.1630742187940086,2.589956637787509,2.820747873904793,2.8316045589458554,2.8367303520117275,0.08729445550505117,1.1615431409172743,2.540739723918364,2.628900170386828,2.642240371162302,2.642303568863099,2.6423242765271198,0.17278075041118418,0.6971464335840367,1.9979117052989444,2.4966128986435403,2.7357636900747484,2.744341584001883,2.7487730761735807,0.19910237001417208,0.5630388365093373,1.9535558815328808,2.525926217235612,2.7872665629328885,2.7942941788488946,2.797579195283575,0.19970184326239465,0.5115102538670726,1.9282185942079195,2.4411807303094974,2.725975669485706,2.7344788779150804,2.7366642485731063,0.16678273825504,0.5989304103396198,2.031354597899832,2.480120964625371,2.8165626841981184,2.8493550640858825,2.8707817321564617,0.26174957286105754,0.37081122722038096,1.682703524853121,2.486850260565454,3.354767290896646,3.407383118815069,3.4583930168675927,0.2583494926509595,0.42498920664229445,1.6956448020873722,2.2816588986383977,2.643585411800359,2.655516994387426,2.657925158115404,4.536541353063039,0.04872041741494376,0.14945919847970685,0.27636282769045056,1.0674419890678493,1.589232238876283,2.0915509763187776,7.929151312493873,0.2299421338219032,0.28518071026499026,0.3252627679338682,0.7052225984154796,1.2137441206766837,1.8551636341902358,6.946765319186473,0.2098721152524372,0.5304051244409386,0.517293111842205,0.8092422470384778,1.4412659977895452,2.3663976637432986
I20,counter_clockwise,0.34801885374942626,0.10831759834769183,1.4392453748945142,2.2302921177952273,3.130983068213948,3.30937918233161,3.4262970435819815,0.3482988601709694,0.10215575538619248,1.439098328950989,2.230709604399155,3.066550113554007,3.2052663427195793,3.2839153811408353,0.6183844624992767,0.093103409576071,0.7707390223738306,1.4586924581511562,2.1749743141538804,2.2980764783033676,2.3939204840841164,0.8713500973712534,0.1194277031815898,0.4891562733649497,1.163316608859339,2.5859695035683252,2.6585467636776903,2.674444050634899,0.3488833395715735,0.27301715811811356,1.5282576173277498,2.4683303993765433,2.5764477835262403,2.5764479574386794,2.5764479620309872,0.4284044551659023,0.32229019600529396,1.1936245635270637,2.042082071747914,2.7083031226942307,2.7618431944227875,2.789087773643091,0.15098928824579277,0.6736658515421823,2.1513068650056084,2.5804864569001893,2.815618616688198,2.8274580464080827,2.832714204900185,0.0869322378775349,1.166187867135477,2.5342404149629374,2.6279501514725325,2.642235194901332,2.642301777368857,2.642325033445445,0.1729783771292656,0.6410043997446273,1.9837656329342468,2.4923710349028325,2.7327850518401715,2.7423464391962074,2.7471372163300027,0.200792412869847,0.5292249724368892,1.943135627501052,2.525252526630962,2.785067565329567,2.7929489950702333,2.7965263018565514,0.19770628648290864,0.5139295238454906,1.9233857475696823,2.439248110772496,2.724599831990872,2.733779252354907,2.736238977775429,0.16871557632246656,0.592146805281508,2.0166371549210518,2.463863001732993,2.7882908423897375,2.821346432547487,2.842466071816737,0.2781415442193666,0.3697544192968376,1.6566698773096178,2.4565890578266867,3.339730021020973,3.3947260388394866,3.449366360965005,0.24907358819470934,0.4432463707084935,1.710066937509282,2.3081147250045433,2.643492350930501,2.6544179056784287,2.6574883384591885,4.404682591883146,0.0484928172708563,0.14690015295842235,0.26936606813601954,1.084929194792888,1.580439458690442,2.0682018017916675,7.52774705249045,0.22933558755638386,0.29442296593055745,0.32941389192669435,0.7640365571206008,1.2508725023872131,1.9325745456571897,4.929017675239561,0.18999245757468453,0.5190226441545901,0.4894570525883776,1.047134554805098,1.9953737376238116,2.5574465371488717
I21,clockwise,0.23881262524089325,0.2797530456357853,1.9357955631032677,2.6468831600740605,3.2387170937708776,3.3651619924146177,3.456556886429909,0.2389868782892844,0.27868190200633114,1.9376769246149559,2.634296698493074,3.1524110966495322,3.244439221595887,3.3016672278654204,0.4043208119447828,0.13432293821735364,1.346088665493217,2.3163707169641032,2.817360217012321,2.8763339714614133,2.9292965512389717,0.5453337952231436,0.15047958967017605,0.8724065929283245,1.9528414342810683,2.6699354069486088,2.6782797438829924,2.679435930860599,0.29329850354199694,0.31158994171471033,1.7978164391407256,2.5403304311961667,2.576447893319469,2.5764479613830797,2.5764479621942877,0.3066833516581819,0.36030758771533333,1.6816896221195956,2.418952589686933,2.7979834019091037,2.8226434227529698,2.8328962851106847,0.08604169031314125,1.178325751955981,2.661256647610344,2.808638601473831,2.840254956847957,2.84139094374018,2.8421003925934656,0.08552448698907758,1.1943083872660054,2.549011329355835,2.6307867880186677,2.6420650820101628,2.642249755242233,2.642321663590792,0.12396317585612165,0.845161620724685,2.242247375996484,2.6169025835802153,2.7364494712492102,2.743772549781738,2.7476756749458073,0.14394015695697643,0.7197943184636404,2.232449841504364,2.6532818947693873,2.7873652991659617,2.793942594213375,2.796843686191102,0.14308474171299423,0.6954982365459728,2.301055854570677,2.6279138629938643,2.73401616863066,2.7365817739128033,2.737427959679735,0.11130276641221974,0.9092410318899715,2.34249406108246,2.6248642074857873,2.82601814533124,2.8590049208244976,2.8816432753923027,0.18689381981985753,0.5292169017542445,2.013885270021891,2.6864466393621917,3.345335166942533,3.4074506502450177,3.44556572745703,0.2699335297447172,0.4151048253677345,1.6257363028378222,2.2908569806043033,2.639126879454807,2.6527223798223076,2.656485657187204,2.3179638341142788,0.05926105796796077,0.24571021938278143,0.47726402988839284,1.6929713160102382,2.3488816427315653,2.7582576556068443,6.036160220235746,0.2320684219591185,0.2914290276156089,0.3555225199467935,0.8665750403414838,1.572918850748954,2.338963197987397,5.866033195306227,0.25826888544248106,0.7167387358051881,0.679923639487302,0.8440849705130654,1.5649413155773675,2.2988990204095123
I21,counter_clockwise,0.23920851123185954,0.2781007026789526,1.931737370255485,2.640422170931026,3.2272914658625664,3.349715240664385,3.440829862556993,0.2393831945932301,0.27700221717217755,1.9336154488730957,2.6281926975380276,3.1435806339593033,3.2338544431003995,3.292616518524716,0.4050212775387048,0.1341044648243317,1.3422501664819313,2.3124369917382754,2.802085708327801,2.8528248891546664,2.889295088818879,0.5449393985579104,0.1505500041817487,0.8746418107985865,1.9465103587299408,2.668161398080035,2.6779077041151256,2.6793529962523577,0.29466677168898603,0.31003807818567086,1.7921086816101575,2.538948877921878,2.5764478743141757,2.5764479611135966,2.5764479622554646,0.3070086556974107,0.3599715604257011,1.680129836300555,2.416039486196328,2.796021771920065,2.820838288892683,2.8309085132086436,0.08703987593351481,1.1642083440010538,2.6639532544666054,2.8070394428127656,2.8401310654851386,2.8411725944392856,2.841889286499736,0.08551102598442809,1.1963555841560947,2.5547292465859073,2.6308367667573975,2.6420785180272333,2.642253876592463,2.642320992493069,0.12593950454153413,0.7944743832873651,2.2328318522098622,2.5942173249355034,2.7348886180900904,2.7423444242068364,2.7461063234248075,0.14170355247892352,0.6889082124454298,2.229733891473752,2.64312458011217,2.7862885280604175,2.7929445128336736,2.7958182945155086,0.1418036032906187,0.698153637667474,2.2943730145675545,2.622888409542611,2.7338363131189,2.7364180388408386,2.7373518109016004,0.11279867338712084,0.8959633435844956,2.3411057295084983,2.6261833049446093,2.8213834013733696,2.8459881029063454,2.866841489803409,0.18941939055970478,0.5171974411222653,1.9942002354872983,2.6801646774410663,3.3428410640761292,3.402581780553138,3.4341189590525936,0.26674294492549505,0.41120536553421516,1.634690484622297,2.3328988743166974,2.6379251525468135,2.6518398464354505,2.6560357553980793,2.341132558826346,0.05933615216879956,0.24086914478641325,0.48426547242354895,1.6839261838957562,2.2806572780945538,2.711439423046335,6.544856791297733,0.23162165971038068,0.28843816613084855,0.365133789919618,0.7842836957298881,1.5024725610597618,2.246875571011116,5.007593047216255,0.30547376514604174,0.7180363578223948,0.8233043668853594,0.9987002026120443,1.4331739058760395,2.5031383937163056
I22,clockwise,0.30495832815008966,0.15115166192588436,1.5949531309248135,2.3758630656395168,3.099222522059505,3.258211702784256,3.3980329645374647,0.30520833628194527,0.1467729660187016,1.595559717122557,2.373680376665179,3.0402545315241,3.1673059879761145,3.2661893173075405,0.3944560275549535,0.1356201714973606,1.3971667727509436,2.452974277035602,2.88391046912962,2.915514246675036,2.946830854822635,0.49847283947005044,0.1589894359100148,1.0043179973706686,2.1593544359976393,2.6751154507980166,2.678631297091214,2.6794111869259964,0.2956824583649945,0.3105345464600493,1.7567317686607034,2.537924608657055,2.5764479527406046,2.5764479622710272,2.5764479620562453,0.32424132346165535,0.3308635876932977,1.6479772096573937,2.4424849103328317,2.805271132070977,2.8244281465425516,2.8337656724568787,0.0956200324880638,1.0508256630887445,2.6189043566246255,2.7905960701448294,2.8395157791994734,2.8409022218329483,2.841428118854992,0.09541800358736434,1.0553931060412651,2.514491887046688,2.619344892313393,2.6420777043033468,2.642290545987521,2.642318684987572,0.1463459650917812,0.6805821234653546,2.1905357039009536,2.5842251615673884,2.733999899143481,2.7402982039138952,2.7414653928832737,0.16798462448998605,0.5846297351767418,2.153278311200662,2.6245469079291865,2.7850383688173856,2.7910718125554137,2.7921210119998623,0.14604338819537155,0.6739032936966396,2.292178349313872,2.5926155913371076,2.731521033088029,2.735835121835862,2.737109845705163,0.1268001673584697,0.787539819861373,2.3022450087409596,2.600197951140591,2.812712401022542,2.83776013112144,2.842972690154156,0.19984754979841762,0.4628504576066721,1.944134109638675,2.6686172541747055,3.356790752306509,3.399565523768892,3.4151762313458,0.2219827774884435,0.46610100393513676,1.8572162592572568,2.3601301520875495,2.635263716823374,2.6471011636704134,2.6511601031893406,2.1817087540295295,0.05640659578920393,0.23780164777239426,0.4846019470220024,1.8206705439348154,2.4730158218494953,2.8495835741853983,6.034003060729626,0.23789877133231738,0.3657865006503,0.3823995628725356,0.8498711631560338,1.6265704569988384,2.227476800972086,1.9091203781628325,0.29383638622805763,0.7580379406982366,0.8776953883859248,1.268157048211127,2.0068632794649006,2.4673888172103253
I22,counter_clockwise,0.3044958228450432,0.15066281224824518,1.5969887495872879,2.377295949395587,3.1266305830280325,3.319350824741952,3.4449349023851807,0.30474621574696675,0.14626591655286258,1.5976055143261272,2.3750794620389977,3.06297034810559,3.2124525513834103,3.2950174668724297,0.39396995556309217,0.1356619799497749,1.3987191715815817,2.4540871579646764,2.898364772340992,2.9373742919462513,2.971204117051495,0.5084676994192615,0.15829927297430224,0.9748156609212257,2.133206940902223,2.6762904004426877,2.6789269154837605,2.679480800920203,0.2944631195222346,0.31055382555350697,1.7631279915211504,2.5393915210274907,2.57644795667061,2.5764479620998273,2.5764479620912377,0.32339304293034843,0.3311937418602387,1.652242462207093,2.445871231670165,2.8084406883726536,2.8265125002297506,2.8340112113505516,0.09486332711636006,1.0607213000014326,2.6139480340254977,2.792128887030003,2.8395590828242803,2.841107982959784,2.8414425773873973,0.09103861470423436,1.1157165884527558,2.518253984907119,2.6228882386401438,2.6421119457820623,2.6423060627946597,2.6423219309542674,0.14387092262775175,0.7423345938317039,2.1459278416180037,2.5790364365600102,2.7347503577755243,2.7423604875051466,2.7426617430279783,0.17125946038916828,0.6113484791707302,2.1019984332960524,2.606419569395542,2.786283509003515,2.7926389570733345,2.792849274177283,0.14392050360168435,0.6847517180090108,2.282243124924662,2.597852498387965,2.7321884737825712,2.736166518040136,2.737156437613976,0.12712344901147,0.7861684337906305,2.296560571821471,2.6064819049009222,2.8220523150357026,2.853143011549743,2.854189287168168,0.22118592102160556,0.4448297979853937,1.8973070535759309,2.6662037070542723,3.362457341753597,3.413086515546805,3.420969722514645,0.2404081912328881,0.45406012216039926,1.7535546171138776,2.3494190368667205,2.636124174561701,2.6483340100901387,2.652057506787969,2.060023620328301,0.05566510494946375,0.23723669317404,0.4932506184506377,1.9588040688211599,2.5552985361176037,2.8877629462858283,4.281361080746269,0.23702803098122793,0.3341175711191413,0.3915322462559188,1.1059585842596897,1.8740803322472532,2.32421949461567,4.866516870023212,0.2611238200343925,0.6585239262634305,0.530733279203469,1.067391020971813,1.8772478455548818,2.5300517367960715
I23,clockwise,0.452270903923029,0.027772479982519194,1.1435659926822153,1.9362718200611164,3.0398324925928106,3.3699478668947735,3.504929967943105,0.45255106158594316,0.016925616966868784,1.142639373528148,1.9381536991711896,2.99007510857073,3.2476737616024,3.3264389608909988,0.8221588556442069,0.0870958935218189,0.6177047625002361,1.120306628352001,1.8520142041101284,2.1896717691294176,2.481570711583422,1.1924050887998097,0.11057041848004845,0.35217502999881134,0.8159880710113616,2.415127964107631,2.649463424544858,2.677898188143687,0.428148833461624,0.24526308837667088,1.2471602176503556,2.3028352151933777,2.576357019006714,2.576446700231992,2.5764479357166543,0.9331481839114312,0.2811507974082028,0.5444326125795875,1.0544986699745584,2.281133392176155,2.592713085195876,2.751887876218284,0.2270766561768222,0.46660925156538724,1.7449240364985599,2.3144890220485195,2.735516759546499,2.797020911298432,2.8245154061094127,0.08353298361355735,1.2103961957944875,2.525374524503036,2.624622224688892,2.641216081492871,2.642198299137135,2.642321215454558,0.23413749066341186,0.5681065509060201,1.7224336890484602,2.30345834252928,2.703398526146184,2.726147530116258,2.7355470400372783,0.2961509845683006,0.4416672819990226,1.5917591313951267,2.274459709962054,2.7602091305950243,2.782210064096109,2.7891556209018704,0.2780825901894433,0.40177952271142203,1.5149107440038279,2.0934841336866157,2.636736062171167,2.7070440150278046,2.7300841881656197,0.25590667995985394,0.40541989398435835,1.5952064818338785,2.1228752683866525,2.6474708198196164,2.772109350694068,2.8429018814560423,0.43735004560737906,0.23481783081278174,1.1858496293996144,2.0843812109304736,3.231366563522169,3.355238155728866,3.425957851217973,0.39597116983201963,0.33952726748862005,1.27754867134081,2.0005291155694067,2.625450372187288,2.6487647439589637,2.6546370208125154,4.5978490933081515,0.04679288919328223,0.12547821209275828,0.2221928355153922,1.0887258410071343,1.9552537743468148,2.707487498421173,9.341484205330636,0.22295831376698372,0.2600956616428091,0.2832926586435896,0.5939931983149461,1.081607068839668,1.9005647733406372,1.39209415670444,0.18522996882744136,0.5899488016520725,0.6761060854126327,1.4159770216194585,2.285634649101073,2.5420955749810825
I23,counter_clockwise,0.4528801478520932,0.02769898583662922,1.14182663594511,1.9359556884695586,3.0403934589945782,3.371172582716553,3.508547862359273,0.4531594353862157,0.0168467956967826,1.1408987964819488,1.9378372209451666,2.99055469758242,3.248497974963455,3.3280515575172323,0.8161731663322771,0.08711250127188608,0.6199437406855042,1.1252689070238082,1.8528264658942621,2.1857123420090323,2.4627177697837146,1.191353060682372,0.11061098108142087,0.3510911490693269,0.8175333050304827,2.416108605942135,2.6491913945669543,2.6776373184581344,0.42482655035204764,0.24710593709945528,1.2599322477753248,2.312293310399391,2.576363916573353,2.5764467691350044,2.5764479353008154,0.928029309071209,0.2813071810504052,0.5458438926668356,1.0585633809585226,2.276340748370757,2.5944379802100417,2.751803945065176,0.2278977721797089,0.4727924276223803,1.753975180512498,2.3115949354480563,2.7290505760706765,2.7934190840080646,2.8218184025079154,0.08291851283806728,1.2174041796874917,2.520289965678444,2.624235684101677,2.6412121521592553,2.642167962418057,2.642317591424785,0.22308007180865136,0.5386213003744902,1.6967866247905206,2.307145200148145,2.7021051353379435,2.7252928867662836,2.7336139236868955,0.2880180438734164,0.4270642453314806,1.559772438229311,2.270281332656732,2.7587856822220562,2.7816299717038255,2.7876184085699585,0.27927718919673916,0.40514635283989264,1.5248613221092455,2.0960701265303214,2.63820782831408,2.7080623679698874,2.730656721937521,0.25092692165732133,0.4176071412570164,1.6399246477157285,2.211688012184189,2.6992880608916487,2.784513696727953,2.839077659833169,0.4281779804623649,0.2543713182620255,1.2165136476641365,2.098624221099385,3.229568385711751,3.3586574370336955,3.4293536291292455,0.4172836662332881,0.31510442283092743,1.236540626912074,1.9678730181901756,2.6212831845023175,2.6481049892947794,2.654424494474142,4.599962525717022,0.04754492168687502,0.12549934479951724,0.2268817107410121,1.0831744539288088,1.9419145503907524,2.6677820331144346,9.174044829014807,0.22211873860758682,0.2562727382540735,0.28471466340437207,0.56196149094381,1.0905920120403452,1.9271437208869924,4.959580952563615,0.1480223770595699,0.3573299301636016,0.460380052200296,1.0126248861054354,2.1499353047290546,2.550373333025949
I24,clockwise,0.5022527482937169,-0.03493490154149459,0.995168291812127,1.6665034973721813,2.61232835389091,2.8507271017496008,3.0357833621691084,0.5026472158074551,-0.0510395581579266,0.9943272842383881,1.6674716238902163,2.601581624060043,2.8231762222250554,2.9866096834145135,0.4667768027131071,0.11895432448026977,1.1063507369615317,2.156620866663296,2.8866634665374153,2.9184208224159374,2.9495933345378287,0.6038062603086245,0.14148927192695604,0.7316494808248581,1.849331349198728,2.6773673598819467,2.67920181327998,2.6795211149410854,0.3287380224743498,0.2909021157599625,1.6145133388487691,2.5122042167577625,2.5764479431835623,2.576447960482965,2.5764479617644644,0.4355899218084525,0.3023572556404295,1.201464368498458,2.216177203349069,2.7939081458076895,2.8150011131880266,2.8269469767485207,0.11689520836889092,0.8501162285829196,2.554750870122689,2.7914060326052095,2.8391200592513997,2.840315911243124,2.840856339929587,0.11038841639220898,0.9037505956373479,2.486546897481162,2.6224629295776367,2.641799993715381,2.6422371304159924,2.6423191126566508,0.17627537474450286,0.5612277862190109,2.0837561146868855,2.595902777148225,2.733841395520216,2.737552208190268,2.7382350426359827,0.20272784502371055,0.46574833805590554,2.042618392856835,2.625320259507454,2.7850352276041477,2.7887652970476084,2.7892517141484037,0.18067088143480878,0.5337296626512398,2.143763181104987,2.5961874463587264,2.733959500779747,2.7363358606307884,2.737037980020432,0.13163957083050687,0.7464004620561016,2.3239693975409117,2.6377259567650913,2.801078033551955,2.810647676834733,2.8221854392744015,0.2790119520940463,0.3346350503780826,1.653160259725059,2.5691784958866215,3.311046173022227,3.3548443418902316,3.37082506307112,0.31608301406998834,0.38474207374724756,1.5120465636675817,2.243883360442851,2.6251346422207007,2.64408163813755,2.6487201346019447,2.090728375467356,0.05345574079420756,0.21301534772126635,0.46977035171912546,1.9228894252986966,2.4769547762464335,2.7766054202744037,4.341930525003825,0.23920684527702316,0.3215616407005067,0.39382037988807705,1.1603429531147393,1.8358832655026245,2.3199933475146945,3.8389813743609498,0.25663909510976246,0.6091027342481771,0.6333198973569837,1.136651110407072,2.0609474435922412,2.4797838286802563
I24,counter_clockwise,0.5016621840922881,-0.03599158579977946,0.9964278331736462,1.669329159508031,2.6359654912841792,2.870561463708726,3.058447797677757,0.5020563645486105,-0.052199678744464406,0.9955845313720282,1.6703109620725147,2.6239794235359994,2.84111328672225,3.0059368915528384,0.46667179239676587,0.11889476736862248,1.1069058072993938,2.1550676905358754,2.8915596344547234,2.9220678743472916,2.9566822211553028,0.5846614119851598,0.14224260832117164,0.7721482647598177,1.8893087777803403,2.677152855480484,2.6792162548211493,2.679521788836124,0.3273085255497172,0.2912701672401514,1.6212966557558905,2.512994251146498,2.5764479416351023,2.5764479606076796,2.576447961733715,0.43440617048446156,0.3025036578934109,1.2055214586770733,2.21735824711954,2.793384645717601,2.815587634432839,2.8267062814508326,0.11806249640184073,0.8461227062225589,2.5615359834753235,2.791538543692468,2.839205684318813,2.8405325837479722,2.841070272128718,0.10995370439793734,0.9094993416351826,2.4857868212645826,2.6223603725046587,2.641852474471989,2.6422294534576167,2.6423178349818954,0.17895063376109005,0.5644719088865893,2.0737268454959783,2.589532461323109,2.733348643942381,2.7376347922666864,2.7393421165497016,0.20471334550822579,0.4634370951485265,2.046529560301904,2.6259468760997606,2.784460101538831,2.7885320560073437,2.7900969301117406,0.18289868142213384,0.5306176312055868,2.152965318036422,2.593558772911365,2.7339542999138757,2.7363593342543027,2.737110100177688,0.13316776256780993,0.7398297603488495,2.30586673928772,2.6341546606662454,2.805936873538352,2.8251246728649146,2.8345008075254863,0.2653329664565012,0.3412925487778615,1.7229920547022886,2.5945042889152887,3.3038977295907586,3.349305048427677,3.368532217848994,0.31008514005424476,0.3825066727886224,1.4857971985543372,2.228334227407231,2.625795252261014,2.6409558018835924,2.648655150292143,2.0725511826300442,0.05505409832756658,0.2162757404433619,0.46867448199117073,1.936328173155004,2.492289722010692,2.7929364214544306,4.076809225620567,0.23568961194282254,0.31492827116661043,0.3916198285436192,1.2672852539695687,2.0228304001582877,2.3804745853920593,2.610873164722299,0.2608114621378923,0.598509596441552,0.7339415111314237,1.572744187911868,1.6651385401013665,2.218291440046212
I25,clockwise,0.07370813600922588,1.46773687936801,3.5047405845958464,3.5531044591630314,3.562721937952703,3.560774090310642,3.5615067437300203,0.07369634260796074,1.467717625268011,3.3263534254892977,3.3431284058239403,3.344296656857242,3.3441784622593853,3.3442313804382224,0.28681440374062017,0.1491040960010408,2.0938326413334023,2.8783300140399515,3.1518027940342925,3.0873077558540167,3.1180784095084135,0.2983070460376824,0.4129915181041355,1.6693475478938495,2.535600035170801,2.679634865664924,2.6793722191324303,2.6795724551115594,0.18791763195095484,0.4689931810538752,2.343016220744788,2.5741747565080804,2.5764479621442353,2.5764479610067834,2.576447962117398,0.23461163312234434,0.42990203375790864,1.9183806810223216,2.4898176919361683,2.8058313087783184,2.795600893539522,2.8303230270116697,0.03792250644101792,1.9501062258980255,2.7598491912785903,2.8255790167800114,2.8392995688257088,2.8412835818890017,2.8424850765261453,0.03306059517292141,2.2036235695583173,2.63843353891059,2.6419698836011776,2.6423167491265076,2.642326680407564,2.64232698211606,0.06438619771432759,1.5601704863365353,2.6571355446207883,2.7309341632052617,2.7490756104352774,2.7516213385705437,2.752582904428348,0.04594765907915251,1.7472344232541206,2.716137018579998,2.780859146574321,2.7966693608104247,2.7986048108612342,2.79941880455067,0.034866268221664665,2.2254446654183084,2.731630857572327,2.7369727314539887,2.7378095686158304,2.737833930457782,2.737838444657882,0.021840740977403954,2.752938836082669,2.8962425177698043,2.9135213142073915,2.9251184650279125,2.9309840710201476,2.933060760094037,0.10313731685068654,0.9764465230286365,2.3648113894909244,3.041580390111985,3.4361865423300593,3.4680559165633014,3.5201056748967012,0.04180593210513614,2.0298109187283444,2.6462187709882983,2.656502660045817,2.660407718185752,2.66039605203855,2.66019484316962,2.7875903351765814,0.05805324418600677,0.27494998833157386,0.46422611205519665,1.4731360865279797,1.984943745789218,2.6240230163247493,0.7957120197872567,0.29552175593691943,0.7647456849109775,1.042232869187703,1.7614232377433607,2.215004137326814,2.4455826797378903,0.02619207572062427,2.5667446634164643,2.59233169153573,2.5923307264538855,2.592329637883558,2.5923317562700885,2.5923319073976603
I25,counter_clockwise,0.07397334278116253,1.4616375608575707,3.5038812145696836,3.553063874949342,3.56277451052635,3.56102581246457,3.561838568691887,0.0739621996119659,1.461590790253032,3.325963898148982,3.3431208336729417,3.344298821718253,3.344197751335489,3.344252054588735,0.2880655385149604,0.14779002138293906,2.0939214034833595,2.8792198335742443,3.151786031514872,3.0907238019499976,3.123412111670973,0.2083805861794834,0.4676485289839616,2.0816967252323693,2.5403822950790067,2.679634865664924,2.679365625983806,2.679575091545815,0.17499569948783913,0.5022799448096995,2.392664351344706,2.575196110516929,2.5764479619752123,2.576447960396533,2.576447962129941,0.23611289285187703,0.4275119032706342,1.9179777410408034,2.4949158223527945,2.8062871297772696,2.7958899387659795,2.8309351290390383,0.03781790263356803,1.9584614433044862,2.758954670227922,2.826309507462156,2.839411215942391,2.8414791428735953,2.8426130425368683,0.033047792652027945,2.195686077562641,2.6356951881591613,2.6420056423982032,2.642321622921486,2.642326719018797,2.6423269846723088,0.06865104382623644,1.5128981900883551,2.66836845472355,2.732991740953684,2.749576818731938,2.751987732707613,2.752811599671779,0.04678185544529707,1.7301441506936144,2.731123771964249,2.7835066005453273,2.7970234693335296,2.7987933811683368,2.7994929803273854,0.03527811870943179,2.2164342908076833,2.7315575064567383,2.7369514882780095,2.737807743135363,2.7378334721711326,2.7378384395096873,0.021828253471231886,2.7517979150987855,2.895543156289641,2.91287995474656,2.9257985327571503,2.931810539856252,2.934175345615591,0.1064345472611614,0.9529644090370866,2.413832589161391,3.0550318379641865,3.4485223510807117,3.4806959843715823,3.528182406417592,0.041441205582299856,2.0476102125535363,2.6495800923000843,2.657045469939476,2.660407718185752,2.660407718185752,2.660407718185752,2.643946378467075,0.063233389253604,0.29312814222592837,0.48608740812800605,1.5340523981382308,2.038122938975744,2.622223844774223,0.6837233366871701,0.28731959822325065,0.8250632317355772,1.0257841785960211,1.8489220186653406,2.2261331372698536,2.4607767691091693,0.027521239185731263,2.5709199883136185,2.592331572432832,2.5923299945044667,2.5923280083229456,2.592331591364061,2.59233190784803
