reference,direction,rmse_thresh_dx_1jnd_px,rmse_jod_1px,rmse_jod_2px,rmse_jod_10px,psnr_thresh_dx_1jnd_px,psnr_jod_1px,psnr_jod_2px,psnr_jod_10px,ssim_thresh_dx_1jnd_px,ssim_jod_1px,ssim_jod_2px,ssim_jod_10px,ms_ssim_thresh_dx_1jnd_px,ms_ssim_jod_1px,ms_ssim_jod_2px,ms_ssim_jod_10px,iw_ssim_thresh_dx_1jnd_px,iw_ssim_jod_1px,iw_ssim_jod_2px,iw_ssim_jod_10px,vif_thresh_dx_1jnd_px,vif_jod_1px,vif_jod_2px,vif_jod_10px,fsim_thresh_dx_1jnd_px,fsim_jod_1px,fsim_jod_2px,fsim_jod_10px,srsim_thresh_dx_1jnd_px,srsim_jod_1px,srsim_jod_2px,srsim_jod_10px,gmsd_thresh_dx_1jnd_px,gmsd_jod_1px,gmsd_jod_2px,gmsd_jod_10px,ms_gmsd_thresh_dx_1jnd_px,ms_gmsd_jod_1px,ms_gmsd_jod_2px,ms_gmsd_jod_10px,vsi_thresh_dx_1jnd_px,vsi_jod_1px,vsi_jod_2px,vsi_jod_10px,mdsi_thresh_dx_1jnd_px,mdsi_jod_1px,mdsi_jod_2px,mdsi_jod_10px,haarpsi_thresh_dx_1jnd_px,haarpsi_jod_1px,haarpsi_jod_2px,haarpsi_jod_10px,dss_thresh_dx_1jnd_px,dss_jod_1px,dss_jod_2px,dss_jod_10px,lpips_thresh_dx_1jnd_px,lpips_jod_1px,lpips_jod_2px,lpips_jod_10px,dists_thresh_dx_1jnd_px,dists_jod_1px,dists_jod_2px,dists_jod_10px,pieapp_thresh_dx_1jnd_px,pieapp_jod_1px,pieapp_jod_2px,pieapp_jod_10px
I01,right,0.5169402724969624,1.9344594592518929,2.5257981919782724,2.987384625601627,0.5164383435007776,1.9363395700274806,2.518938560927943,2.944784700345861,0.9941344440101778,1.0059001637305327,2.1232640238513207,2.7496427559420225,0.7046536627369586,1.4191368794080783,2.436947463159867,2.6757900945958726,0.4758800249315846,2.101369983209037,2.5657153932290164,2.5764477488892634,0.47472329468323804,2.106490267487834,2.5674491963663177,2.775896884788784,0.44294419956842807,2.257620713792676,2.7028989643904424,2.8331310227581525,0.4515480753844365,2.2146036147947825,2.5778731238923456,2.6388822180578018,0.42401334585728184,2.3584163323401355,2.6328779822916535,2.7233805358192655,0.42405584380145417,2.358179977041436,2.6717523678401998,2.7785321955733417,0.5184143435990152,1.9289589733525645,2.52715627769976,2.732636596620523,0.5037375353695037,1.9851607827208582,2.4848754561679924,2.7874672905084954,0.45981844966500585,2.1747713705888394,2.830872469578548,3.300535849583177,0.5619634767895352,1.7794750749869763,2.4079819195821983,2.6257117255565845,4.576906334926424,0.2674266244773485,0.5091739380331082,1.615991297997404,39.99616934361648,0.29135438729953844,0.35433846198134056,0.5767727961079431,9.64837957330619,0.42722333991940886,0.41520773608301187,1.05681958375171
I01,left,0.5169402724969624,1.9344594592518929,2.5257981919782724,2.987384625601627,0.5164383435007776,1.9363395700274806,2.518938560927943,2.944784700345861,0.9941344440101778,1.0059001637305327,2.1232640238513207,2.7496427559420225,0.7046536627369586,1.4191368794080783,2.436947463159867,2.6757900945958726,0.47594081935419014,2.1011015641753783,2.5656947872473257,2.576447744499575,0.4747636911257355,2.106311031555195,2.567278659094062,2.775625044248814,0.44294419956842807,2.257620713792676,2.7028989643904424,2.8331310227581525,0.4515480753844365,2.2146036147947825,2.5778731238923456,2.6388822180578018,0.42401334585728184,2.3584163323401355,2.6328779822916535,2.7233805358192655,0.42405584380145417,2.358179977041436,2.6717523678401998,2.7785321955733417,0.5184143435990152,1.9289589733525645,2.52715627769976,2.732636596620523,0.514127461786869,1.9450429598225762,2.4554836463453404,2.7833452075944334,0.45981844966500585,2.1747713705888394,2.830872469578548,3.300535849583177,0.5619634767895352,1.7794750749869763,2.4079819195821983,2.6257117255565845,4.576906334926424,0.2674266244773485,0.5091739380331082,1.615991297997404,39.99616934361648,0.29135438729953844,0.35433846198134056,0.5767727961079431,12.624088010065059,0.5308085663562757,0.4246717584406865,0.8241906149287453
I01,up,0.42732713478799383,2.340127547706797,2.8232188779730025,3.022362525173336,0.42758095311729194,2.338738413648853,2.798155851126457,2.975085139136246,0.40934847489610754,2.4429063776377804,3.0097539099581043,2.985237686063516,0.4995720027974899,2.0017134555183773,2.6429460890974097,2.678917823037904,0.4086938166565651,2.446819499694861,2.576399795795494,2.5764479606693884,0.4170787259214477,2.397628883589568,2.6751626056056543,2.7945197784757716,0.36058236625790546,2.773291468404068,2.8210144153026704,2.839539322108976,0.38298403968791206,2.6110748657173417,2.6309618779698667,2.6422354990005488,0.38814329243098233,2.5763681081203145,2.6904454833851266,2.734772956199834,0.383208933239425,2.609542506085604,2.7389811165877163,2.7847782590825663,0.4021651697840387,2.4865405438690686,2.621859362082432,2.728400339125983,0.39064148812386745,2.559891947992254,2.6802884522127117,2.7947818849254356,0.4170617541376973,2.397726451967685,2.8535324356797283,3.3051241077377043,0.4884769421259159,2.0471795365567687,2.4576014335902983,2.624514014139322,3.2508035296397284,0.35033514727672027,0.6705255470685947,1.920707826270038,10.919988369785182,0.3227560469595205,0.43573257222493056,0.8478644715697453,16.536638974415467,0.6271907269950391,0.43346502453464464,0.3987000071355947
I01,down,0.42732713478799383,2.340127547706797,2.8232188779730025,3.022362525173336,0.42758095311729194,2.338738413648853,2.798155851126457,2.975085139136246,0.40934847489610754,2.4429063776377804,3.0097539099581043,2.985237686063516,0.4995720027974899,2.0017134555183773,2.6429460890974097,2.678917823037904,0.4087011500021546,2.446775596287723,2.576401263003838,2.5764479606782693,0.4172600630086683,2.3965868978436733,2.674549115278871,2.7940125964058766,0.36058236625790546,2.773291468404068,2.8210144153026704,2.839539322108976,0.38298403968791206,2.6110748657173417,2.6309618779698667,2.6422354990005488,0.38814329243098233,2.5763681081203145,2.6904454833851266,2.734772956199834,0.383208933239425,2.609542506085604,2.7389811165877163,2.7847782590825663,0.4021651697840387,2.4865405438690686,2.621859362082432,2.728400339125983,0.3903523346104492,2.5617881880940883,2.676462970007107,2.790566749491295,0.4170617541376973,2.397726451967685,2.8535324356797283,3.3051241077377043,0.4884769421259159,2.0471795365567687,2.4576014335902983,2.624514014139322,3.2508035296397284,0.35033514727672027,0.6705255470685947,1.920707826270038,10.919988369785182,0.3227560469595205,0.43573257222493056,0.8478644715697453,16.260735393757628,0.6274030467898167,0.4108291825382402,0.2979921030429289
I02,right,0.9635634147766142,1.0378144133168785,1.566307685175877,2.3028781786864387,0.9643991930012402,1.0369150111873995,1.5667688623857146,2.3022028654057642,1.2676960489585785,0.7539490966536295,1.6730919241387028,2.3828942611426207,0.8985040012593125,1.112961098223752,2.121202602186882,2.6481816190974063,0.5267128922243283,1.8985675398545165,2.5381778472042287,2.5764449997886683,0.524032588200899,1.9082782684053778,2.4596124149123235,2.733445987441107,0.5343937995295379,1.8712791968775946,2.5261778907877215,2.8272567992271433,0.5595281073742895,1.7872203144409013,2.4164032731938505,2.636130433821222,0.529787432958936,1.8875494920950877,2.3800727131847323,2.6900236796484855,0.5570585106167133,1.7951435638114768,2.3560023493621944,2.7421846453269243,0.7168510571517632,1.3949899215790538,2.173123579393632,2.7076179308542123,0.6789848870844806,1.4727868307849068,2.05793071779212,2.6494447337889695,0.6217778082508857,1.6082915580616906,2.3905339575659177,3.227947653899257,0.6560035144136683,1.5243820772725485,2.17554896923707,2.60977552502618,6.205403123263019,0.1812053927267509,0.3733212975015125,1.3242332362868978,30.646061275067996,0.2641106581916248,0.2970440206837577,0.4626415275572573,13.7176129497316,0.3172233914699323,0.2646273153979971,0.736554114278653
I02,left,0.9635634147766142,1.0378144133168785,1.566307685175877,2.3028781786864387,0.9643991930012402,1.0369150111873995,1.5667688623857146,2.3022028654057642,1.2676960489585785,0.7539490966536295,1.6730919241387028,2.3828942611426207,0.8985040012593125,1.112961098223752,2.121202602186882,2.6481816190974063,0.5267170799791169,1.898552444966561,2.5381348997736515,2.576444973387325,0.5240963239357956,1.9080462012981128,2.459434145131714,2.7334401804166255,0.5343937995295379,1.8712791968775946,2.5261778907877215,2.8272567992271433,0.5595281073742895,1.7872203144409013,2.4164032731938505,2.636130433821222,0.529787432958936,1.8875494920950877,2.3800727131847323,2.6900236796484855,0.5570585106167133,1.7951435638114768,2.3560023493621944,2.7421846453269243,0.7168510571517632,1.3949899215790538,2.173123579393632,2.7076179308542123,0.6834295794138573,1.463208544262379,2.102786167708668,2.674637350863582,0.6217778082508857,1.6082915580616906,2.3905339575659177,3.227947653899257,0.6560035144136683,1.5243820772725485,2.17554896923707,2.60977552502618,6.205403123263019,0.1812053927267509,0.3733212975015125,1.3242332362868978,30.646061275067996,0.2641106581916248,0.2970440206837577,0.4626415275572573,16.465854215514096,0.38044581404413536,0.3758075203674177,0.6413928375666363
I02,up,0.8887509066947743,1.125174660827021,1.6701681579394627,2.45732600244894,0.8894894992529232,1.1242403657827258,1.6711542545036688,2.452894488180007,0.612904642361878,1.6315751764359598,2.3729275621130004,2.580811107104383,0.8235621351076001,1.2142374659676989,2.2437757156698153,2.670418079221627,0.4818929106899439,2.0751498472311267,2.5623354707295727,2.5764479085212537,0.4703011930951292,2.1262969660332693,2.58699495352858,2.797000101026807,0.3785574393709207,2.6416070482243867,2.7868550183759453,2.83753909368761,0.39893880249665414,2.506650127141711,2.613659398317168,2.6413073101656437,0.4729403407380687,2.114431597100396,2.498054247555102,2.69890886286986,0.48962420220360764,2.0423826998326264,2.5059208886404685,2.7546203825105726,0.4405176420119073,2.270056643890257,2.5420054440828608,2.7186146134781666,0.4552106120709377,2.1967853417357612,2.4402882078465926,2.694696316746694,0.5383568549461343,1.8575039786575314,2.5406013429668413,3.2502457222285805,0.6097053717359201,1.6401364435298547,2.2617445588537066,2.615810658191549,5.795293948966832,0.19191202396137136,0.39033124169822725,1.428320878828095,25.083705238109683,0.284216998358051,0.32084650966546074,0.5309268236769334,9.816032735040777,0.6036933111528885,0.538219437612604,1.006234348637573
I02,down,0.8887509066947743,1.125174660827021,1.6701681579394627,2.45732600244894,0.8894894992529232,1.1242403657827258,1.6711542545036688,2.452894488180007,0.612904642361878,1.6315751764359598,2.3729275621130004,2.580811107104383,0.8235621351076001,1.2142374659676989,2.2437757156698153,2.670418079221627,0.48181713046858216,2.07547622689851,2.5623646551795014,2.5764479097874684,0.4709319192058094,2.1234491849404122,2.5851407467247864,2.7960008124104854,0.3785574393709207,2.6416070482243867,2.7868550183759453,2.83753909368761,0.39893880249665414,2.506650127141711,2.613659398317168,2.6413073101656437,0.4729403407380687,2.114431597100396,2.498054247555102,2.69890886286986,0.48962420220360764,2.0423826998326264,2.5059208886404685,2.7546203825105726,0.4405176420119073,2.270056643890257,2.5420054440828608,2.7186146134781666,0.455630726807123,2.1947597937645646,2.446609602439235,2.6956870119743526,0.5383568549461343,1.8575039786575314,2.5406013429668413,3.2502457222285805,0.6097053717359201,1.6401364435298547,2.2617445588537066,2.615810658191549,5.795293948966832,0.19191202396137136,0.39033124169822725,1.428320878828095,25.083705238109683,0.284216998358051,0.32084650966546074,0.5309268236769334,12.280078516878845,0.5127112325772,0.4477705080440132,0.8604752439791618
I03,right,1.244581929963228,0.8422968555042294,1.4870834287375043,2.6208984437722984,1.245078005095329,0.8418499846608933,1.487154793950452,2.609711564236702,2.0429391145027305,0.37634251129406904,0.9826029568184502,2.145849234637626,1.538674034787781,0.5590534393064708,1.3776311546167084,2.6237807108051365,0.6046204825200777,1.6539300749983985,2.5122198239007547,2.5764478298802986,0.7929199329078487,1.2611613840160802,2.1641905482835733,2.7726546930363445,0.5497655869627418,1.8189570677288884,2.559602534608757,2.833227403304363,0.5632201845877316,1.7755045493122452,2.4593398578037977,2.639000530404928,0.5288819302153062,1.8907811798238279,2.495227890085721,2.729402840450884,0.5586491692752913,1.790032197304172,2.512139747804576,2.784473052811359,0.8809036224873318,1.1351979654441493,2.0038913547205084,2.6982678572230725,0.7694319414786001,1.2996601077911094,2.1053835430849235,2.760424761151912,0.5831799407106137,1.714736619338252,2.658193353853914,3.381564371960067,0.6825928963693114,1.4650020609926742,2.109573530587795,2.629477029229747,7.2457694396668355,0.12843862810668866,0.2680045013323917,1.3227600679781144,33.37117024096277,0.23352058701621448,0.253896634722334,0.4081431935721409,14.534953154547043,0.26302363834197995,0.23751525033608978,0.6650027596187639
I03,left,1.244581929963228,0.8422968555042294,1.4870834287375043,2.6208984437722984,1.245078005095329,0.8418499846608933,1.487154793950452,2.609711564236702,2.0429391145027305,0.37634251129406904,0.9826029568184502,2.145849234637626,1.538674034787781,0.5590534393064708,1.3776311546167084,2.6237807108051365,0.6048929818599037,1.6531849930300648,2.511901673338339,2.5764478238565305,0.7914774419203217,1.263459887844372,2.1664546036897723,2.7729990401749003,0.5497655869627418,1.8189570677288884,2.559602534608757,2.833227403304363,0.5632201845877316,1.7755045493122452,2.4593398578037977,2.639000530404928,0.5288819302153062,1.8907811798238279,2.495227890085721,2.729402840450884,0.5586491692752913,1.790032197304172,2.512139747804576,2.784473052811359,0.8809036224873318,1.1351979654441493,2.0038913547205084,2.6982678572230725,0.7557781633935615,1.323139577769546,2.103968170711518,2.7865087633912773,0.5831799407106137,1.714736619338252,2.658193353853914,3.381564371960067,0.6825928963693114,1.4650020609926742,2.109573530587795,2.629477029229747,7.2457694396668355,0.12843862810668866,0.2680045013323917,1.3227600679781144,33.37117024096277,0.23352058701621448,0.253896634722334,0.4081431935721409,10.539811304534028,0.29496880311781914,0.32800812550607394,0.9424274666678348
I03,up,0.9236201264492592,1.082696198754756,1.6301589289972673,2.606537269637214,0.9244154841775329,1.0817646579013287,1.6309445854633626,2.5960819061923,0.816689782108008,1.2244551381784632,1.7984844529273492,2.0859753559864425,1.188210866587844,0.8416501907467078,1.682992734480151,2.6335596157764076,0.5136016868757669,1.9470341035735075,2.546702882444424,2.5764479306974843,0.6213094915332482,1.6095038199597291,2.311945221621453,2.768089007804671,0.40259236649670854,2.4839020389329107,2.7175201874347295,2.828379499319226,0.39752146020466916,2.515587459064818,2.6126377735258757,2.641730866942453,0.5124871203092364,1.9512685497278386,2.477230356540922,2.7272116355664147,0.5306707382762564,1.8844076521879376,2.4843422341565713,2.780540899203456,0.46931850671166847,2.1307491302795825,2.4256779085003473,2.7018333412884203,0.4754231479974905,2.1033893789397027,2.400166410647258,2.729466579884595,0.5547743252317507,1.802534750652459,2.642724094202684,3.374195200544971,0.6925779582065359,1.4438807763815475,2.184479713824203,2.638025511669639,6.579555121238271,0.16569459015072413,0.326169237027423,1.4086196389061496,43.45411963014641,0.2441053584196592,0.26650204509032915,0.3801573110468561,10.943449198864187,0.3991082851783573,0.3608153964797952,0.8958584399733412
I03,down,0.9236201264492592,1.082696198754756,1.6301589289972673,2.606537269637214,0.9244154841775329,1.0817646579013287,1.6309445854633626,2.5960819061923,0.816689782108008,1.2244551381784632,1.7984844529273492,2.0859753559864425,1.188210866587844,0.8416501907467078,1.682992734480151,2.6335596157764076,0.5136668716980393,1.9467870230647328,2.546606974832385,2.5764479288962825,0.6208134022146614,1.6107899675371788,2.312250477201351,2.7673049286002604,0.40259236649670854,2.4839020389329107,2.7175201874347295,2.828379499319226,0.39752146020466916,2.515587459064818,2.6126377735258757,2.641730866942453,0.5124871203092364,1.9512685497278386,2.477230356540922,2.7272116355664147,0.5306707382762564,1.8844076521879376,2.4843422341565713,2.780540899203456,0.46931850671166847,2.1307491302795825,2.4256779085003473,2.7018333412884203,0.47529319558372257,2.1039644776985886,2.431931056835693,2.7763655384493218,0.5547743252317507,1.802534750652459,2.642724094202684,3.374195200544971,0.6925779582065359,1.4438807763815475,2.184479713824203,2.638025511669639,6.579555121238271,0.16569459015072413,0.326169237027423,1.4086196389061496,43.45411963014641,0.2441053584196592,0.26650204509032915,0.3801573110468561,9.572025801406348,0.3534909788921037,0.4134612197390114,1.0503672149794494
I04,right,1.2311516052963405,0.8831701873527358,1.388595241604409,2.4374605454725105,1.2321912555847698,0.8825937066395682,1.3882384737723616,2.433637624351256,1.555763531637141,0.5581914298146913,1.3531492581627491,2.4268051164615994,1.193434959324299,0.8089940893567236,1.7964366452964171,2.6583335903442578,0.5676022297493043,1.7617971663741967,2.524371269030927,2.5764478929494485,0.6778582972430625,1.475234579361394,2.269934894634987,2.758402518588318,0.6418716286613594,1.5579439179848578,2.387922254275054,2.8111378767684982,0.5927645666471204,1.6870104190882103,2.4299455756856787,2.6378513072195346,0.5490966516841671,1.821173006487729,2.393236990584723,2.696373036261838,0.5821366079861331,1.7178098512983755,2.37940094718798,2.756148550515709,0.7611256571960044,1.3138435034288705,2.1289770804924046,2.707008161255544,0.6970718818501225,1.4345722816216107,2.109776449627197,2.7075063747842045,0.557647215958388,1.7932484398426922,2.5183733335755143,3.279686064122288,0.8755904314485736,1.1420864871097365,1.9568551159670733,2.608032874900573,5.35760331360642,0.18710050811793316,0.3857978908822847,1.5359013814005635,30.862931524381686,0.2600386174163429,0.33023449053468024,0.4379958832916838,11.875567385031468,0.3345091462231522,0.3234805823343272,0.801605448730696
I04,left,1.2311516052963405,0.8831701873527358,1.388595241604409,2.4374605454725105,1.2321912555847698,0.8825937066395682,1.3882384737723616,2.433637624351256,1.555763531637141,0.5581914298146913,1.3531492581627491,2.4268051164615994,1.193434959324299,0.8089940893567236,1.7964366452964171,2.6583335903442578,0.5673080164862935,1.7627108571348042,2.5244579336527098,2.5764478893274667,0.6781925649023025,1.474507465507316,2.2689768140520967,2.756821030953807,0.6418716286613594,1.5579439179848578,2.387922254275054,2.8111378767684982,0.5927645666471204,1.6870104190882103,2.4299455756856787,2.6378513072195346,0.5490966516841671,1.821173006487729,2.393236990584723,2.696373036261838,0.5821366079861331,1.7178098512983755,2.37940094718798,2.756148550515709,0.7611256571960044,1.3138435034288705,2.1289770804924046,2.707008161255544,0.7146535087878985,1.3992794937732396,2.0908741818531826,2.7179084977335575,0.557647215958388,1.7932484398426922,2.5183733335755143,3.279686064122288,0.8755904314485736,1.1420864871097365,1.9568551159670733,2.608032874900573,5.35760331360642,0.18710050811793316,0.3857978908822847,1.5359013814005635,30.862931524381686,0.2600386174163429,0.33023449053468024,0.4379958832916838,12.497699081365328,0.29118145098064396,0.3158294142617949,0.8327181191531049
I04,up,1.5463906999348065,0.7110279963454023,1.239902304947428,2.2692006338603337,1.5472010378653693,0.7110515725103603,1.2390995978153327,2.2690786894193686,0.8069828198566588,1.2391837538469854,1.9629058495174583,2.3747596097302095,1.2356375737901006,0.784608129189992,1.698689306251648,2.6428373090427044,0.5912155875102288,1.6914303701146896,2.501024364342232,2.5764471113737004,0.7149901684178034,1.3986206302848792,2.1924904587533196,2.7294980389702435,0.4390728787093841,2.277526234231118,2.6634867711841252,2.813517636075858,0.42184716331190614,2.370526785457173,2.590679211424117,2.6376740577246665,0.6172972714621042,1.6199650415292495,2.2873009595468248,2.6811414278194694,0.6572753533581599,1.5214323721265173,2.247359548436312,2.7391679067413266,0.5412697636411703,1.8475075963469862,2.326139531849094,2.6686695606508692,0.5316049132650286,1.881096233400416,2.3195899191773757,2.655887878706297,0.7419414402804603,1.3478152664204757,2.2663313407119574,3.2081713194824317,0.9073123524340774,1.1021562721120972,1.7936560005573483,2.594705273803811,6.777677300821397,0.17295888381907804,0.3380986602434986,1.3150419457556004,31.379296006403962,0.23782755532597027,0.25706771963466585,0.38593172073127446,9.498097593087747,0.33397691334932633,0.37766391048477044,1.085126405067661
I04,down,1.5463906999348065,0.7110279963454023,1.239902304947428,2.2692006338603337,1.5472010378653693,0.7110515725103603,1.2390995978153327,2.2690786894193686,0.8069828198566588,1.2391837538469854,1.9629058495174583,2.3747596097302095,1.2356375737901006,0.784608129189992,1.698689306251648,2.6428373090427044,0.5912773568389682,1.6912536704366739,2.5009758606418053,2.576447095637466,0.7137587114748012,1.4010336881685883,2.194581145458584,2.729809091855097,0.4390728787093841,2.277526234231118,2.6634867711841252,2.813517636075858,0.42184716331190614,2.370526785457173,2.590679211424117,2.6376740577246665,0.6172972714621042,1.6199650415292495,2.2873009595468248,2.6811414278194694,0.6572753533581599,1.5214323721265173,2.247359548436312,2.7391679067413266,0.5412697636411703,1.8475075963469862,2.326139531849094,2.6686695606508692,0.5280763039297214,1.8936657308014417,2.330741812765968,2.668094625531014,0.7419414402804603,1.3478152664204757,2.2663313407119574,3.2081713194824317,0.9073123524340774,1.1021562721120972,1.7936560005573483,2.594705273803811,6.777677300821397,0.17295888381907804,0.3380986602434986,1.3150419457556004,31.379296006403962,0.23782755532597027,0.25706771963466585,0.38593172073127446,11.09448710680955,0.29256866971416096,0.33757374455251254,0.8264436907517078
I05,right,0.40859456062509475,2.447413882529749,3.076869664381131,3.4427350222505906,0.4092840281628171,2.4432910428700882,3.021515738959312,3.293734034269122,1.0320448038298573,0.9594799753916856,2.2239603205813916,3.095013998732499,0.7318957831068053,1.3663147446418207,2.4901325252620667,2.6795335507230336,0.45577112695131844,2.1940836987394583,2.574776690427962,2.576447961199091,0.488630662583326,2.0465355053920105,2.600476141911778,2.822249476143065,0.42029049007672226,2.3793067499991594,2.772179171301559,2.840801001838827,0.41781869299408386,2.3933826244920056,2.6226043456999832,2.6421152139625974,0.4118455039130694,2.4280949785749653,2.675676674803498,2.7384097548906605,0.40692940490226853,2.4574287037334352,2.725340819156213,2.789558231768642,0.44244325164265363,2.260176861749642,2.675000771921077,2.7373686024716335,0.4783107227281446,2.090691160541608,2.5703977485303673,2.841879004320469,0.439731187380743,2.274116616464017,2.920290589363699,3.3801351051859605,0.6281189847315205,1.592055047384747,2.232463488420535,2.6242122897365334,3.9088666232296516,0.2243047466181835,0.5103720044931443,1.9815300062699663,22.74268071494262,0.2532863042569073,0.30794078276605175,0.5897351453942505,10.77385987846069,0.41674978735114754,0.32331504774397923,0.8943311917754003
I05,left,0.40859456062509475,2.447413882529749,3.076869664381131,3.4427350222505906,0.4092840281628171,2.4432910428700882,3.021515738959312,3.293734034269122,1.0320448038298573,0.9594799753916856,2.2239603205813916,3.095013998732499,0.7318957831068053,1.3663147446418207,2.4901325252620667,2.6795335507230336,0.45583843720513706,2.1937597148043455,2.5747579737628987,2.5764479611947504,0.4886522081674748,2.0464452698375446,2.6004181841428387,2.822211899983152,0.42029049007672226,2.3793067499991594,2.772179171301559,2.840801001838827,0.41781869299408386,2.3933826244920056,2.6226043456999832,2.6421152139625974,0.4118455039130694,2.4280949785749653,2.675676674803498,2.7384097548906605,0.40692940490226853,2.4574287037334352,2.725340819156213,2.789558231768642,0.44244325164265363,2.260176861749642,2.675000771921077,2.7373686024716335,0.4777440428173636,2.0931710505541337,2.577229853945245,2.8431952525952973,0.439731187380743,2.274116616464017,2.920290589363699,3.3801351051859605,0.6281189847315205,1.592055047384747,2.232463488420535,2.6242122897365334,3.9088666232296516,0.2243047466181835,0.5103720044931443,1.9815300062699663,22.74268071494262,0.2532863042569073,0.30794078276605175,0.5897351453942505,12.00341832221579,0.43172395143143427,0.36522894262212524,0.9884822474351859
I05,up,0.40399582816384194,2.4752730852320743,3.1188263047275173,3.4638525902755815,0.4048164594748746,2.4702552887725804,3.0565325107026786,3.30572241310622,0.5489652354829482,1.821608975148048,2.8503460454678518,3.090153609653396,0.7169998918279158,1.3947003498851376,2.5183843374716544,2.6795950396452533,0.4483449920590308,2.2304252700749165,2.5758260971034224,2.5764479619023737,0.4693471534477122,2.1306190794047404,2.649610326799174,2.8324660902468324,0.35947123507772955,2.7818637554789802,2.8360627692295566,2.842330771534307,0.3814298753178536,2.621713884279984,2.640995249937191,2.6422948845071232,0.4042249217153569,2.4738702298622006,2.684457657148719,2.7398665623923475,0.39879203959890047,2.5075726210728435,2.736045704810837,2.790602732124923,0.37503067905528625,2.666448522342307,2.730310433562863,2.7377463761154104,0.39131630578193743,2.5554774621562895,2.754043925349827,2.871384450132408,0.4211129925559242,2.374659575166632,2.997235547054828,3.410934564035827,0.618509336771821,1.6167904679002731,2.2809315895492546,2.62658005474168,3.554843303924578,0.22823096224452905,0.5376144317279632,2.182081880857772,16.09057455753851,0.2542148766883889,0.3115797758535166,0.6955960247767852,10.465820154920483,0.5643147483160266,0.5087351327086683,0.9502100529077792
I05,down,0.40399582816384194,2.4752730852320743,3.1188263047275173,3.4638525902755815,0.4048164594748746,2.4702552887725804,3.0565325107026786,3.30572241310622,0.5489652354829482,1.821608975148048,2.8503460454678518,3.090153609653396,0.7169998918279158,1.3947003498851376,2.5183843374716544,2.6795950396452533,0.448346007784304,2.2304202170594385,2.575828669236241,2.5764479619073306,0.4693711758322687,2.1305100344665244,2.649515094748117,2.83239410610876,0.35947123507772955,2.7818637554789802,2.8360627692295566,2.842330771534307,0.3814298753178536,2.621713884279984,2.640995249937191,2.6422948845071232,0.4042249217153569,2.4738702298622006,2.684457657148719,2.7398665623923475,0.39879203959890047,2.5075726210728435,2.736045704810837,2.790602732124923,0.37503067905528625,2.666448522342307,2.730310433562863,2.7377463761154104,0.39040314168955303,2.56145479688582,2.7725136802770702,2.8829041396823327,0.4211129925559242,2.374659575166632,2.997235547054828,3.410934564035827,0.618509336771821,1.6167904679002731,2.2809315895492546,2.62658005474168,3.554843303924578,0.22823096224452905,0.5376144317279632,2.182081880857772,16.09057455753851,0.2542148766883889,0.3115797758535166,0.6955960247767852,12.466214404092423,0.5147752653762477,0.5073404254094068,0.7747371500906913
I06,right,0.5648335547485742,1.7704330622587259,2.383211603149598,2.9188182791344834,0.5643733205688471,1.771876811951481,2.3808524736939867,2.884366093463779,1.3023508497397054,0.7125140527154299,1.6633496383672233,2.7041623988811674,0.9647796881174837,1.036506066945957,2.1195688722811035,2.669046539089088,0.5511524882631352,1.8143799062784467,2.532337635171805,2.576447084274978,0.5541343016999193,1.8046166731283326,2.4516089654366477,2.7746837378752573,0.5669504271819302,1.7638226413737357,2.429971073061097,2.8078830109691353,0.5004655682961433,1.9981394592330162,2.510434928039558,2.6378445828125905,0.4922803825578052,2.0313626856389644,2.462348586977543,2.7031690221989897,0.5045994811738057,1.9817697744630796,2.4862876935084692,2.757300784525997,0.6883585862693155,1.4527312071745655,2.187056055756784,2.694055082071827,0.6382129848827356,1.5668750459280278,2.178025307768468,2.6787545441883758,0.5608696237473514,1.7829455503735012,2.4762086053809362,3.1746007074517983,0.7181202474882601,1.3925244462855062,2.087106717919596,2.5870465090677044,7.067996631116182,0.1891323104828217,0.36167203315582946,1.2182394394909666,75.78272137608492,0.24961847742714421,0.28694095140764514,0.3527500922217889,14.528767119369421,0.43627634282258,0.37191847308116033,0.768008493619417
I06,left,0.5648335547485742,1.7704330622587259,2.383211603149598,2.9188182791344834,0.5643733205688471,1.771876811951481,2.3808524736939867,2.884366093463779,1.3023508497397054,0.7125140527154299,1.6633496383672233,2.7041623988811674,0.9647796881174837,1.036506066945957,2.1195688722811035,2.669046539089088,0.5511995821253975,1.8142248877331344,2.532305652342137,2.576447078433068,0.5534736990353021,1.806770586828223,2.4530286090558953,2.7753278326192166,0.5669504271819302,1.7638226413737357,2.429971073061097,2.8078830109691353,0.5004655682961433,1.9981394592330162,2.510434928039558,2.6378445828125905,0.4922803825578052,2.0313626856389644,2.462348586977543,2.7031690221989897,0.5045994811738057,1.9817697744630796,2.4862876935084692,2.757300784525997,0.6883585862693155,1.4527312071745655,2.187056055756784,2.694055082071827,0.6489486193593981,1.5409540450014951,2.161693879631148,2.6865969451524707,0.5608696237473514,1.7829455503735012,2.4762086053809362,3.1746007074517983,0.7181202474882601,1.3925244462855062,2.087106717919596,2.5870465090677044,7.067996631116182,0.1891323104828217,0.36167203315582946,1.2182394394909666,75.78272137608492,0.24961847742714421,0.28694095140764514,0.3527500922217889,14.637103201101956,0.39854389941037793,0.3421550310822221,0.6907516660604586
I06,up,0.4222468891340877,2.368282693688342,2.8346354600915165,3.1648970200171336,0.42260470555334667,2.366277485459203,2.8085596676874736,3.0941678846611054,0.399104271603754,2.505610867008806,3.0059909694117346,2.963351005057673,0.48869885596117074,2.0462499304059234,2.6456302641246303,2.6793239356573713,0.4006531248042905,2.495924624295583,2.57639117335175,2.576447960062101,0.4001197039272569,2.49925207427876,2.734522485391158,2.8288807941705167,0.358222708040494,2.791559489542351,2.827612826628183,2.8399113213929468,0.3817710913169623,2.6193706719657257,2.634524667490382,2.6421155407678043,0.39329443350882287,2.542624341459353,2.6788640763105946,2.7310271153775463,0.3878530457059603,2.578296112590338,2.7276614198382783,2.7850922947637935,0.3891371375355318,2.5697881377582235,2.672681484750683,2.7341343219582086,0.3845534146662875,2.6004189843634395,2.6935013385254463,2.7791320295006803,0.40880016496444826,2.4461829659167726,2.9469804495472367,3.334746819968874,0.526233984471375,1.9002953619663003,2.4070339126253657,2.637738781999815,4.240400557885071,0.3176541659741911,0.5856304468032869,1.6732284386143441,28.966648545780107,0.33712102208254624,0.33971111496209433,0.4841859680334661,10.558951708784374,0.6940049161885921,0.39926873849108147,0.8975924054802581
I06,down,0.4222468891340877,2.368282693688342,2.8346354600915165,3.1648970200171336,0.42260470555334667,2.366277485459203,2.8085596676874736,3.0941678846611054,0.399104271603754,2.505610867008806,3.0059909694117346,2.963351005057673,0.48869885596117074,2.0462499304059234,2.6456302641246303,2.6793239356573713,0.4006612356159473,2.495874097883897,2.5763910712215097,2.576447960046961,0.3997906558319798,2.501309086174016,2.7357747585426018,2.8301418828341594,0.358222708040494,2.791559489542351,2.827612826628183,2.8399113213929468,0.3817710913169623,2.6193706719657257,2.634524667490382,2.6421155407678043,0.39329443350882287,2.542624341459353,2.6788640763105946,2.7310271153775463,0.3878530457059603,2.578296112590338,2.7276614198382783,2.7850922947637935,0.3891371375355318,2.5697881377582235,2.672681484750683,2.7341343219582086,0.3840399798118647,2.6038955644406725,2.6977811669953384,2.8118819457200135,0.40880016496444826,2.4461829659167726,2.9469804495472367,3.334746819968874,0.526233984471375,1.9002953619663003,2.4070339126253657,2.637738781999815,4.240400557885071,0.3176541659741911,0.5856304468032869,1.6732284386143441,28.966648545780107,0.33712102208254624,0.33971111496209433,0.4841859680334661,8.533956664657458,0.7153974978272554,0.5553662310214252,1.1875962168344891
I07,right,0.8430101008672212,1.1862254069924907,1.9228431804143593,2.969316260264308,0.8436424827176111,1.1853362300802077,1.9247122543534312,2.9289895316166845,1.7442520978989453,0.4492092384806927,1.1892686391517993,2.5946407375216127,1.3192169014415485,0.6834896458389155,1.6750109366344796,2.672211860580317,0.5920078505622086,1.6891667890051387,2.5157814927041464,2.5764477315289023,1.2024619333639184,0.8437611426024647,1.6154561215133953,2.5944300138828544,0.5359271076311929,1.865925395003842,2.6021308205031346,2.8369603608309717,0.4962604638091247,2.0150708608224477,2.5438570328569767,2.6416699781664192,0.4841887899117153,2.065310103900454,2.5831626830779766,2.7409550375791736,0.4992061806402507,2.0031803266487254,2.6098848314743197,2.790726678579743,0.6538748087696676,1.5293447409017062,2.3557257872971604,2.7333216327792798,0.6252344835497556,1.5993999472366287,2.3469036135367602,2.824606065876541,0.5785977829526616,1.7283163355671132,2.62774355208888,3.344155008805636,0.6422422641440415,1.557044834682074,2.2267091101600727,2.6356171942304627,5.851635685170964,0.1422169045257699,0.3138953494687417,1.5568955199358998,31.464973821286613,0.24484723062867944,0.2802604664420755,0.49422813165259344,9.38247815219569,0.3410894211832717,0.3435457030034742,1.0464672101351304
I07,left,0.8430101008672212,1.1862254069924907,1.9228431804143593,2.969316260264308,0.8436424827176111,1.1853362300802077,1.9247122543534312,2.9289895316166845,1.7442520978989453,0.4492092384806927,1.1892686391517993,2.5946407375216127,1.3192169014415485,0.6834896458389155,1.6750109366344796,2.672211860580317,0.592004496000911,1.6891763605769325,2.515755218892541,2.576447733589286,1.2029107602891884,0.8434540002368904,1.6149557162622021,2.594036032512903,0.5359271076311929,1.865925395003842,2.6021308205031346,2.8369603608309717,0.4962604638091247,2.0150708608224477,2.5438570328569767,2.6416699781664192,0.4841887899117153,2.065310103900454,2.5831626830779766,2.7409550375791736,0.4992061806402507,2.0031803266487254,2.6098848314743197,2.790726678579743,0.6538748087696676,1.5293447409017062,2.3557257872971604,2.7333216327792798,0.6235438121003771,1.6037365468058267,2.307595608498273,2.8123883647097996,0.5785977829526616,1.7283163355671132,2.62774355208888,3.344155008805636,0.6422422641440415,1.557044834682074,2.2267091101600727,2.6356171942304627,5.851635685170964,0.1422169045257699,0.3138953494687417,1.5568955199358998,31.464973821286613,0.24484723062867944,0.2802604664420755,0.49422813165259344,11.220592369326102,0.37881840673000955,0.37712582231003433,0.9468504824333536
I07,up,0.6661863701823313,1.501081446211975,2.356152025729945,3.005493414722097,0.6661250637537849,1.5012195973602083,2.354420698608427,2.9605183140083002,0.8532163987218832,1.1720356072597742,2.253585980829812,2.5810595431836543,0.8486747767485969,1.1783076714394096,2.4247362742667375,2.676596177463847,0.46049554335098286,2.171573676312031,2.574107197154878,2.5764479405880687,0.5945026097154895,1.6820784024456494,2.4785732368963176,2.679509409998206,0.3720929639854083,2.687500428089834,2.816664811541159,2.835760864709755,0.3892210791974573,2.5692339224327725,2.634339521967945,2.641894351593237,0.3894338708626737,2.5678300600428012,2.7012954009149497,2.741616288037052,0.3869219049913705,2.584500869813258,2.7497399572257324,2.791457152536223,0.40349992192185336,2.478315225532242,2.6829828944451037,2.7315664685638694,0.41366101855090814,2.4174383254750236,2.689045851458274,2.814937537764729,0.4982547286353897,2.0070055385902315,2.797736250484256,3.359674715619665,0.5425464067305334,1.843160304067169,2.431928247657652,2.632479431828642,4.67323614651702,0.17388693571790953,0.40234644734902686,1.6384246213128828,25.485160800116017,0.25986291883754264,0.2971073337694569,0.5291361086710641,9.332538757809562,0.47131017710192713,0.5394571238618074,1.0373638152817612
I07,down,0.6661863701823313,1.501081446211975,2.356152025729945,3.005493414722097,0.6661250637537849,1.5012195973602083,2.354420698608427,2.9605183140083002,0.8532163987218832,1.1720356072597742,2.253585980829812,2.5810595431836543,0.8486747767485969,1.1783076714394096,2.4247362742667375,2.676596177463847,0.46041266674577747,2.1719645705407196,2.574122460087839,2.576447941777258,0.5959493871151261,1.6779948459059644,2.475041852200889,2.6738934437407216,0.3720929639854083,2.687500428089834,2.816664811541159,2.835760864709755,0.3892210791974573,2.5692339224327725,2.634339521967945,2.641894351593237,0.3894338708626737,2.5678300600428012,2.7012954009149497,2.741616288037052,0.3869219049913705,2.584500869813258,2.7497399572257324,2.791457152536223,0.40349992192185336,2.478315225532242,2.6829828944451037,2.7315664685638694,0.41529893222582714,2.40790409606984,2.6911756783039955,2.8089233746815085,0.4982547286353897,2.0070055385902315,2.797736250484256,3.359674715619665,0.5425464067305334,1.843160304067169,2.431928247657652,2.632479431828642,4.67323614651702,0.17388693571790953,0.40234644734902686,1.6384246213128828,25.485160800116017,0.25986291883754264,0.2971073337694569,0.5291361086710641,12.235094439686575,0.35928235261382,0.31964616779325505,0.7515554142785733
I08,right,0.3525462531574213,2.836507241373158,3.250545266513563,3.477131639502283,0.3558386228854282,2.8102626743864643,3.1614749385395178,3.312842203411194,0.8625626324025705,1.1593361020226594,2.3205607243009334,3.00141738995761,0.6223572599451127,1.6067941427857573,2.5402065193425205,2.6792280996578643,0.42646409810854147,2.344863270871362,2.575531433509508,2.576447961751141,0.4480104713934222,2.232090685045274,2.625227928528176,2.8143654785705885,0.4011192427614008,2.4930242516309136,2.77687515333173,2.840676632822124,0.40070030680904833,2.495630732013751,2.62630066004499,2.642117601659038,0.3863442315593118,2.5883652926923006,2.704403015049255,2.7434471867140355,0.3794622640027195,2.6353081580539808,2.757374361594673,2.794161141362971,0.4283045957504767,2.334786994867045,2.6707238497147046,2.7372727930282963,0.4339028150717524,2.304663545072034,2.64492858869385,2.856854517332358,0.4087926785038704,2.446227764303103,3.0050659638130988,3.4147772219418293,0.5161797096719676,1.937309780416399,2.4450295234164514,2.636308452145613,4.201728810697884,0.2730350174260288,0.5365020157397309,1.8119854433755693,18.620930973511975,0.32819469561161196,0.36071371004632446,0.6659372056470203,12.10102294000575,0.5340555512658692,0.3115080603747826,0.750020041477124
I08,left,0.3525462531574213,2.836507241373158,3.250545266513563,3.477131639502283,0.3558386228854282,2.8102626743864643,3.1614749385395178,3.312842203411194,0.8625626324025705,1.1593361020226594,2.3205607243009334,3.00141738995761,0.6223572599451127,1.6067941427857573,2.5402065193425205,2.6792280996578643,0.42648923270374073,2.344725079365946,2.575526519804251,2.57644796176968,0.44809077080375614,2.2316906867023056,2.6249989023202587,2.814195573153049,0.4011192427614008,2.4930242516309136,2.77687515333173,2.840676632822124,0.40070030680904833,2.495630732013751,2.62630066004499,2.642117601659038,0.3863442315593118,2.5883652926923006,2.704403015049255,2.7434471867140355,0.3794622640027195,2.6353081580539808,2.757374361594673,2.794161141362971,0.4283045957504767,2.334786994867045,2.6707238497147046,2.7372727930282963,0.43113477291857216,2.3194603238112474,2.652886655183418,2.846943704195135,0.4087926785038704,2.446227764303103,3.0050659638130988,3.4147772219418293,0.5161797096719676,1.937309780416399,2.4450295234164514,2.636308452145613,4.201728810697884,0.2730350174260288,0.5365020157397309,1.8119854433755693,18.620930973511975,0.32819469561161196,0.36071371004632446,0.6659372056470203,14.175836701833813,0.5622776919785303,0.383456900098447,0.6312327184354222
I08,up,0.415384725506019,2.4074067691868217,2.9536899059044908,3.390671627662816,0.41589907817969773,2.4044294697088255,2.915254657218791,3.2614170265978175,0.4943183216271389,2.022987933581579,2.7183349098219383,2.9191331624104038,0.6660790233773103,1.5013233638999246,2.421069075229598,2.6746900398396534,0.4610223382115705,2.1690922914478907,2.5665944590279866,2.5764475796376063,0.5144086278452671,1.9439798360085003,2.4253756984670902,2.752781087624933,0.37732729984785784,2.6502190549244915,2.794756119525573,2.8401668636233808,0.3857472566898687,2.5923709959238295,2.6336983847495503,2.6422205232942133,0.41251324362311526,2.424164594612702,2.645609134798859,2.739372535399886,0.40782887229004483,2.4520088398469433,2.6915709080784396,2.7905961632532366,0.3952387971121358,2.530115988882244,2.658489307532818,2.7363650234833585,0.39638679733458676,2.522788364103632,2.6748710872440933,2.841737459633098,0.4808339447023462,2.079720059321179,2.758400666603812,3.359919930171266,0.567728322159599,1.7614058713788836,2.3365419456488326,2.639328424991163,4.831562876637671,0.23883562411877451,0.4629562979541369,1.7060298716654947,21.04714251262088,0.2786231961890581,0.3180531895557575,0.5792360565926622,9.981966384174028,0.5502504827666493,0.49466538479571864,1.002772244992372
I08,down,0.415384725506019,2.4074067691868217,2.9536899059044908,3.390671627662816,0.41589907817969773,2.4044294697088255,2.915254657218791,3.2614170265978175,0.4943183216271389,2.022987933581579,2.7183349098219383,2.9191331624104038,0.6660790233773103,1.5013233638999246,2.421069075229598,2.6746900398396534,0.4610871687189395,2.168787309302811,2.5666046435536103,2.576447579733733,0.5140588175104307,1.9453026889859915,2.4263406940247654,2.7534446306531994,0.37732729984785784,2.6502190549244915,2.794756119525573,2.8401668636233808,0.3857472566898687,2.5923709959238295,2.6336983847495503,2.6422205232942133,0.41251324362311526,2.424164594612702,2.645609134798859,2.739372535399886,0.40782887229004483,2.4520088398469433,2.6915709080784396,2.7905961632532366,0.3952387971121358,2.530115988882244,2.658489307532818,2.7363650234833585,0.397610303160805,2.515025370445623,2.6672322981333085,2.838518952865672,0.4808339447023462,2.079720059321179,2.758400666603812,3.359919930171266,0.567728322159599,1.7614058713788836,2.3365419456488326,2.639328424991163,4.831562876637671,0.23883562411877451,0.4629562979541369,1.7060298716654947,21.04714251262088,0.2786231961890581,0.3180531895557575,0.5792360565926622,12.103969137151985,0.4350559185405626,0.4003726699009805,0.8480469164213259
I09,right,0.5914630204240687,1.6907227763504427,2.420585300234957,3.0739160133323944,0.5910833455644648,1.6918087905945538,2.4172477968115076,3.0190261559225235,1.4987381299847562,0.5825654205619681,1.4195469031103158,2.4562973613428642,1.0579535761166126,0.9395973302633478,1.9818569073964598,2.6671318828832256,0.5025809047855354,1.9897293957611195,2.5603605447554854,2.576447927419534,0.5451426457949846,1.8343822625391826,2.444744297647058,2.7750539108832064,0.47512691820883207,2.1047007897802814,2.660147700332118,2.8373977064397877,0.45030830072687394,2.2207007918482304,2.581075710698542,2.6418712315843322,0.42692403828702613,2.3423370677658775,2.63194608426937,2.74285099284073,0.4281122688572616,2.3358358840526794,2.680019517975447,2.7920438363358215,0.5951579018093407,1.6802263684307945,2.362748340892722,2.732288826005515,0.5194776165129302,1.9250107573693873,2.4704359281040866,2.8448172190669627,0.43945833849519783,2.275528559599575,2.8838800750949254,3.3968137532902674,0.555477484496644,1.8002529857824356,2.4229212309694503,2.6402003815969692,4.595918995210214,0.21036758462248512,0.43660971202268156,1.6470251047768427,39.24317818731896,0.2665922659243938,0.31723688810958356,0.4549134607979207,13.322390864829408,0.34885732616131815,0.3165829951657857,0.7154058806699611
I09,left,0.5914630204240687,1.6907227763504427,2.420585300234957,3.0739160133323944,0.5910833455644648,1.6918087905945538,2.4172477968115076,3.0190261559225235,1.4987381299847562,0.5825654205619681,1.4195469031103158,2.4562973613428642,1.0579535761166126,0.9395973302633478,1.9818569073964598,2.6671318828832256,0.5025491355074326,1.989855179017038,2.560353117042917,2.576447926224981,0.5451721320426431,1.8342830479122516,2.4452790114611402,2.775406395604328,0.47512691820883207,2.1047007897802814,2.660147700332118,2.8373977064397877,0.45030830072687394,2.2207007918482304,2.581075710698542,2.6418712315843322,0.42692403828702613,2.3423370677658775,2.63194608426937,2.74285099284073,0.4281122688572616,2.3358358840526794,2.680019517975447,2.7920438363358215,0.5951579018093407,1.6802263684307945,2.362748340892722,2.732288826005515,0.5624089345222243,1.7780656362607692,2.3997732194201244,2.828152305845119,0.43945833849519783,2.275528559599575,2.8838800750949254,3.3968137532902674,0.555477484496644,1.8002529857824356,2.4229212309694503,2.6402003815969692,4.595918995210214,0.21036758462248512,0.43660971202268156,1.6470251047768427,39.24317818731896,0.2665922659243938,0.31723688810958356,0.4549134607979207,12.887366535380481,0.45392033228987094,0.37528503285166737,0.7536079453695083
I09,up,0.7259875818039588,1.3774340292642,2.0543332455381007,2.9827795658183254,0.7261984710305545,1.3770340201637872,2.0560826087593007,2.940767907079165,0.7579070894629287,1.3194229397017834,2.03400383269706,2.426986508326914,1.12704258252649,0.876279118278918,1.8501327605825502,2.6606550357461805,0.5229848326055729,1.912101341482277,2.547117572478517,2.5764477480013888,0.6055470371878066,1.6513993770724311,2.31402702065635,2.757075246815635,0.3858844082046159,2.591449612210681,2.7817933917021946,2.837042627353185,0.3939532667517708,2.5383721481616703,2.627417178324663,2.642059306151509,0.45563294678437777,2.1947491002516037,2.5935226910785647,2.7354392428489462,0.4634015124841821,2.157955839719307,2.6224640969845714,2.7881045208977886,0.5089168351265889,1.9649575942034971,2.4478318853884957,2.7207336927504002,0.4551475328619555,2.197089795724096,2.5402859182007873,2.7970903080834,0.5197192117574256,1.9241159021589933,2.7307793463902676,3.3612033290082586,0.6071718731541192,1.6469801125754202,2.3146101480126617,2.635476057578444,5.235041343734869,0.19714667794396618,0.39937455980075626,1.5928370035252,28.62544978456473,0.252822956723881,0.26328966418927824,0.43730457584470217,8.84844813752984,0.4700016951396505,0.47844726750971145,1.1098804644174143
I09,down,0.7259875818039588,1.3774340292642,2.0543332455381007,2.9827795658183254,0.7261984710305545,1.3770340201637872,2.0560826087593007,2.940767907079165,0.7579070894629287,1.3194229397017834,2.03400383269706,2.426986508326914,1.12704258252649,0.876279118278918,1.8501327605825502,2.6606550357461805,0.522750178017352,1.9129596546341228,2.547374611734961,2.5764477639173684,0.6034369902878504,1.6571738492911776,2.3187343191991983,2.758873377666508,0.3858844082046159,2.591449612210681,2.7817933917021946,2.837042627353185,0.3939532667517708,2.5383721481616703,2.627417178324663,2.642059306151509,0.45563294678437777,2.1947491002516037,2.5935226910785647,2.7354392428489462,0.4634015124841821,2.157955839719307,2.6224640969845714,2.7881045208977886,0.5089168351265889,1.9649575942034971,2.4478318853884957,2.7207336927504002,0.4570630895933523,2.187881766803128,2.5298111330855435,2.7983184771311387,0.5197192117574256,1.9241159021589933,2.7307793463902676,3.3612033290082586,0.6071718731541192,1.6469801125754202,2.3146101480126617,2.635476057578444,5.235041343734869,0.19714667794396618,0.39937455980075626,1.5928370035252,28.62544978456473,0.252822956723881,0.26328966418927824,0.43730457584470217,12.574038360838378,0.41931691244279723,0.27498910714617475,0.7860212355167603
I10,right,0.6983064776015878,1.43203597857865,2.0854451410766535,2.722867989558128,0.6983936388610431,1.4318572569343897,2.0870716716835918,2.705582647521896,1.4505051981091397,0.6169996460065796,1.4671571039026245,2.4393696171471406,1.0827085869781945,0.9165043741199792,1.9260201805263168,2.6558319495442193,0.5381354278237644,1.858268287676263,2.540014531340839,2.576447478082155,0.6230094539343523,1.6051120792548552,2.3261424447075427,2.762697110723852,0.5071244077030582,1.9719027221137821,2.5919868458518067,2.8290582400370567,0.47887183464196875,2.088241420061081,2.5385027484466036,2.6399132716771874,0.4725554789286409,2.1161536466938453,2.5362177952372478,2.7185564046963644,0.4920694392056041,2.0322335026828693,2.5427583755694316,2.7702777616432055,0.5787306901559099,1.7279194226430263,2.4328310584123756,2.725801326276269,0.5778598262538257,1.7305234843592479,2.3206296435717086,2.7391680941636465,0.47619452108100685,2.099982162184279,2.689856656686075,3.2647743357494363,0.7191523441282639,1.390525954847817,2.137176353972336,2.6162107918012225,4.490372234663939,0.202061002161175,0.44058774892286806,1.6443944674876565,51.05837657226457,0.2731994988325486,0.336227488766939,0.47684745042564264,13.912782773829434,0.36903813553662,0.3472110458708838,0.7908814224405788
I10,left,0.6983064776015878,1.43203597857865,2.0854451410766535,2.722867989558128,0.6983936388610431,1.4318572569343897,2.0870716716835918,2.705582647521896,1.4505051981091397,0.6169996460065796,1.4671571039026245,2.4393696171471406,1.0827085869781945,0.9165043741199792,1.9260201805263168,2.6558319495442193,0.5380037239834338,1.858723193579218,2.5401645006410583,2.5764474743822126,0.6233792345602489,1.6041599472036168,2.3260786920805345,2.7632797419511674,0.5071244077030582,1.9719027221137821,2.5919868458518067,2.8290582400370567,0.47887183464196875,2.088241420061081,2.5385027484466036,2.6399132716771874,0.4725554789286409,2.1161536466938453,2.5362177952372478,2.7185564046963644,0.4920694392056041,2.0322335026828693,2.5427583755694316,2.7702777616432055,0.5787306901559099,1.7279194226430263,2.4328310584123756,2.725801326276269,0.6174409085175306,1.6195881843996858,2.2569602570159164,2.734751021170119,0.47619452108100685,2.099982162184279,2.689856656686075,3.2647743357494363,0.7191523441282639,1.390525954847817,2.137176353972336,2.6162107918012225,4.490372234663939,0.202061002161175,0.44058774892286806,1.6443944674876565,51.05837657226457,0.2731994988325486,0.336227488766939,0.47684745042564264,12.231847579304315,0.4300374094111745,0.4377890503811399,0.8773367253410423
I10,up,0.7219287000990529,1.385178342214119,2.0882274583779834,2.9681756972344298,0.7221217394268651,1.3848080529935047,2.089841129851906,2.9279893275832,0.7047848645034739,1.4188726948676846,2.2877384429896503,2.6431226853117353,0.9800021089689148,1.020405967342382,2.1004603529730383,2.6704078615887648,0.4872179491219483,2.0524695401763715,2.565793366337819,2.576447955028782,0.5400977883325103,1.8515165616348563,2.486208404225743,2.798314374822291,0.375572556915829,2.662601357809308,2.8059611001458507,2.839574195436171,0.38854971357228213,2.5736732394063893,2.6325766803141732,2.642154406798113,0.44035079249231773,2.2709167714679332,2.6174538001768526,2.731873095714406,0.4460940169194159,2.241679919640446,2.652988115016867,2.7844972364472254,0.41528546404653854,2.407982187134621,2.648083979610419,2.7342012030117075,0.4375713247436272,2.2853417110591043,2.5706542156365866,2.780040887199674,0.4859255809605257,2.0579282902194755,2.7893220649357957,3.3484175800503415,0.6756007587871402,1.4801641161493535,2.1630677262969584,2.6149414791359504,4.914475665318312,0.20849401455254607,0.43379402489899893,1.6260875459172925,25.97613834963341,0.2738986176804607,0.2947898343083335,0.5140413476235042,12.2859338207792,0.5239492498750972,0.4547756602020926,0.9190497380767447
I10,down,0.7219287000990529,1.385178342214119,2.0882274583779834,2.9681756972344298,0.7221217394268651,1.3848080529935047,2.089841129851906,2.9279893275832,0.7047848645034739,1.4188726948676846,2.2877384429896503,2.6431226853117353,0.9800021089689148,1.020405967342382,2.1004603529730383,2.6704078615887648,0.48720768012614174,2.052512800580427,2.565794604866457,2.5764479549842747,0.5393950722741425,1.8539286904937822,2.487675322365821,2.7985002773836367,0.375572556915829,2.662601357809308,2.8059611001458507,2.839574195436171,0.38854971357228213,2.5736732394063893,2.6325766803141732,2.642154406798113,0.44035079249231773,2.2709167714679332,2.6174538001768526,2.731873095714406,0.4460940169194159,2.241679919640446,2.652988115016867,2.7844972364472254,0.41528546404653854,2.407982187134621,2.648083979610419,2.7342012030117075,0.4354332629025493,2.2965631824590345,2.583384525841164,2.793421009162359,0.4859255809605257,2.0579282902194755,2.7893220649357957,3.3484175800503415,0.6756007587871402,1.4801641161493535,2.1630677262969584,2.6149414791359504,4.914475665318312,0.20849401455254607,0.43379402489899893,1.6260875459172925,25.97613834963341,0.2738986176804607,0.2947898343083335,0.5140413476235042,14.87143841055228,0.48059349409382357,0.4605631524581911,0.5235643036597301
I11,right,0.5380883257157641,1.8584309530778276,2.486014574369798,3.0770957372778645,0.5375836466932559,1.8601756324827305,2.4806297328002676,3.021706231414709,1.2006737418215054,0.7905281204178696,1.8343711149260935,2.7692209906218537,0.8635037297204832,1.15807258912906,2.2417250039695853,2.675992214608163,0.4792948635870357,2.0863983238126416,2.5656618245662814,2.5764479253418138,0.5358513143519579,1.8661893200903488,2.4745135550937083,2.768513595317869,0.46094108760401564,2.169474639802729,2.6827296221913457,2.8357532909774363,0.4341366671218465,2.3034221150441,2.595832996018544,2.641349737422047,0.4353841811737649,2.296822078615881,2.622755903951226,2.730583485163946,0.43762520359985274,2.285060347928134,2.659020390797762,2.784176196673222,0.5381336361768357,1.8582744745422133,2.4898361509326605,2.7303608602023814,0.5362223000649109,1.864898195914172,2.4310526179862575,2.783291352956183,0.47454526187088675,2.1072805490829616,2.780070045339393,3.310502435648992,0.5823792501715711,1.7170941439026137,2.286052633775398,2.623243263813265,4.531524676054691,0.23697140493248153,0.4751163912407708,1.7065125409465873,37.49618582017526,0.28620115392416345,0.320667371407805,0.5490043134892261,11.751687215504655,0.4562154025207822,0.32345327556112846,0.8671578994703765
I11,left,0.5380883257157641,1.8584309530778276,2.486014574369798,3.0770957372778645,0.5375836466932559,1.8601756324827305,2.4806297328002676,3.021706231414709,1.2006737418215054,0.7905281204178696,1.8343711149260935,2.7692209906218537,0.8635037297204832,1.15807258912906,2.2417250039695853,2.675992214608163,0.4792684566615812,2.086513281023448,2.565680369205234,2.576447924828483,0.5359921685990132,1.8656989011869698,2.474174572588504,2.7686014042242086,0.46094108760401564,2.169474639802729,2.6827296221913457,2.8357532909774363,0.4341366671218465,2.3034221150441,2.595832996018544,2.641349737422047,0.4353841811737649,2.296822078615881,2.622755903951226,2.730583485163946,0.43762520359985274,2.285060347928134,2.659020390797762,2.784176196673222,0.5381336361768357,1.8582744745422133,2.4898361509326605,2.7303608602023814,0.5389301976294297,1.8555278668715525,2.4076022035724596,2.774183676716065,0.47454526187088675,2.1072805490829616,2.780070045339393,3.310502435648992,0.5823792501715711,1.7170941439026137,2.286052633775398,2.623243263813265,4.531524676054691,0.23697140493248153,0.4751163912407708,1.7065125409465873,37.49618582017526,0.28620115392416345,0.320667371407805,0.5490043134892261,12.396224370032366,0.4198384813852378,0.39001366569147156,0.837990554145032
I11,up,0.503366317295298,1.9866247812790254,2.5606883711705146,3.1173090987776773,0.5028896178789438,1.9885079437864257,2.5523784717945723,3.0552781253308567,0.506543530846401,1.9741639940185705,2.680824636868869,2.860656298419669,0.6997064279471202,1.4291708065822917,2.4146154323462046,2.676821329718207,0.44121829568674764,2.266451798975198,2.5733935819646705,2.576447956403575,0.4777580985062564,2.09310946926189,2.5502420504945778,2.7795490892417796,0.3669419813608119,2.725226468477331,2.8143012989844465,2.839278323076769,0.38520972210556054,2.5959884774817965,2.6328601183175806,2.6419875248735707,0.4200699637965874,2.380555826848489,2.64010242079519,2.7304255433195403,0.4195674197194236,2.3834071784428064,2.6803750878728403,2.7840483804716687,0.39891191328772424,2.506819091358466,2.6538434837348177,2.733227557518603,0.40387997615641547,2.4759831114101036,2.6427342592791065,2.792074743792166,0.45859945386002504,2.180552095260939,2.8180237032469186,3.3228162330536293,0.5726634959218295,1.7462261993673565,2.3393727975974343,2.623452673417887,4.196174556089342,0.26518444714138817,0.5303481039604645,1.837025935320619,25.54033386435037,0.29882239624576024,0.3385396398255661,0.5539276861870802,12.582767808050026,0.5371739374008443,0.4281940349130813,0.7474627026589561
I11,down,0.503366317295298,1.9866247812790254,2.5606883711705146,3.1173090987776773,0.5028896178789438,1.9885079437864257,2.5523784717945723,3.0552781253308567,0.506543530846401,1.9741639940185705,2.680824636868869,2.860656298419669,0.6997064279471202,1.4291708065822917,2.4146154323462046,2.676821329718207,0.4411688068021549,2.266706042180486,2.5734212409372086,2.5764479565814984,0.47787101245760627,2.0926148980185606,2.550304050445233,2.78011265363074,0.3669419813608119,2.725226468477331,2.8143012989844465,2.839278323076769,0.38520972210556054,2.5959884774817965,2.6328601183175806,2.6419875248735707,0.4200699637965874,2.380555826848489,2.64010242079519,2.7304255433195403,0.4195674197194236,2.3834071784428064,2.6803750878728403,2.7840483804716687,0.39891191328772424,2.506819091358466,2.6538434837348177,2.733227557518603,0.40474626848193945,2.470683679804257,2.6408598316583927,2.804077069256089,0.45859945386002504,2.180552095260939,2.8180237032469186,3.3228162330536293,0.5726634959218295,1.7462261993673565,2.3393727975974343,2.623452673417887,4.196174556089342,0.26518444714138817,0.5303481039604645,1.837025935320619,25.54033386435037,0.29882239624576024,0.3385396398255661,0.5539276861870802,12.403627921349342,0.6259603756513362,0.45911790785304907,0.7314685933519202
I12,right,0.8146536053763492,1.2275155887121194,1.9018190208263173,2.8570499402294383,0.8152027651467086,1.2266886752034436,1.9036579983561457,2.828904050910331,1.6328040296121125,0.5202576211434327,1.2783791823329738,2.4429213993829775,1.2372198228872175,0.7681109429514903,1.7456391032298901,2.6617501008893196,0.574100806526059,1.7418543723202538,2.5202822415660036,2.576447735581266,0.627897083338668,1.592617686138592,2.3729626546441285,2.7682274753069986,0.5788576547107588,1.7275404270151284,2.4656800559023395,2.8191460228104006,0.4925613420181422,2.030203986173092,2.5407000629998038,2.6416004819870977,0.5340710483567186,1.8724100530760777,2.4442949239767437,2.7106569693315223,0.5556202434779083,1.799790435532899,2.4583272275785912,2.7658952985781857,0.6418406264050542,1.5580191699627903,2.363690722962474,2.7321275336917097,0.758668106541328,1.318099431593182,2.1155248036897136,2.7671622617422447,0.5870722711823935,1.7033677948814532,2.61288855560084,3.3306686467696203,0.6921803409739522,1.4447102016692952,2.12299440035531,2.6229886608921333,6.46054623546558,0.165072948417397,0.32787445298998025,1.3576867588100245,51.92603604874464,0.25395774423267936,0.2881872801074895,0.40391964102499206,10.330274635260212,0.3140220086403739,0.2520386432165639,0.9386780527226971
I12,left,0.8146536053763492,1.2275155887121194,1.9018190208263173,2.8570499402294383,0.8152027651467086,1.2266886752034436,1.9036579983561457,2.828904050910331,1.6328040296121125,0.5202576211434327,1.2783791823329738,2.4429213993829775,1.2372198228872175,0.7681109429514903,1.7456391032298901,2.6617501008893196,0.5742803951788092,1.741309660568576,2.520055522712565,2.5764477327439987,0.6276733269300182,1.5931854311717375,2.3734696508993247,2.7681963659796525,0.5788576547107588,1.7275404270151284,2.4656800559023395,2.8191460228104006,0.4925613420181422,2.030203986173092,2.5407000629998038,2.6416004819870977,0.5340710483567186,1.8724100530760777,2.4442949239767437,2.7106569693315223,0.5556202434779083,1.799790435532899,2.4583272275785912,2.7658952985781857,0.6418406264050542,1.5580191699627903,2.363690722962474,2.7321275336917097,0.77484206215988,1.2905855900652707,2.0634058894444203,2.763402354539271,0.5870722711823935,1.7033677948814532,2.61288855560084,3.3306686467696203,0.6921803409739522,1.4447102016692952,2.12299440035531,2.6229886608921333,6.46054623546558,0.165072948417397,0.32787445298998025,1.3576867588100245,51.92603604874464,0.25395774423267936,0.2881872801074895,0.40391964102499206,14.09586472860737,0.40915393880351947,0.4282893110550152,0.642383828108361
I12,up,0.8244242125272342,1.2129677716943155,1.756878681221929,2.869093822859047,0.8250035517231958,1.2121159938175863,1.758266138629493,2.8397890103932846,0.5246208017143104,1.9061386752722855,2.5231922310884043,2.620611826995974,0.7090590010093177,1.4103198726432344,2.322385147320859,2.661011096639519,0.460974727904918,2.1693163192370557,2.5666131928376874,2.5764478307095278,0.48776093730194126,2.050184677624081,2.541499053484389,2.803701684164962,0.38213230776664797,2.6168946714933554,2.758465673956607,2.8359749122053017,0.4020158273660649,2.487464253713142,2.6029990002055,2.641965012219771,0.47562863401686134,2.1024806508275726,2.4778649791222462,2.721073426743786,0.49151633561318636,2.034520376118242,2.4719315756758844,2.7761209300330023,0.45817659021884005,2.182564586118133,2.41036232413353,2.7213641858043047,0.4294947520951235,2.3283171566634704,2.4851449118941824,2.7511527868906116,0.6007830107711543,1.6644944715004808,2.4342352147713804,3.363345924264216,0.6622665463151383,1.5099660485102504,2.1440677533369126,2.625902208259731,5.464188618195116,0.24498919626828525,0.4438610510375826,1.4760481191311627,26.485707451605027,0.2692411628462725,0.28006939729468616,0.41801325281786644,10.349263107508804,0.47457396915033934,0.478117566901061,0.9547503009845112
I12,down,0.8244242125272342,1.2129677716943155,1.756878681221929,2.869093822859047,0.8250035517231958,1.2121159938175863,1.758266138629493,2.8397890103932846,0.5246208017143104,1.9061386752722855,2.5231922310884043,2.620611826995974,0.7090590010093177,1.4103198726432344,2.322385147320859,2.661011096639519,0.46093078165708773,2.1695231470654006,2.5666197202151393,2.5764478343737434,0.48798956260886484,2.049224156873051,2.540787307488422,2.803483673674869,0.38213230776664797,2.6168946714933554,2.758465673956607,2.8359749122053017,0.4020158273660649,2.487464253713142,2.6029990002055,2.641965012219771,0.47562863401686134,2.1024806508275726,2.4778649791222462,2.721073426743786,0.49151633561318636,2.034520376118242,2.4719315756758844,2.7761209300330023,0.45817659021884005,2.182564586118133,2.41036232413353,2.7213641858043047,0.42843472499875224,2.3340778458209996,2.4958417110436946,2.7729020251594236,0.6007830107711543,1.6644944715004808,2.4342352147713804,3.363345924264216,0.6622665463151383,1.5099660485102504,2.1440677533369126,2.625902208259731,5.464188618195116,0.24498919626828525,0.4438610510375826,1.4760481191311627,26.485707451605027,0.2692411628462725,0.28006939729468616,0.41801325281786644,10.707581705029762,0.5176515790906305,0.4785775927992769,0.9822149266943884
I13,right,0.39396070211242906,2.5383242405599598,3.0241533150193574,3.2421961263106978,0.3951068382854823,2.5309610037107366,2.976626280091326,3.155085365823194,0.7668533205480168,1.304030344793147,2.489830638418942,3.002956498484669,0.5907050104639656,1.6928923613066296,2.584259479129617,2.6786575979372067,0.44368308264457046,2.253861008266319,2.5746199262922866,2.5764479534077607,0.42036861888714583,2.378864537146777,2.692937897594689,2.8256802014780975,0.47039861320386106,2.1258566074186547,2.6393497704393667,2.8237048582750504,0.44292493547761197,2.2577189042691543,2.578907221211125,2.6385223354270693,0.45167909679606294,2.213961210721046,2.5566510390769275,2.701286033249485,0.45323240189973263,2.206373586284829,2.5856054837426097,2.7589419732917353,0.48744147467907933,2.0515283412401004,2.540552878962444,2.7156284693237467,0.5356223452693057,1.8669870830299466,2.371228129585959,2.6858988435241606,0.4558936599458024,2.193493983046139,2.7289149223539155,3.196981551401727,0.7131367050852679,1.4022556865593288,2.047596272859664,2.56166883642004,4.170339136551224,0.3431736429469417,0.6067143395629937,1.6010483713733932,42.95711512747526,0.3294756194116689,0.3711913727098863,0.4694971806936146,20.355411558043205,0.42284011288772916,0.3383404445458118,0.5978982512480114
I13,left,0.39396070211242906,2.5383242405599598,3.0241533150193574,3.2421961263106978,0.3951068382854823,2.5309610037107366,2.976626280091326,3.155085365823194,0.7668533205480168,1.304030344793147,2.489830638418942,3.002956498484669,0.5907050104639656,1.6928923613066296,2.584259479129617,2.6786575979372067,0.4436804775677537,2.253874241846243,2.574618845359547,2.576447953378084,0.4203704695582176,2.3788540642517915,2.6929237020417256,2.8256639320299892,0.47039861320386106,2.1258566074186547,2.6393497704393667,2.8237048582750504,0.44292493547761197,2.2577189042691543,2.578907221211125,2.6385223354270693,0.45167909679606294,2.213961210721046,2.5566510390769275,2.701286033249485,0.45323240189973263,2.206373586284829,2.5856054837426097,2.7589419732917353,0.48744147467907933,2.0515283412401004,2.540552878962444,2.7156284693237467,0.531140304927012,1.8827416988010681,2.3768341407154194,2.691397909853129,0.4558936599458024,2.193493983046139,2.7289149223539155,3.196981551401727,0.7131367050852679,1.4022556865593288,2.047596272859664,2.56166883642004,4.170339136551224,0.3431736429469417,0.6067143395629937,1.6010483713733932,42.95711512747526,0.3294756194116689,0.3711913727098863,0.4694971806936146,18.567939437253994,0.4528376902647938,0.35829865735455535,0.6702368883966127
I13,up,0.3545640849440091,2.820364618029248,3.1858324197323773,3.3468605456737057,0.35771137675060877,2.7955498902043185,3.110960095675701,3.2318750210332294,0.38420022514739105,2.602809510630477,3.0982756510684375,3.0923864512576094,0.4991811122332371,2.0032809244849004,2.653996428037722,2.6794734376009472,0.4084584449494611,2.4482294646245615,2.576219773485141,2.576447959656205,0.39751839850245385,2.515606834217579,2.742015484152697,2.836831289294919,0.35895323071524887,2.785878254967656,2.8280249307663325,2.839796948043386,0.3804830970388365,2.6282376478288825,2.6390560466828674,2.6421329634912354,0.4087962792870699,2.446206217297217,2.6477616812539044,2.7192565052605713,0.4037628802259122,2.4767011753048793,2.6949056921817256,2.7765034569169673,0.3758215279273204,2.6608374605762037,2.711576213933313,2.735408567809827,0.392892905029452,2.5452228513137394,2.678836793180583,2.763184129200029,0.39732022189570526,2.5168615763596733,2.9553224685951527,3.29169988024616,0.5803949069495408,1.7229648090053615,2.3162885603803716,2.609473338207863,2.87677596710759,0.40325518988675096,0.7294272634415255,1.9739005963776368,15.745744111972957,0.38734247803146693,0.5251371635211494,0.762890070046259,14.578966953936932,0.5866747383821481,0.4567310057669288,0.6592239916185197
I13,down,0.3545640849440091,2.820364618029248,3.1858324197323773,3.3468605456737057,0.35771137675060877,2.7955498902043185,3.110960095675701,3.2318750210332294,0.38420022514739105,2.602809510630477,3.0982756510684375,3.0923864512576094,0.4991811122332371,2.0032809244849004,2.653996428037722,2.6794734376009472,0.40846005508116223,2.4482198138109172,2.576220048051659,2.576447959657531,0.3974598715632932,2.5159772634827005,2.742188699399784,2.836870991712092,0.35895323071524887,2.785878254967656,2.8280249307663325,2.839796948043386,0.3804830970388365,2.6282376478288825,2.6390560466828674,2.6421329634912354,0.4087962792870699,2.446206217297217,2.6477616812539044,2.7192565052605713,0.4037628802259122,2.4767011753048793,2.6949056921817256,2.7765034569169673,0.3758215279273204,2.6608374605762037,2.711576213933313,2.735408567809827,0.3918579678022205,2.5519450468459595,2.6856825538942837,2.781947900976791,0.39732022189570526,2.5168615763596733,2.9553224685951527,3.29169988024616,0.5803949069495408,1.7229648090053615,2.3162885603803716,2.609473338207863,2.87677596710759,0.40325518988675096,0.7294272634415255,1.9739005963776368,15.745744111972957,0.38734247803146693,0.5251371635211494,0.762890070046259,13.945686848648611,0.5791153995106825,0.4251319656136219,0.6798999939076668
I14,right,0.5487140461876506,1.8224428679159734,2.5340311616974374,3.1922721899431794,0.5482217041175868,1.8240795511910495,2.526842653025806,3.116083614854005,1.2695579178742986,0.7258591910554459,1.742860698955476,2.9131721700774245,0.9683797721640113,1.0326527140951405,2.1781525903322763,2.677752891642313,0.5177274943446545,1.9315180494051445,2.555668544830054,2.576447947921781,0.5544592992813812,1.803558892954039,2.481479927478861,2.7991025917277157,0.5210452210710862,1.919219214686109,2.5852941551590902,2.8316256564280593,0.4574000349650322,2.186270055874502,2.5757301853529952,2.641265746514364,0.48304800644607976,2.070187614182039,2.53257501337886,2.7192738166883665,0.4902714488122682,2.0396863868426367,2.5623775683120016,2.7737677322369754,0.5755947621375944,1.737333391093216,2.4537109837788194,2.7326202921194636,0.6085598979675627,1.6432236224236085,2.3253516495703384,2.7939918833249733,0.5115946655908504,1.9546724531325612,2.7087998550906995,3.3193686593155043,0.7312600012694032,1.3675026642563353,2.0731758569188514,2.6010550038224665,4.574489905643952,0.2079591621897005,0.4436220439797937,1.7566467659156804,36.745697272570354,0.24981520969821736,0.2889516818812456,0.48323807017522824,12.17351113966882,0.4245173360796183,0.33896777325105354,0.8495581199764769
I14,left,0.5487140461876506,1.8224428679159734,2.5340311616974374,3.1922721899431794,0.5482217041175868,1.8240795511910495,2.526842653025806,3.116083614854005,1.2695579178742986,0.7258591910554459,1.742860698955476,2.9131721700774245,0.9683797721640113,1.0326527140951405,2.1781525903322763,2.677752891642313,0.5177613461712791,1.9313917645547702,2.5556402762507524,2.5764479479186244,0.554521355819285,1.8033570565060324,2.481379742583859,2.7991210726134317,0.5210452210710862,1.919219214686109,2.5852941551590902,2.8316256564280593,0.4574000349650322,2.186270055874502,2.5757301853529952,2.641265746514364,0.48304800644607976,2.070187614182039,2.53257501337886,2.7192738166883665,0.4902714488122682,2.0396863868426367,2.5623775683120016,2.7737677322369754,0.5755947621375944,1.737333391093216,2.4537109837788194,2.7326202921194636,0.6061649463921456,1.6497159823443026,2.3280892656757532,2.7900432005212585,0.5115946655908504,1.9546724531325612,2.7087998550906995,3.3193686593155043,0.7312600012694032,1.3675026642563353,2.0731758569188514,2.6010550038224665,4.574489905643952,0.2079591621897005,0.4436220439797937,1.7566467659156804,36.745697272570354,0.24981520969821736,0.2889516818812456,0.48323807017522824,9.831151577612808,0.4046796976854362,0.41542293937913655,1.0247852629630794
I14,up,0.4786967007254253,2.0890054150876383,2.749126195777923,3.2932663391227104,0.4783280432752858,2.0906154553528515,2.7299897850857135,3.1935018132117885,0.47937017438998897,2.086070543025598,2.8830347377008225,3.01336317829384,0.646786054927304,1.546106308851071,2.542999128811206,2.6794526484472554,0.42987244447967643,2.326271462248328,2.575803047887497,2.576447955845101,0.4476922463926289,2.2336772817883332,2.6623720222226015,2.823191198183908,0.36212309090534656,2.761491948773255,2.8287290062446573,2.8411476436272096,0.38275734484248725,2.612621321248639,2.6386626558706894,2.642200827701913,0.4181539724437092,2.391463589729779,2.654589528766714,2.7302454949139565,0.4154021318904803,2.4073058928442075,2.699586412800439,2.78317490478274,0.38925484094970025,2.5690110816867673,2.6968178992856338,2.736749178889113,0.3977074639906925,2.5144109440787434,2.7120254516514763,2.847970589956554,0.4252149822825109,2.351751564895718,2.9422964619948964,3.3672356939121144,0.6246979232793282,1.6007736903470686,2.227303352739682,2.6248450070354465,3.153193603665315,0.2924789890780674,0.6368482637024901,2.1978628097234876,25.52466429413449,0.27565616285878647,0.3218176055294494,0.5407948632262571,9.225836215925385,0.5497437670224,0.5155313842808181,1.0471273669078642
I14,down,0.4786967007254253,2.0890054150876383,2.749126195777923,3.2932663391227104,0.4783280432752858,2.0906154553528515,2.7299897850857135,3.1935018132117885,0.47937017438998897,2.086070543025598,2.8830347377008225,3.01336317829384,0.646786054927304,1.546106308851071,2.542999128811206,2.6794526484472554,0.4298322307619799,2.32648910070625,2.575810128804778,2.5764479558716156,0.4476995703149866,2.2336407410363006,2.6624739898264203,2.8234983873926423,0.36212309090534656,2.761491948773255,2.8287290062446573,2.8411476436272096,0.38275734484248725,2.612621321248639,2.6386626558706894,2.642200827701913,0.4181539724437092,2.391463589729779,2.654589528766714,2.7302454949139565,0.4154021318904803,2.4073058928442075,2.699586412800439,2.78317490478274,0.38925484094970025,2.5690110816867673,2.6968178992856338,2.736749178889113,0.39782808474050896,2.5136485792657632,2.7067389650227853,2.8444798830489986,0.4252149822825109,2.351751564895718,2.9422964619948964,3.3672356939121144,0.6246979232793282,1.6007736903470686,2.227303352739682,2.6248450070354465,3.153193603665315,0.2924789890780674,0.6368482637024901,2.1978628097234876,25.52466429413449,0.27565616285878647,0.3218176055294494,0.5407948632262571,10.306365937637388,0.6147683478320106,0.6017540952851704,0.9587613279720318
I15,right,0.7890603451923646,1.2673301935559955,1.9583970793754544,3.0973269666159213,0.7895230210623291,1.2665875133754394,1.9602888560202425,3.0386728157283334,1.5486051633555706,0.5609221207745003,1.3612752865009368,2.3523969992404963,1.135248023840653,0.8712118815769307,1.8234484819046761,2.657804264337578,0.5055133759280859,1.978187022576945,2.55604803267088,2.576447940161729,0.5795436847292317,1.725495465397418,2.3724848058599037,2.760842401319741,0.5792973930849857,1.7262290697954086,2.453440731367664,2.8227017930487364,0.5264755328178952,1.8994235015018148,2.4950287258286608,2.6412459546960463,0.5023779454714645,1.9905332409875878,2.513704548643181,2.7274282869536175,0.5201645899496499,1.9224684250359998,2.526205670864237,2.7817755515955227,0.6861664005454923,1.4573724379465602,2.244374600531046,2.7283646220498667,0.6537160734160901,1.5297160964305987,2.2471713903597736,2.8072550539850845,0.5327737259561424,1.8769694361435523,2.7583783667305575,3.4243664392721485,0.6668396129216692,1.4996109718476873,2.219776582893701,2.6434284118383857,5.8509607501567995,0.1797974920554602,0.35578442658743464,1.5163527349791979,34.970449182715846,0.24549276746092158,0.28277397754808037,0.43150501198195784,12.890115033732188,0.30892763590927397,0.2753522522008093,0.7230220551026624
I15,left,0.7890603451923646,1.2673301935559955,1.9583970793754544,3.0973269666159213,0.7895230210623291,1.2665875133754394,1.9602888560202425,3.0386728157283334,1.5486051633555706,0.5609221207745003,1.3612752865009368,2.3523969992404963,1.135248023840653,0.8712118815769307,1.8234484819046761,2.657804264337578,0.5055809979589546,1.9779224378230778,2.5559545180034036,2.5764479392557558,0.5783386609679523,1.7290906997749775,2.37653126873577,2.764876954679822,0.5792973930849857,1.7262290697954086,2.453440731367664,2.8227017930487364,0.5264755328178952,1.8994235015018148,2.4950287258286608,2.6412459546960463,0.5023779454714645,1.9905332409875878,2.513704548643181,2.7274282869536175,0.5201645899496499,1.9224684250359998,2.526205670864237,2.7817755515955227,0.6861664005454923,1.4573724379465602,2.244374600531046,2.7283646220498667,0.6503392493307781,1.5376590003279595,2.2532696985639133,2.801997979978758,0.5327737259561424,1.8769694361435523,2.7583783667305575,3.4243664392721485,0.6668396129216692,1.4996109718476873,2.219776582893701,2.6434284118383857,5.8509607501567995,0.1797974920554602,0.35578442658743464,1.5163527349791979,34.970449182715846,0.24549276746092158,0.28277397754808037,0.43150501198195784,12.88425063897134,0.37969576318664366,0.38596563056303634,0.8849046829427744
I15,up,0.9362392192644569,1.0681030867149914,1.6997298516393204,2.9416153152226956,0.9370502862516387,1.067178586541146,1.7008590307063192,2.9045957568739604,0.841640325066953,1.1881559975402194,1.8031838298097522,2.312099179277282,1.3886999000254632,0.687322132973053,1.491741858850173,2.638673132507944,0.599281424608625,1.6686651027988626,2.4844941086405763,2.5764476675154704,0.6934547486910639,1.4420551620528348,2.1722798678411417,2.7327621912342597,0.4459547964969519,2.242379738608406,2.619289854095541,2.8114254015390543,0.41994620769827573,2.3812573650349123,2.5894723846364514,2.641488362516384,0.6108900731924761,1.6369557206488197,2.3210395200741067,2.7151386808707074,0.6534850506184005,1.5302568881318532,2.2981353266829956,2.769407350369944,0.5438206010802249,1.8388417026012576,2.282694159114726,2.693027725365937,0.5431820754529156,1.8410033121328255,2.311253536092407,2.7310821084336308,0.651208959976856,1.5356054069580676,2.467251181654639,3.38347801742092,0.758771790254574,1.3179193175651562,2.101498850776352,2.6304097483198348,6.893034610055314,0.15975338798146627,0.3046034825820833,1.3719498362305786,34.490219264599695,0.2415584741049183,0.26296844699098765,0.4549340276410947,10.98895616790041,0.3563150918517364,0.3261719106260381,0.8403492383537304
I15,down,0.9362392192644569,1.0681030867149914,1.6997298516393204,2.9416153152226956,0.9370502862516387,1.067178586541146,1.7008590307063192,2.9045957568739604,0.841640325066953,1.1881559975402194,1.8031838298097522,2.312099179277282,1.3886999000254632,0.687322132973053,1.491741858850173,2.638673132507944,0.5993581339969708,1.6684515371990498,2.4844108845382182,2.5764476673993864,0.6914851943979156,1.4461625615436524,2.177691073117832,2.7362616199896928,0.4459547964969519,2.242379738608406,2.619289854095541,2.8114254015390543,0.41994620769827573,2.3812573650349123,2.5894723846364514,2.641488362516384,0.6108900731924761,1.6369557206488197,2.3210395200741067,2.7151386808707074,0.6534850506184005,1.5302568881318532,2.2981353266829956,2.769407350369944,0.5438206010802249,1.8388417026012576,2.282694159114726,2.693027725365937,0.5445386715702912,1.83641686478628,2.3065304614057296,2.7245250988742318,0.651208959976856,1.5356054069580676,2.467251181654639,3.38347801742092,0.758771790254574,1.3179193175651562,2.101498850776352,2.6304097483198348,6.893034610055314,0.15975338798146627,0.3046034825820833,1.3719498362305786,34.490219264599695,0.2415584741049183,0.26296844699098765,0.4549340276410947,12.902242316294423,0.407404642991671,0.391030134646951,0.7247994041536684
I16,right,1.3105045462562384,0.8452021414408666,1.3437386698928178,2.074453944366023,1.3114602292816326,0.8447457786664516,1.3432178362117582,2.0761292353222633,1.9204646229352877,0.43384952638118346,1.048919850119871,2.1266381007123956,1.474883003481319,0.6209239759370075,1.419175379512256,2.5722166981282184,0.6684417784583804,1.4960166049259946,2.4241317814116483,2.576434953771731,0.7818373434979153,1.2790384193290536,2.1029281058460376,2.7118055078566705,0.7293968815377062,1.3709957162029696,2.1690997732687265,2.782316653414682,0.6589668800127533,1.5175269506422637,2.2508022346220287,2.624058044162666,0.716428314364579,1.3958130631491428,2.0900597939298016,2.6434851383319953,0.7835701078726419,1.2762099905967006,2.0088075157384946,2.694276333899614,0.9192594667975508,1.0878321476347992,1.8365267915892218,2.6397121881927887,1.0651040010154549,0.9536316282133941,1.665851631030097,2.5179459715630306,0.7649976597180819,1.3071935414397498,2.1537001000608633,3.112775024041998,1.0130007269572288,0.9918237649567345,1.6207297538421699,2.528816038335208,8.965130653660477,0.15901206295364528,0.3002411045429311,1.0597650280068514,95.43124461508245,0.23802169203470683,0.25101954759065154,0.3337440784114041,17.286768700539927,0.34060406129416576,0.32080338514432005,0.6406193924747635
I16,left,1.3105045462562384,0.8452021414408666,1.3437386698928178,2.074453944366023,1.3114602292816326,0.8447457786664516,1.3432178362117582,2.0761292353222633,1.9204646229352877,0.43384952638118346,1.048919850119871,2.1266381007123956,1.474883003481319,0.6209239759370075,1.419175379512256,2.5722166981282184,0.6685953362186176,1.4956730115045547,2.4239506841446588,2.576434801444419,0.7818177824938749,1.2790704207445351,2.1026039843176436,2.71174226182822,0.7293968815377062,1.3709957162029696,2.1690997732687265,2.782316653414682,0.6589668800127533,1.5175269506422637,2.2508022346220287,2.624058044162666,0.716428314364579,1.3958130631491428,2.0900597939298016,2.6434851383319953,0.7835701078726419,1.2762099905967006,2.0088075157384946,2.694276333899614,0.9192594667975508,1.0878321476347992,1.8365267915892218,2.6397121881927887,1.0395318969374885,0.9716136544084792,1.6896754675415036,2.5438564277429765,0.7649976597180819,1.3071935414397498,2.1537001000608633,3.112775024041998,1.0130007269572288,0.9918237649567345,1.6207297538421699,2.528816038335208,8.965130653660477,0.15901206295364528,0.3002411045429311,1.0597650280068514,95.43124461508245,0.23802169203470683,0.25101954759065154,0.3337440784114041,13.695391654961377,0.28301476649451374,0.330426941118379,0.7247183026027589
I16,up,0.7137643136392963,1.4010226917920052,1.850486606902006,2.516159049991658,0.713921171303693,1.4007148690854732,1.8522097896841845,2.50967357751861,0.5228792997906568,1.9124872612099315,2.46006242676118,2.5158143879559782,0.7101775162355463,1.4080986473645662,2.324030239078171,2.669318613274049,0.43208000441544525,2.314386201122372,2.573462358960338,2.576447959751814,0.48319827977982177,2.0695437915376447,2.5543579847996023,2.798718168821776,0.37291254235866766,2.681593903157591,2.781878444071026,2.8300755673778895,0.39321460443254486,2.5431405363061685,2.614979864317661,2.6413344053909213,0.4400567412993757,2.2724342252938885,2.543142379388922,2.7072730046651645,0.447514505413173,2.234564439596742,2.562806202029699,2.76427635400709,0.4284251589235699,2.3341299621911276,2.5372864085998117,2.7235763105500155,0.42349380059363767,2.3613096545881844,2.488204429514309,2.6652248637949767,0.4999024747037988,2.000390177289116,2.673594092729509,3.2896208156079325,0.60240019311521,1.6600260282598356,2.24671540321674,2.6222057462866815,4.796782247741753,0.2668003752680121,0.48850994405795095,1.567680490476491,37.737533326418756,0.2737004173999863,0.3179894453654756,0.4335425349385175,6.673839806962025,0.4569825400499775,0.47088713884212774,1.3656794166424304
I16,down,0.7137643136392963,1.4010226917920052,1.850486606902006,2.516159049991658,0.713921171303693,1.4007148690854732,1.8522097896841845,2.50967357751861,0.5228792997906568,1.9124872612099315,2.46006242676118,2.5158143879559782,0.7101775162355463,1.4080986473645662,2.324030239078171,2.669318613274049,0.43210806422631687,2.3142359117747207,2.573447763057069,2.576447959716445,0.48200086355244326,2.074685079669358,2.558038837197427,2.8016788485892565,0.37291254235866766,2.681593903157591,2.781878444071026,2.8300755673778895,0.39321460443254486,2.5431405363061685,2.614979864317661,2.6413344053909213,0.4400567412993757,2.2724342252938885,2.543142379388922,2.7072730046651645,0.447514505413173,2.234564439596742,2.562806202029699,2.76427635400709,0.4284251589235699,2.3341299621911276,2.5372864085998117,2.7235763105500155,0.4226831791744571,2.3658381721106125,2.507260456484291,2.718851418106018,0.4999024747037988,2.000390177289116,2.673594092729509,3.2896208156079325,0.60240019311521,1.6600260282598356,2.24671540321674,2.6222057462866815,4.796782247741753,0.2668003752680121,0.48850994405795095,1.567680490476491,37.737533326418756,0.2737004173999863,0.3179894453654756,0.4335425349385175,11.436361338346074,0.5218451857537322,0.4449595721488039,0.8835792901738934
I17,right,0.7378039857704997,1.3553735399730664,2.006356060845037,2.7891412683191215,0.7380655384389485,1.3548932282017367,2.008217913742636,2.7669382025195612,1.6417112178070385,0.4964577875239282,1.28114441681001,2.644471442946152,1.2368820626007468,0.7595875750695265,1.7744910350063687,2.6702566518391366,0.5615573659495938,1.7807619677626336,2.5320502429524883,2.576447912051007,0.7212431446852782,1.3864949807410096,2.2462631651675045,2.7781392284503306,0.5447528609124606,1.8356948109001223,2.5293934662265656,2.8249520713704896,0.4885705702773181,2.0467872214087492,2.530262717257301,2.6388615288768733,0.47724270056504636,2.0953699214592887,2.5006531470852216,2.7101694695297254,0.49809772049280326,2.0076381779274746,2.5198339331694743,2.766771904320942,0.688452398844539,1.4525332494713439,2.2690789621074146,2.7162027568001577,0.6313745406624353,1.583845935489899,2.216684257451646,2.6974541434586965,0.5715120184676388,1.7497444807569238,2.5433450569308604,3.2563895492084,0.7882182983005759,1.2686840716030474,2.0379378252664537,2.617554982091633,4.422083082914566,0.19673317009932828,0.4390720420674085,1.702829818198149,49.863743406141275,0.3180955825368626,0.37575324818976946,0.45413516002040394,12.249626806327512,0.3320424831662684,0.398537581829301,0.9101268020416501
I17,left,0.7378039857704997,1.3553735399730664,2.006356060845037,2.7891412683191215,0.7380655384389485,1.3548932282017367,2.008217913742636,2.7669382025195612,1.6417112178070385,0.4964577875239282,1.28114441681001,2.644471442946152,1.2368820626007468,0.7595875750695265,1.7744910350063687,2.6702566518391366,0.5616593027287637,1.7804387733659945,2.532026035025207,2.576447910687209,0.7213801595268747,1.3862316377759283,2.24631712312734,2.778189909000341,0.5447528609124606,1.8356948109001223,2.5293934662265656,2.8249520713704896,0.4885705702773181,2.0467872214087492,2.530262717257301,2.6388615288768733,0.47724270056504636,2.0953699214592887,2.5006531470852216,2.7101694695297254,0.49809772049280326,2.0076381779274746,2.5198339331694743,2.766771904320942,0.688452398844539,1.4525332494713439,2.2690789621074146,2.7162027568001577,0.6535537255865039,1.5300960898089788,2.1758211430880365,2.7029128784293808,0.5715120184676388,1.7497444807569238,2.5433450569308604,3.2563895492084,0.7882182983005759,1.2686840716030474,2.0379378252664537,2.617554982091633,4.422083082914566,0.19673317009932828,0.4390720420674085,1.702829818198149,49.863743406141275,0.3180955825368626,0.37575324818976946,0.45413516002040394,12.019677578620021,0.44568553374173436,0.3317714756493717,0.7713123253714286
I17,up,0.7262055126168372,1.3770206678775558,2.0484890292600424,2.9551953657858947,0.7264173608842731,1.3766190813263228,2.050256893611155,2.9165808387753445,0.8131707826716873,1.2297539721170034,2.092810520195192,2.663837976249609,1.1164938207889856,0.8706531894178915,1.9809851341173834,2.6769406266553055,0.5100654106887943,1.9605328631274883,2.5597554097128823,2.5764479572290115,0.6154821131095931,1.624742585853083,2.425444651113092,2.8088110335913403,0.3964934039168996,2.5221100530832246,2.7695480171935287,2.832087670375131,0.395142997664634,2.530729396472111,2.627142782938222,2.6413018600925398,0.47961375318437294,2.0850111018721775,2.558020197098513,2.718920484925565,0.49497424224046344,2.0203071486580306,2.587950472528356,2.776858239374125,0.454570423033559,2.1998791591554436,2.556581515168091,2.7221160391818557,0.47646366954928343,2.098795908082482,2.4842047678167294,2.6918709299229526,0.5154542920283423,1.9400362271986182,2.7349631931598495,3.3137380873338493,0.7309545685089964,1.368074081594159,2.106313778315325,2.6051833049539255,4.531587851399896,0.20729435434924665,0.4474069746019869,1.7468164164327435,33.985139352109904,0.2799234703143002,0.3388295634409412,0.47319225920465713,10.594539226144855,0.4505684819460273,0.3968674239264348,0.8892155472742381
I17,down,0.7262055126168372,1.3770206678775558,2.0484890292600424,2.9551953657858947,0.7264173608842731,1.3766190813263228,2.050256893611155,2.9165808387753445,0.8131707826716873,1.2297539721170034,2.092810520195192,2.663837976249609,1.1164938207889856,0.8706531894178915,1.9809851341173834,2.6769406266553055,0.5101048040465597,1.9603814590005806,2.559735319507924,2.5764479573336523,0.6138025180896634,1.6291884939024013,2.428194863578265,2.8095441958142287,0.3964934039168996,2.5221100530832246,2.7695480171935287,2.832087670375131,0.395142997664634,2.530729396472111,2.627142782938222,2.6413018600925398,0.47961375318437294,2.0850111018721775,2.558020197098513,2.718920484925565,0.49497424224046344,2.0203071486580306,2.587950472528356,2.776858239374125,0.454570423033559,2.1998791591554436,2.556581515168091,2.7221160391818557,0.4733695291293475,2.1125145123710563,2.5143047915251397,2.7424404550561823,0.5154542920283423,1.9400362271986182,2.7349631931598495,3.3137380873338493,0.7309545685089964,1.368074081594159,2.106313778315325,2.6051833049539255,4.531587851399896,0.20729435434924665,0.4474069746019869,1.7468164164327435,33.985139352109904,0.2799234703143002,0.3388295634409412,0.47319225920465713,16.820210567401766,0.4164810085002493,0.3348392590361403,0.6463202054681388
I18,right,0.4824487386813572,2.0727590722554874,2.7263676570006448,3.2203128801980183,0.48205755578972465,2.074441086939842,2.708842622733023,3.1381520084811627,1.0550115699149347,0.9323431502971617,2.1622089732041836,2.9957700599764454,0.7294426518456828,1.3709096903913358,2.4760546507108367,2.6792571271303736,0.45662971100038485,2.1899582438672223,2.573591264604688,2.5764479590068667,0.466034430438153,2.145764206863057,2.657543872842987,2.830091365010389,0.4391638047157707,2.2770546872532123,2.7324957365131013,2.8377753970596586,0.4253083135661348,2.3512354875341543,2.608689947808898,2.641677853665101,0.43641951256789596,2.2913732571579852,2.6211193853497057,2.726772345461613,0.43928487173063463,2.276427130441202,2.660338451585903,2.78046632375814,0.4670293598238613,2.1411930084591404,2.61089518800145,2.734954897555781,0.521578492554994,1.917256969514636,2.4661817210338453,2.782146378494039,0.43581112160071334,2.2945720070819853,2.903490347001881,3.3467605367693842,0.6182050559273358,1.6175862529948972,2.2109707688807703,2.6237409533616756,3.391634605878563,0.27447627755290743,0.5971061929335888,2.078064494582218,27.20887600152113,0.2943770220046573,0.3621106797241792,0.5866419221934407,16.161638900244295,0.4704228818974455,0.4209199909921315,0.6607782666607828
I18,left,0.4824487386813572,2.0727590722554874,2.7263676570006448,3.2203128801980183,0.48205755578972465,2.074441086939842,2.708842622733023,3.1381520084811627,1.0550115699149347,0.9323431502971617,2.1622089732041836,2.9957700599764454,0.7294426518456828,1.3709096903913358,2.4760546507108367,2.6792571271303736,0.45664387056605243,2.189890337869656,2.573588165966469,2.576447959015744,0.46590628955833835,2.1463543687035487,2.657728168961342,2.8299371264675552,0.4391638047157707,2.2770546872532123,2.7324957365131013,2.8377753970596586,0.4253083135661348,2.3512354875341543,2.608689947808898,2.641677853665101,0.43641951256789596,2.2913732571579852,2.6211193853497057,2.726772345461613,0.43928487173063463,2.276427130441202,2.660338451585903,2.78046632375814,0.4670293598238613,2.1411930084591404,2.61089518800145,2.734954897555781,0.5205726712293411,1.920961385926163,2.463629944036993,2.7882074840480975,0.43581112160071334,2.2945720070819853,2.903490347001881,3.3467605367693842,0.6182050559273358,1.6175862529948972,2.2109707688807703,2.6237409533616756,3.391634605878563,0.27447627755290743,0.5971061929335888,2.078064494582218,27.20887600152113,0.2943770220046573,0.3621106797241792,0.5866419221934407,12.519824679119917,0.48198833579357026,0.34926840012365556,0.7270991069560674
I18,up,0.5091025044071709,1.9642409757234631,2.5976719220370237,3.1540062852733977,0.5086125845832197,1.96613302602303,2.587653597676527,3.0853533040724135,0.5918551386950642,1.6896026318278201,2.642472193354253,2.9437302435901103,0.8166697253063911,1.2244852098868102,2.37552513969238,2.6786109298249148,0.4792681346793912,2.0865146827859835,2.5692108765061894,2.5764479615248828,0.4918972255650598,2.0329449893750966,2.5919095670757852,2.814856808690264,0.3750742087141494,2.6661390646620475,2.80535944695157,2.838339199092843,0.38992876506776875,2.5645709924124276,2.629475736309587,2.641787299270618,0.4562461782394484,2.19179918143923,2.580717333371154,2.718194045189961,0.4633322076313028,2.1582786249898502,2.613974625450676,2.774336505378444,0.41047422874998746,2.4362065385817004,2.6397526048017426,2.7297381630114614,0.4371077181859756,2.287765597345347,2.575852277670735,2.7648320458797166,0.46431823331941363,2.1536953068825113,2.79069961273445,3.3046981152102575,0.6954686743356937,1.4378792847214754,2.1440932092639287,2.6104440618350964,4.100986904658406,0.24561183422186222,0.5244026780130422,1.853687310851025,25.157527168542984,0.31157945329907294,0.34271632778236083,0.5827046520067534,16.66536811641435,0.4524675054687527,0.40105819308735224,0.6305389918716332
I18,down,0.5091025044071709,1.9642409757234631,2.5976719220370237,3.1540062852733977,0.5086125845832197,1.96613302602303,2.587653597676527,3.0853533040724135,0.5918551386950642,1.6896026318278201,2.642472193354253,2.9437302435901103,0.8166697253063911,1.2244852098868102,2.37552513969238,2.6786109298249148,0.4792369085310129,2.0866506360398303,2.5692302319037124,2.576447961531602,0.4919538897803466,2.03271083077825,2.591926803307276,2.81509733651088,0.3750742087141494,2.6661390646620475,2.80535944695157,2.838339199092843,0.38992876506776875,2.5645709924124276,2.629475736309587,2.641787299270618,0.4562461782394484,2.19179918143923,2.580717333371154,2.718194045189961,0.4633322076313028,2.1582786249898502,2.613974625450676,2.774336505378444,0.41047422874998746,2.4362065385817004,2.6397526048017426,2.7297381630114614,0.436538978554141,2.290746185626072,2.5851719039871757,2.76155273099296,0.46431823331941363,2.1536953068825113,2.79069961273445,3.3046981152102575,0.6954686743356937,1.4378792847214754,2.1440932092639287,2.6104440618350964,4.100986904658406,0.24561183422186222,0.5244026780130422,1.853687310851025,25.157527168542984,0.31157945329907294,0.34271632778236083,0.5827046520067534,15.29053817985479,0.43244386788826417,0.34170502337819875,0.6195456651592898
I19,right,0.41603637835282,2.4036359607763655,2.986255313255989,3.2980710390797894,0.4165350010323711,2.400758633779937,2.9438003257224454,3.197028977114505,0.962804896959477,1.038632025198443,2.0912982503390207,2.751532897437669,0.6488245141709278,1.54124879402531,2.453593350797039,2.673498883508941,0.4439405207693714,2.252554009413129,2.572640495547594,2.576447812862294,0.508292962233323,1.9673693603905686,2.4771222219505926,2.768865775245378,0.42071470919131626,2.376907624461637,2.7306117405785244,2.83557058227575,0.41765458544011586,2.394323047946955,2.6145779299883998,2.6417895949647345,0.3964473325095457,2.5224031491646417,2.6619776379870808,2.731397611589158,0.3904988827655907,2.5608267888445706,2.7097939450539776,2.7843282068123276,0.46798863352870285,2.13680403402077,2.5524452954332446,2.7308687849781563,0.4653081488899722,2.149113447476851,2.49683242474427,2.765965901811655,0.4564906598741238,2.1906253246796936,2.874090162641835,3.3297594897572544,0.47092505328252254,2.123480144090081,2.497220682239913,2.6274082462546176,6.122667749578132,0.2303408855492079,0.43606918103253184,1.3770267672608083,27.55979198459998,0.28394461801441384,0.3291894539277135,0.5118599038195064,10.523352002227856,0.5174538536212164,0.301174180567214,0.8426679908249791
I19,left,0.41603637835282,2.4036359607763655,2.986255313255989,3.2980710390797894,0.4165350010323711,2.400758633779937,2.9438003257224454,3.197028977114505,0.962804896959477,1.038632025198443,2.0912982503390207,2.751532897437669,0.6488245141709278,1.54124879402531,2.453593350797039,2.673498883508941,0.4441099572248647,2.251694616911445,2.5726227858207364,2.5764478094542653,0.5076104789949853,1.9700144921749714,2.479045690898373,2.7703155759717513,0.42071470919131626,2.376907624461637,2.7306117405785244,2.83557058227575,0.41765458544011586,2.394323047946955,2.6145779299883998,2.6417895949647345,0.3964473325095457,2.5224031491646417,2.6619776379870808,2.731397611589158,0.3904988827655907,2.5608267888445706,2.7097939450539776,2.7843282068123276,0.46798863352870285,2.13680403402077,2.5524452954332446,2.7308687849781563,0.46355065274817747,2.157261550752787,2.504554332585446,2.7747022374683663,0.4564906598741238,2.1906253246796936,2.874090162641835,3.3297594897572544,0.47092505328252254,2.123480144090081,2.497220682239913,2.6274082462546176,6.122667749578132,0.2303408855492079,0.43606918103253184,1.3770267672608083,27.55979198459998,0.28394461801441384,0.3291894539277135,0.5118599038195064,10.07112702050224,0.5046571356514457,0.2245847957774203,0.9877234929845239
I19,up,0.4815377399839682,2.0766804280663296,2.6653709714433793,3.215881117594855,0.48115187897935036,2.0783458273534396,2.6517266657117435,3.1346910277901547,0.5743952129136688,1.7409615844940882,2.4806178397522967,2.654608022573698,0.7132862507451346,1.4019616934370314,2.392837180596702,2.675324076832216,0.45274461445408115,2.2087507351264657,2.5711591023116283,2.5764479509321427,0.5571595547446162,1.7948180040785038,2.3618413345195126,2.732586674852769,0.37579273795653817,2.6610413107973727,2.7914722161513055,2.8355999835714556,0.3862633936758057,2.5889069903406607,2.6361533373335533,2.6421402990000615,0.39786020942754685,2.513445618094933,2.657733401829977,2.7307059801703715,0.39396059844919024,2.538324908471708,2.7015450745528735,2.783586165724289,0.3885451867952361,2.573703224194105,2.6788825400517453,2.7336058994128507,0.4047100746028321,2.4709046370574392,2.6444421624535868,2.7715040135028355,0.4483872053628384,2.230215287233257,2.849733784346803,3.292820442616332,0.49520070890788714,2.019383215757898,2.5038833624196286,2.6381900834840053,5.089593129024005,0.23834328729961912,0.47285798879769164,1.5352280720739444,29.886165923489322,0.27434850076482103,0.3179602057532395,0.4807812827034098,9.69599834476174,0.5106233577252272,0.45762281188870346,1.0357754702737156
I19,down,0.4815377399839682,2.0766804280663296,2.6653709714433793,3.215881117594855,0.48115187897935036,2.0783458273534396,2.6517266657117435,3.1346910277901547,0.5743952129136688,1.7409615844940882,2.4806178397522967,2.654608022573698,0.7132862507451346,1.4019616934370314,2.392837180596702,2.675324076832216,0.45275119832557226,2.2087186156510237,2.5711615466656905,2.576447951246336,0.5567101220518174,1.7962669626239025,2.362907174693498,2.733508079586943,0.37579273795653817,2.6610413107973727,2.7914722161513055,2.8355999835714556,0.3862633936758057,2.5889069903406607,2.6361533373335533,2.6421402990000615,0.39786020942754685,2.513445618094933,2.657733401829977,2.7307059801703715,0.39396059844919024,2.538324908471708,2.7015450745528735,2.783586165724289,0.3885451867952361,2.573703224194105,2.6788825400517453,2.7336058994128507,0.4060182374432377,2.46294355223342,2.6541601371406864,2.8010684173916265,0.4483872053628384,2.230215287233257,2.849733784346803,3.292820442616332,0.49520070890788714,2.019383215757898,2.5038833624196286,2.6381900834840053,5.089593129024005,0.23834328729961912,0.47285798879769164,1.5352280720739444,29.886165923489322,0.27434850076482103,0.3179602057532395,0.4807812827034098,8.363250631859419,0.48376458003718026,0.48068784342561843,1.2784084618735547
I20,right,0.6306658333144052,1.585625773866001,2.299385110243473,3.167501274841997,0.630443394745815,1.5861852282601587,2.2987707735213694,3.0962677297942176,1.8863980836255885,0.4433656828481354,1.0713389687053114,2.110895569552171,1.3936259697938769,0.6716889799460497,1.5057574745270124,2.613896262605465,0.5228455508748103,1.9126107094663585,2.5515253585570825,2.5764479111977456,0.6168827689976873,1.621053545756842,2.309530547356471,2.752204975010933,0.6141644432550524,1.628228418271874,2.3792948806108143,2.821102225258983,0.49598311000346773,2.0161976886531647,2.5382619944235785,2.6419373160421173,0.47704265758412645,2.096248593499524,2.5509459730606774,2.7383615007653472,0.4913520052715698,2.035200811783196,2.5778372453054814,2.788765932996334,0.7425934009882977,1.3466319504982494,2.188073418039039,2.72649807703192,0.6841440720291325,1.4616804279748514,2.1948907152638273,2.7989737087888917,0.5561065422566056,1.7982165718499452,2.7105750104127395,3.406348550516352,0.5917026480933065,1.69003806763817,2.307213509806161,2.643817412510998,9.409643409226842,0.13295334993449998,0.256828005885608,1.0469156278900817,72.87674973041253,0.23379840157569945,0.2568855502814178,0.3298095340508893,16.608997214382892,0.30871887189417824,0.348858256476581,0.6405765874986696
I20,left,0.6306658333144052,1.585625773866001,2.299385110243473,3.167501274841997,0.630443394745815,1.5861852282601587,2.2987707735213694,3.0962677297942176,1.8863980836255885,0.4433656828481354,1.0713389687053114,2.110895569552171,1.3936259697938769,0.6716889799460497,1.5057574745270124,2.613896262605465,0.5231123614688598,1.9116351928524038,2.5512393235057234,2.576447905463972,0.6159700081502227,1.6234556662962072,2.3116259916006947,2.752834480943742,0.6141644432550524,1.628228418271874,2.3792948806108143,2.821102225258983,0.49598311000346773,2.0161976886531647,2.5382619944235785,2.6419373160421173,0.47704265758412645,2.096248593499524,2.5509459730606774,2.7383615007653472,0.4913520052715698,2.035200811783196,2.5778372453054814,2.788765932996334,0.7425934009882977,1.3466319504982494,2.188073418039039,2.72649807703192,0.6762276733915765,1.478791891175592,2.216946435303395,2.806946789232788,0.5561065422566056,1.7982165718499452,2.7105750104127395,3.406348550516352,0.5917026480933065,1.69003806763817,2.307213509806161,2.643817412510998,9.409643409226842,0.13295334993449998,0.256828005885608,1.0469156278900817,72.87674973041253,0.23379840157569945,0.2568855502814178,0.3298095340508893,12.03054165304381,0.38532977112682576,0.3549095737859531,0.8274154609668133
I20,up,0.647986274387073,1.5432425647378025,2.259244675067351,3.2162634819716898,0.6478413336080987,1.5435878325802133,2.2592707036595847,3.134990126921172,0.8801831673656175,1.1361271574790432,1.805753178003954,2.244684597612965,1.2537655008321755,0.7679638473805399,1.6823361787594777,2.6566782589995936,0.485132285709658,2.0612934439875232,2.5659961103723408,2.5764479606028443,0.5610233653713956,1.7824569558488947,2.4333228062402696,2.7861042907033817,0.40495273636032136,2.4694239850998656,2.739661154608939,2.8327899637624796,0.38853820723570637,2.57374945726599,2.6337118237262303,2.6422471083386654,0.46634397302073755,2.14433992471804,2.5840061209228407,2.7420205075884367,0.47227288820146535,2.117419875208702,2.6222218243766937,2.7921398162854203,0.48711747361953406,2.0528928937192177,2.490206313798808,2.725540779158564,0.4724456454750416,2.116645606913162,2.488502060166676,2.8003152140917993,0.5265946094337335,1.8989939928844635,2.7179322978905702,3.428346770577811,0.6121315868341822,1.6336356781910126,2.3099235139677603,2.6465149581702008,7.553201046176607,0.15283943674289452,0.30331618793673626,1.2584681652974503,28.110917020082486,0.2387977435206322,0.2659186756863658,0.4469438046493188,9.283164174038966,0.4416961675259411,0.43281032036979183,1.1019968066509596
I20,down,0.647986274387073,1.5432425647378025,2.259244675067351,3.2162634819716898,0.6478413336080987,1.5435878325802133,2.2592707036595847,3.134990126921172,0.8801831673656175,1.1361271574790432,1.805753178003954,2.244684597612965,1.2537655008321755,0.7679638473805399,1.6823361787594777,2.6566782589995936,0.48527307289763116,2.060695422535738,2.5659321729422544,2.576447960800655,0.5575809835844909,1.7934614512341396,2.441463801298248,2.7904769664777804,0.40495273636032136,2.4694239850998656,2.739661154608939,2.8327899637624796,0.38853820723570637,2.57374945726599,2.6337118237262303,2.6422471083386654,0.46634397302073755,2.14433992471804,2.5840061209228407,2.7420205075884367,0.47227288820146535,2.117419875208702,2.6222218243766937,2.7921398162854203,0.48711747361953406,2.0528928937192177,2.490206313798808,2.725540779158564,0.4657910302075356,2.14688548114472,2.54637589573739,2.82237647582312,0.5265946094337335,1.8989939928844635,2.7179322978905702,3.428346770577811,0.6121315868341822,1.6336356781910126,2.3099235139677603,2.6465149581702008,7.553201046176607,0.15283943674289452,0.30331618793673626,1.2584681652974503,28.110917020082486,0.2387977435206322,0.2659186756863658,0.4469438046493188,9.927794406030188,0.4187444966636039,0.4361747936609306,1.0084985848706216
I21,right,0.5687158672398861,1.7583472830699076,2.415491710503182,3.064660196927991,0.5682655847274706,1.7597405629967562,2.4122953787046955,3.011203667173189,1.4665517853617769,0.6017214984852224,1.4553855803961762,2.5651264986839832,1.097495290503594,0.8986659135569206,1.9380400814747425,2.6661310944795797,0.5344082903121521,1.871228456085313,2.544083303636828,2.5764478532906265,0.5133481071582672,1.94799588438279,2.503949143338321,2.7915757635343894,0.4784521287186875,2.090073259111705,2.64303130149392,2.83512447725343,0.46965167721443657,2.129237578647917,2.5677599223793095,2.6412573511776145,0.4737575513692305,2.110784296967615,2.5390210367577306,2.725428448066339,0.48302233782505805,2.0702976274405387,2.5706977605722496,2.7792939680002204,0.6108159394005183,1.6371543954492154,2.3840104280998275,2.7295246079470417,0.6314246718012436,1.5837201881062615,2.2343394884645567,2.763242564427193,0.5047994931991135,1.9809845561900339,2.7087569826054185,3.3105577745956474,0.6592686476204273,1.5168323317200247,2.186926843450692,2.624442663452328,5.395568864579565,0.22258263143695672,0.417966040698418,1.466536674088994,38.96233662740267,0.2649693294163723,0.30786866618012554,0.505436010629075,14.298477193353108,0.4697715409948139,0.39827074555669284,0.7649042748547156
I21,left,0.5687158672398861,1.7583472830699076,2.415491710503182,3.064660196927991,0.5682655847274706,1.7597405629967562,2.4122953787046955,3.011203667173189,1.4665517853617769,0.6017214984852224,1.4553855803961762,2.5651264986839832,1.097495290503594,0.8986659135569206,1.9380400814747425,2.6661310944795797,0.5345241975502787,1.8708226953671963,2.543996511651719,2.5764478518741427,0.5133444357602583,1.9480098162922703,2.5039563131646454,2.7917761065625726,0.4784521287186875,2.090073259111705,2.64303130149392,2.83512447725343,0.46965167721443657,2.129237578647917,2.5677599223793095,2.6412573511776145,0.4737575513692305,2.110784296967615,2.5390210367577306,2.725428448066339,0.48302233782505805,2.0702976274405387,2.5706977605722496,2.7792939680002204,0.6108159394005183,1.6371543954492154,2.3840104280998275,2.7295246079470417,0.6203174085256499,1.6120779237467595,2.2445985073850734,2.76991980722991,0.5047994931991135,1.9809845561900339,2.7087569826054185,3.3105577745956474,0.6592686476204273,1.5168323317200247,2.186926843450692,2.624442663452328,5.395568864579565,0.22258263143695672,0.417966040698418,1.466536674088994,38.96233662740267,0.2649693294163723,0.30786866618012554,0.505436010629075,13.52043324708117,0.47296386476502283,0.34648370424871,0.7876543391064809
I21,up,0.4528577332338552,2.208199013979521,2.7661194429819416,3.2155898064521145,0.45271853959263925,2.208877950745755,2.7457180783124127,3.1344632372890717,0.5313802186659102,1.8818916566194588,2.6258670255155447,2.7286195747448234,0.7286138915090685,1.3724690287318708,2.407824686440759,2.6769342599112775,0.4295588787004194,2.327969574334918,2.5753713122252027,2.576447957606545,0.42874690840163726,2.3323783341738524,2.677953342453806,2.823068965320068,0.3616908301123001,2.7647922389669475,2.8251637382356876,2.8401945942582643,0.3825791949796412,2.613837901073566,2.6367142129388412,2.642125251166817,0.415916175087218,2.4043306317440023,2.653598392211148,2.733778892060705,0.41230717667687095,2.42537616749686,2.6995161697154346,2.786418038910753,0.3972427738991768,2.5173522734835387,2.66657458526106,2.7344771444722937,0.40933487171158106,2.4429875613055607,2.6410866674163493,2.790563841664206,0.42522209244312575,2.351712241136088,2.9150054338150255,3.3627566673234313,0.6053755031154429,1.651867303605286,2.305281033141,2.627474358602967,3.9727644727906593,0.2901838857273415,0.5680988153752089,1.8551755842176847,25.5973994078391,0.28747268426105743,0.32770322092592397,0.526572120294176,12.53715139376518,0.5790496047746939,0.40929097927028824,0.6410380801077297
I21,down,0.4528577332338552,2.208199013979521,2.7661194429819416,3.2155898064521145,0.45271853959263925,2.208877950745755,2.7457180783124127,3.1344632372890717,0.5313802186659102,1.8818916566194588,2.6258670255155447,2.7286195747448234,0.7286138915090685,1.3724690287318708,2.407824686440759,2.6769342599112775,0.4295332969857872,2.3281082212192015,2.5753739868508196,2.5764479575468764,0.42796841145840353,2.3366210524563336,2.680231145528358,2.8242261075690323,0.3616908301123001,2.7647922389669475,2.8251637382356876,2.8401945942582643,0.3825791949796412,2.613837901073566,2.6367142129388412,2.642125251166817,0.415916175087218,2.4043306317440023,2.653598392211148,2.733778892060705,0.41230717667687095,2.42537616749686,2.6995161697154346,2.786418038910753,0.3972427738991768,2.5173522734835387,2.66657458526106,2.7344771444722937,0.40714092786846345,2.456151989522099,2.657833188266776,2.823012030367558,0.42522209244312575,2.351712241136088,2.9150054338150255,3.3627566673234313,0.6053755031154429,1.651867303605286,2.305281033141,2.627474358602967,3.9727644727906593,0.2901838857273415,0.5680988153752089,1.8551755842176847,25.5973994078391,0.28747268426105743,0.32770322092592397,0.526572120294176,8.981993182662686,0.5794996134388178,0.43027131875440794,1.1103222244531143
I22,right,0.5686782030525356,1.7584637403583026,2.3619799364674323,2.87727326503198,0.5682276908535971,1.7598579162831545,2.360119056450727,2.847162795013308,1.0454851731795862,0.9514376137511844,2.019090715940764,2.728165837977925,0.7498851012862181,1.3335376290111376,2.3754246881987013,2.675043874863505,0.4582865315806878,2.182040996384673,2.5710283122578694,2.576447943547671,0.4725957624096012,2.1159732683622643,2.5795877639499465,2.790692899966712,0.4776494168237651,2.0935857237086566,2.6195456549241953,2.8295650579182166,0.45417801408682845,2.2017798505958126,2.548715175545567,2.6402151903640743,0.43886882973010954,2.278585154053817,2.588712569292482,2.72625840435231,0.4429742040134201,2.257467795957041,2.6259296483560712,2.7782236550290715,0.5562421640893868,1.7977781343438437,2.43187428617739,2.722835704055342,0.5382262840011018,1.857954599627009,2.3927005556374827,2.770387039166544,0.5031680408700303,1.9874076228507978,2.6579230799323774,3.306246040958115,0.5839526094298632,1.712467730859771,2.300346660426385,2.624163937785397,4.483374747465975,0.252906210969101,0.49947114079577487,1.706833669061102,52.37335492043127,0.2860829976013721,0.31193961239223056,0.45047321077456876,12.612929470302845,0.4782360703671388,0.3924160154794364,0.727887693543639
I22,left,0.5686782030525356,1.7584637403583026,2.3619799364674323,2.87727326503198,0.5682276908535971,1.7598579162831545,2.360119056450727,2.847162795013308,1.0454851731795862,0.9514376137511844,2.019090715940764,2.728165837977925,0.7498851012862181,1.3335376290111376,2.3754246881987013,2.675043874863505,0.4583071985603672,2.1819425990715313,2.571013317624815,2.57644794348733,0.4724278487959928,2.116725342395781,2.5801057583147706,2.7909337467498085,0.4776494168237651,2.0935857237086566,2.6195456549241953,2.8295650579182166,0.45417801408682845,2.2017798505958126,2.548715175545567,2.6402151903640743,0.43886882973010954,2.278585154053817,2.588712569292482,2.72625840435231,0.4429742040134201,2.257467795957041,2.6259296483560712,2.7782236550290715,0.5562421640893868,1.7977781343438437,2.43187428617739,2.722835704055342,0.533230950730508,1.8753600079478405,2.38225126064634,2.7840909980970188,0.5031680408700303,1.9874076228507978,2.6579230799323774,3.306246040958115,0.5839526094298632,1.712467730859771,2.300346660426385,2.624163937785397,4.483374747465975,0.252906210969101,0.49947114079577487,1.706833669061102,52.37335492043127,0.2860829976013721,0.31193961239223056,0.45047321077456876,10.902500625233635,0.5468785628049763,0.37862755324499997,0.9310430629433236
I22,up,0.6221179097202839,1.6074123319317701,2.190396377315344,2.8564186658508985,0.6218585546494728,1.608082726406613,2.191264640426539,2.8283324241430883,0.5656786750956639,1.7677880465104794,2.530325739493853,2.753580164417113,0.7921884146516492,1.2623259587048268,2.3038338929821895,2.6754596270917927,0.46883591555654264,2.132942393743292,2.5677612412552113,2.5764479581250423,0.5053625488964776,1.9787774186742275,2.511011070959769,2.7912471797776024,0.37854414524449864,2.6416998190636605,2.7876773912507815,2.8361390933673647,0.39291031800188747,2.5451100523025616,2.6165008825832956,2.641547847579659,0.46746735008122886,2.1391868326766272,2.555839162554323,2.7239341543871265,0.475491357182278,2.1030876479562455,2.579036236299542,2.7794029245925564,0.43494709245324076,2.299130209974919,2.5353956308076704,2.722870955725284,0.43575261721785397,2.2948800775648612,2.5366623702318103,2.7524245882886333,0.5167837778186334,1.9350452605556683,2.678992269853701,3.3270975136633893,0.6182684472536744,1.6174204011897473,2.25790938136106,2.62613314329883,4.107689782401497,0.24697037684401962,0.5105222358217023,1.9591901150411803,30.2167042997183,0.28801613216184724,0.30619611929017154,0.4977054680998186,10.46351021139178,0.566166556443931,0.4644403703907968,0.9142574487979526
I22,down,0.6221179097202839,1.6074123319317701,2.190396377315344,2.8564186658508985,0.6218585546494728,1.608082726406613,2.191264640426539,2.8283324241430883,0.5656786750956639,1.7677880465104794,2.530325739493853,2.753580164417113,0.7921884146516492,1.2623259587048268,2.3038338929821895,2.6754596270917927,0.4687757113663688,2.133216324466214,2.5677960068401227,2.5764479582332704,0.504750902335764,1.981175259662622,2.512352305132532,2.791808140118496,0.37854414524449864,2.6416998190636605,2.7876773912507815,2.8361390933673647,0.39291031800188747,2.5451100523025616,2.6165008825832956,2.641547847579659,0.46746735008122886,2.1391868326766272,2.555839162554323,2.7239341543871265,0.475491357182278,2.1030876479562455,2.579036236299542,2.7794029245925564,0.43494709245324076,2.299130209974919,2.5353956308076704,2.722870955725284,0.43506804751444256,2.298491019308431,2.5560006839806833,2.78241087871807,0.5167837778186334,1.9350452605556683,2.678992269853701,3.3270975136633893,0.6182684472536744,1.6174204011897473,2.25790938136106,2.62613314329883,4.107689782401497,0.24697037684401962,0.5105222358217023,1.9591901150411803,30.2167042997183,0.28801613216184724,0.30619611929017154,0.4977054680998186,10.274485217728266,0.5154272602896893,0.46350554085051365,0.9661688055985055
I23,right,0.8868996132452216,1.1275233240219116,1.9039379175451128,3.0693569040864643,0.8876349141372939,1.126589303860265,1.9057804417017268,3.015176851752194,2.109083880360734,0.3694520086310846,0.9545163032428379,2.3202641758408173,1.5034185485972982,0.5879803342815193,1.4064238875961776,2.6560114749661965,0.5925198125659575,1.687707277954833,2.516348453349573,2.576447912314787,0.8354092542637751,1.197018102081326,1.9664630969464971,2.7029395569694104,0.7024789014927109,1.423530298027572,2.2314825556873075,2.8080235658892434,0.5071741134200257,1.9717094653287859,2.5011878134918106,2.6402563872231894,0.539541306097405,1.8534262135241728,2.4176942565818806,2.715089050303502,0.5722552319945226,1.7474720091498817,2.4109300761990973,2.7722232586073305,0.8362132072273896,1.1958672637038035,2.028334646955045,2.7038487047934723,0.7697921349115818,1.2990519838382861,2.047326011537396,2.7723695722330084,0.6432149290003664,1.5546902830040352,2.4518191591364626,3.333832447004834,0.8060339346790224,1.240642554830174,1.9690433403072802,2.6158409224724437,7.2147931280474396,0.1297223231732318,0.25476803628254047,1.3591396975287255,37.80723755340845,0.23247749653798064,0.25222249393698154,0.3787311363545054,9.725116719956906,0.35008032966112457,0.4043334988665007,1.0320559095466444
I23,left,0.8868996132452216,1.1275233240219116,1.9039379175451128,3.0693569040864643,0.8876349141372939,1.126589303860265,1.9057804417017268,3.015176851752194,2.109083880360734,0.3694520086310846,0.9545163032428379,2.3202641758408173,1.5034185485972982,0.5879803342815193,1.4064238875961776,2.6560114749661965,0.5926603692896575,1.687307017337039,2.5161682961214415,2.5764479111214023,0.8369202474346552,1.1948569807759104,1.9649014016002824,2.703596769057231,0.7024789014927109,1.423530298027572,2.2314825556873075,2.8080235658892434,0.5071741134200257,1.9717094653287859,2.5011878134918106,2.6402563872231894,0.539541306097405,1.8534262135241728,2.4176942565818806,2.715089050303502,0.5722552319945226,1.7474720091498817,2.4109300761990973,2.7722232586073305,0.8362132072273896,1.1958672637038035,2.028334646955045,2.7038487047934723,0.7724680123567087,1.2945519866241686,2.029026204003524,2.7176952024223464,0.6432149290003664,1.5546902830040352,2.4518191591364626,3.333832447004834,0.8060339346790224,1.240642554830174,1.9690433403072802,2.6158409224724437,7.2147931280474396,0.1297223231732318,0.25476803628254047,1.3591396975287255,37.80723755340845,0.23247749653798064,0.25222249393698154,0.3787311363545054,9.342739495583691,0.35316296173474293,0.33897460214758757,1.0858774841994694
I23,up,0.7849686072975804,1.273936295927439,2.0326763234216427,2.8952930090743942,0.7854166137051956,1.2732096349254816,2.034487395882671,2.86335086873574,1.1909981992267835,0.8798121138429877,1.5090739950731145,2.111743568046899,1.4887578151638365,0.6018585376614944,1.4164571997924407,2.6338945835413297,0.5858377252820213,1.7069573310913047,2.5154565665356268,2.5764475980924644,0.9242845930848232,1.0819178502829683,1.8297974575357687,2.646709391306556,0.4809527071537717,2.0792065105899837,2.5066075576598905,2.7860543116980807,0.38762396379649894,2.57981985996355,2.6303424701354743,2.6416093512284533,0.5347189072971225,1.870141463773487,2.3729943210652755,2.704273149124591,0.5658480410268252,1.767258923765706,2.3586619475879873,2.761182862308795,0.561940045706719,1.7795492733434912,2.179103896761717,2.6417647415782994,0.5559493544691386,1.798724995291835,2.229731847566603,2.669076922477834,0.7037500882787582,1.4209589691786952,2.2763700798450586,3.2672544622685926,0.7825714736731021,1.277838553590982,2.0389885587230765,2.6182337370323694,8.121287288530475,0.12426800959069367,0.24416792326564335,1.2384107310780397,38.881305958311266,0.2269502042331962,0.24707326810235347,0.3546207556128902,9.802404966038528,0.39077133570238076,0.41148335446207107,1.026951781044502
I23,down,0.7849686072975804,1.273936295927439,2.0326763234216427,2.8952930090743942,0.7854166137051956,1.2732096349254816,2.034487395882671,2.86335086873574,1.1909981992267835,0.8798121138429877,1.5090739950731145,2.111743568046899,1.4887578151638365,0.6018585376614944,1.4164571997924407,2.6338945835413297,0.5858046423068365,1.707053730510066,2.5155364789247825,2.576447607418073,0.9239211015802906,1.0823435012898641,1.8302273607631243,2.6467999320835722,0.4809527071537717,2.0792065105899837,2.5066075576598905,2.7860543116980807,0.38762396379649894,2.57981985996355,2.6303424701354743,2.6416093512284533,0.5347189072971225,1.870141463773487,2.3729943210652755,2.704273149124591,0.5658480410268252,1.767258923765706,2.3586619475879873,2.761182862308795,0.561940045706719,1.7795492733434912,2.179103896761717,2.6417647415782994,0.5544403798297409,1.8036204367132904,2.2603891608757976,2.6929025407980824,0.7037500882787582,1.4209589691786952,2.2763700798450586,3.2672544622685926,0.7825714736731021,1.277838553590982,2.0389885587230765,2.6182337370323694,8.121287288530475,0.12426800959069367,0.24416792326564335,1.2384107310780397,38.881305958311266,0.2269502042331962,0.24707326810235347,0.3546207556128902,9.209620978084514,0.41248328027897485,0.3582521670617904,1.0991475835511935
I24,right,0.5634748291745668,1.774702166314861,2.463460150032396,2.9585538783988623,0.563011384957821,1.7761630168010134,2.458832133821919,2.919537226626182,1.0742275986605307,0.9148678504630237,2.061774810585982,2.9219632077717153,0.775135843657575,1.2900964497801772,2.4037974807658635,2.6786408442063454,0.4561752848096359,2.1921398052446106,2.5730392162644797,2.57644796194102,0.5097739734598631,1.9616536976435788,2.5663015526450588,2.805698174521908,0.44587507885415545,2.2427806518585385,2.713308710647425,2.836517770863111,0.43761837752755844,2.285095990825994,2.5931651704679552,2.6410597700374865,0.42009867227895353,2.380393145675026,2.6623807342161574,2.7347129223909277,0.41822700234521604,2.3910459974905507,2.703774910812731,2.786061871461728,0.48540346274714447,2.0601418752567042,2.58004593058331,2.7338272522219995,0.48981146040102364,2.041601883266001,2.529721988078422,2.791590703650177,0.47446573422568644,2.107633761228236,2.8134096101184056,3.3266559202871697,0.5839031069651041,1.7126129114085415,2.3079567231682176,2.6227496381047786,3.888229408321063,0.2543722766027456,0.549361205234524,1.878957071862436,33.642297757616156,0.28317472618456224,0.3169999347154866,0.5286405705801331,12.914877931485508,0.4285983287958637,0.3520258130265066,0.7679644093397261
I24,left,0.5634748291745668,1.774702166314861,2.463460150032396,2.9585538783988623,0.563011384957821,1.7761630168010134,2.458832133821919,2.919537226626182,1.0742275986605307,0.9148678504630237,2.061774810585982,2.9219632077717153,0.775135843657575,1.2900964497801772,2.4037974807658635,2.6786408442063454,0.4561838806564931,2.192098498879229,2.573035310100459,2.576447961949368,0.5094661130113133,1.9628390867633503,2.5670948837984766,2.8062568676465123,0.44587507885415545,2.2427806518585385,2.713308710647425,2.836517770863111,0.43761837752755844,2.285095990825994,2.5931651704679552,2.6410597700374865,0.42009867227895353,2.380393145675026,2.6623807342161574,2.7347129223909277,0.41822700234521604,2.3910459974905507,2.703774910812731,2.786061871461728,0.48540346274714447,2.0601418752567042,2.58004593058331,2.7338272522219995,0.4855394679349845,2.0595648058293454,2.553172356311027,2.78679520952557,0.47446573422568644,2.107633761228236,2.8134096101184056,3.3266559202871697,0.5839031069651041,1.7126129114085415,2.3079567231682176,2.6227496381047786,3.888229408321063,0.2543722766027456,0.549361205234524,1.878957071862436,33.642297757616156,0.28317472618456224,0.3169999347154866,0.5286405705801331,10.968907123285403,0.5198017767318678,0.42715456648207306,0.8715308598561095
I24,up,0.5307852236832419,1.8840012030869433,2.4405859490616306,2.989231515618063,0.5302770644944288,1.8858066225312036,2.4366699785364108,2.9463935880019276,0.6899785541322492,1.4493204085997267,2.345022113380864,2.723541278570301,0.9367683488280251,1.067499773290892,2.1579573086936046,2.6757882533798973,0.49635072278667897,2.014704429935481,2.5606227498945486,2.5764479311764648,0.6312780548978641,1.5840880135803108,2.3140761426649843,2.725491583547746,0.38184943401626287,2.6188332649392123,2.7943492877775498,2.837657029163438,0.3898023742782117,2.5654025372515434,2.6302623220972237,2.64206908389167,0.4529794340132795,2.2076057430251548,2.599454636808374,2.7332141922394304,0.455766978122045,2.1941036713989854,2.638029950089609,2.7855540924534195,0.4275601221613661,2.3388523582248126,2.6181518694766055,2.7334073965030257,0.4272084393677385,2.340777727799534,2.626126197741298,2.796177662314404,0.4872463705684629,2.052349818087542,2.739630211169988,3.322961933980711,0.6331515683899364,1.5794006521107349,2.2278386809846324,2.6246469148113647,4.219133737063199,0.21723052440024987,0.4776481616534794,1.9153462988670589,21.01035971057086,0.2745560398623214,0.34324715369167824,0.6055044734248405,14.227315466230184,0.45667506477340447,0.4279727013122949,0.7219601078781791
I24,down,0.5307852236832419,1.8840012030869433,2.4405859490616306,2.989231515618063,0.5302770644944288,1.8858066225312036,2.4366699785364108,2.9463935880019276,0.6899785541322492,1.4493204085997267,2.345022113380864,2.723541278570301,0.9367683488280251,1.067499773290892,2.1579573086936046,2.6757882533798973,0.4962952919242897,2.0149294508168554,2.5606675579812013,2.57644793160949,0.6311623205973818,1.5843784829448013,2.314254320327579,2.725891535659865,0.38184943401626287,2.6188332649392123,2.7943492877775498,2.837657029163438,0.3898023742782117,2.5654025372515434,2.6302623220972237,2.64206908389167,0.4529794340132795,2.2076057430251548,2.599454636808374,2.7332141922394304,0.455766978122045,2.1941036713989854,2.638029950089609,2.7855540924534195,0.4275601221613661,2.3388523582248126,2.6181518694766055,2.7334073965030257,0.42812451069934865,2.33576909288955,2.622235394961658,2.8029357049920827,0.4872463705684629,2.052349818087542,2.739630211169988,3.322961933980711,0.6331515683899364,1.5794006521107349,2.2278386809846324,2.6246469148113647,4.219133737063199,0.21723052440024987,0.4776481616534794,1.9153462988670589,21.01035971057086,0.2745560398623214,0.34324715369167824,0.6055044734248405,12.235799362328807,0.4204299313171329,0.37331233315387247,0.8128352512878109
I25,right,0.28860373425240227,3.4649586312193614,3.5149561721772278,3.548184943857019,0.30245027056745855,3.3063286672675,3.3308012913883807,3.3420879596067663,0.9709920357107852,1.029874564592057,2.2030523321551483,2.850406202755841,0.5571634407274697,1.7948054859707474,2.486019502929932,2.678827239454731,0.4076945138411319,2.4528169157303754,2.5751660117100874,2.5764479616687117,0.5005472688289504,1.9978133180898947,2.321386473410313,2.589713384650806,0.3876695593727357,2.5795164356418354,2.765554921943476,2.8291222859329537,0.39087679157896693,2.5583509216816083,2.6365430448902316,2.642164423206623,0.37092127358769805,2.695989880352783,2.732169381079394,2.749545575094913,0.36461762663947267,2.742599169482231,2.7775349364881228,2.796381749234378,0.39085312973689057,2.558505801586307,2.6988475895659576,2.7363087072276358,0.3792775343846718,2.636591702227682,2.788996195630603,2.8937684281648077,0.3881532557743943,2.576301976406011,3.143254259582168,3.3985448105602316,0.38404102932753476,2.6038884484582923,2.639232806164273,2.659066260073132,9.00887431167756,0.19703180559263084,0.3212983075377453,1.066149430364894,28.57635838848786,0.348357040416062,0.4606398742310827,0.6336090595182632,0.39907276154368887,2.505808705489723,1.0588927337677112,1.5124697261320867
I25,left,0.28860373425240227,3.4649586312193614,3.5149561721772278,3.548184943857019,0.30245027056745855,3.3063286672675,3.3308012913883807,3.3420879596067663,0.9709920357107852,1.029874564592057,2.2030523321551483,2.850406202755841,0.5571634407274697,1.7948054859707474,2.486019502929932,2.678827239454731,0.40692251028008275,2.457470340757765,2.5751400499223633,2.576447961625562,0.5011175534022272,1.9955397555138916,2.320155299287214,2.5880890494057933,0.3876695593727357,2.5795164356418354,2.765554921943476,2.8291222859329537,0.39087679157896693,2.5583509216816083,2.6365430448902316,2.642164423206623,0.37092127358769805,2.695989880352783,2.732169381079394,2.749545575094913,0.36461762663947267,2.742599169482231,2.7775349364881228,2.796381749234378,0.39085312973689057,2.558505801586307,2.6988475895659576,2.7363087072276358,0.3829710141675256,2.6111636729837815,2.775248992517062,2.883262230690922,0.3881532557743943,2.576301976406011,3.143254259582168,3.3985448105602316,0.38404102932753476,2.6038884484582923,2.639232806164273,2.659066260073132,9.00887431167756,0.19703180559263084,0.3212983075377453,1.066149430364894,28.57635838848786,0.348357040416062,0.4606398742310827,0.6336090595182632,0.4059072014147933,2.463617291130807,1.291236949583042,1.0083588190949246
I25,up,0.28645186406118056,3.490987930127134,3.501089558975866,3.543373215199371,0.30121701621785857,3.31986556588403,3.324683123035998,3.3408621325983243,0.4823777901250085,2.073063935511727,2.255006101791211,2.600275349083989,0.5056939002312218,1.9774808427445203,2.503539738540862,2.6773043084943593,0.40569337155188684,2.464915796318608,2.575279088704238,2.576447956594759,0.5577815258459957,1.7928166381690123,1.9953165063640705,2.3495116767542843,0.35961428353459407,2.7807571773043946,2.812881055583148,2.8348149008788823,0.37936922945507884,2.6359544273962,2.6414287507732297,2.6422531154429407,0.3775939950033196,2.648347201578798,2.7254113877599067,2.7481554612759385,0.36955516025615703,2.7059559912702893,2.7693991130383973,2.7957117303580823,0.36617042768298075,2.730968763173223,2.7318755358151066,2.7373489900342065,0.3500151641669043,2.8570190733883494,2.863093080261652,2.896445399278179,0.4302564277844368,2.324195376114197,3.0723136331765026,3.4020141642553803,0.3856210365599971,2.59321952173741,2.6399137887458437,2.658807118989671,8.931131224179406,0.2051160455728162,0.3153161686881722,1.101383376958981,24.795600676627863,0.4665107561109412,0.4878376718781857,0.7275126241056127,0.3915906643436305,2.553687028459073,1.5049652528576027,0.9606278301181949
I25,down,0.28645186406118056,3.490987930127134,3.501089558975866,3.543373215199371,0.30121701621785857,3.31986556588403,3.324683123035998,3.3408621325983243,0.4823777901250085,2.073063935511727,2.255006101791211,2.600275349083989,0.5056939002312218,1.9774808427445203,2.503539738540862,2.6773043084943593,0.406215686981569,2.4617463875671852,2.575287380067211,2.5764479572108794,0.5587453305494964,1.7897241289095929,1.9874569079249413,2.3260484920061435,0.35961428353459407,2.7807571773043946,2.812881055583148,2.8348149008788823,0.37936922945507884,2.6359544273962,2.6414287507732297,2.6422531154429407,0.3775939950033196,2.648347201578798,2.7254113877599067,2.7481554612759385,0.36955516025615703,2.7059559912702893,2.7693991130383973,2.7957117303580823,0.36617042768298075,2.730968763173223,2.7318755358151066,2.7373489900342065,0.34996972723194114,2.8573900031566266,2.865259943534104,2.899750313063933,0.4302564277844368,2.324195376114197,3.0723136331765026,3.4020141642553803,0.3856210365599971,2.59321952173741,2.6399137887458437,2.658807118989671,8.931131224179406,0.2051160455728162,0.3153161686881722,1.101383376958981,24.795600676627863,0.4665107561109412,0.4878376718781857,0.7275126241056127,0.3954911173821554,2.5285017944757513,1.0074677528302676,1.5104736517516941
