dataset,reference_id,reference_file,distorted_file,distortion_type,distortion_level,raw_metric_type,raw_metric_value,mos,native_jod,aligned_jod_distortion,aligned_jod_quality
RAID,1,img_01.png,rot_img_01_level_01.png,rotation,1,MLDS_psi,0.0,5.4356243992662,0.0,0.0,-0.0
RAID,1,img_01.png,rot_img_01_level_02.png,rotation,2,MLDS_psi,0.1139236,5.16712431010986,0.76526944975805,0.76526944975805,-0.76526944975805
RAID,1,img_01.png,rot_img_01_level_03.png,rotation,3,MLDS_psi,0.1854712,4.99849761869459,1.2458832765890142,1.2458832765890142,-1.2458832765890142
RAID,1,img_01.png,rot_img_01_level_04.png,rotation,4,MLDS_psi,0.34635,4.6193315150174,2.3265690835832604,2.3265690835832604,-2.3265690835832604
RAID,1,img_01.png,rot_img_01_level_05.png,rotation,5,MLDS_psi,0.417098,4.4525894923311,2.801811294316357,2.801811294316357,-2.801811294316357
RAID,1,img_01.png,rot_img_01_level_06.png,rotation,6,MLDS_psi,0.5548205,4.12799898598835,3.72694766565276,3.72694766565276,-3.72694766565276
RAID,1,img_01.png,rot_img_01_level_07.png,rotation,7,MLDS_psi,0.6558334,3.88992762798407,4.405490222996219,4.405490222996219,-4.405490222996219
RAID,1,img_01.png,rot_img_01_level_08.png,rotation,8,MLDS_psi,0.7881048,3.57818455844075,5.294009284739971,5.294009284739971,-5.294009284739971
RAID,1,img_01.png,rot_img_01_level_09.png,rotation,9,MLDS_psi,0.8539165,3.42307638967051,5.73609309685619,5.73609309685619,-5.73609309685619
RAID,1,img_01.png,rot_img_01_level_10.png,rotation,10,MLDS_psi,1.0,3.07878037677519,6.717393405434022,6.717393405434022,-6.717393405434022
RAID,2,img_02.png,rot_img_02_level_01.png,rotation,1,MLDS_psi,0.0,5.4356243992662,0.0,0.0,-0.0
RAID,2,img_02.png,rot_img_02_level_02.png,rotation,2,MLDS_psi,0.03787288,5.37051513138401,0.1855721305825814,0.1855721305825814,-0.1855721305825814
RAID,2,img_02.png,rot_img_02_level_03.png,rotation,3,MLDS_psi,0.152223,5.17392978953747,0.7458727131935631,0.7458727131935631,-0.7458727131935631
RAID,2,img_02.png,rot_img_02_level_04.png,rotation,4,MLDS_psi,0.2446505,5.01503277651199,1.1987553550887111,1.1987553550887111,-1.1987553550887111
RAID,2,img_02.png,rot_img_02_level_05.png,rotation,5,MLDS_psi,0.3890724,4.76674932401589,1.906404062665428,1.906404062665428,-1.906404062665428
RAID,2,img_02.png,rot_img_02_level_06.png,rotation,6,MLDS_psi,0.49332,4.58753179413223,2.417203522404945,2.417203522404945,-2.417203522404945
RAID,2,img_02.png,rot_img_02_level_07.png,rotation,7,MLDS_psi,0.64588,4.32525744238742,3.1647285957710327,3.1647285957710327,-3.1647285957710327
RAID,2,img_02.png,rot_img_02_level_08.png,rotation,8,MLDS_psi,0.7434033,4.15760042086194,3.64257870380648,3.64257870380648,-3.64257870380648
RAID,2,img_02.png,rot_img_02_level_09.png,rotation,9,MLDS_psi,0.874687,3.931903134709,4.285853119576128,4.285853119576128,-4.285853119576128
RAID,2,img_02.png,rot_img_02_level_10.png,rotation,10,MLDS_psi,1.0,3.71647110557281,4.899869863165786,4.899869863165786,-4.899869863165786
RAID,3,img_03.png,rot_img_03_level_01.png,rotation,1,MLDS_psi,0.0,5.4356243992662,0.0,0.0,-0.0
RAID,3,img_03.png,rot_img_03_level_02.png,rotation,2,MLDS_psi,0.1140353,5.31935785319215,0.3313787940217367,0.3313787940217367,-0.3313787940217367
RAID,3,img_03.png,rot_img_03_level_03.png,rotation,3,MLDS_psi,0.3017437,5.12797671679559,0.8768465344774571,0.8768465344774571,-0.8768465344774571
RAID,3,img_03.png,rot_img_03_level_04.png,rotation,4,MLDS_psi,0.3697524,5.05863738691205,1.0744750380407042,1.0744750380407042,-1.0744750380407042
RAID,3,img_03.png,rot_img_03_level_05.png,rotation,5,MLDS_psi,0.5653545,4.8592079019995,1.642881896541587,1.642881896541587,-1.642881896541587
RAID,3,img_03.png,rot_img_03_level_06.png,rotation,6,MLDS_psi,0.6692613,4.75326830643983,1.9448271817602192,1.9448271817602192,-1.9448271817602192
RAID,3,img_03.png,rot_img_03_level_07.png,rotation,7,MLDS_psi,0.7230474,4.69842975747763,2.101126072839517,2.101126072839517,-2.101126072839517
RAID,3,img_03.png,rot_img_03_level_08.png,rotation,8,MLDS_psi,0.8203215,4.59925251831898,2.383797529217577,2.383797529217577,-2.383797529217577
RAID,3,img_03.png,rot_img_03_level_09.png,rotation,9,MLDS_psi,0.82315,4.59636863340458,2.392017075916971,2.392017075916971,-2.392017075916971
RAID,3,img_03.png,rot_img_03_level_10.png,rotation,10,MLDS_psi,1.0,4.41605820269025,2.9059314829175684,2.9059314829175684,-2.9059314829175684
RAID,4,img_04.png,rot_img_04_level_01.png,rotation,1,MLDS_psi,0.0,5.4356243992662,0.0,0.0,-0.0
RAID,4,img_04.png,rot_img_04_level_02.png,rotation,2,MLDS_psi,0.174229,5.04392015856775,1.116421561307774,1.116421561307774,-1.116421561307774
RAID,4,img_04.png,rot_img_04_level_03.png,rotation,3,MLDS_psi,0.2738267,4.8200034008552,1.7546211779436989,1.7546211779436989,-1.7546211779436989
RAID,4,img_04.png,rot_img_04_level_04.png,rotation,4,MLDS_psi,0.4527904,4.41765463898216,2.901381376708975,2.901381376708975,-2.901381376708975
RAID,4,img_04.png,rot_img_04_level_05.png,rotation,5,MLDS_psi,0.5300549,4.2439473892028,3.396475631147861,3.396475631147861,-3.396475631147861
RAID,4,img_04.png,rot_img_04_level_06.png,rotation,6,MLDS_psi,0.6178269,4.04661714778963,3.958899300135743,3.958899300135743,-3.958899300135743
RAID,4,img_04.png,rot_img_04_level_07.png,rotation,7,MLDS_psi,0.7448958,3.76093932090341,4.773128129914616,4.773128129914616,-4.773128129914616
RAID,4,img_04.png,rot_img_04_level_08.png,rotation,8,MLDS_psi,0.7469838,3.75624468501732,4.786508614936629,4.786508614936629,-4.786508614936629
RAID,4,img_04.png,rot_img_04_level_09.png,rotation,9,MLDS_psi,0.8325225,3.56393523314127,5.334622207311495,5.334622207311495,-5.334622207311495
RAID,4,img_04.png,rot_img_04_level_10.png,rotation,10,MLDS_psi,1.0,3.18741034981994,6.407780101541279,6.407780101541279,-6.407780101541279
RAID,5,img_05.png,rot_img_05_level_01.png,rotation,1,MLDS_psi,0.0,5.4356243992662,0.0,0.0,-0.0
RAID,5,img_05.png,rot_img_05_level_02.png,rotation,2,MLDS_psi,0.1272727,5.31195962721693,0.3524649558142108,0.3524649558142108,-0.3524649558142108
RAID,5,img_05.png,rot_img_05_level_03.png,rotation,3,MLDS_psi,0.202252,5.23910584869366,0.5601102164861255,0.5601102164861255,-0.5601102164861255
RAID,5,img_05.png,rot_img_05_level_04.png,rotation,4,MLDS_psi,0.2954605,5.14853958610356,0.8182389722594869,0.8182389722594869,-0.8182389722594869
RAID,5,img_05.png,rot_img_05_level_05.png,rotation,5,MLDS_psi,0.1972463,5.24396964752603,0.5462475892226544,0.5462475892226544,-0.5462475892226544
RAID,5,img_05.png,rot_img_05_level_06.png,rotation,6,MLDS_psi,0.5082414,4.94179063065879,1.407507526576962,1.407507526576962,-1.407507526576962
RAID,5,img_05.png,rot_img_05_level_07.png,rotation,7,MLDS_psi,0.5513894,4.89986578958875,1.5270002245409708,1.5270002245409708,-1.5270002245409708
RAID,5,img_05.png,rot_img_05_level_08.png,rotation,8,MLDS_psi,0.6847736,4.77026262825686,1.8963905672816417,1.8963905672816417,-1.8963905672816417
RAID,5,img_05.png,rot_img_05_level_09.png,rotation,9,MLDS_psi,0.9163268,4.54527330880098,2.5376471614319027,2.5376471614319027,-2.5376471614319027
RAID,5,img_05.png,rot_img_05_level_10.png,rotation,10,MLDS_psi,1.0,4.4639720986978,2.7693689925710174,2.7693689925710174,-2.7693689925710174
RAID,6,img_06.png,rot_img_06_level_01.png,rotation,1,MLDS_psi,0.0,5.4356243992662,0.0,0.0,-0.0
RAID,6,img_06.png,rot_img_06_level_02.png,rotation,2,MLDS_psi,0.1273373,5.22314268219153,0.6056078685869598,0.6056078685869598,-0.6056078685869598
RAID,6,img_06.png,rot_img_06_level_03.png,rotation,3,MLDS_psi,0.07906796,5.30368739268594,0.3760421858542179,0.3760421858542179,-0.3760421858542179
RAID,6,img_06.png,rot_img_06_level_04.png,rotation,4,MLDS_psi,0.1826956,5.13076889375357,0.8688883705491846,0.8688883705491846,-0.8688883705491846
RAID,6,img_06.png,rot_img_06_level_05.png,rotation,5,MLDS_psi,0.426649,4.72369548153563,2.0291146004844816,2.0291146004844816,-2.0291146004844816
RAID,6,img_06.png,rot_img_06_level_06.png,rotation,6,MLDS_psi,0.3959727,4.7748833984038,1.883220611774656,1.883220611774656,-1.883220611774656
RAID,6,img_06.png,rot_img_06_level_07.png,rotation,7,MLDS_psi,0.6223018,4.39721879793827,2.959626887465186,2.959626887465186,-2.959626887465186
RAID,6,img_06.png,rot_img_06_level_08.png,rotation,8,MLDS_psi,0.7545425,4.17655478567274,3.588555644168573,3.588555644168573,-3.588555644168573
RAID,6,img_06.png,rot_img_06_level_09.png,rotation,9,MLDS_psi,0.8618937,3.99742308569724,4.099110474542036,4.099110474542036,-4.099110474542036
RAID,6,img_06.png,rot_img_06_level_10.png,rotation,10,MLDS_psi,1.0,3.76697134281312,4.755935874588825,4.755935874588825,-4.755935874588825
RAID,7,img_07.png,rot_img_07_level_01.png,rotation,1,MLDS_psi,0.0,5.4356243992662,0.0,0.0,-0.0
RAID,7,img_07.png,rot_img_07_level_02.png,rotation,2,MLDS_psi,0.09682067,5.32429348905675,0.31731141939189,0.31731141939189,-0.31731141939189
RAID,7,img_07.png,rot_img_07_level_03.png,rotation,3,MLDS_psi,0.09693222,5.32416521235764,0.3176770290989735,0.3176770290989735,-0.3176770290989735
RAID,7,img_07.png,rot_img_07_level_04.png,rotation,4,MLDS_psi,0.1707032,5.2393383697176,0.5594474932944534,0.5594474932944534,-0.5594474932944534
RAID,7,img_07.png,rot_img_07_level_05.png,rotation,5,MLDS_psi,0.291016,5.10099465466488,0.953749852852452,0.953749852852452,-0.953749852852452
RAID,7,img_07.png,rot_img_07_level_06.png,rotation,6,MLDS_psi,0.4880948,4.87438002885708,1.5996388376344342,1.5996388376344342,-1.5996388376344342
RAID,7,img_07.png,rot_img_07_level_07.png,rotation,7,MLDS_psi,0.5418786,4.81253619884469,1.7759039327903468,1.7759039327903468,-1.7759039327903468
RAID,7,img_07.png,rot_img_07_level_08.png,rotation,8,MLDS_psi,0.6286358,4.71277687685429,2.060234421050914,2.060234421050914,-2.060234421050914
RAID,7,img_07.png,rot_img_07_level_09.png,rotation,9,MLDS_psi,0.7617134,4.5597551551244,2.496371515668707,2.496371515668707,-2.496371515668707
RAID,7,img_07.png,rot_img_07_level_10.png,rotation,10,MLDS_psi,1.0,4.28575747828653,3.277309995233255,3.277309995233255,-3.277309995233255
RAID,8,img_08.png,rot_img_08_level_01.png,rotation,1,MLDS_psi,0.0,5.4356243992662,0.0,0.0,-0.0
RAID,8,img_08.png,rot_img_08_level_02.png,rotation,2,MLDS_psi,0.1579175,5.09813282543597,0.9619065372177824,0.9619065372177824,-0.9619065372177824
RAID,8,img_08.png,rot_img_08_level_03.png,rotation,3,MLDS_psi,0.2334086,4.93679798292792,1.421737394409957,1.421737394409957,-1.421737394409957
RAID,8,img_08.png,rot_img_08_level_04.png,rotation,4,MLDS_psi,0.325144,4.74074650311018,1.9805163823640863,1.9805163823640863,-1.9805163823640863
RAID,8,img_08.png,rot_img_08_level_05.png,rotation,5,MLDS_psi,0.4724199,4.42599782623723,2.8776019197263634,2.8776019197263634,-2.8776019197263634
RAID,8,img_08.png,rot_img_08_level_06.png,rotation,6,MLDS_psi,0.60225,4.14853314129069,3.6684219430772513,3.6684219430772513,-3.6684219430772513
RAID,8,img_08.png,rot_img_08_level_07.png,rotation,7,MLDS_psi,0.6794095,3.98363256027051,4.138415741956838,4.138415741956838,-4.138415741956838
RAID,8,img_08.png,rot_img_08_level_08.png,rotation,8,MLDS_psi,0.7927656,3.74137478347273,4.8288902819548305,4.8288902819548305,-4.8288902819548305
RAID,8,img_08.png,rot_img_08_level_09.png,rotation,9,MLDS_psi,0.8728245,3.57027780326417,5.3165448384612555,5.3165448384612555,-5.3165448384612555
RAID,8,img_08.png,rot_img_08_level_10.png,rotation,10,MLDS_psi,1.0,3.29848621515682,6.091195602017122,6.091195602017122,-6.091195602017122
RAID,9,img_09.png,rot_img_09_level_01.png,rotation,1,MLDS_psi,0.0,5.4356243992662,0.0,0.0,-0.0
RAID,9,img_09.png,rot_img_09_level_02.png,rotation,2,MLDS_psi,0.1023224,5.26596051843339,0.4835699873944426,0.4835699873944426,-0.4835699873944426
RAID,9,img_09.png,rot_img_09_level_03.png,rotation,3,MLDS_psi,0.1786125,5.13946174685271,0.8441123083552938,0.8441123083552938,-0.8441123083552938
RAID,9,img_09.png,rot_img_09_level_04.png,rotation,4,MLDS_psi,0.3069946,4.92658760503427,1.4508386520558942,1.4508386520558942,-1.4508386520558942
RAID,9,img_09.png,rot_img_09_level_05.png,rotation,5,MLDS_psi,0.4263845,4.72862367880819,2.0150684270663595,2.0150684270663595,-2.0150684270663595
RAID,9,img_09.png,rot_img_09_level_06.png,rotation,6,MLDS_psi,0.5327838,4.55219952229941,2.5179063128925008,2.5179063128925008,-2.5179063128925008
RAID,9,img_09.png,rot_img_09_level_07.png,rotation,7,MLDS_psi,0.6377615,4.37813334744954,3.0140235628621563,3.0140235628621563,-3.0140235628621563
RAID,9,img_09.png,rot_img_09_level_08.png,rotation,8,MLDS_psi,0.7271408,4.22993058492727,3.436425830527713,3.436425830527713,-3.436425830527713
RAID,9,img_09.png,rot_img_09_level_09.png,rotation,9,MLDS_psi,0.8858032,3.96684787150191,4.186254867741359,4.186254867741359,-4.186254867741359
RAID,9,img_09.png,rot_img_09_level_10.png,rotation,10,MLDS_psi,1.0,3.77749460973563,4.725942831708457,4.725942831708457,-4.725942831708457
RAID,10,img_10.png,rot_img_10_level_01.png,rotation,1,MLDS_psi,0.0,5.4356243992662,0.0,0.0,-0.0
RAID,10,img_10.png,rot_img_10_level_02.png,rotation,2,MLDS_psi,0.1861442,5.03593724885447,1.1391741679938483,1.1391741679938483,-1.1391741679938483
RAID,10,img_10.png,rot_img_10_level_03.png,rotation,3,MLDS_psi,0.2952371,4.80169354062754,1.8068072934328776,1.8068072934328776,-1.8068072934328776
RAID,10,img_10.png,rot_img_10_level_04.png,rotation,4,MLDS_psi,0.3842877,4.61048479230108,2.351783699513385,2.351783699513385,-2.351783699513385
RAID,10,img_10.png,rot_img_10_level_05.png,rotation,5,MLDS_psi,0.4186979,4.53659980644478,2.5623680708232652,2.5623680708232652,-2.5623680708232652
RAID,10,img_10.png,rot_img_10_level_06.png,rotation,6,MLDS_psi,0.5034448,4.35463207823094,3.081006048492021,3.081006048492021,-3.081006048492021
RAID,10,img_10.png,rot_img_10_level_07.png,rotation,7,MLDS_psi,0.6160053,4.11294285955211,3.7698601042651863,3.7698601042651863,-3.7698601042651863
RAID,10,img_10.png,rot_img_10_level_08.png,rotation,8,MLDS_psi,0.7175942,3.89481213003066,4.391568588164451,4.391568588164451,-4.391568588164451
RAID,10,img_10.png,rot_img_10_level_09.png,rotation,9,MLDS_psi,0.8221575,3.67029461497907,5.031480462102528,5.031480462102528,-5.031480462102528
RAID,10,img_10.png,rot_img_10_level_10.png,rotation,10,MLDS_psi,1.0,3.28843267191355,6.11984985509418,6.11984985509418,-6.11984985509418
RAID,11,img_11.png,rot_img_11_level_01.png,rotation,1,MLDS_psi,0.0,5.4356243992662,0.0,0.0,-0.0
RAID,11,img_11.png,rot_img_11_level_02.png,rotation,2,MLDS_psi,0.02568962,5.39551177087719,0.1143275935291566,0.1143275935291566,-0.1143275935291566
RAID,11,img_11.png,rot_img_11_level_03.png,rotation,3,MLDS_psi,0.07520743,5.31819301129301,0.3346987851696363,0.3346987851696363,-0.3346987851696363
RAID,11,img_11.png,rot_img_11_level_04.png,rotation,4,MLDS_psi,0.2000136,5.12331646489089,0.8901290194928271,0.8901290194928271,-0.8901290194928271
RAID,11,img_11.png,rot_img_11_level_05.png,rotation,5,MLDS_psi,0.3277279,4.92389915221985,1.4585011851017968,1.4585011851017968,-1.4585011851017968
RAID,11,img_11.png,rot_img_11_level_06.png,rotation,6,MLDS_psi,0.4427352,4.7443227492838,1.97032349211186,1.97032349211186,-1.97032349211186
RAID,11,img_11.png,rot_img_11_level_07.png,rotation,7,MLDS_psi,0.5758179,4.53652333979932,2.5625860133493856,2.5625860133493856,-2.5625860133493856
RAID,11,img_11.png,rot_img_11_level_08.png,rotation,8,MLDS_psi,0.7458415,4.27104259075791,3.3192498467903415,3.3192498467903415,-3.3192498467903415
RAID,11,img_11.png,rot_img_11_level_09.png,rotation,9,MLDS_psi,0.8268757,4.14451318050091,3.679879493021863,3.679879493021863,-3.679879493021863
RAID,11,img_11.png,rot_img_11_level_10.png,rotation,10,MLDS_psi,1.0,3.87419110445763,4.4503419053104505,4.4503419053104505,-4.4503419053104505
RAID,12,img_12.png,rot_img_12_level_01.png,rotation,1,MLDS_psi,0.0,5.4356243992662,0.0,0.0,-0.0
RAID,12,img_12.png,rot_img_12_level_02.png,rotation,2,MLDS_psi,0.1079535,5.27543848111069,0.4565562336721613,0.4565562336721613,-0.4565562336721613
RAID,12,img_12.png,rot_img_12_level_03.png,rotation,3,MLDS_psi,0.1380951,5.2307131922006,0.5840306689397167,0.5840306689397167,-0.5840306689397167
RAID,12,img_12.png,rot_img_12_level_04.png,rotation,4,MLDS_psi,0.2345436,5.08759899883384,0.9919296769231865,0.9919296769231865,-0.9919296769231865
RAID,12,img_12.png,rot_img_12_level_05.png,rotation,5,MLDS_psi,0.3868035,4.86166939972947,1.6358662228436185,1.6358662228436185,-1.6358662228436185
RAID,12,img_12.png,rot_img_12_level_06.png,rotation,6,MLDS_psi,0.5359811,4.64031354638599,2.2667668404976182,2.2667668404976182,-2.2667668404976182
RAID,12,img_12.png,rot_img_12_level_07.png,rotation,7,MLDS_psi,0.607628,4.53400098086174,2.5697751515069194,2.5697751515069194,-2.5697751515069194
RAID,12,img_12.png,rot_img_12_level_08.png,rotation,8,MLDS_psi,0.7055436,4.38870967286074,2.9838792945555004,2.9838792945555004,-2.9838792945555004
RAID,12,img_12.png,rot_img_12_level_09.png,rotation,9,MLDS_psi,0.9356551,4.04726061201025,3.957065321191452,3.957065321191452,-3.957065321191452
RAID,12,img_12.png,rot_img_12_level_10.png,rotation,10,MLDS_psi,1.0,3.95178342216548,4.22919102798928,4.22919102798928,-4.22919102798928
RAID,13,img_13.png,rot_img_13_level_01.png,rotation,1,MLDS_psi,0.0,5.4356243992662,0.0,0.0,-0.0
RAID,13,img_13.png,rot_img_13_level_02.png,rotation,2,MLDS_psi,0.05596567,5.34659594853983,0.2537457388347934,0.2537457388347934,-0.2537457388347934
RAID,13,img_13.png,rot_img_13_level_03.png,rotation,3,MLDS_psi,0.1690591,5.1666905309558,0.7665057917480617,0.7665057917480617,-0.7665057917480617
RAID,13,img_13.png,rot_img_13_level_04.png,rotation,4,MLDS_psi,0.2247461,5.0781054307187,1.0189879087120228,1.0189879087120228,-1.0189879087120228
RAID,13,img_13.png,rot_img_13_level_05.png,rotation,5,MLDS_psi,0.396914,4.80422630319036,1.7995885032309735,1.7995885032309735,-1.7995885032309735
RAID,13,img_13.png,rot_img_13_level_06.png,rotation,6,MLDS_psi,0.5939578,4.49077495838388,2.6929764306602975,2.6929764306602975,-2.6929764306602975
RAID,13,img_13.png,rot_img_13_level_07.png,rotation,7,MLDS_psi,0.6350195,4.42545527718137,2.879148273840265,2.879148273840265,-2.879148273840265
RAID,13,img_13.png,rot_img_13_level_08.png,rotation,8,MLDS_psi,0.7940609,4.17245731787498,3.600234101843742,3.600234101843742,-3.600234101843742
RAID,13,img_13.png,rot_img_13_level_09.png,rotation,9,MLDS_psi,0.91535,3.97951428522229,4.150153503720747,4.150153503720747,-4.150153503720747
RAID,13,img_13.png,rot_img_13_level_10.png,rotation,10,MLDS_psi,1.0,3.84485600239,4.5339517748208555,4.5339517748208555,-4.5339517748208555
RAID,14,img_14.png,rot_img_14_level_01.png,rotation,1,MLDS_psi,0.0,5.4356243992662,0.0,0.0,-0.0
RAID,14,img_14.png,rot_img_14_level_02.png,rotation,2,MLDS_psi,0.2144053,5.08743628613521,0.9923934348971348,0.9923934348971348,-0.9923934348971348
RAID,14,img_14.png,rot_img_14_level_03.png,rotation,3,MLDS_psi,0.4108473,4.76842014622821,1.901641944339588,1.901641944339588,-1.901641944339588
RAID,14,img_14.png,rot_img_14_level_04.png,rotation,4,MLDS_psi,0.4678721,4.67581331658504,2.165586652095703,2.165586652095703,-2.165586652095703
RAID,14,img_14.png,rot_img_14_level_05.png,rotation,5,MLDS_psi,0.6719923,4.34432780761957,3.110374915838398,3.110374915838398,-3.110374915838398
RAID,14,img_14.png,rot_img_14_level_06.png,rotation,6,MLDS_psi,0.6908329,4.31373126599251,3.197580095728679,3.197580095728679,-3.197580095728679
RAID,14,img_14.png,rot_img_14_level_07.png,rotation,7,MLDS_psi,0.7934896,4.14701941381938,3.6727363155331023,3.6727363155331023,-3.6727363155331023
RAID,14,img_14.png,rot_img_14_level_08.png,rotation,8,MLDS_psi,0.8181103,4.10703620132645,3.7866950524563174,3.7866950524563174,-3.7866950524563174
RAID,14,img_14.png,rot_img_14_level_09.png,rotation,9,MLDS_psi,0.9034073,3.96851661298918,4.181498679824393,4.181498679824393,-4.181498679824393
RAID,14,img_14.png,rot_img_14_level_10.png,rotation,10,MLDS_psi,1.0,3.81165283246098,4.628586274428068,4.628586274428068,-4.628586274428068
RAID,15,img_15.png,rot_img_15_level_01.png,rotation,1,MLDS_psi,0.0,5.4356243992662,0.0,0.0,-0.0
RAID,15,img_15.png,rot_img_15_level_02.png,rotation,2,MLDS_psi,0.08182729,5.294393470139,0.402531394911592,0.402531394911592,-0.402531394911592
RAID,15,img_15.png,rot_img_15_level_03.png,rotation,3,MLDS_psi,0.1724086,5.13805351214126,0.8481260090812321,0.8481260090812321,-0.8481260090812321
RAID,15,img_15.png,rot_img_15_level_04.png,rotation,4,MLDS_psi,0.2550502,4.99541710526329,1.2546632469270045,1.2546632469270045,-1.2546632469270045
RAID,15,img_15.png,rot_img_15_level_05.png,rotation,5,MLDS_psi,0.3528818,4.82656340674546,1.7359240813661243,1.7359240813661243,-1.7359240813661243
RAID,15,img_15.png,rot_img_15_level_06.png,rotation,6,MLDS_psi,0.497252,4.57738565862439,2.446121678676896,2.446121678676896,-2.446121678676896
RAID,15,img_15.png,rot_img_15_level_07.png,rotation,7,MLDS_psi,0.6570582,4.30156578682707,3.2322537138128697,3.2322537138128697,-3.2322537138128697
RAID,15,img_15.png,rot_img_15_level_08.png,rotation,8,MLDS_psi,0.7625617,4.11947061420414,3.7512549290251593,3.7512549290251593,-3.7512549290251593
RAID,15,img_15.png,rot_img_15_level_09.png,rotation,9,MLDS_psi,0.9181067,3.85100558526484,4.516424451393682,4.516424451393682,-4.516424451393682
RAID,15,img_15.png,rot_img_15_level_10.png,rotation,10,MLDS_psi,1.0,3.70966089249572,4.919280091410462,4.919280091410462,-4.919280091410462
RAID,16,img_16.png,rot_img_16_level_01.png,rotation,1,MLDS_psi,0.0,5.4356243992662,0.0,0.0,-0.0
RAID,16,img_16.png,rot_img_16_level_02.png,rotation,2,MLDS_psi,0.1256808,5.11661663427751,0.9092246395467356,0.9092246395467356,-0.9092246395467356
RAID,16,img_16.png,rot_img_16_level_03.png,rotation,3,MLDS_psi,0.2800775,4.72472127898354,2.0261909089095886,2.0261909089095886,-2.0261909089095886
RAID,16,img_16.png,rot_img_16_level_04.png,rotation,4,MLDS_psi,0.3374489,4.57909913570015,2.441237986969139,2.441237986969139,-2.441237986969139
RAID,16,img_16.png,rot_img_16_level_05.png,rotation,5,MLDS_psi,0.4246869,4.357668376255,3.072352099342604,3.072352099342604,-3.072352099342604
RAID,16,img_16.png,rot_img_16_level_06.png,rotation,6,MLDS_psi,0.5577739,4.01986162459835,4.035156945244578,4.035156945244578,-4.035156945244578
RAID,16,img_16.png,rot_img_16_level_07.png,rotation,7,MLDS_psi,0.7558605,3.51707106291967,5.468192806381102,5.468192806381102,-5.468192806381102
RAID,16,img_16.png,rot_img_16_level_08.png,rotation,8,MLDS_psi,0.8082554,3.38408048121212,5.8472378547686805,5.8472378547686805,-5.8472378547686805
RAID,16,img_16.png,rot_img_16_level_09.png,rotation,9,MLDS_psi,0.9592453,3.00083225508439,6.939558382672649,6.939558382672649,-6.939558382672649
RAID,16,img_16.png,rot_img_16_level_10.png,rotation,10,MLDS_psi,1.0,2.89738692867418,7.234394590253547,7.234394590253547,-7.234394590253547
RAID,17,img_17.png,rot_img_17_level_01.png,rotation,1,MLDS_psi,0.0,5.4356243992662,0.0,0.0,-0.0
RAID,17,img_17.png,rot_img_17_level_02.png,rotation,2,MLDS_psi,0.06890345,5.33961303528388,0.2736481910160126,0.2736481910160126,-0.2736481910160126
RAID,17,img_17.png,rot_img_17_level_03.png,rotation,3,MLDS_psi,0.1346494,5.24800141643044,0.534756384207683,0.534756384207683,-0.534756384207683
RAID,17,img_17.png,rot_img_17_level_04.png,rotation,4,MLDS_psi,0.1921766,5.16784200419651,0.7632239034771778,0.7632239034771778,-0.7632239034771778
RAID,17,img_17.png,rot_img_17_level_05.png,rotation,5,MLDS_psi,0.4127147,4.8605400862105,1.6390849522599942,1.6390849522599942,-1.6390849522599942
RAID,17,img_17.png,rot_img_17_level_06.png,rotation,6,MLDS_psi,0.4490469,4.80991396510488,1.7833777305738336,1.7833777305738336,-1.7833777305738336
RAID,17,img_17.png,rot_img_17_level_07.png,rotation,7,MLDS_psi,0.5862914,4.61867504626524,2.3284401275830144,2.3284401275830144,-2.3284401275830144
RAID,17,img_17.png,rot_img_17_level_08.png,rotation,8,MLDS_psi,0.7479053,4.3934792148485,2.9702853148140225,2.9702853148140225,-2.9702853148140225
RAID,17,img_17.png,rot_img_17_level_09.png,rotation,9,MLDS_psi,0.8855635,4.20166393517099,3.5169904350813073,3.5169904350813073,-3.5169904350813073
RAID,17,img_17.png,rot_img_17_level_10.png,rotation,10,MLDS_psi,1.0,4.04220601069111,3.97147176694867,3.97147176694867,-3.97147176694867
RAID,18,img_18.png,rot_img_18_level_01.png,rotation,1,MLDS_psi,0.0,5.4356243992662,0.0,0.0,-0.0
RAID,18,img_18.png,rot_img_18_level_02.png,rotation,2,MLDS_psi,0.09663401,5.28855625611177,0.4191684157065526,0.4191684157065526,-0.4191684157065526
RAID,18,img_18.png,rot_img_18_level_03.png,rotation,3,MLDS_psi,0.181436,5.15949538374511,0.7870131456344313,0.7870131456344313,-0.7870131456344313
RAID,18,img_18.png,rot_img_18_level_04.png,rotation,4,MLDS_psi,0.2465891,5.06033832761941,1.069627077046413,1.069627077046413,-1.069627077046413
RAID,18,img_18.png,rot_img_18_level_05.png,rotation,5,MLDS_psi,0.4739996,4.71424066692448,2.056062378408039,2.056062378408039,-2.056062378408039
RAID,18,img_18.png,rot_img_18_level_06.png,rotation,6,MLDS_psi,0.4860075,4.69596513866009,2.1081506421507967,2.1081506421507967,-2.1081506421507967
RAID,18,img_18.png,rot_img_18_level_07.png,rotation,7,MLDS_psi,0.612148,4.50399120369779,2.6553079560947257,2.6553079560947257,-2.6553079560947257
RAID,18,img_18.png,rot_img_18_level_08.png,rotation,8,MLDS_psi,0.7234713,4.33456712642659,3.1381944638664376,3.1381944638664376,-3.1381944638664376
RAID,18,img_18.png,rot_img_18_level_09.png,rotation,9,MLDS_psi,0.8168582,4.19244112140252,3.5432769724154123,3.5432769724154123,-3.5432769724154123
RAID,18,img_18.png,rot_img_18_level_10.png,rotation,10,MLDS_psi,1.0,3.91371603725908,4.33768934094174,4.33768934094174,-4.33768934094174
RAID,19,img_19.png,rot_img_19_level_01.png,rotation,1,MLDS_psi,0.0,5.4356243992662,0.0,0.0,-0.0
RAID,19,img_19.png,rot_img_19_level_02.png,rotation,2,MLDS_psi,0.09968784,5.31688902090639,0.3384153724109861,0.3384153724109861,-0.3384153724109861
RAID,19,img_19.png,rot_img_19_level_03.png,rotation,3,MLDS_psi,0.160691,5.24422984219309,0.5455059915929579,0.5455059915929579,-0.5455059915929579
RAID,19,img_19.png,rot_img_19_level_04.png,rotation,4,MLDS_psi,0.2504802,5.13728447616408,0.8503178882010708,0.8503178882010708,-0.8503178882010708
RAID,19,img_19.png,rot_img_19_level_05.png,rotation,5,MLDS_psi,0.4553014,4.89332763131148,1.5456350518253676,1.5456350518253676,-1.5456350518253676
RAID,19,img_19.png,rot_img_19_level_06.png,rotation,6,MLDS_psi,0.5687155,4.75824332002593,1.930647574142432,1.930647574142432,-1.930647574142432
RAID,19,img_19.png,rot_img_19_level_07.png,rotation,7,MLDS_psi,0.586539,4.73701420255808,1.991154053281864,1.991154053281864,-1.991154053281864
RAID,19,img_19.png,rot_img_19_level_08.png,rotation,8,MLDS_psi,0.7892611,4.49555750490319,2.679345385863358,2.679345385863358,-2.679345385863358
RAID,19,img_19.png,rot_img_19_level_09.png,rotation,9,MLDS_psi,0.8931139,4.37186152197822,3.0318992978106785,3.0318992978106785,-3.0318992978106785
RAID,19,img_19.png,rot_img_19_level_10.png,rotation,10,MLDS_psi,1.0,4.24455236001006,3.394751364767739,3.394751364767739,-3.394751364767739
RAID,20,img_20.png,rot_img_20_level_01.png,rotation,1,MLDS_psi,0.0,5.4356243992662,0.0,0.0,-0.0
RAID,20,img_20.png,rot_img_20_level_02.png,rotation,2,MLDS_psi,0.172719,5.1507242433661,0.8120123394622072,0.8120123394622072,-0.8120123394622072
RAID,20,img_20.png,rot_img_20_level_03.png,rotation,3,MLDS_psi,0.1540456,5.18152604851899,0.7242221247365038,0.7242221247365038,-0.7242221247365038
RAID,20,img_20.png,rot_img_20_level_04.png,rotation,4,MLDS_psi,0.3201471,4.90754158428517,1.505122946204702,1.505122946204702,-1.505122946204702
RAID,20,img_20.png,rot_img_20_level_05.png,rotation,5,MLDS_psi,0.3664635,4.83114256239147,1.72287273403662,1.72287273403662,-1.72287273403662
RAID,20,img_20.png,rot_img_20_level_06.png,rotation,6,MLDS_psi,0.5843901,4.47167234191352,2.747422031930479,2.747422031930479,-2.747422031930479
RAID,20,img_20.png,rot_img_20_level_07.png,rotation,7,MLDS_psi,0.632457,4.39238579383658,2.9734017446773215,2.9734017446773215,-2.9734017446773215
RAID,20,img_20.png,rot_img_20_level_08.png,rotation,8,MLDS_psi,0.8033086,4.11056615136778,3.7766341138015385,3.7766341138015385,-3.7766341138015385
RAID,20,img_20.png,rot_img_20_level_09.png,rotation,9,MLDS_psi,0.8247874,4.07513660563904,3.8776141509039546,3.8776141509039546,-3.8776141509039546
RAID,20,img_20.png,rot_img_20_level_10.png,rotation,10,MLDS_psi,1.0,3.78612337650334,4.701349426107886,4.701349426107886,-4.701349426107886
RAID,21,img_21.png,rot_img_21_level_01.png,rotation,1,MLDS_psi,0.0,5.4356243992662,0.0,0.0,-0.0
RAID,21,img_21.png,rot_img_21_level_02.png,rotation,2,MLDS_psi,0.05436919,5.30901051157232,0.3608704208318064,0.3608704208318064,-0.3608704208318064
RAID,21,img_21.png,rot_img_21_level_03.png,rotation,3,MLDS_psi,0.1287179,5.13586880286059,0.8543527901387338,0.8543527901387338,-0.8543527901387338
RAID,21,img_21.png,rot_img_21_level_04.png,rotation,4,MLDS_psi,0.2801493,4.78321826275869,1.8594648764275408,1.8594648764275408,-1.8594648764275408
RAID,21,img_21.png,rot_img_21_level_05.png,rotation,5,MLDS_psi,0.3943843,4.51719028303006,2.6176884074023645,2.6176884074023645,-2.6176884074023645
RAID,21,img_21.png,rot_img_21_level_06.png,rotation,6,MLDS_psi,0.5075569,4.25363576520042,3.3688621648281947,3.3688621648281947,-3.3688621648281947
RAID,21,img_21.png,rot_img_21_level_07.png,rotation,7,MLDS_psi,0.6111585,4.0123704942498,4.056507899793278,4.056507899793278,-4.056507899793278
RAID,21,img_21.png,rot_img_21_level_08.png,rotation,8,MLDS_psi,0.7609953,3.66343342413834,5.051035985364617,5.051035985364617,-5.051035985364617
RAID,21,img_21.png,rot_img_21_level_09.png,rotation,9,MLDS_psi,0.8408614,3.47744313422842,5.581138925989077,5.581138925989077,-5.581138925989077
RAID,21,img_21.png,rot_img_21_level_10.png,rotation,10,MLDS_psi,1.0,3.10684467602069,6.637405533143426,6.637405533143426,-6.637405533143426
RAID,22,img_22.png,rot_img_22_level_01.png,rotation,1,MLDS_psi,0.0,5.4356243992662,0.0,0.0,-0.0
RAID,22,img_22.png,rot_img_22_level_02.png,rotation,2,MLDS_psi,0.06643689,5.31220869000499,0.3517550858719903,0.3517550858719903,-0.3517550858719903
RAID,22,img_22.png,rot_img_22_level_03.png,rotation,3,MLDS_psi,0.2391036,4.99145628908296,1.2659522249993715,1.2659522249993715,-1.2659522249993715
RAID,22,img_22.png,rot_img_22_level_04.png,rotation,4,MLDS_psi,0.364883,4.75780376685987,1.9319003730170692,1.9319003730170692,-1.9319003730170692
RAID,22,img_22.png,rot_img_22_level_05.png,rotation,5,MLDS_psi,0.4551954,4.59003594672565,2.410066275325059,2.410066275325059,-2.410066275325059
RAID,22,img_22.png,rot_img_22_level_06.png,rotation,6,MLDS_psi,0.5282269,4.45437007278961,2.7967363469224127,2.7967363469224127,-2.7967363469224127
RAID,22,img_22.png,rot_img_22_level_07.png,rotation,7,MLDS_psi,0.6589823,4.21147351340257,3.489031522444729,3.489031522444729,-3.489031522444729
RAID,22,img_22.png,rot_img_22_level_08.png,rotation,8,MLDS_psi,0.7863318,3.97490443888184,4.163292324581144,4.163292324581144,-4.163292324581144
RAID,22,img_22.png,rot_img_22_level_09.png,rotation,9,MLDS_psi,0.8926736,3.77735988278888,4.726326825683049,4.726326825683049,-4.726326825683049
RAID,22,img_22.png,rot_img_22_level_10.png,rotation,10,MLDS_psi,1.0,3.57798584919881,5.29457563878744,5.29457563878744,-5.29457563878744
RAID,23,img_23.png,rot_img_23_level_01.png,rotation,1,MLDS_psi,0.0,5.4356243992662,0.0,0.0,-0.0
RAID,23,img_23.png,rot_img_23_level_02.png,rotation,2,MLDS_psi,0.0697058,5.36705722644741,0.1954277288300974,0.1954277288300974,-0.1954277288300974
RAID,23,img_23.png,rot_img_23_level_03.png,rotation,3,MLDS_psi,0.2880313,5.152297999755,0.8075268747103402,0.8075268747103402,-0.8075268747103402
RAID,23,img_23.png,rot_img_23_level_04.png,rotation,4,MLDS_psi,0.2853988,5.1548874100572,0.8001466291268412,0.8001466291268412,-0.8001466291268412
RAID,23,img_23.png,rot_img_23_level_05.png,rotation,5,MLDS_psi,0.4718739,4.97145838864323,1.322949532947823,1.322949532947823,-1.322949532947823
RAID,23,img_23.png,rot_img_23_level_06.png,rotation,6,MLDS_psi,0.4697443,4.97355321060189,1.316978945553679,1.316978945553679,-1.316978945553679
RAID,23,img_23.png,rot_img_23_level_07.png,rotation,7,MLDS_psi,0.5769891,4.8680603467097,1.6176509719870589,1.6176509719870589,-1.6176509719870589
RAID,23,img_23.png,rot_img_23_level_08.png,rotation,8,MLDS_psi,0.6879361,4.75892527765991,1.928703882633971,1.928703882633971,-1.928703882633971
RAID,23,img_23.png,rot_img_23_level_09.png,rotation,9,MLDS_psi,0.8928229,4.55738520929647,2.5031262513762185,2.5031262513762185,-2.5031262513762185
RAID,23,img_23.png,rot_img_23_level_10.png,rotation,10,MLDS_psi,1.0,4.45195903264202,2.803608208205186,2.803608208205186,-2.803608208205186
RAID,24,img_24.png,rot_img_24_level_01.png,rotation,1,MLDS_psi,0.0,5.4356243992662,0.0,0.0,-0.0
RAID,24,img_24.png,rot_img_24_level_02.png,rotation,2,MLDS_psi,0.05623417,5.33760284681649,0.2793775590292057,0.2793775590292057,-0.2793775590292057
RAID,24,img_24.png,rot_img_24_level_03.png,rotation,3,MLDS_psi,0.201561,5.08428414374419,1.0013775595606134,1.0013775595606134,-1.0013775595606134
RAID,24,img_24.png,rot_img_24_level_04.png,rotation,4,MLDS_psi,0.3111078,4.89333387348662,1.5456172605987455,1.5456172605987455,-1.5456172605987455
RAID,24,img_24.png,rot_img_24_level_05.png,rotation,5,MLDS_psi,0.4029625,4.73322208116089,2.00196222345477,2.00196222345477,-2.00196222345477
RAID,24,img_24.png,rot_img_24_level_06.png,rotation,6,MLDS_psi,0.4856808,4.58903615834082,2.4129158367890264,2.4129158367890264,-2.4129158367890264
RAID,24,img_24.png,rot_img_24_level_07.png,rotation,7,MLDS_psi,0.6435489,4.31385714985782,3.1972213059918015,3.1972213059918015,-3.1972213059918015
RAID,24,img_24.png,rot_img_24_level_08.png,rotation,8,MLDS_psi,0.7383027,4.14869179657548,3.667969749400607,3.667969749400607,-3.667969749400607
RAID,24,img_24.png,rot_img_24_level_09.png,rotation,9,MLDS_psi,0.8279966,3.99234715694638,4.113577706990214,4.113577706990214,-4.113577706990214
RAID,24,img_24.png,rot_img_24_level_10.png,rotation,10,MLDS_psi,1.0,3.6925282024631,4.968111078079162,4.968111078079162,-4.968111078079162
RAID,1,img_01.png,trans_img_01_level_01.png,translation,1,MLDS_psi,0.0,5.4356243992662,0.0,0.0,-0.0
RAID,1,img_01.png,trans_img_01_level_02.png,translation,2,MLDS_psi,0.02153664,5.39591792320445,0.1131699925429696,0.1131699925429696,-0.1131699925429696
RAID,1,img_01.png,trans_img_01_level_03.png,translation,3,MLDS_psi,0.1301747,5.19562514547011,0.6840373776856843,0.6840373776856843,-0.6840373776856843
RAID,1,img_01.png,trans_img_01_level_04.png,translation,4,MLDS_psi,0.3114363,4.86143843924931,1.636524498228635,1.636524498228635,-1.636524498228635
RAID,1,img_01.png,trans_img_01_level_05.png,translation,5,MLDS_psi,0.4204806,4.6603967045345,2.209526534045554,2.209526534045554,-2.209526534045554
RAID,1,img_01.png,trans_img_01_level_06.png,translation,6,MLDS_psi,0.4951613,4.52270992639708,2.601956515261802,2.601956515261802,-2.601956515261802
RAID,1,img_01.png,trans_img_01_level_07.png,translation,7,MLDS_psi,0.6474649,4.24191191992609,3.402277053628874,3.402277053628874,-3.402277053628874
RAID,1,img_01.png,trans_img_01_level_08.png,translation,8,MLDS_psi,0.7857293,3.98699813303317,4.128823305603107,4.128823305603107,-4.128823305603107
RAID,1,img_01.png,trans_img_01_level_09.png,translation,9,MLDS_psi,0.9011705,3.77416284875498,4.735438898917986,4.735438898917986,-4.735438898917986
RAID,1,img_01.png,trans_img_01_level_10.png,translation,10,MLDS_psi,1.0,3.59195323625449,5.254766286618346,5.254766286618346,-5.254766286618346
RAID,2,img_02.png,trans_img_02_level_01.png,translation,1,MLDS_psi,0.0,5.4356243992662,0.0,0.0,-0.0
RAID,2,img_02.png,trans_img_02_level_02.png,translation,2,MLDS_psi,0.09836368,5.27555531382205,0.4562232412138849,0.4562232412138849,-0.4562232412138849
RAID,2,img_02.png,trans_img_02_level_03.png,translation,3,MLDS_psi,0.2517748,5.02590654156858,1.1677633348335137,1.1677633348335137,-1.1677633348335137
RAID,2,img_02.png,trans_img_02_level_04.png,translation,4,MLDS_psi,0.3341256,4.89189557229825,1.5497166557329136,1.5497166557329136,-1.5497166557329136
RAID,2,img_02.png,trans_img_02_level_05.png,translation,5,MLDS_psi,0.4483687,4.70598539030262,2.0795912756157233,2.0795912756157233,-2.0795912756157233
RAID,2,img_02.png,trans_img_02_level_06.png,translation,6,MLDS_psi,0.5265256,4.57879951129346,2.4420919658469984,2.4420919658469984,-2.4420919658469984
RAID,2,img_02.png,trans_img_02_level_07.png,translation,7,MLDS_psi,0.6979405,4.29985282993257,3.237135922918409,3.237135922918409,-3.237135922918409
RAID,2,img_02.png,trans_img_02_level_08.png,translation,8,MLDS_psi,0.7692834,4.18375513469604,3.5680334642600187,3.5680334642600187,-3.5680334642600187
RAID,2,img_02.png,trans_img_02_level_09.png,translation,9,MLDS_psi,0.9425073,3.90186474757566,4.371467467285953,4.371467467285953,-4.371467467285953
RAID,2,img_02.png,trans_img_02_level_10.png,translation,10,MLDS_psi,1.0,3.80830546604247,4.638126819704151,4.638126819704151,-4.638126819704151
RAID,3,img_03.png,trans_img_03_level_01.png,translation,1,MLDS_psi,0.0,5.4356243992662,0.0,0.0,-0.0
RAID,3,img_03.png,trans_img_03_level_02.png,translation,2,MLDS_psi,0.1155973,5.17527289755497,0.7420446342653816,0.7420446342653816,-0.7420446342653816
RAID,3,img_03.png,trans_img_03_level_03.png,translation,3,MLDS_psi,0.2230873,4.93318090252527,1.4320466689363358,1.4320466689363358,-1.4320466689363358
RAID,3,img_03.png,trans_img_03_level_04.png,translation,4,MLDS_psi,0.2874226,4.78828326770306,1.845028778625952,1.845028778625952,-1.845028778625952
RAID,3,img_03.png,trans_img_03_level_05.png,translation,5,MLDS_psi,0.3886604,4.56027273547971,2.494896326461294,2.494896326461294,-2.494896326461294
RAID,3,img_03.png,trans_img_03_level_06.png,translation,6,MLDS_psi,0.4873995,4.33788952414453,3.128725083496842,3.128725083496842,-3.128725083496842
RAID,3,img_03.png,trans_img_03_level_07.png,translation,7,MLDS_psi,0.6085322,4.06507109822675,3.9063025038320385,3.9063025038320385,-3.9063025038320385
RAID,3,img_03.png,trans_img_03_level_08.png,translation,8,MLDS_psi,0.7424294,3.76350433470444,4.765817418375165,4.765817418375165,-4.765817418375165
RAID,3,img_03.png,trans_img_03_level_09.png,translation,9,MLDS_psi,0.8354028,3.55410640820302,5.362635976230158,5.362635976230158,-5.362635976230158
RAID,3,img_03.png,trans_img_03_level_10.png,translation,10,MLDS_psi,1.0,3.18339611102404,6.419221342861486,6.419221342861486,-6.419221342861486
RAID,4,img_04.png,trans_img_04_level_01.png,translation,1,MLDS_psi,0.0,5.4356243992662,0.0,0.0,-0.0
RAID,4,img_04.png,trans_img_04_level_02.png,translation,2,MLDS_psi,0.07432761,5.3220330413844,0.3237540673324061,0.3237540673324061,-0.3237540673324061
RAID,4,img_04.png,trans_img_04_level_03.png,translation,3,MLDS_psi,0.219606,5.10001099189916,0.956553453647646,0.956553453647646,-0.956553453647646
RAID,4,img_04.png,trans_img_04_level_04.png,translation,4,MLDS_psi,0.3188191,4.94838814161801,1.3887035343794336,1.3887035343794336,-1.3887035343794336
RAID,4,img_04.png,trans_img_04_level_05.png,translation,5,MLDS_psi,0.4040042,4.81820409387127,1.7597494990175095,1.7597494990175095,-1.7597494990175095
RAID,4,img_04.png,trans_img_04_level_06.png,translation,6,MLDS_psi,0.5453842,4.60213952432096,2.3755690869048705,2.3755690869048705,-2.3755690869048705
RAID,4,img_04.png,trans_img_04_level_07.png,translation,7,MLDS_psi,0.653264,4.43727171472026,2.8454694818446917,2.8454694818446917,-2.8454694818446917
RAID,4,img_04.png,trans_img_04_level_08.png,translation,8,MLDS_psi,0.7524971,4.28561858988968,3.277705850025596,3.277705850025596,-3.277705850025596
RAID,4,img_04.png,trans_img_04_level_09.png,translation,9,MLDS_psi,0.8084406,4.20012263809282,3.52138338545474,3.52138338545474,-3.52138338545474
RAID,4,img_04.png,trans_img_04_level_10.png,translation,10,MLDS_psi,1.0,3.90737138641114,4.355772640200852,4.355772640200852,-4.355772640200852
RAID,5,img_05.png,trans_img_05_level_01.png,translation,1,MLDS_psi,0.0,5.4356243992662,0.0,0.0,-0.0
RAID,5,img_05.png,trans_img_05_level_02.png,translation,2,MLDS_psi,0.1093946,5.25815722730975,0.505810651534467,0.505810651534467,-0.505810651534467
RAID,5,img_05.png,trans_img_05_level_03.png,translation,3,MLDS_psi,0.2400655,5.04617436406497,1.10999670459388,1.10999670459388,-1.10999670459388
RAID,5,img_05.png,trans_img_05_level_04.png,translation,4,MLDS_psi,0.3830284,4.81425071628298,1.7710172758781524,1.7710172758781524,-1.7710172758781524
RAID,5,img_05.png,trans_img_05_level_05.png,translation,5,MLDS_psi,0.3897273,4.80338308936528,1.8019918014271712,1.8019918014271712,-1.8019918014271712
RAID,5,img_05.png,trans_img_05_level_06.png,translation,6,MLDS_psi,0.5948178,4.47067203334743,2.750273075996666,2.750273075996666,-2.750273075996666
RAID,5,img_05.png,trans_img_05_level_07.png,translation,7,MLDS_psi,0.6662489,4.35479177387826,3.0805508896109397,3.0805508896109397,-3.0805508896109397
RAID,5,img_05.png,trans_img_05_level_08.png,translation,8,MLDS_psi,0.7580161,4.20592057843481,3.5048583011272765,3.5048583011272765,-3.5048583011272765
RAID,5,img_05.png,trans_img_05_level_09.png,translation,9,MLDS_psi,0.9604752,3.87747865003105,4.440971859289495,4.440971859289495,-4.440971859289495
RAID,5,img_05.png,trans_img_05_level_10.png,translation,10,MLDS_psi,1.0,3.81335850681782,4.623724821753588,4.623724821753588,-4.623724821753588
RAID,6,img_06.png,trans_img_06_level_01.png,translation,1,MLDS_psi,0.0,5.4356243992662,0.0,0.0,-0.0
RAID,6,img_06.png,trans_img_06_level_02.png,translation,2,MLDS_psi,0.1112544,5.23595048117881,0.5691035332833586,0.5691035332833586,-0.5691035332833586
RAID,6,img_06.png,trans_img_06_level_03.png,translation,3,MLDS_psi,0.2528186,4.98187813949468,1.2932515279089372,1.2932515279089372,-1.2932515279089372
RAID,6,img_06.png,trans_img_06_level_04.png,translation,4,MLDS_psi,0.3337771,4.83657793639411,1.7073810234554547,1.7073810234554547,-1.7073810234554547
RAID,6,img_06.png,trans_img_06_level_05.png,translation,5,MLDS_psi,0.4268796,4.6694821904499,2.1836314036971354,2.1836314036971354,-2.1836314036971354
RAID,6,img_06.png,trans_img_06_level_06.png,translation,6,MLDS_psi,0.5175363,4.50677573399122,2.6473715864190654,2.6473715864190654,-2.6473715864190654
RAID,6,img_06.png,trans_img_06_level_07.png,translation,7,MLDS_psi,0.5588132,4.43269411961803,2.858516381367541,2.858516381367541,-2.858516381367541
RAID,6,img_06.png,trans_img_06_level_08.png,translation,8,MLDS_psi,0.7537363,4.08285557538018,3.8556138165835505,3.8556138165835505,-3.8556138165835505
RAID,6,img_06.png,trans_img_06_level_09.png,translation,9,MLDS_psi,0.7577866,4.07558656243034,3.8763316999849473,3.8763316999849473,-3.8763316999849473
RAID,6,img_06.png,trans_img_06_level_10.png,translation,10,MLDS_psi,1.0,3.64087368300327,5.115334960978987,5.115334960978987,-5.115334960978987
RAID,7,img_07.png,trans_img_07_level_01.png,translation,1,MLDS_psi,0.0,5.4356243992662,0.0,0.0,-0.0
RAID,7,img_07.png,trans_img_07_level_02.png,translation,2,MLDS_psi,0.1469724,5.23133288413756,0.582264444916811,0.582264444916811,-0.582264444916811
RAID,7,img_07.png,trans_img_07_level_03.png,translation,3,MLDS_psi,0.1895417,5.17216153737486,0.7509125229149292,0.7509125229149292,-0.7509125229149292
RAID,7,img_07.png,trans_img_07_level_04.png,translation,4,MLDS_psi,0.3243153,4.9848264748674,1.2848482867946691,1.2848482867946691,-1.2848482867946691
RAID,7,img_07.png,trans_img_07_level_05.png,translation,5,MLDS_psi,0.4472688,4.81392144154438,1.7719557630824665,1.7719557630824665,-1.7719557630824665
RAID,7,img_07.png,trans_img_07_level_06.png,translation,6,MLDS_psi,0.5935478,4.61059351018476,2.3514738356497173,2.3514738356497173,-2.3514738356497173
RAID,7,img_07.png,trans_img_07_level_07.png,translation,7,MLDS_psi,0.6960866,4.46806436468294,2.7577053609180338,2.7577053609180338,-2.7577053609180338
RAID,7,img_07.png,trans_img_07_level_08.png,translation,8,MLDS_psi,0.8390904,4.26928957990626,3.324246216266706,3.324246216266706,-3.324246216266706
RAID,7,img_07.png,trans_img_07_level_09.png,translation,9,MLDS_psi,0.8927076,4.1947616500106,3.5366630839186586,3.5366630839186586,-3.5366630839186586
RAID,7,img_07.png,trans_img_07_level_10.png,translation,10,MLDS_psi,1.0,4.04562516212372,3.961726622566433,3.961726622566433,-3.961726622566433
RAID,8,img_08.png,trans_img_08_level_01.png,translation,1,MLDS_psi,0.0,5.4356243992662,0.0,0.0,-0.0
RAID,8,img_08.png,trans_img_08_level_02.png,translation,2,MLDS_psi,0.09895837,5.23397181569587,0.5747430556021103,0.5747430556021103,-0.5747430556021103
RAID,8,img_08.png,trans_img_08_level_03.png,translation,3,MLDS_psi,0.2475096,4.93126127761552,1.437517915903287,1.437517915903287,-1.437517915903287
RAID,8,img_08.png,trans_img_08_level_04.png,translation,4,MLDS_psi,0.3252541,4.7728370053206,1.8890531689022572,1.8890531689022572,-1.8890531689022572
RAID,8,img_08.png,trans_img_08_level_05.png,translation,5,MLDS_psi,0.4296264,4.56015257360827,2.495238807573769,2.495238807573769,-2.495238807573769
RAID,8,img_08.png,trans_img_08_level_06.png,translation,6,MLDS_psi,0.4970521,4.42275553643357,2.886842979354309,2.886842979354309,-2.886842979354309
RAID,8,img_08.png,trans_img_08_level_07.png,translation,7,MLDS_psi,0.6591226,4.09249609470173,3.828136749667986,3.828136749667986,-3.828136749667986
RAID,8,img_08.png,trans_img_08_level_08.png,translation,8,MLDS_psi,0.7717342,3.86302177240819,4.482176340146203,4.482176340146203,-4.482176340146203
RAID,8,img_08.png,trans_img_08_level_09.png,translation,9,MLDS_psi,0.8319225,3.74037291436286,4.831745773827672,4.831745773827672,-4.831745773827672
RAID,8,img_08.png,trans_img_08_level_10.png,translation,10,MLDS_psi,1.0,3.39787256718264,5.807928139547223,5.807928139547223,-5.807928139547223
RAID,9,img_09.png,trans_img_09_level_01.png,translation,1,MLDS_psi,0.0,5.4356243992662,0.0,0.0,-0.0
RAID,9,img_09.png,trans_img_09_level_02.png,translation,2,MLDS_psi,0.1466932,5.11360379642835,0.917811723336098,0.917811723336098,-0.917811723336098
RAID,9,img_09.png,trans_img_09_level_03.png,translation,3,MLDS_psi,0.1639532,5.07571462562218,1.0258020967684964,1.0258020967684964,-1.0258020967684964
RAID,9,img_09.png,trans_img_09_level_04.png,translation,4,MLDS_psi,0.3126528,4.74928943996972,1.9561676061295687,1.9561676061295687,-1.9561676061295687
RAID,9,img_09.png,trans_img_09_level_05.png,translation,5,MLDS_psi,0.4367104,4.47695842389407,2.732355828186025,2.732355828186025,-2.732355828186025
RAID,9,img_09.png,trans_img_09_level_06.png,translation,6,MLDS_psi,0.5880008,4.14484609650835,3.678930627602019,3.678930627602019,-3.678930627602019
RAID,9,img_09.png,trans_img_09_level_07.png,translation,7,MLDS_psi,0.6381787,4.03469563363589,3.9928775777794545,3.9928775777794545,-3.9928775777794545
RAID,9,img_09.png,trans_img_09_level_08.png,translation,8,MLDS_psi,0.814157,3.64838822150859,5.093917289330455,5.093917289330455,-5.093917289330455
RAID,9,img_09.png,trans_img_09_level_09.png,translation,9,MLDS_psi,0.9067451,3.44513935770073,5.6732100063604936,5.6732100063604936,-5.6732100063604936
RAID,9,img_09.png,trans_img_09_level_10.png,translation,10,MLDS_psi,1.0,3.24042618364143,6.256676248635625,6.256676248635625,-6.256676248635625
RAID,10,img_10.png,trans_img_10_level_01.png,translation,1,MLDS_psi,0.0,5.4356243992662,0.0,0.0,-0.0
RAID,10,img_10.png,trans_img_10_level_02.png,translation,2,MLDS_psi,0.1615445,5.19304790740943,0.6913829303772703,0.6913829303772703,-0.6913829303772703
RAID,10,img_10.png,trans_img_10_level_03.png,translation,3,MLDS_psi,0.1777447,5.16872147465553,0.7607172679063503,0.7607172679063503,-0.7607172679063503
RAID,10,img_10.png,trans_img_10_level_04.png,translation,4,MLDS_psi,0.3124467,4.96645185207267,1.337218986260052,1.337218986260052,-1.337218986260052
RAID,10,img_10.png,trans_img_10_level_05.png,translation,5,MLDS_psi,0.5267189,4.64469919460268,2.2542670211933977,2.2542670211933977,-2.2542670211933977
RAID,10,img_10.png,trans_img_10_level_06.png,translation,6,MLDS_psi,0.5988983,4.53631370675089,2.5631835020434437,2.5631835020434437,-2.5631835020434437
RAID,10,img_10.png,trans_img_10_level_07.png,translation,7,MLDS_psi,0.6533263,4.4545843874694,2.796125514808388,2.796125514808388,-2.796125514808388
RAID,10,img_10.png,trans_img_10_level_08.png,translation,8,MLDS_psi,0.8156946,4.21077074851812,3.49103451804193,3.49103451804193,-3.49103451804193
RAID,10,img_10.png,trans_img_10_level_09.png,translation,9,MLDS_psi,0.8885268,4.10140523916944,3.8027442214716407,3.8027442214716407,-3.8027442214716407
RAID,10,img_10.png,trans_img_10_level_10.png,translation,10,MLDS_psi,1.0,3.93401611099369,4.279830789364558,4.279830789364558,-4.279830789364558
RAID,11,img_11.png,trans_img_11_level_01.png,translation,1,MLDS_psi,0.0,5.4356243992662,0.0,0.0,-0.0
RAID,11,img_11.png,trans_img_11_level_02.png,translation,2,MLDS_psi,0.1329762,5.20242734775577,0.664649981515174,0.664649981515174,-0.664649981515174
RAID,11,img_11.png,trans_img_11_level_03.png,translation,3,MLDS_psi,0.2195632,5.05058185989465,1.097434615996482,1.097434615996482,-1.097434615996482
RAID,11,img_11.png,trans_img_11_level_04.png,translation,4,MLDS_psi,0.3577562,4.80823638053616,1.788159122728514,1.788159122728514,-1.788159122728514
RAID,11,img_11.png,trans_img_11_level_05.png,translation,5,MLDS_psi,0.514303,4.53370395736135,2.570621717373686,2.570621717373686,-2.570621717373686
RAID,11,img_11.png,trans_img_11_level_06.png,translation,6,MLDS_psi,0.5459669,4.47817616822752,2.7288850563925036,2.7288850563925036,-2.7288850563925036
RAID,11,img_11.png,trans_img_11_level_07.png,translation,7,MLDS_psi,0.6928231,4.22063806686974,3.462911036559097,3.462911036559097,-3.462911036559097
RAID,11,img_11.png,trans_img_11_level_08.png,translation,8,MLDS_psi,0.8264293,3.98633594228713,4.130710658227265,4.130710658227265,-4.130710658227265
RAID,11,img_11.png,trans_img_11_level_09.png,translation,9,MLDS_psi,0.9191848,3.82367318105443,4.59432630236284,4.59432630236284,-4.59432630236284
RAID,11,img_11.png,trans_img_11_level_10.png,translation,10,MLDS_psi,1.0,3.6819492761456,4.99826275939691,4.99826275939691,-4.99826275939691
RAID,12,img_12.png,trans_img_12_level_01.png,translation,1,MLDS_psi,0.0,5.4356243992662,0.0,0.0,-0.0
RAID,12,img_12.png,trans_img_12_level_02.png,translation,2,MLDS_psi,0.223711,5.00295734072294,1.2331723347288783,1.2331723347288783,-1.2331723347288783
RAID,12,img_12.png,trans_img_12_level_03.png,translation,3,MLDS_psi,0.249685,4.95272255198043,1.3763497513937355,1.3763497513937355,-1.3763497513937355
RAID,12,img_12.png,trans_img_12_level_04.png,translation,4,MLDS_psi,0.4499809,4.5653413816929,2.480449850444175,2.480449850444175,-2.480449850444175
RAID,12,img_12.png,trans_img_12_level_05.png,translation,5,MLDS_psi,0.4821926,4.5030423930766,2.6580122225412803,2.6580122225412803,-2.6580122225412803
RAID,12,img_12.png,trans_img_12_level_06.png,translation,6,MLDS_psi,0.6429025,4.19222212509138,3.5439011479494025,3.5439011479494025,-3.5439011479494025
RAID,12,img_12.png,trans_img_12_level_07.png,translation,7,MLDS_psi,0.7285426,4.02659068939863,4.015978002945991,4.015978002945991,-4.015978002945991
RAID,12,img_12.png,trans_img_12_level_08.png,translation,8,MLDS_psi,0.7885618,3.910510680325,4.34682513581217,4.34682513581217,-4.34682513581217
RAID,12,img_12.png,trans_img_12_level_09.png,translation,9,MLDS_psi,0.9713317,3.55702566544321,5.354315612579905,5.354315612579905,-5.354315612579905
RAID,12,img_12.png,trans_img_12_level_10.png,translation,10,MLDS_psi,1.0,3.50158006494871,5.512344700448199,5.512344700448199,-5.512344700448199
RAID,13,img_13.png,trans_img_13_level_01.png,translation,1,MLDS_psi,0.0,5.4356243992662,0.0,0.0,-0.0
RAID,13,img_13.png,trans_img_13_level_02.png,translation,2,MLDS_psi,0.1251812,5.27577337380692,0.4556017343638874,0.4556017343638874,-0.4556017343638874
RAID,13,img_13.png,trans_img_13_level_03.png,translation,3,MLDS_psi,0.2595342,5.10421046724232,0.9445842576774284,0.9445842576774284,-0.9445842576774284
RAID,13,img_13.png,trans_img_13_level_04.png,translation,4,MLDS_psi,0.2787133,5.07971950115537,1.0143875422882218,1.0143875422882218,-1.0143875422882218
RAID,13,img_13.png,trans_img_13_level_05.png,translation,5,MLDS_psi,0.3921241,4.93489895719613,1.4271499303290551,1.4271499303290551,-1.4271499303290551
RAID,13,img_13.png,trans_img_13_level_06.png,translation,6,MLDS_psi,0.6096227,4.65716273763103,2.2187438720380035,2.2187438720380035,-2.2187438720380035
RAID,13,img_13.png,trans_img_13_level_07.png,translation,7,MLDS_psi,0.7384959,4.49259715334333,2.687782875088873,2.687782875088873,-2.687782875088873
RAID,13,img_13.png,trans_img_13_level_08.png,translation,8,MLDS_psi,0.7902687,4.42648523607937,2.8762127214476236,2.8762127214476236,-2.8762127214476236
RAID,13,img_13.png,trans_img_13_level_09.png,translation,9,MLDS_psi,0.8970003,4.29019410426686,3.2646648809116208,3.2646648809116208,-3.2646648809116208
RAID,13,img_13.png,trans_img_13_level_10.png,translation,10,MLDS_psi,1.0,4.15866783281077,3.6395364040541063,3.6395364040541063,-3.6395364040541063
RAID,14,img_14.png,trans_img_14_level_01.png,translation,1,MLDS_psi,0.0,5.4356243992662,0.0,0.0,-0.0
RAID,14,img_14.png,trans_img_14_level_02.png,translation,2,MLDS_psi,0.1172852,5.23438926115832,0.5735532673217595,0.5735532673217595,-0.5735532673217595
RAID,14,img_14.png,trans_img_14_level_03.png,translation,3,MLDS_psi,0.2186131,5.06053334357439,1.069071249474695,1.069071249474695,-1.069071249474695
RAID,14,img_14.png,trans_img_14_level_04.png,translation,4,MLDS_psi,0.2889778,4.93980327814879,1.413171808352763,1.413171808352763,-1.413171808352763
RAID,14,img_14.png,trans_img_14_level_05.png,translation,5,MLDS_psi,0.4368457,4.68609521940217,2.136281536644722,2.136281536644722,-2.136281536644722
RAID,14,img_14.png,trans_img_14_level_06.png,translation,6,MLDS_psi,0.5710959,4.45575167422047,2.792798555430062,2.792798555430062,-2.792798555430062
RAID,14,img_14.png,trans_img_14_level_07.png,translation,7,MLDS_psi,0.7000574,4.23448269114768,3.4234515785135713,3.4234515785135713,-3.4234515785135713
RAID,14,img_14.png,trans_img_14_level_08.png,translation,8,MLDS_psi,0.7727585,4.10974426497443,3.7789766253067776,3.7789766253067776,-3.7789766253067776
RAID,14,img_14.png,trans_img_14_level_09.png,translation,9,MLDS_psi,0.8805462,3.92480474121297,4.306084709449856,4.306084709449856,-4.306084709449856
RAID,14,img_14.png,trans_img_14_level_10.png,translation,10,MLDS_psi,1.0,3.71984864250449,4.890243326961029,4.890243326961029,-4.890243326961029
RAID,15,img_15.png,trans_img_15_level_01.png,translation,1,MLDS_psi,0.0,5.4356243992662,0.0,0.0,-0.0
RAID,15,img_15.png,trans_img_15_level_02.png,translation,2,MLDS_psi,0.1078788,5.27798653700259,0.4492938549650334,0.4492938549650334,-0.4492938549650334
RAID,15,img_15.png,trans_img_15_level_03.png,translation,3,MLDS_psi,0.2135726,5.12354154732279,0.8894874975128796,0.8894874975128796,-0.8894874975128796
RAID,15,img_15.png,trans_img_15_level_04.png,translation,4,MLDS_psi,0.3991019,4.85243670251703,1.6621809296198744,1.6621809296198744,-1.6621809296198744
RAID,15,img_15.png,trans_img_15_level_05.png,translation,5,MLDS_psi,0.4529201,4.7737951792045,1.88632221561577,1.88632221561577,-1.88632221561577
RAID,15,img_15.png,trans_img_15_level_06.png,translation,6,MLDS_psi,0.5089372,4.6919399760577,2.119623018117593,2.119623018117593,-2.119623018117593
RAID,15,img_15.png,trans_img_15_level_07.png,translation,7,MLDS_psi,0.6635042,4.46607935298861,2.7633629709838514,2.7633629709838514,-2.7633629709838514
RAID,15,img_15.png,trans_img_15_level_08.png,translation,8,MLDS_psi,0.7838174,4.29027161127485,3.2644439731810633,3.2644439731810633,-3.2644439731810633
RAID,15,img_15.png,trans_img_15_level_09.png,translation,9,MLDS_psi,0.8280941,4.22557198613618,3.448848554516572,3.448848554516572,-3.448848554516572
RAID,15,img_15.png,trans_img_15_level_10.png,translation,10,MLDS_psi,1.0,3.97437489435751,4.1648016136395825,4.1648016136395825,-4.1648016136395825
RAID,16,img_16.png,trans_img_16_level_01.png,translation,1,MLDS_psi,0.0,5.4356243992662,0.0,0.0,-0.0
RAID,16,img_16.png,trans_img_16_level_02.png,translation,2,MLDS_psi,0.1396535,5.13083995051391,0.8686858470861368,0.8686858470861368,-0.8686858470861368
RAID,16,img_16.png,trans_img_16_level_03.png,translation,3,MLDS_psi,0.2015417,4.99577306530062,1.2536487022288811,1.2536487022288811,-1.2536487022288811
RAID,16,img_16.png,trans_img_16_level_04.png,translation,4,MLDS_psi,0.3585909,4.65302365533234,2.2305409378906527,2.2305409378906527,-2.2305409378906527
RAID,16,img_16.png,trans_img_16_level_05.png,translation,5,MLDS_psi,0.4386888,4.47821518182214,2.7287738612261156,2.7287738612261156,-2.7287738612261156
RAID,16,img_16.png,trans_img_16_level_06.png,translation,6,MLDS_psi,0.5859386,4.15685240020773,3.6447106857966913,3.6447106857966913,-3.6447106857966913
RAID,16,img_16.png,trans_img_16_level_07.png,translation,7,MLDS_psi,0.6263471,4.06866399020074,3.89606217030882,3.89606217030882,-3.89606217030882
RAID,16,img_16.png,trans_img_16_level_08.png,translation,8,MLDS_psi,0.7849753,3.722468275338,4.8827769421886345,4.8827769421886345,-4.8827769421886345
RAID,16,img_16.png,trans_img_16_level_09.png,translation,9,MLDS_psi,0.8664578,3.54463858906032,5.389620819209179,5.389620819209179,-5.389620819209179
RAID,16,img_16.png,trans_img_16_level_10.png,translation,10,MLDS_psi,1.0,3.25319143180151,6.220293190193497,6.220293190193497,-6.220293190193497
RAID,17,img_17.png,trans_img_17_level_01.png,translation,1,MLDS_psi,0.0,5.4356243992662,0.0,0.0,-0.0
RAID,17,img_17.png,trans_img_17_level_02.png,translation,2,MLDS_psi,0.08103256,5.32844614808637,0.3054756576213379,0.3054756576213379,-0.3054756576213379
RAID,17,img_17.png,trans_img_17_level_03.png,translation,3,MLDS_psi,0.2515013,5.10297456858285,0.948106772288376,0.948106772288376,-0.948106772288376
RAID,17,img_17.png,trans_img_17_level_04.png,translation,4,MLDS_psi,0.3200898,5.0122556848106,1.206670523552647,1.206670523552647,-1.206670523552647
RAID,17,img_17.png,trans_img_17_level_05.png,translation,5,MLDS_psi,0.3867472,4.92409073497851,1.457955142704721,1.457955142704721,-1.457955142704721
RAID,17,img_17.png,trans_img_17_level_06.png,translation,6,MLDS_psi,0.4731582,4.8097984848648,1.7837068682663415,1.7837068682663415,-1.7837068682663415
RAID,17,img_17.png,trans_img_17_level_07.png,translation,7,MLDS_psi,0.6371135,4.59294219943431,2.401782976730268,2.401782976730268,-2.401782976730268
RAID,17,img_17.png,trans_img_17_level_08.png,translation,8,MLDS_psi,0.7554449,4.43643058162022,2.847866849632015,2.847866849632015,-2.847866849632015
RAID,17,img_17.png,trans_img_17_level_09.png,translation,9,MLDS_psi,0.8985878,4.24710176837324,3.3874851312948433,3.3874851312948433,-3.3874851312948433
RAID,17,img_17.png,trans_img_17_level_10.png,translation,10,MLDS_psi,1.0,4.11296782825267,3.769788939358698,3.769788939358698,-3.769788939358698
RAID,18,img_18.png,trans_img_18_level_01.png,translation,1,MLDS_psi,0.0,5.4356243992662,0.0,0.0,-0.0
RAID,18,img_18.png,trans_img_18_level_02.png,translation,2,MLDS_psi,0.08834369,5.25233806357229,0.5223962260324455,0.5223962260324455,-0.5223962260324455
RAID,18,img_18.png,trans_img_18_level_03.png,translation,3,MLDS_psi,0.1996118,5.02149051476621,1.1803497381072952,1.1803497381072952,-1.1803497381072952
RAID,18,img_18.png,trans_img_18_level_04.png,translation,4,MLDS_psi,0.2835389,4.84736701594131,1.67663037084143,1.67663037084143,-1.67663037084143
RAID,18,img_18.png,trans_img_18_level_05.png,translation,5,MLDS_psi,0.3846631,4.63756542878086,2.2745994280179835,2.2745994280179835,-2.2745994280179835
RAID,18,img_18.png,trans_img_18_level_06.png,translation,6,MLDS_psi,0.519913,4.35696249028299,3.074363990553116,3.074363990553116,-3.074363990553116
RAID,18,img_18.png,trans_img_18_level_07.png,translation,7,MLDS_psi,0.698535,3.98637651642554,4.1305950152542215,4.1305950152542215,-4.1305950152542215
RAID,18,img_18.png,trans_img_18_level_08.png,translation,8,MLDS_psi,0.7292839,3.92258148650082,4.312421351331748,4.312421351331748,-4.312421351331748
RAID,18,img_18.png,trans_img_18_level_09.png,translation,9,MLDS_psi,0.9078057,3.55220306496676,5.36806081774767,5.36806081774767,-5.36806081774767
RAID,18,img_18.png,trans_img_18_level_10.png,translation,10,MLDS_psi,1.0,3.36092773343881,5.9132269969121465,5.9132269969121465,-5.9132269969121465
RAID,19,img_19.png,trans_img_19_level_01.png,translation,1,MLDS_psi,0.0,5.4356243992662,0.0,0.0,-0.0
RAID,19,img_19.png,trans_img_19_level_02.png,translation,2,MLDS_psi,0.08314123,5.29407002143053,0.4034532769710588,0.4034532769710588,-0.4034532769710588
RAID,19,img_19.png,trans_img_19_level_03.png,translation,3,MLDS_psi,0.2472158,5.01472035564626,1.1996458059811457,1.1996458059811457,-1.1996458059811457
RAID,19,img_19.png,trans_img_19_level_04.png,translation,4,MLDS_psi,0.370997,4.80397349509721,1.8003090479091677,1.8003090479091677,-1.8003090479091677
RAID,19,img_19.png,trans_img_19_level_05.png,translation,5,MLDS_psi,0.4378868,4.69008813076634,2.124901082015473,2.124901082015473,-2.124901082015473
RAID,19,img_19.png,trans_img_19_level_06.png,translation,6,MLDS_psi,0.5934606,4.42521183235093,2.8798421316785254,2.8798421316785254,-2.8798421316785254
RAID,19,img_19.png,trans_img_19_level_07.png,translation,7,MLDS_psi,0.6545452,4.32121043217204,3.176263241031006,3.176263241031006,-3.176263241031006
RAID,19,img_19.png,trans_img_19_level_08.png,translation,8,MLDS_psi,0.7392608,4.17697561231339,3.587356218973802,3.587356218973802,-3.587356218973802
RAID,19,img_19.png,trans_img_19_level_09.png,translation,9,MLDS_psi,0.917435,3.87362046561364,4.451968319944151,4.451968319944151,-4.451968319944151
RAID,19,img_19.png,trans_img_19_level_10.png,translation,10,MLDS_psi,1.0,3.7330472016555,4.852625260870886,4.852625260870886,-4.852625260870886
RAID,20,img_20.png,trans_img_20_level_01.png,translation,1,MLDS_psi,0.0,5.4356243992662,0.0,0.0,-0.0
RAID,20,img_20.png,trans_img_20_level_02.png,translation,2,MLDS_psi,0.1365731,5.17692249637181,0.7373430061100565,0.7373430061100565,-0.7373430061100565
RAID,20,img_20.png,trans_img_20_level_03.png,translation,3,MLDS_psi,0.2119908,5.03406345191387,1.1445147977053494,1.1445147977053494,-1.1445147977053494
RAID,20,img_20.png,trans_img_20_level_04.png,translation,4,MLDS_psi,0.3682702,4.73803323764959,1.9882496355358117,1.9882496355358117,-1.9882496355358117
RAID,20,img_20.png,trans_img_20_level_05.png,translation,5,MLDS_psi,0.5368614,4.41868147679259,2.898454719929645,2.898454719929645,-2.898454719929645
RAID,20,img_20.png,trans_img_20_level_06.png,translation,6,MLDS_psi,0.6245868,4.25250853240649,3.3720749638356966,3.3720749638356966,-3.3720749638356966
RAID,20,img_20.png,trans_img_20_level_07.png,translation,7,MLDS_psi,0.7057794,4.09871070023427,3.810424100963499,3.810424100963499,-3.810424100963499
RAID,20,img_20.png,trans_img_20_level_08.png,translation,8,MLDS_psi,0.8243342,3.87413960651273,4.450488682930083,4.450488682930083,-4.450488682930083
RAID,20,img_20.png,trans_img_20_level_09.png,translation,9,MLDS_psi,0.9162268,3.70007343166286,4.946605932899738,4.946605932899738,-4.946605932899738
RAID,20,img_20.png,trans_img_20_level_10.png,translation,10,MLDS_psi,1.0,3.54138693599396,5.398888565677057,5.398888565677057,-5.398888565677057
RAID,21,img_21.png,trans_img_21_level_01.png,translation,1,MLDS_psi,0.0,5.4356243992662,0.0,0.0,-0.0
RAID,21,img_21.png,trans_img_21_level_02.png,translation,2,MLDS_psi,0.1544013,5.10465303745971,0.943322859709924,0.943322859709924,-0.943322859709924
RAID,21,img_21.png,trans_img_21_level_03.png,translation,3,MLDS_psi,0.189725,5.02893389247494,1.1591348864422548,1.1591348864422548,-1.1591348864422548
RAID,21,img_21.png,trans_img_21_level_04.png,translation,4,MLDS_psi,0.4046458,4.56823410968876,2.472205099507066,2.472205099507066,-2.472205099507066
RAID,21,img_21.png,trans_img_21_level_05.png,translation,5,MLDS_psi,0.4927186,4.37944316386629,3.010290370475959,3.010290370475959,-3.010290370475959
RAID,21,img_21.png,trans_img_21_level_06.png,translation,6,MLDS_psi,0.5303752,4.2987235164136,3.2403546523347844,3.2403546523347844,-3.2403546523347844
RAID,21,img_21.png,trans_img_21_level_07.png,translation,7,MLDS_psi,0.6535608,4.03466546312271,3.992963568708128,3.992963568708128,-3.992963568708128
RAID,21,img_21.png,trans_img_21_level_08.png,translation,8,MLDS_psi,0.7517622,3.82416319180287,4.592929691073008,4.592929691073008,-4.592929691073008
RAID,21,img_21.png,trans_img_21_level_09.png,translation,9,MLDS_psi,0.9258228,3.45105017737649,5.656363197351614,5.656363197351614,-5.656363197351614
RAID,21,img_21.png,trans_img_21_level_10.png,translation,10,MLDS_psi,1.0,3.29204533077548,6.109553182686658,6.109553182686658,-6.109553182686658
RAID,22,img_22.png,trans_img_22_level_01.png,translation,1,MLDS_psi,0.0,5.4356243992662,0.0,0.0,-0.0
RAID,22,img_22.png,trans_img_22_level_02.png,translation,2,MLDS_psi,0.09391037,5.24737548231834,0.5365403994572108,0.5365403994572108,-0.5365403994572108
RAID,22,img_22.png,trans_img_22_level_03.png,translation,3,MLDS_psi,0.1870037,5.06076451212706,1.068412381048791,1.068412381048791,-1.068412381048791
RAID,22,img_22.png,trans_img_22_level_04.png,translation,4,MLDS_psi,0.3420376,4.74998960394785,1.95417202354346,1.95417202354346,-1.95417202354346
RAID,22,img_22.png,trans_img_22_level_05.png,translation,5,MLDS_psi,0.4829934,4.46743546553765,2.759497827000207,2.759497827000207,-2.759497827000207
RAID,22,img_22.png,trans_img_22_level_06.png,translation,6,MLDS_psi,0.5093886,4.41452470833101,2.910302194257723,2.910302194257723,-2.910302194257723
RAID,22,img_22.png,trans_img_22_level_07.png,translation,7,MLDS_psi,0.6799588,4.0726069641638,3.884824045492548,3.884824045492548,-3.884824045492548
RAID,22,img_22.png,trans_img_22_level_08.png,translation,8,MLDS_psi,0.7673629,3.8974000318072,4.384192642127386,4.384192642127386,-4.384192642127386
RAID,22,img_22.png,trans_img_22_level_09.png,translation,9,MLDS_psi,0.8595964,3.71251252617191,4.911152466048613,4.911152466048613,-4.911152466048613
RAID,22,img_22.png,trans_img_22_level_10.png,translation,10,MLDS_psi,1.0,3.43106533348642,5.713323291984381,5.713323291984381,-5.713323291984381
RAID,23,img_23.png,trans_img_23_level_01.png,translation,1,MLDS_psi,0.0,5.4356243992662,0.0,0.0,-0.0
RAID,23,img_23.png,trans_img_23_level_02.png,translation,2,MLDS_psi,0.06420513,5.24880140319268,0.5324762902558433,0.5324762902558433,-0.5324762902558433
RAID,23,img_23.png,trans_img_23_level_03.png,translation,3,MLDS_psi,0.2003439,4.85266714281592,1.6615241368370766,1.6615241368370766,-1.6615241368370766
RAID,23,img_23.png,trans_img_23_level_04.png,translation,4,MLDS_psi,0.2665582,4.65999772550684,2.2106636899471477,2.2106636899471477,-2.2106636899471477
RAID,23,img_23.png,trans_img_23_level_05.png,translation,5,MLDS_psi,0.3939479,4.28932176029113,3.267151204832055,3.267151204832055,-3.267151204832055
RAID,23,img_23.png,trans_img_23_level_06.png,translation,6,MLDS_psi,0.4819709,4.0331938703336,3.99715785038428,3.99715785038428,-3.99715785038428
RAID,23,img_23.png,trans_img_23_level_07.png,translation,7,MLDS_psi,0.612146,3.65441244069937,5.076747273037942,5.076747273037942,-5.076747273037942
RAID,23,img_23.png,trans_img_23_level_08.png,translation,8,MLDS_psi,0.7473424,3.26102015978885,6.197980026804988,6.197980026804988,-6.197980026804988
RAID,23,img_23.png,trans_img_23_level_09.png,translation,9,MLDS_psi,0.8596103,2.93434528713081,7.129057185230942,7.129057185230942,-7.129057185230942
RAID,23,img_23.png,trans_img_23_level_10.png,translation,10,MLDS_psi,1.0,2.52584122038905,8.293361016047795,8.293361016047795,-8.293361016047795
RAID,24,img_24.png,trans_img_24_level_01.png,translation,1,MLDS_psi,0.0,5.4356243992662,0.0,0.0,-0.0
RAID,24,img_24.png,trans_img_24_level_02.png,translation,2,MLDS_psi,0.1512174,5.11304626615215,0.9194007763938924,0.9194007763938924,-0.9194007763938924
RAID,24,img_24.png,trans_img_24_level_03.png,translation,3,MLDS_psi,0.260997,4.87886347115096,1.5868602891131345,1.5868602891131345,-1.5868602891131345
RAID,24,img_24.png,trans_img_24_level_04.png,translation,4,MLDS_psi,0.2762349,4.84635786429377,1.6795066191453312,1.6795066191453312,-1.6795066191453312
RAID,24,img_24.png,trans_img_24_level_05.png,translation,5,MLDS_psi,0.4218261,4.53578156132025,2.5647002041129747,2.5647002041129747,-2.5647002041129747
RAID,24,img_24.png,trans_img_24_level_06.png,translation,6,MLDS_psi,0.5294815,4.30613037739777,3.219243879345483,3.219243879345483,-3.219243879345483
RAID,24,img_24.png,trans_img_24_level_07.png,translation,7,MLDS_psi,0.6214526,4.10993673204123,3.77842806248593,3.77842806248593,-3.77842806248593
RAID,24,img_24.png,trans_img_24_level_08.png,translation,8,MLDS_psi,0.7421945,3.85236898035153,4.512538550978979,4.512538550978979,-4.512538550978979
RAID,24,img_24.png,trans_img_24_level_09.png,translation,9,MLDS_psi,0.8890386,3.53911998605583,5.405349746145304,5.405349746145304,-5.405349746145304
RAID,24,img_24.png,trans_img_24_level_10.png,translation,10,MLDS_psi,1.0,3.3024167047696,6.079993059654094,6.079993059654094,-6.079993059654094
RAID,1,img_01.png,scale_img_01_level_01.png,scaling,1,MLDS_psi,0.0,5.4356243992662,0.0,0.0,-0.0
RAID,1,img_01.png,scale_img_01_level_02.png,scaling,2,MLDS_psi,0.08628307,5.28490260696642,0.4295819171688922,0.4295819171688922,-0.4295819171688922
RAID,1,img_01.png,scale_img_01_level_03.png,scaling,3,MLDS_psi,0.1811861,5.11912323172287,0.9020804242364224,0.9020804242364224,-0.9020804242364224
RAID,1,img_01.png,scale_img_01_level_04.png,scaling,4,MLDS_psi,0.3214594,4.8740897677131,1.6004661296723603,1.6004661296723603,-1.6004661296723603
RAID,1,img_01.png,scale_img_01_level_05.png,scaling,5,MLDS_psi,0.3852659,4.76263052878641,1.9181433070315557,1.9181433070315557,-1.9181433070315557
RAID,1,img_01.png,scale_img_01_level_06.png,scaling,6,MLDS_psi,0.4487302,4.65176897812932,2.234116974441688,2.234116974441688,-2.234116974441688
RAID,1,img_01.png,scale_img_01_level_07.png,scaling,7,MLDS_psi,0.5613555,4.45503174335439,2.794850476900473,2.794850476900473,-2.794850476900473
RAID,1,img_01.png,scale_img_01_level_08.png,scaling,8,MLDS_psi,0.7441425,4.1357340813486,3.704901370663582,3.704901370663582,-3.704901370663582
RAID,1,img_01.png,scale_img_01_level_09.png,scaling,9,MLDS_psi,0.8638141,3.92668831756129,4.300716206816647,4.300716206816647,-4.300716206816647
RAID,1,img_01.png,scale_img_01_level_10.png,scaling,10,MLDS_psi,1.0,3.68879486154848,4.978751714201376,4.978751714201376,-4.978751714201376
RAID,2,img_02.png,scale_img_02_level_01.png,scaling,1,MLDS_psi,0.0,5.4356243992662,0.0,0.0,-0.0
RAID,2,img_02.png,scale_img_02_level_02.png,scaling,2,MLDS_psi,0.07887369,5.30094556927408,0.3838568338877391,0.3838568338877391,-0.3838568338877391
RAID,2,img_02.png,scale_img_02_level_03.png,scaling,3,MLDS_psi,0.2348454,5.03461988980943,1.1429288581122137,1.1429288581122137,-1.1429288581122137
RAID,2,img_02.png,scale_img_02_level_04.png,scaling,4,MLDS_psi,0.2950063,4.93189350592089,1.4357159611669152,1.4357159611669152,-1.4357159611669152
RAID,2,img_02.png,scale_img_02_level_05.png,scaling,5,MLDS_psi,0.3877075,4.77360375250022,1.88686781323218,1.88686781323218,-1.88686781323218
RAID,2,img_02.png,scale_img_02_level_06.png,scaling,6,MLDS_psi,0.4834857,4.6100603243916,2.3529935029236855,2.3529935029236855,-2.3529935029236855
RAID,2,img_02.png,scale_img_02_level_07.png,scaling,7,MLDS_psi,0.6228248,4.37213513732183,3.0311194490437443,3.0311194490437443,-3.0311194490437443
RAID,2,img_02.png,scale_img_02_level_08.png,scaling,8,MLDS_psi,0.7394395,4.17301235128113,3.5986521652765964,3.5986521652765964,-3.5986521652765964
RAID,2,img_02.png,scale_img_02_level_09.png,scaling,9,MLDS_psi,0.8658143,3.95722399798073,4.213684491385931,4.213684491385931,-4.213684491385931
RAID,2,img_02.png,scale_img_02_level_10.png,scaling,10,MLDS_psi,1.0,3.72809871731374,4.86672925577553,4.86672925577553,-4.86672925577553
RAID,3,img_03.png,scale_img_03_level_01.png,scaling,1,MLDS_psi,0.0,5.4356243992662,0.0,0.0,-0.0
RAID,3,img_03.png,scale_img_03_level_02.png,scaling,2,MLDS_psi,0.1079577,5.25683763148528,0.509571716842372,0.509571716842372,-0.509571716842372
RAID,3,img_03.png,scale_img_03_level_03.png,scaling,3,MLDS_psi,0.2775012,4.97605986006537,1.309834581983144,1.309834581983144,-1.309834581983144
RAID,3,img_03.png,scale_img_03_level_04.png,scaling,4,MLDS_psi,0.2925807,4.95108699805766,1.3810113492891611,1.3810113492891611,-1.3810113492891611
RAID,3,img_03.png,scale_img_03_level_05.png,scaling,5,MLDS_psi,0.4361002,4.71340681636211,2.0584389897643036,2.0584389897643036,-2.0584389897643036
RAID,3,img_03.png,scale_img_03_level_06.png,scaling,6,MLDS_psi,0.5108799,4.58956570286515,2.411406547730588,2.411406547730588,-2.411406547730588
RAID,3,img_03.png,scale_img_03_level_07.png,scaling,7,MLDS_psi,0.6086494,4.42765148246791,2.8728887272737342,2.8728887272737342,-2.8728887272737342
RAID,3,img_03.png,scale_img_03_level_08.png,scaling,8,MLDS_psi,0.792216,4.12365027064124,3.739342220199467,3.739342220199467,-3.739342220199467
RAID,3,img_03.png,scale_img_03_level_09.png,scaling,9,MLDS_psi,0.894696,3.95393489186353,4.223058985213542,4.223058985213542,-4.223058985213542
RAID,3,img_03.png,scale_img_03_level_10.png,scaling,10,MLDS_psi,1.0,3.77954308354388,4.720104344171982,4.720104344171982,-4.720104344171982
RAID,4,img_04.png,scale_img_04_level_01.png,scaling,1,MLDS_psi,0.0,5.4356243992662,0.0,0.0,-0.0
RAID,4,img_04.png,scale_img_04_level_02.png,scaling,2,MLDS_psi,0.08694815,5.31205107508272,0.3522043143441974,0.3522043143441974,-0.3522043143441974
RAID,4,img_04.png,scale_img_04_level_03.png,scaling,3,MLDS_psi,0.1716214,5.1917108855127,0.6951936628594952,0.6951936628594952,-0.6951936628594952
RAID,4,img_04.png,scale_img_04_level_04.png,scaling,4,MLDS_psi,0.2089459,5.13866415292427,0.8463855823369284,0.8463855823369284,-0.8463855823369284
RAID,4,img_04.png,scale_img_04_level_05.png,scaling,5,MLDS_psi,0.3468687,4.94264414407286,1.405074872856838,1.405074872856838,-1.405074872856838
RAID,4,img_04.png,scale_img_04_level_06.png,scaling,6,MLDS_psi,0.4948753,4.73229251724638,2.004611633619239,2.004611633619239,-2.004611633619239
RAID,4,img_04.png,scale_img_04_level_07.png,scaling,7,MLDS_psi,0.5668475,4.63000355378074,2.2961520164683997,2.2961520164683997,-2.2961520164683997
RAID,4,img_04.png,scale_img_04_level_08.png,scaling,8,MLDS_psi,0.7163343,4.41754852200479,2.9016838275615497,2.9016838275615497,-2.9016838275615497
RAID,4,img_04.png,scale_img_04_level_09.png,scaling,9,MLDS_psi,0.9536013,4.08033737789269,3.862791093923336,3.862791093923336,-3.862791093923336
RAID,4,img_04.png,scale_img_04_level_10.png,scaling,10,MLDS_psi,1.0,4.01439399935749,4.050740577163291,4.050740577163291,-4.050740577163291
RAID,5,img_05.png,scale_img_05_level_01.png,scaling,1,MLDS_psi,0.0,5.4356243992662,0.0,0.0,-0.0
RAID,5,img_05.png,scale_img_05_level_02.png,scaling,2,MLDS_psi,0.170752,5.20511091086633,0.6570013849301254,0.6570013849301254,-0.6570013849301254
RAID,5,img_05.png,scale_img_05_level_03.png,scaling,3,MLDS_psi,0.2206687,5.13772387327577,0.8490655341070992,0.8490655341070992,-0.8490655341070992
RAID,5,img_05.png,scale_img_05_level_04.png,scaling,4,MLDS_psi,0.3068442,5.02138772694892,1.180642700305672,1.180642700305672,-1.180642700305672
RAID,5,img_05.png,scale_img_05_level_05.png,scaling,5,MLDS_psi,0.4343503,4.84925579410224,1.6712470421860364,1.6712470421860364,-1.6712470421860364
RAID,5,img_05.png,scale_img_05_level_06.png,scaling,6,MLDS_psi,0.4704667,4.80049920445087,1.8102113481265665,1.8102113481265665,-1.8102113481265665
RAID,5,img_05.png,scale_img_05_level_07.png,scaling,7,MLDS_psi,0.606143,4.61733714006036,2.3322533804890107,2.3322533804890107,-2.3322533804890107
RAID,5,img_05.png,scale_img_05_level_08.png,scaling,8,MLDS_psi,0.7376672,4.4397810691263,2.83831740874262,2.83831740874262,-2.83831740874262
RAID,5,img_05.png,scale_img_05_level_09.png,scaling,9,MLDS_psi,0.7798425,4.382844629136,3.0005956345691516,3.0005956345691516,-3.0005956345691516
RAID,5,img_05.png,scale_img_05_level_10.png,scaling,10,MLDS_psi,1.0,4.08563438367974,3.847693755532293,3.847693755532293,-3.847693755532293
RAID,6,img_06.png,scale_img_06_level_01.png,scaling,1,MLDS_psi,0.0,5.4356243992662,0.0,0.0,-0.0
RAID,6,img_06.png,scale_img_06_level_02.png,scaling,2,MLDS_psi,0.08919139,5.31352017100178,0.348017149158694,0.348017149158694,-0.348017149158694
RAID,6,img_06.png,scale_img_06_level_03.png,scaling,3,MLDS_psi,0.1368197,5.24831633416623,0.5338588168245998,0.5338588168245998,-0.5338588168245998
RAID,6,img_06.png,scale_img_06_level_04.png,scaling,4,MLDS_psi,0.2321979,5.11774230652765,0.9060162883458892,0.9060162883458892,-0.9060162883458892
RAID,6,img_06.png,scale_img_06_level_05.png,scaling,5,MLDS_psi,0.3981864,4.89050200669838,1.55368854707629,1.55368854707629,-1.55368854707629
RAID,6,img_06.png,scale_img_06_level_06.png,scaling,6,MLDS_psi,0.5332935,4.70553855459889,2.0808648309214193,2.0808648309214193,-2.0808648309214193
RAID,6,img_06.png,scale_img_06_level_07.png,scaling,7,MLDS_psi,0.5894518,4.62865680449441,2.2999904736121106,2.2999904736121106,-2.2999904736121106
RAID,6,img_06.png,scale_img_06_level_08.png,scaling,8,MLDS_psi,0.7502492,4.40852285693447,2.927408458654841,2.927408458654841,-2.927408458654841
RAID,6,img_06.png,scale_img_06_level_09.png,scaling,9,MLDS_psi,0.8668793,4.24885477922489,3.38248876181848,3.38248876181848,-3.38248876181848
RAID,6,img_06.png,scale_img_06_level_10.png,scaling,10,MLDS_psi,1.0,4.06661083476114,3.9019140012652618,3.9019140012652618,-3.9019140012652618
RAID,7,img_07.png,scale_img_07_level_01.png,scaling,1,MLDS_psi,0.0,5.4356243992662,0.0,0.0,-0.0
RAID,7,img_07.png,scale_img_07_level_02.png,scaling,2,MLDS_psi,0.06361179,5.34626506123931,0.2546888221059848,0.2546888221059848,-0.2546888221059848
RAID,7,img_07.png,scale_img_07_level_03.png,scaling,3,MLDS_psi,0.2061165,5.14608001304426,0.825249160329247,0.825249160329247,-0.825249160329247
RAID,7,img_07.png,scale_img_07_level_04.png,scaling,4,MLDS_psi,0.3298283,4.97229452800315,1.320566398141797,1.320566398141797,-1.320566398141797
RAID,7,img_07.png,scale_img_07_level_05.png,scaling,5,MLDS_psi,0.4356726,4.82360877717947,1.7443452619672362,1.7443452619672362,-1.7443452619672362
RAID,7,img_07.png,scale_img_07_level_06.png,scaling,6,MLDS_psi,0.5264443,4.69609622433802,2.1077770263917333,2.1077770263917333,-2.1077770263917333
RAID,7,img_07.png,scale_img_07_level_07.png,scaling,7,MLDS_psi,0.6202965,4.56425628358117,2.483542558671978,2.483542558671978,-2.483542558671978
RAID,7,img_07.png,scale_img_07_level_08.png,scaling,8,MLDS_psi,0.7217968,4.42167251904689,2.8899297571732374,2.8899297571732374,-2.8899297571732374
RAID,7,img_07.png,scale_img_07_level_09.png,scaling,9,MLDS_psi,0.8356056,4.26179844955771,3.3455971708154046,3.3455971708154046,-3.3455971708154046
RAID,7,img_07.png,scale_img_07_level_10.png,scaling,10,MLDS_psi,1.0,4.03086345828155,4.0037999083231846,4.0037999083231846,-4.0037999083231846
RAID,8,img_08.png,scale_img_08_level_01.png,scaling,1,MLDS_psi,0.0,5.4356243992662,0.0,0.0,-0.0
RAID,8,img_08.png,scale_img_08_level_02.png,scaling,2,MLDS_psi,0.06715339,5.33894621492461,0.2755487387999149,0.2755487387999149,-0.2755487387999149
RAID,8,img_08.png,scale_img_08_level_03.png,scaling,3,MLDS_psi,0.1600702,5.20517733801344,0.6568120566268222,0.6568120566268222,-0.6568120566268222
RAID,8,img_08.png,scale_img_08_level_04.png,scaling,4,MLDS_psi,0.2223001,5.11558735161515,0.9121582645564924,0.9121582645564924,-0.9121582645564924
RAID,8,img_08.png,scale_img_08_level_05.png,scaling,5,MLDS_psi,0.3753297,4.8952762303175,1.5400812239148458,1.5400812239148458,-1.5400812239148458
RAID,8,img_08.png,scale_img_08_level_06.png,scaling,6,MLDS_psi,0.5379325,4.66118321860206,2.2072848394911735,2.2072848394911735,-2.2072848394911735
RAID,8,img_08.png,scale_img_08_level_07.png,scaling,7,MLDS_psi,0.6652334,4.47791295650914,2.729635253115067,2.729635253115067,-2.729635253115067
RAID,8,img_08.png,scale_img_08_level_08.png,scaling,8,MLDS_psi,0.6968876,4.43234143672265,2.8595215856716876,2.8595215856716876,-2.8595215856716876
RAID,8,img_08.png,scale_img_08_level_09.png,scaling,9,MLDS_psi,0.8598424,4.1977417684584,3.52816925580884,3.52816925580884,-3.52816925580884
RAID,8,img_08.png,scale_img_08_level_10.png,scaling,10,MLDS_psi,1.0,3.99596189653336,4.103275104173819,4.103275104173819,-4.103275104173819
RAID,9,img_09.png,scale_img_09_level_01.png,scaling,1,MLDS_psi,0.0,5.4356243992662,0.0,0.0,-0.0
RAID,9,img_09.png,scale_img_09_level_02.png,scaling,2,MLDS_psi,0.07132694,5.32321671384521,0.3203804059841966,0.3203804059841966,-0.3203804059841966
RAID,9,img_09.png,scale_img_09_level_03.png,scaling,3,MLDS_psi,0.1947282,5.12874247563081,0.874663995751595,0.874663995751595,-0.874663995751595
RAID,9,img_09.png,scale_img_09_level_04.png,scaling,4,MLDS_psi,0.2513987,5.03943265886003,1.129211674126378,1.129211674126378,-1.129211674126378
RAID,9,img_09.png,scale_img_09_level_05.png,scaling,5,MLDS_psi,0.4601636,4.71042981900188,2.0669239222608113,2.0669239222608113,-2.0669239222608113
RAID,9,img_09.png,scale_img_09_level_06.png,scaling,6,MLDS_psi,0.5106712,4.63083220253049,2.2937902311343197,2.2937902311343197,-2.2937902311343197
RAID,9,img_09.png,scale_img_09_level_07.png,scaling,7,MLDS_psi,0.7004783,4.33170560930643,3.1463502586704366,3.1463502586704366,-3.1463502586704366
RAID,9,img_09.png,scale_img_09_level_08.png,scaling,8,MLDS_psi,0.7241235,4.29444190444923,3.252557951195304,3.252557951195304,-3.252557951195304
RAID,9,img_09.png,scale_img_09_level_09.png,scaling,9,MLDS_psi,0.9323381,3.96630636280857,4.187798256650823,4.187798256650823,-4.187798256650823
RAID,9,img_09.png,scale_img_09_level_10.png,scaling,10,MLDS_psi,1.0,3.85967440598968,4.491716885422286,4.491716885422286,-4.491716885422286
RAID,10,img_10.png,scale_img_10_level_01.png,scaling,1,MLDS_psi,0.0,5.4356243992662,0.0,0.0,-0.0
RAID,10,img_10.png,scale_img_10_level_02.png,scaling,2,MLDS_psi,0.0973599,5.31637362531238,0.3398843346890814,0.3398843346890814,-0.3398843346890814
RAID,10,img_10.png,scale_img_10_level_03.png,scaling,3,MLDS_psi,0.1267076,5.2804272274821,0.4423374853558052,0.4423374853558052,-0.4423374853558052
RAID,10,img_10.png,scale_img_10_level_04.png,scaling,4,MLDS_psi,0.2013726,5.18897421189533,0.7029936331310532,0.7029936331310532,-0.7029936331310532
RAID,10,img_10.png,scale_img_10_level_05.png,scaling,5,MLDS_psi,0.4022819,4.94289149026275,1.4043698955019388,1.4043698955019388,-1.4043698955019388
RAID,10,img_10.png,scale_img_10_level_06.png,scaling,6,MLDS_psi,0.5114675,4.8091560610067,1.785537882006196,1.785537882006196,-1.785537882006196
RAID,10,img_10.png,scale_img_10_level_07.png,scaling,7,MLDS_psi,0.6176098,4.67914819865327,2.1560816892728645,2.1560816892728645,-2.1560816892728645
RAID,10,img_10.png,scale_img_10_level_08.png,scaling,8,MLDS_psi,0.6718001,4.6127735898522,2.345260249751961,2.345260249751961,-2.345260249751961
RAID,10,img_10.png,scale_img_10_level_09.png,scaling,9,MLDS_psi,0.8536657,4.39001636818992,2.9801549977826145,2.9801549977826145,-2.9801549977826145
RAID,10,img_10.png,scale_img_10_level_10.png,scaling,10,MLDS_psi,1.0,4.21077959159957,3.4910093138042155,3.4910093138042155,-3.4910093138042155
RAID,11,img_11.png,scale_img_11_level_01.png,scaling,1,MLDS_psi,0.0,5.4356243992662,0.0,0.0,-0.0
RAID,11,img_11.png,scale_img_11_level_02.png,scaling,2,MLDS_psi,0.03781606,5.38519110935426,0.1437431776714391,0.1437431776714391,-0.1437431776714391
RAID,11,img_11.png,scale_img_11_level_03.png,scaling,3,MLDS_psi,0.1631763,5.21800479985241,0.6202516789593615,0.6202516789593615,-0.6202516789593615
RAID,11,img_11.png,scale_img_11_level_04.png,scaling,4,MLDS_psi,0.2846271,5.05603226713575,1.0819000582112022,1.0819000582112022,-1.0819000582112022
RAID,11,img_11.png,scale_img_11_level_05.png,scaling,5,MLDS_psi,0.469938,4.80889284928832,1.78628807872876,1.78628807872876,-1.78628807872876
RAID,11,img_11.png,scale_img_11_level_06.png,scaling,6,MLDS_psi,0.4779089,4.79826242502592,1.8165865376661403,1.8165865376661403,-1.8165865376661403
RAID,11,img_11.png,scale_img_11_level_07.png,scaling,7,MLDS_psi,0.6944683,4.50944842531341,2.639753976220383,2.639753976220383,-2.639753976220383
RAID,11,img_11.png,scale_img_11_level_08.png,scaling,8,MLDS_psi,0.7421128,4.44590776402563,2.8208553198130617,2.8208553198130617,-2.8208553198130617
RAID,11,img_11.png,scale_img_11_level_09.png,scaling,9,MLDS_psi,0.8984572,4.23739934748156,3.4151386278744096,3.4151386278744096,-3.4151386278744096
RAID,11,img_11.png,scale_img_11_level_10.png,scaling,10,MLDS_psi,1.0,4.10197691837596,3.801114841633503,3.801114841633503,-3.801114841633503
RAID,12,img_12.png,scale_img_12_level_01.png,scaling,1,MLDS_psi,0.0,5.4356243992662,0.0,0.0,-0.0
RAID,12,img_12.png,scale_img_12_level_02.png,scaling,2,MLDS_psi,0.08758372,5.26967965839958,0.4729698263127931,0.4729698263127931,-0.4729698263127931
RAID,12,img_12.png,scale_img_12_level_03.png,scaling,3,MLDS_psi,0.2096225,5.0384529494719,1.1320040071447115,1.1320040071447115,-1.1320040071447115
RAID,12,img_12.png,scale_img_12_level_04.png,scaling,4,MLDS_psi,0.2596783,4.94361230543698,1.4023154536077556,1.4023154536077556,-1.4023154536077556
RAID,12,img_12.png,scale_img_12_level_05.png,scaling,5,MLDS_psi,0.3968553,4.68370342596125,2.1430985416454105,2.1430985416454105,-2.1430985416454105
RAID,12,img_12.png,scale_img_12_level_06.png,scaling,6,MLDS_psi,0.460532,4.5630551850481,2.4869658871945073,2.4869658871945073,-2.4869658871945073
RAID,12,img_12.png,scale_img_12_level_07.png,scaling,7,MLDS_psi,0.5693384,4.35689954835033,3.0745433854215554,3.0745433854215554,-3.0745433854215554
RAID,12,img_12.png,scale_img_12_level_08.png,scaling,8,MLDS_psi,0.7468495,4.02056959129541,4.033139123625193,4.033139123625193,-4.033139123625193
RAID,12,img_12.png,scale_img_12_level_09.png,scaling,9,MLDS_psi,0.8111159,3.8988040010323,4.3801910987396395,4.3801910987396395,-4.3801910987396395
RAID,12,img_12.png,scale_img_12_level_10.png,scaling,10,MLDS_psi,1.0,3.5409255352149,5.400203633844871,5.400203633844871,-5.400203633844871
RAID,13,img_13.png,scale_img_13_level_01.png,scaling,1,MLDS_psi,0.0,5.4356243992662,0.0,0.0,-0.0
RAID,13,img_13.png,scale_img_13_level_02.png,scaling,2,MLDS_psi,0.06531627,5.35336324666283,0.2344578252731448,0.2344578252731448,-0.2344578252731448
RAID,13,img_13.png,scale_img_13_level_03.png,scaling,3,MLDS_psi,0.1524488,5.24362611982086,0.5472266997277555,0.5472266997277555,-0.5472266997277555
RAID,13,img_13.png,scale_img_13_level_04.png,scaling,4,MLDS_psi,0.3110929,5.04382527750563,1.1166919879524293,1.1166919879524293,-1.1166919879524293
RAID,13,img_13.png,scale_img_13_level_05.png,scaling,5,MLDS_psi,0.463554,4.85181144464056,1.663963017486518,1.663963017486518,-1.663963017486518
RAID,13,img_13.png,scale_img_13_level_06.png,scaling,6,MLDS_psi,0.5311523,4.76667649863927,1.906611626976019,1.906611626976019,-1.906611626976019
RAID,13,img_13.png,scale_img_13_level_07.png,scaling,7,MLDS_psi,0.6826121,4.57592342909798,2.450289273513116,2.450289273513116,-2.450289273513116
RAID,13,img_13.png,scale_img_13_level_08.png,scaling,8,MLDS_psi,0.7259851,4.52129867463431,2.6059788150806074,2.6059788150806074,-2.6059788150806074
RAID,13,img_13.png,scale_img_13_level_09.png,scaling,9,MLDS_psi,0.83924,4.3786623717926,3.012515756405936,3.012515756405936,-3.012515756405936
RAID,13,img_13.png,scale_img_13_level_10.png,scaling,10,MLDS_psi,1.0,4.17619638078348,3.589577157097124,3.589577157097124,-3.589577157097124
RAID,14,img_14.png,scale_img_14_level_01.png,scaling,1,MLDS_psi,0.0,5.4356243992662,0.0,0.0,-0.0
RAID,14,img_14.png,scale_img_14_level_02.png,scaling,2,MLDS_psi,0.03289346,5.39690249628737,0.1103637971938931,0.1103637971938931,-0.1103637971938931
RAID,14,img_14.png,scale_img_14_level_03.png,scaling,3,MLDS_psi,0.1554376,5.25264455437164,0.5215226768053021,0.5215226768053021,-0.5215226768053021
RAID,14,img_14.png,scale_img_14_level_04.png,scaling,4,MLDS_psi,0.2923199,5.09150790092426,0.980788662552226,0.980788662552226,-0.980788662552226
RAID,14,img_14.png,scale_img_14_level_05.png,scaling,5,MLDS_psi,0.4211549,4.93984442448658,1.413054534517279,1.413054534517279,-1.413054534517279
RAID,14,img_14.png,scale_img_14_level_06.png,scaling,6,MLDS_psi,0.5410535,4.79870093782946,1.8153367039959405,1.8153367039959405,-1.8153367039959405
RAID,14,img_14.png,scale_img_14_level_07.png,scaling,7,MLDS_psi,0.6572312,4.66193748143141,2.2051350662743405,2.2051350662743405,-2.2051350662743405
RAID,14,img_14.png,scale_img_14_level_08.png,scaling,8,MLDS_psi,0.7448075,4.55884327737278,2.4989705173577472,2.4989705173577472,-2.4989705173577472
RAID,14,img_14.png,scale_img_14_level_09.png,scaling,9,MLDS_psi,0.8567125,4.42710997377457,2.8744321161831983,2.8744321161831983,-2.8744321161831983
RAID,14,img_14.png,scale_img_14_level_10.png,scaling,10,MLDS_psi,1.0,4.25843287679505,3.3551896071691356,3.3551896071691356,-3.3551896071691356
RAID,15,img_15.png,scale_img_15_level_01.png,scaling,1,MLDS_psi,0.0,5.4356243992662,0.0,0.0,-0.0
RAID,15,img_15.png,scale_img_15_level_02.png,scaling,2,MLDS_psi,0.08806796,5.31456781606268,0.3450311882906237,0.3450311882906237,-0.3450311882906237
RAID,15,img_15.png,scale_img_15_level_03.png,scaling,3,MLDS_psi,0.2361299,5.1110447126937,0.9251055332102582,0.9251055332102582,-0.9251055332102582
RAID,15,img_15.png,scale_img_15_level_04.png,scaling,4,MLDS_psi,0.3221663,4.99278067057504,1.2621775197510563,1.2621775197510563,-1.2621775197510563
RAID,15,img_15.png,scale_img_15_level_05.png,scaling,5,MLDS_psi,0.411553,4.86991167181979,1.6123743906913974,1.6123743906913974,-1.6123743906913974
RAID,15,img_15.png,scale_img_15_level_06.png,scaling,6,MLDS_psi,0.534171,4.70136305961189,2.092765678929364,2.092765678929364,-2.092765678929364
RAID,15,img_15.png,scale_img_15_level_07.png,scaling,7,MLDS_psi,0.6181002,4.58599569886667,2.421581646756192,2.421581646756192,-2.421581646756192
RAID,15,img_15.png,scale_img_15_level_08.png,scaling,8,MLDS_psi,0.730787,4.43109820350739,2.863065004973916,2.863065004973916,-2.863065004973916
RAID,15,img_15.png,scale_img_15_level_09.png,scaling,9,MLDS_psi,0.8846743,4.21956805401459,3.4659607493225635,3.4659607493225635,-3.4659607493225635
RAID,15,img_15.png,scale_img_15_level_10.png,scaling,10,MLDS_psi,1.0,4.06104333471805,3.9177822928099273,3.9177822928099273,-3.9177822928099273
RAID,16,img_16.png,scale_img_16_level_01.png,scaling,1,MLDS_psi,0.0,5.4356243992662,0.0,0.0,-0.0
RAID,16,img_16.png,scale_img_16_level_02.png,scaling,2,MLDS_psi,0.09663941,5.33137627711493,0.2971243075847177,0.2971243075847177,-0.2971243075847177
RAID,16,img_16.png,scale_img_16_level_03.png,scaling,3,MLDS_psi,0.1786595,5.24289843825398,0.549300711971223,0.549300711971223,-0.549300711971223
RAID,16,img_16.png,scale_img_16_level_04.png,scaling,4,MLDS_psi,0.3508849,5.05711325581551,1.0788190625409255,1.0788190625409255,-1.0788190625409255
RAID,16,img_16.png,scale_img_16_level_05.png,scaling,5,MLDS_psi,0.4451311,4.95544679326565,1.3685852153152,1.3685852153152,-1.3685852153152
RAID,16,img_16.png,scale_img_16_level_06.png,scaling,6,MLDS_psi,0.5576068,4.83411539830161,1.71439966235786,1.71439966235786,-1.71439966235786
RAID,16,img_16.png,scale_img_16_level_07.png,scaling,7,MLDS_psi,0.65529,4.72874123977332,2.014733358964977,2.014733358964977,-2.014733358964977
RAID,16,img_16.png,scale_img_16_level_08.png,scaling,8,MLDS_psi,0.7509084,4.62559449740727,2.308718552872453,2.308718552872453,-2.308718552872453
RAID,16,img_16.png,scale_img_16_level_09.png,scaling,9,MLDS_psi,0.9072438,4.45695069202849,2.7893811573164062,2.7893811573164062,-2.7893811573164062
RAID,16,img_16.png,scale_img_16_level_10.png,scaling,10,MLDS_psi,1.0,4.35689122545014,3.0745671070570513,3.0745671070570513,-3.0745671070570513
RAID,17,img_17.png,scale_img_17_level_01.png,scaling,1,MLDS_psi,0.0,5.4356243992662,0.0,0.0,-0.0
RAID,17,img_17.png,scale_img_17_level_02.png,scaling,2,MLDS_psi,0.1608013,5.22815067526962,0.591334263988519,0.591334263988519,-0.591334263988519
RAID,17,img_17.png,scale_img_17_level_03.png,scaling,3,MLDS_psi,0.2109386,5.16346103761118,0.775710379361432,0.775710379361432,-0.775710379361432
RAID,17,img_17.png,scale_img_17_level_04.png,scaling,4,MLDS_psi,0.3359445,5.00217228316291,1.235409877997047,1.235409877997047,-1.235409877997047
RAID,17,img_17.png,scale_img_17_level_05.png,scaling,5,MLDS_psi,0.3335499,5.00526189976628,1.226603962120233,1.226603962120233,-1.226603962120233
RAID,17,img_17.png,scale_img_17_level_06.png,scaling,6,MLDS_psi,0.5245214,4.75886129536473,1.928886242706847,1.928886242706847,-1.928886242706847
RAID,17,img_17.png,scale_img_17_level_07.png,scaling,7,MLDS_psi,0.6204593,4.63507740180655,2.2816907144290957,2.2816907144290957,-2.2816907144290957
RAID,17,img_17.png,scale_img_17_level_08.png,scaling,8,MLDS_psi,0.7473321,4.47138000004449,2.748255254377279,2.748255254377279,-2.748255254377279
RAID,17,img_17.png,scale_img_17_level_09.png,scaling,9,MLDS_psi,0.7979039,4.40612950294977,2.934229911462185,2.934229911462185,-2.934229911462185
RAID,17,img_17.png,scale_img_17_level_10.png,scaling,10,MLDS_psi,1.0,4.14537512085141,3.677422821145799,3.677422821145799,-3.677422821145799
RAID,18,img_18.png,scale_img_18_level_01.png,scaling,1,MLDS_psi,0.0,5.4356243992662,0.0,0.0,-0.0
RAID,18,img_18.png,scale_img_18_level_02.png,scaling,2,MLDS_psi,0.1223744,5.19552771551981,0.6843150690812104,0.6843150690812104,-0.6843150690812104
RAID,18,img_18.png,scale_img_18_level_03.png,scaling,3,MLDS_psi,0.2521629,4.94088468297356,1.4100896266007117,1.4100896266007117,-1.4100896266007117
RAID,18,img_18.png,scale_img_18_level_04.png,scaling,4,MLDS_psi,0.341328,4.76594408342291,1.908699130899675,1.908699130899675,-1.908699130899675
RAID,18,img_18.png,scale_img_18_level_05.png,scaling,5,MLDS_psi,0.4442219,4.56406797796447,2.484079260675077,2.484079260675077,-2.484079260675077
RAID,18,img_18.png,scale_img_18_level_06.png,scaling,6,MLDS_psi,0.5927995,4.27256099986057,3.314922130914524,3.314922130914524,-3.314922130914524
RAID,18,img_18.png,scale_img_18_level_07.png,scaling,7,MLDS_psi,0.670162,4.12077730953332,3.747530632252273,3.747530632252273,-3.747530632252273
RAID,18,img_18.png,scale_img_18_level_08.png,scaling,8,MLDS_psi,0.7477446,3.96856134857768,4.1813711760336005,4.1813711760336005,-4.1813711760336005
RAID,18,img_18.png,scale_img_18_level_09.png,scaling,9,MLDS_psi,0.8732843,3.72225448083947,4.8833862917004405,4.8833862917004405,-4.8833862917004405
RAID,18,img_18.png,scale_img_18_level_10.png,scaling,10,MLDS_psi,1.0,3.47364008902473,5.5919782308085715,5.5919782308085715,-5.5919782308085715
RAID,19,img_19.png,scale_img_19_level_01.png,scaling,1,MLDS_psi,0.0,5.4356243992662,0.0,0.0,-0.0
RAID,19,img_19.png,scale_img_19_level_02.png,scaling,2,MLDS_psi,0.09145186,5.25937689631386,0.502334394112737,0.502334394112737,-0.502334394112737
RAID,19,img_19.png,scale_img_19_level_03.png,scaling,3,MLDS_psi,0.2147219,5.02180891771645,1.1794422372893478,1.1794422372893478,-1.1794422372893478
RAID,19,img_19.png,scale_img_19_level_04.png,scaling,4,MLDS_psi,0.3000911,4.85728427169404,1.6483645595456209,1.6483645595456209,-1.6483645595456209
RAID,19,img_19.png,scale_img_19_level_05.png,scaling,5,MLDS_psi,0.4815915,4.50749358413226,2.645325595357528,2.645325595357528,-2.645325595357528
RAID,19,img_19.png,scale_img_19_level_06.png,scaling,6,MLDS_psi,0.5634124,4.34980687684818,3.094758666670879,3.094758666670879,-3.094758666670879
RAID,19,img_19.png,scale_img_19_level_07.png,scaling,7,MLDS_psi,0.7241482,4.04003425392386,3.977661631210931,3.977661631210931,-3.977661631210931
RAID,19,img_19.png,scale_img_19_level_08.png,scaling,8,MLDS_psi,0.7616471,3.96776599142866,4.183638074825696,4.183638074825696,-4.183638074825696
RAID,19,img_19.png,scale_img_19_level_09.png,scaling,9,MLDS_psi,0.9502791,3.60423107457244,5.219772426454958,5.219772426454958,-5.219772426454958
RAID,19,img_19.png,scale_img_19_level_10.png,scaling,10,MLDS_psi,1.0,3.50840848436996,5.492882581125875,5.492882581125875,-5.492882581125875
RAID,20,img_20.png,scale_img_20_level_01.png,scaling,1,MLDS_psi,0.0,5.4356243992662,0.0,0.0,-0.0
RAID,20,img_20.png,scale_img_20_level_02.png,scaling,2,MLDS_psi,0.1186701,5.26936318012001,0.473871841502532,0.473871841502532,-0.473871841502532
RAID,20,img_20.png,scale_img_20_level_03.png,scaling,3,MLDS_psi,0.1495251,5.22613414059084,0.5970817197487778,0.5970817197487778,-0.5970817197487778
RAID,20,img_20.png,scale_img_20_level_04.png,scaling,4,MLDS_psi,0.2840951,5.03759662707903,1.1344446669168156,1.1344446669168156,-1.1344446669168156
RAID,20,img_20.png,scale_img_20_level_05.png,scaling,5,MLDS_psi,0.4377858,4.82227035079333,1.7481599974754514,1.7481599974754514,-1.7481599974754514
RAID,20,img_20.png,scale_img_20_level_06.png,scaling,6,MLDS_psi,0.5576152,4.65438496969399,2.2266609678848233,2.2266609678848233,-2.2266609678848233
RAID,20,img_20.png,scale_img_20_level_07.png,scaling,7,MLDS_psi,0.6062462,4.58625110786613,2.4208536890669055,2.4208536890669055,-2.4208536890669055
RAID,20,img_20.png,scale_img_20_level_08.png,scaling,8,MLDS_psi,0.740334,4.39838920577691,2.9562910324735485,2.9562910324735485,-2.9562910324735485
RAID,20,img_20.png,scale_img_20_level_09.png,scaling,9,MLDS_psi,0.8840817,4.19699322762293,3.5303027204012696,3.5303027204012696,-3.5303027204012696
RAID,20,img_20.png,scale_img_20_level_10.png,scaling,10,MLDS_psi,1.0,4.03458743593347,3.993185959040904,3.993185959040904,-3.993185959040904
RAID,21,img_21.png,scale_img_21_level_01.png,scaling,1,MLDS_psi,0.0,5.4356243992662,0.0,0.0,-0.0
RAID,21,img_21.png,scale_img_21_level_02.png,scaling,2,MLDS_psi,0.10425,5.29997647158369,0.3866189218208151,0.3866189218208151,-0.3866189218208151
RAID,21,img_21.png,scale_img_21_level_03.png,scaling,3,MLDS_psi,0.1759852,5.20663618636164,0.6526540987050232,0.6526540987050232,-0.6526540987050232
RAID,21,img_21.png,scale_img_21_level_04.png,scaling,4,MLDS_psi,0.3296689,5.00666618110014,1.2226015291711554,1.2226015291711554,-1.2226015291711554
RAID,21,img_21.png,scale_img_21_level_05.png,scaling,5,MLDS_psi,0.5103592,4.77155579887324,1.8927048181664363,1.8927048181664363,-1.8927048181664363
RAID,21,img_21.png,scale_img_21_level_06.png,scaling,6,MLDS_psi,0.4942628,4.79250037719099,1.8330093224405268,1.8330093224405268,-1.8330093224405268
RAID,21,img_21.png,scale_img_21_level_07.png,scaling,7,MLDS_psi,0.6604451,4.57626726891191,2.4493092734466835,2.4493092734466835,-2.4493092734466835
RAID,21,img_21.png,scale_img_21_level_08.png,scaling,8,MLDS_psi,0.7935302,4.40309996728211,2.942864586782761,2.942864586782761,-2.942864586782761
RAID,21,img_21.png,scale_img_21_level_09.png,scaling,9,MLDS_psi,0.8933808,4.27317637429306,3.3131682124900315,3.3131682124900315,-3.3131682124900315
RAID,21,img_21.png,scale_img_21_level_10.png,scaling,10,MLDS_psi,1.0,4.13444559236357,3.70857377635882,3.70857377635882,-3.70857377635882
RAID,22,img_22.png,scale_img_22_level_01.png,scaling,1,MLDS_psi,0.0,5.4356243992662,0.0,0.0,-0.0
RAID,22,img_22.png,scale_img_22_level_02.png,scaling,2,MLDS_psi,0.1340664,5.23035587969199,0.5850490684036082,0.5850490684036082,-0.5850490684036082
RAID,22,img_22.png,scale_img_22_level_03.png,scaling,3,MLDS_psi,0.2072151,5.11835825315953,0.9042607390589568,0.9042607390589568,-0.9042607390589568
RAID,22,img_22.png,scale_img_22_level_04.png,scaling,4,MLDS_psi,0.3133484,4.95585815260734,1.367412773480806,1.367412773480806,-1.367412773480806
RAID,22,img_22.png,scale_img_22_level_05.png,scaling,5,MLDS_psi,0.4006409,4.82220480795437,1.7483468053549829,1.7483468053549829,-1.7483468053549829
RAID,22,img_22.png,scale_img_22_level_06.png,scaling,6,MLDS_psi,0.5245233,4.63252903380589,2.2889539826975547,2.2889539826975547,-2.2889539826975547
RAID,22,img_22.png,scale_img_22_level_07.png,scaling,7,MLDS_psi,0.6546093,4.43335474982028,2.856633476550039,2.856633476550039,-2.856633476550039
RAID,22,img_22.png,scale_img_22_level_08.png,scaling,8,MLDS_psi,0.7985589,4.21295446945439,3.4848105539286434,3.4848105539286434,-3.4848105539286434
RAID,22,img_22.png,scale_img_22_level_09.png,scaling,9,MLDS_psi,0.8343937,4.15808783070407,3.64118950552774,3.64118950552774,-3.64118950552774
RAID,22,img_22.png,scale_img_22_level_10.png,scaling,10,MLDS_psi,1.0,3.90452911599766,4.3638735787227665,4.3638735787227665,-4.3638735787227665
RAID,23,img_23.png,scale_img_23_level_01.png,scaling,1,MLDS_psi,0.0,5.4356243992662,0.0,0.0,-0.0
RAID,23,img_23.png,scale_img_23_level_02.png,scaling,2,MLDS_psi,0.1071344,5.30608454399385,0.3692099100506786,0.3692099100506786,-0.3692099100506786
RAID,23,img_23.png,scale_img_23_level_03.png,scaling,3,MLDS_psi,0.08395654,5.33410972560848,0.2893335294469145,0.2893335294469145,-0.2893335294469145
RAID,23,img_23.png,scale_img_23_level_04.png,scaling,4,MLDS_psi,0.3483362,5.01443935372874,1.2004467076995824,1.2004467076995824,-1.2004467076995824
RAID,23,img_23.png,scale_img_23_level_05.png,scaling,5,MLDS_psi,0.5191968,4.80784624458995,1.7892710743923932,1.7892710743923932,-1.7892710743923932
RAID,23,img_23.png,scale_img_23_level_06.png,scaling,6,MLDS_psi,0.4743319,4.86209386763895,1.634656419433318,1.634656419433318,-1.634656419433318
RAID,23,img_23.png,scale_img_23_level_07.png,scaling,7,MLDS_psi,0.6107374,4.69716103538055,2.104742139650452,2.104742139650452,-2.104742139650452
RAID,23,img_23.png,scale_img_23_level_08.png,scaling,8,MLDS_psi,0.8883423,4.36150003142807,3.0614312514010913,3.0614312514010913,-3.0614312514010913
RAID,23,img_23.png,scale_img_23_level_09.png,scaling,9,MLDS_psi,0.9233286,4.31919681050832,3.182002394218841,3.182002394218841,-3.182002394218841
RAID,23,img_23.png,scale_img_23_level_10.png,scaling,10,MLDS_psi,1.0,4.22649114642545,3.4462287963964724,3.4462287963964724,-3.4462287963964724
RAID,24,img_24.png,scale_img_24_level_01.png,scaling,1,MLDS_psi,0.0,5.4356243992662,0.0,0.0,-0.0
RAID,24,img_24.png,scale_img_24_level_02.png,scaling,2,MLDS_psi,0.1148759,5.25677755054956,0.5097429573986094,0.5097429573986094,-0.5097429573986094
RAID,24,img_24.png,scale_img_24_level_03.png,scaling,3,MLDS_psi,0.200468,5.1235218844711,0.8895435398767391,0.8895435398767391,-0.8895435398767391
RAID,24,img_24.png,scale_img_24_level_04.png,scaling,4,MLDS_psi,0.3048647,4.96098984478944,1.3527866060748044,1.3527866060748044,-1.3527866060748044
RAID,24,img_24.png,scale_img_24_level_05.png,scaling,5,MLDS_psi,0.4466847,4.7401945907916,1.982089423317921,1.982089423317921,-1.982089423317921
RAID,24,img_24.png,scale_img_24_level_06.png,scaling,6,MLDS_psi,0.5004797,4.65644280676495,2.220795793508415,2.220795793508415,-2.220795793508415
RAID,24,img_24.png,scale_img_24_level_07.png,scaling,7,MLDS_psi,0.6228636,4.46590717299102,2.763853712318177,2.763853712318177,-2.763853712318177
RAID,24,img_24.png,scale_img_24_level_08.png,scaling,8,MLDS_psi,0.7862609,4.21151876917233,3.488902536051719,3.488902536051719,-3.488902536051719
RAID,24,img_24.png,scale_img_24_level_09.png,scaling,9,MLDS_psi,0.8615862,4.09424702482833,3.823146310600496,3.823146310600496,-3.823146310600496
RAID,24,img_24.png,scale_img_24_level_10.png,scaling,10,MLDS_psi,1.0,3.8787546546658,4.437335036047501,4.437335036047501,-4.437335036047501
RAID,1,img_01.png,gn_img_01_level_01.png,additive_gaussian_noise,1,MLDS_psi,0.0,5.4356243992662,0.0,0.0,-0.0
RAID,1,img_01.png,gn_img_01_level_02.png,additive_gaussian_noise,2,MLDS_psi,0.1718711,5.20712770563575,0.6512531878687573,0.6512531878687573,-0.6512531878687573
RAID,1,img_01.png,gn_img_01_level_03.png,additive_gaussian_noise,3,MLDS_psi,0.4590375,4.8253498238621,1.739382992341898,1.739382992341898,-1.739382992341898
RAID,1,img_01.png,gn_img_01_level_04.png,additive_gaussian_noise,4,MLDS_psi,0.6256237,4.60387953064107,2.370609782483969,2.370609782483969,-2.370609782483969
RAID,1,img_01.png,gn_img_01_level_05.png,additive_gaussian_noise,5,MLDS_psi,0.6713191,4.54312912164059,2.543758447776583,2.543758447776583,-2.543758447776583
RAID,1,img_01.png,gn_img_01_level_06.png,additive_gaussian_noise,6,MLDS_psi,0.852572,4.30215931364658,3.2305620646815547,3.2305620646815547,-3.2305620646815547
RAID,1,img_01.png,gn_img_01_level_07.png,additive_gaussian_noise,7,MLDS_psi,0.7974979,4.37537846748801,3.021875424211362,3.021875424211362,-3.021875424211362
RAID,1,img_01.png,gn_img_01_level_08.png,additive_gaussian_noise,8,MLDS_psi,0.9761683,4.13784237600193,3.6988923838719785,3.6988923838719785,-3.6988923838719785
RAID,1,img_01.png,gn_img_01_level_09.png,additive_gaussian_noise,9,MLDS_psi,0.9915568,4.1173841671638,3.757201646523585,3.757201646523585,-3.757201646523585
RAID,1,img_01.png,gn_img_01_level_10.png,additive_gaussian_noise,10,MLDS_psi,1.0,4.10615917571936,3.7891947197967175,3.7891947197967175,-3.7891947197967175
RAID,2,img_02.png,gn_img_02_level_01.png,additive_gaussian_noise,1,MLDS_psi,0.0,5.4356243992662,0.0,0.0,-0.0
RAID,2,img_02.png,gn_img_02_level_02.png,additive_gaussian_noise,2,MLDS_psi,0.1368735,5.2294358871127,0.5876711986872573,0.5876711986872573,-0.5876711986872573
RAID,2,img_02.png,gn_img_02_level_03.png,additive_gaussian_noise,3,MLDS_psi,0.3634701,4.88808680510069,1.5605722691768114,1.5605722691768114,-1.5605722691768114
RAID,2,img_02.png,gn_img_02_level_04.png,additive_gaussian_noise,4,MLDS_psi,0.4449459,4.76535055660341,1.91039078003099,1.91039078003099,-1.91039078003099
RAID,2,img_02.png,gn_img_02_level_05.png,additive_gaussian_noise,5,MLDS_psi,0.6389849,4.47304666080671,2.743504996869187,2.743504996869187,-2.743504996869187
RAID,2,img_02.png,gn_img_02_level_06.png,additive_gaussian_noise,6,MLDS_psi,0.7318413,4.33316627828905,3.142187111640873,3.142187111640873,-3.142187111640873
RAID,2,img_02.png,gn_img_02_level_07.png,additive_gaussian_noise,7,MLDS_psi,0.7730009,4.27116275262934,3.318907365677867,3.318907365677867,-3.318907365677867
RAID,2,img_02.png,gn_img_02_level_08.png,additive_gaussian_noise,8,MLDS_psi,0.863741,4.13447004088287,3.7085040940545504,3.7085040940545504,-3.7085040940545504
RAID,2,img_02.png,gn_img_02_level_09.png,additive_gaussian_noise,9,MLDS_psi,0.9190497,4.0511520880284,3.945973973994811,3.945973973994811,-3.945973973994811
RAID,2,img_02.png,gn_img_02_level_10.png,additive_gaussian_noise,10,MLDS_psi,1.0,3.9292075554113,4.293535964272424,4.293535964272424,-4.293535964272424
RAID,3,img_03.png,gn_img_03_level_01.png,additive_gaussian_noise,1,MLDS_psi,0.0,5.4356243992662,0.0,0.0,-0.0
RAID,3,img_03.png,gn_img_03_level_02.png,additive_gaussian_noise,2,MLDS_psi,0.2645268,5.0253297645857,1.169407244173393,1.169407244173393,-1.169407244173393
RAID,3,img_03.png,gn_img_03_level_03.png,additive_gaussian_noise,3,MLDS_psi,0.4305225,4.76786199173449,1.9032327765200447,1.9032327765200447,-1.9032327765200447
RAID,3,img_03.png,gn_img_03_level_04.png,additive_gaussian_noise,4,MLDS_psi,0.5690429,4.55300944452375,2.5155979012382876,2.5155979012382876,-2.5155979012382876
RAID,3,img_03.png,gn_img_03_level_05.png,additive_gaussian_noise,5,MLDS_psi,0.7005135,4.34909214779472,3.096795762119106,3.096795762119106,-3.096795762119106
RAID,3,img_03.png,gn_img_03_level_06.png,additive_gaussian_noise,6,MLDS_psi,0.7919963,4.20719762343208,3.5012185126808455,3.5012185126808455,-3.5012185126808455
RAID,3,img_03.png,gn_img_03_level_07.png,additive_gaussian_noise,7,MLDS_psi,0.8430303,4.12804112067055,3.7268275748730617,3.7268275748730617,-3.7268275748730617
RAID,3,img_03.png,gn_img_03_level_08.png,additive_gaussian_noise,8,MLDS_psi,0.8700678,4.08610462754024,3.846353483126765,3.846353483126765,-3.846353483126765
RAID,3,img_03.png,gn_img_03_level_09.png,additive_gaussian_noise,9,MLDS_psi,0.8853732,4.06236511530382,3.914015000572704,3.914015000572704,-3.914015000572704
RAID,3,img_03.png,gn_img_03_level_10.png,additive_gaussian_noise,10,MLDS_psi,1.0,3.88457288207698,4.420752130233516,4.420752130233516,-4.420752130233516
RAID,4,img_04.png,gn_img_04_level_01.png,additive_gaussian_noise,1,MLDS_psi,0.0,5.4356243992662,0.0,0.0,-0.0
RAID,4,img_04.png,gn_img_04_level_02.png,additive_gaussian_noise,2,MLDS_psi,0.2404129,4.90865217127872,1.5019575904681923,1.5019575904681923,-1.5019575904681923
RAID,4,img_04.png,gn_img_04_level_03.png,additive_gaussian_noise,3,MLDS_psi,0.4817743,4.37960077878856,3.009841142003752,3.009841142003752,-3.009841142003752
RAID,4,img_04.png,gn_img_04_level_04.png,additive_gaussian_noise,4,MLDS_psi,0.625653,4.06422632385789,3.908710249834891,3.908710249834891,-3.908710249834891
RAID,4,img_04.png,gn_img_04_level_05.png,additive_gaussian_noise,5,MLDS_psi,0.7645984,3.75966539699371,4.776759022747736,4.776759022747736,-4.776759022747736
RAID,4,img_04.png,gn_img_04_level_06.png,additive_gaussian_noise,6,MLDS_psi,0.8574121,3.55622250557527,5.356604750405277,5.356604750405277,-5.356604750405277
RAID,4,img_04.png,gn_img_04_level_07.png,additive_gaussian_noise,7,MLDS_psi,0.8864613,3.49254815770325,5.538087122768111,5.538087122768111,-5.538087122768111
RAID,4,img_04.png,gn_img_04_level_08.png,additive_gaussian_noise,8,MLDS_psi,0.9315078,3.39380891116688,5.8195102280781885,5.8195102280781885,-5.8195102280781885
RAID,4,img_04.png,gn_img_04_level_09.png,additive_gaussian_noise,9,MLDS_psi,0.988814,3.26819658047412,6.1775260465984845,6.1775260465984845,-6.1775260465984845
RAID,4,img_04.png,gn_img_04_level_10.png,additive_gaussian_noise,10,MLDS_psi,1.0,3.24367731652654,6.2474099847699645,6.2474099847699645,-6.2474099847699645
RAID,5,img_05.png,gn_img_05_level_01.png,additive_gaussian_noise,1,MLDS_psi,0.0,5.4356243992662,0.0,0.0,-0.0
RAID,5,img_05.png,gn_img_05_level_02.png,additive_gaussian_noise,2,MLDS_psi,0.04790172,5.37355772360133,0.1769002419463203,0.1769002419463203,-0.1769002419463203
RAID,5,img_05.png,gn_img_05_level_03.png,additive_gaussian_noise,3,MLDS_psi,0.2737165,5.0809676240745,1.0108301865251397,1.0108301865251397,-1.0108301865251397
RAID,5,img_05.png,gn_img_05_level_04.png,additive_gaussian_noise,4,MLDS_psi,0.4675383,4.82983118543093,1.7266103742294725,1.7266103742294725,-1.7266103742294725
RAID,5,img_05.png,gn_img_05_level_05.png,additive_gaussian_noise,5,MLDS_psi,0.5694947,4.6977254320494,2.1031335162433735,2.1031335162433735,-2.1031335162433735
RAID,5,img_05.png,gn_img_05_level_06.png,additive_gaussian_noise,6,MLDS_psi,0.764045,4.44564507248851,2.821604033933407,2.821604033933407,-2.821604033933407
RAID,5,img_05.png,gn_img_05_level_07.png,additive_gaussian_noise,7,MLDS_psi,0.8649557,4.31489439129349,3.194264997168101,3.194264997168101,-3.194264997168101
RAID,5,img_05.png,gn_img_05_level_08.png,additive_gaussian_noise,8,MLDS_psi,0.9056072,4.26222187710467,3.344390332609541,3.344390332609541,-3.344390332609541
RAID,5,img_05.png,gn_img_05_level_09.png,additive_gaussian_noise,9,MLDS_psi,0.8865932,4.28685818183611,3.2741728089388973,3.2741728089388973,-3.2741728089388973
RAID,5,img_05.png,gn_img_05_level_10.png,additive_gaussian_noise,10,MLDS_psi,1.0,4.139916338692,3.692981248826797,3.692981248826797,-3.692981248826797
RAID,6,img_06.png,gn_img_06_level_01.png,additive_gaussian_noise,1,MLDS_psi,0.0,5.4356243992662,0.0,0.0,-0.0
RAID,6,img_06.png,gn_img_06_level_02.png,additive_gaussian_noise,2,MLDS_psi,0.1491885,5.26621426285281,0.4828467740322556,0.4828467740322556,-0.4828467740322556
RAID,6,img_06.png,gn_img_06_level_03.png,additive_gaussian_noise,3,MLDS_psi,0.3636127,5.02272620535318,1.1768278165372352,1.1768278165372352,-1.1768278165372352
RAID,6,img_06.png,gn_img_06_level_04.png,additive_gaussian_noise,4,MLDS_psi,0.6061324,4.74733459878856,1.9617392252667127,1.9617392252667127,-1.9617392252667127
RAID,6,img_06.png,gn_img_06_level_05.png,additive_gaussian_noise,5,MLDS_psi,0.6677687,4.67734368985672,2.16122483636886,2.16122483636886,-2.16122483636886
RAID,6,img_06.png,gn_img_06_level_06.png,additive_gaussian_noise,6,MLDS_psi,0.7601315,4.57246162280192,2.460155991277271,2.460155991277271,-2.460155991277271
RAID,6,img_06.png,gn_img_06_level_07.png,additive_gaussian_noise,7,MLDS_psi,0.8696079,4.44814662417563,2.8144741998646134,2.8144741998646134,-2.8144741998646134
RAID,6,img_06.png,gn_img_06_level_08.png,additive_gaussian_noise,8,MLDS_psi,0.9358423,4.37293413573968,3.02884217203612,3.02884217203612,-3.02884217203612
RAID,6,img_06.png,gn_img_06_level_09.png,additive_gaussian_noise,9,MLDS_psi,0.9393713,4.36892665930018,3.040264139527487,3.040264139527487,-3.040264139527487
RAID,6,img_06.png,gn_img_06_level_10.png,additive_gaussian_noise,10,MLDS_psi,1.0,4.30008066932516,3.236486543146704,3.236486543146704,-3.236486543146704
RAID,7,img_07.png,gn_img_07_level_01.png,additive_gaussian_noise,1,MLDS_psi,0.0,5.4356243992662,0.0,0.0,-0.0
RAID,7,img_07.png,gn_img_07_level_02.png,additive_gaussian_noise,2,MLDS_psi,0.1641291,5.2424302231004,0.5506352022280998,0.5506352022280998,-0.5506352022280998
RAID,7,img_07.png,gn_img_07_level_03.png,additive_gaussian_noise,3,MLDS_psi,0.5229278,4.82009339221346,1.7543646877598973,1.7543646877598973,-1.7543646877598973
RAID,7,img_07.png,gn_img_07_level_04.png,additive_gaussian_noise,4,MLDS_psi,0.4986602,4.84865810583264,1.6729505521350991,1.6729505521350991,-1.6729505521350991
RAID,7,img_07.png,gn_img_07_level_05.png,additive_gaussian_noise,5,MLDS_psi,0.6635085,4.65461749071793,2.2259982446931517,2.2259982446931517,-2.2259982446931517
RAID,7,img_07.png,gn_img_07_level_06.png,additive_gaussian_noise,6,MLDS_psi,0.8192172,4.47133474427473,2.748384240770289,2.748384240770289,-2.748384240770289
RAID,7,img_07.png,gn_img_07_level_07.png,additive_gaussian_noise,7,MLDS_psi,0.9358924,4.33399804812638,3.1398164306934824,3.1398164306934824,-3.1398164306934824
RAID,7,img_07.png,gn_img_07_level_08.png,additive_gaussian_noise,8,MLDS_psi,0.8755438,4.40503348103154,2.937353754336576,2.937353754336576,-2.937353754336576
RAID,7,img_07.png,gn_img_07_level_09.png,additive_gaussian_noise,9,MLDS_psi,0.9903318,4.26991795887029,3.322455232786751,3.322455232786751,-3.322455232786751
RAID,7,img_07.png,gn_img_07_level_10.png,additive_gaussian_noise,10,MLDS_psi,1.0,4.2585379534099,3.354890121520998,3.354890121520998,-3.354890121520998
RAID,8,img_08.png,gn_img_08_level_01.png,additive_gaussian_noise,1,MLDS_psi,0.0,5.4356243992662,0.0,0.0,-0.0
RAID,8,img_08.png,gn_img_08_level_02.png,additive_gaussian_noise,2,MLDS_psi,0.159219,5.24319962320446,0.5484422852867082,0.5484422852867082,-0.5484422852867082
RAID,8,img_08.png,gn_img_08_level_03.png,additive_gaussian_noise,3,MLDS_psi,0.2871572,5.08857938445761,0.9891354165219688,0.9891354165219688,-0.9891354165219688
RAID,8,img_08.png,gn_img_08_level_04.png,additive_gaussian_noise,4,MLDS_psi,0.5187334,4.80870714457793,1.7868173677207664,1.7868173677207664,-1.7868173677207664
RAID,8,img_08.png,gn_img_08_level_05.png,additive_gaussian_noise,5,MLDS_psi,0.686549,4.60589263212352,2.364872111898353,2.364872111898353,-2.364872111898353
RAID,8,img_08.png,gn_img_08_level_06.png,additive_gaussian_noise,6,MLDS_psi,0.7413423,4.53967199697589,2.553611822120771,2.553611822120771,-2.553611822120771
RAID,8,img_08.png,gn_img_08_level_07.png,additive_gaussian_noise,7,MLDS_psi,0.7949229,4.47491723262349,2.738173559291441,2.738173559291441,-2.738173559291441
RAID,8,img_08.png,gn_img_08_level_08.png,additive_gaussian_noise,8,MLDS_psi,0.870573,4.38348965390041,2.9987572078182043,2.9987572078182043,-2.9987572078182043
RAID,8,img_08.png,gn_img_08_level_09.png,additive_gaussian_noise,9,MLDS_psi,0.9401229,4.29943512437949,3.238326452499869,3.238326452499869,-3.238326452499869
RAID,8,img_08.png,gn_img_08_level_10.png,additive_gaussian_noise,10,MLDS_psi,1.0,4.22707010816963,3.444578660127275,3.444578660127275,-3.444578660127275
RAID,9,img_09.png,gn_img_09_level_01.png,additive_gaussian_noise,1,MLDS_psi,0.0,5.4356243992662,0.0,0.0,-0.0
RAID,9,img_09.png,gn_img_09_level_02.png,additive_gaussian_noise,2,MLDS_psi,0.2522138,5.05225954849962,1.0926529273213577,1.0926529273213577,-1.0926529273213577
RAID,9,img_09.png,gn_img_09_level_03.png,additive_gaussian_noise,3,MLDS_psi,0.4696831,4.72170630839121,2.0347840713680467,2.0347840713680467,-2.0347840713680467
RAID,9,img_09.png,gn_img_09_level_04.png,additive_gaussian_noise,4,MLDS_psi,0.6762049,4.40779304262442,2.929488549567404,2.929488549567404,-2.929488549567404
RAID,9,img_09.png,gn_img_09_level_05.png,additive_gaussian_noise,5,MLDS_psi,0.7879894,4.23788051514856,3.413767220822292,3.413767220822292,-3.413767220822292
RAID,9,img_09.png,gn_img_09_level_06.png,additive_gaussian_noise,6,MLDS_psi,0.7791044,4.25138598124392,3.375274419423231,3.375274419423231,-3.375274419423231
RAID,9,img_09.png,gn_img_09_level_07.png,additive_gaussian_noise,7,MLDS_psi,0.8665712,4.11843649385605,3.7542023422355486,3.7542023422355486,-3.7542023422355486
RAID,9,img_09.png,gn_img_09_level_08.png,additive_gaussian_noise,8,MLDS_psi,0.9445672,3.99988250270216,4.092100731252942,4.092100731252942,-4.092100731252942
RAID,9,img_09.png,gn_img_09_level_09.png,additive_gaussian_noise,9,MLDS_psi,0.8957028,4.07415606396089,3.880408856085838,3.880408856085838,-3.880408856085838
RAID,9,img_09.png,gn_img_09_level_10.png,additive_gaussian_noise,10,MLDS_psi,1.0,3.91562458230795,4.332249673402042,4.332249673402042,-4.332249673402042
RAID,10,img_10.png,gn_img_10_level_01.png,additive_gaussian_noise,1,MLDS_psi,0.0,5.4356243992662,0.0,0.0,-0.0
RAID,10,img_10.png,gn_img_10_level_02.png,additive_gaussian_noise,2,MLDS_psi,0.2798516,5.00156257870617,1.2371476360573572,1.2371476360573572,-1.2371476360573572
RAID,10,img_10.png,gn_img_10_level_03.png,additive_gaussian_noise,3,MLDS_psi,0.4544296,4.73078451176895,2.008909697450687,2.008909697450687,-2.008909697450687
RAID,10,img_10.png,gn_img_10_level_04.png,additive_gaussian_noise,4,MLDS_psi,0.6591011,4.41333037215433,2.913706248951412,2.913706248951412,-2.913706248951412
RAID,10,img_10.png,gn_img_10_level_05.png,additive_gaussian_noise,5,MLDS_psi,0.7438511,4.28187952698118,3.288362794772214,3.288362794772214,-3.288362794772214
RAID,10,img_10.png,gn_img_10_level_06.png,additive_gaussian_noise,6,MLDS_psi,0.8231683,4.15885509806496,3.639002667255445,3.639002667255445,-3.639002667255445
RAID,10,img_10.png,gn_img_10_level_07.png,additive_gaussian_noise,7,MLDS_psi,0.9405174,3.9768415939001,4.157771113919429,4.157771113919429,-4.157771113919429
RAID,10,img_10.png,gn_img_10_level_08.png,additive_gaussian_noise,8,MLDS_psi,0.8703319,4.08570200724375,3.847501017243887,3.847501017243887,-3.847501017243887
RAID,10,img_10.png,gn_img_10_level_09.png,additive_gaussian_noise,9,MLDS_psi,0.9232025,4.00369803225612,4.081225843980203,4.081225843980203,-4.081225843980203
RAID,10,img_10.png,gn_img_10_level_10.png,additive_gaussian_noise,10,MLDS_psi,1.0,3.88458172515843,4.420726925995801,4.420726925995801,-4.420726925995801
RAID,11,img_11.png,gn_img_11_level_01.png,additive_gaussian_noise,1,MLDS_psi,0.0,5.4356243992662,0.0,0.0,-0.0
RAID,11,img_11.png,gn_img_11_level_02.png,additive_gaussian_noise,2,MLDS_psi,0.2244869,5.02264708578329,1.1770533203346698,1.1770533203346698,-1.1770533203346698
RAID,11,img_11.png,gn_img_11_level_03.png,additive_gaussian_noise,3,MLDS_psi,0.3987871,4.70199560002602,2.0909628346316613,2.0909628346316613,-2.0909628346316613
RAID,11,img_11.png,gn_img_11_level_04.png,additive_gaussian_noise,4,MLDS_psi,0.6092332,4.31484861534247,3.194395466163329,3.194395466163329,-3.194395466163329
RAID,11,img_11.png,gn_img_11_level_05.png,additive_gaussian_noise,5,MLDS_psi,0.7423859,4.06989421888447,3.892555816062054,3.892555816062054,-3.892555816062054
RAID,11,img_11.png,gn_img_11_level_06.png,additive_gaussian_noise,6,MLDS_psi,0.8026863,3.95896244375706,4.208729634771685,4.208729634771685,-4.208729634771685
RAID,11,img_11.png,gn_img_11_level_07.png,additive_gaussian_noise,7,MLDS_psi,0.8532869,3.86587496662816,4.4740442669777,4.4740442669777,-4.4740442669777
RAID,11,img_11.png,gn_img_11_level_08.png,additive_gaussian_noise,8,MLDS_psi,0.8806413,3.81555263137932,4.6174712055959315,4.6174712055959315,-4.6174712055959315
RAID,11,img_11.png,gn_img_11_level_09.png,additive_gaussian_noise,9,MLDS_psi,0.9327835,3.71962912601209,4.890868985097239,4.890868985097239,-4.890868985097239
RAID,11,img_11.png,gn_img_11_level_10.png,additive_gaussian_noise,10,MLDS_psi,1.0,3.59597423740679,5.243305771469298,5.243305771469298,-5.243305771469298
RAID,12,img_12.png,gn_img_12_level_01.png,additive_gaussian_noise,1,MLDS_psi,0.0,5.4356243992662,0.0,0.0,-0.0
RAID,12,img_12.png,gn_img_12_level_02.png,additive_gaussian_noise,2,MLDS_psi,0.2265933,5.0641638446536,1.058723723811079,1.058723723811079,-1.058723723811079
RAID,12,img_12.png,gn_img_12_level_03.png,additive_gaussian_noise,3,MLDS_psi,0.4207536,4.74587184908089,1.9659083027051505,1.9659083027051505,-1.9659083027051505
RAID,12,img_12.png,gn_img_12_level_04.png,additive_gaussian_noise,4,MLDS_psi,0.5306448,4.56572423510146,2.479358655211355,2.479358655211355,-2.479358655211355
RAID,12,img_12.png,gn_img_12_level_05.png,additive_gaussian_noise,5,MLDS_psi,0.6496039,4.37071088102752,3.035178813918013,3.035178813918013,-3.035178813918013
RAID,12,img_12.png,gn_img_12_level_06.png,additive_gaussian_noise,6,MLDS_psi,0.8027406,4.11966984362734,3.7506870923754714,3.7506870923754714,-3.7506870923754714
RAID,12,img_12.png,gn_img_12_level_07.png,additive_gaussian_noise,7,MLDS_psi,0.8902491,3.97621477547985,4.159557649592728,4.159557649592728,-4.159557649592728
RAID,12,img_12.png,gn_img_12_level_08.png,additive_gaussian_noise,8,MLDS_psi,0.9147905,3.93598343652512,4.27422358777417,4.27422358777417,-4.27422358777417
RAID,12,img_12.png,gn_img_12_level_09.png,additive_gaussian_noise,9,MLDS_psi,0.9417369,3.8918096437886,4.400126168169665,4.400126168169665,-4.400126168169665
RAID,12,img_12.png,gn_img_12_level_10.png,additive_gaussian_noise,10,MLDS_psi,1.0,3.79629708161804,4.672352691918354,4.672352691918354,-4.672352691918354
RAID,13,img_13.png,gn_img_13_level_01.png,additive_gaussian_noise,1,MLDS_psi,0.0,5.4356243992662,0.0,0.0,-0.0
RAID,13,img_13.png,gn_img_13_level_02.png,additive_gaussian_noise,2,MLDS_psi,0.1345089,5.31120291953565,0.3546216972614708,0.3546216972614708,-0.3546216972614708
RAID,13,img_13.png,gn_img_13_level_03.png,additive_gaussian_noise,3,MLDS_psi,0.2575374,5.19740088824289,0.6789762184923718,0.6789762184923718,-0.6789762184923718
RAID,13,img_13.png,gn_img_13_level_04.png,additive_gaussian_noise,4,MLDS_psi,0.4923334,4.98021319533063,1.297996892829708,1.297996892829708,-1.297996892829708
RAID,13,img_13.png,gn_img_13_level_05.png,additive_gaussian_noise,5,MLDS_psi,0.4884343,4.98381992412617,1.2877171220874777,1.2877171220874777,-1.2877171220874777
RAID,13,img_13.png,gn_img_13_level_06.png,additive_gaussian_noise,6,MLDS_psi,0.5767194,4.90215562750239,1.5204738095751091,1.5204738095751091,-1.5204738095751091
RAID,13,img_13.png,gn_img_13_level_07.png,additive_gaussian_noise,7,MLDS_psi,0.6982263,4.78976110266731,1.8408167057231772,1.8408167057231772,-1.8408167057231772
RAID,13,img_13.png,gn_img_13_level_08.png,additive_gaussian_noise,8,MLDS_psi,0.7254232,4.76460409649299,1.9125183142145452,1.9125183142145452,-1.9125183142145452
RAID,13,img_13.png,gn_img_13_level_09.png,additive_gaussian_noise,9,MLDS_psi,0.9231382,4.58171616762735,2.4337790152078376,2.4337790152078376,-2.4337790152078376
RAID,13,img_13.png,gn_img_13_level_10.png,additive_gaussian_noise,10,MLDS_psi,1.0,4.51061883315205,2.636418121228746,2.636418121228746,-2.636418121228746
RAID,14,img_14.png,gn_img_14_level_01.png,additive_gaussian_noise,1,MLDS_psi,0.0,5.4356243992662,0.0,0.0,-0.0
RAID,14,img_14.png,gn_img_14_level_02.png,additive_gaussian_noise,2,MLDS_psi,0.1843415,5.17757527183701,0.7354824885860539,0.7354824885860539,-0.7354824885860539
RAID,14,img_14.png,gn_img_14_level_03.png,additive_gaussian_noise,3,MLDS_psi,0.304592,5.0092435752152,1.2152555316989038,1.2152555316989038,-1.2152555316989038
RAID,14,img_14.png,gn_img_14_level_04.png,additive_gaussian_noise,4,MLDS_psi,0.5680689,4.64041758263831,2.266470320053917,2.266470320053917,-2.266470320053917
RAID,14,img_14.png,gn_img_14_level_05.png,additive_gaussian_noise,5,MLDS_psi,0.6974233,4.45934144510689,2.7825671175201543,2.7825671175201543,-2.7825671175201543
RAID,14,img_14.png,gn_img_14_level_06.png,additive_gaussian_noise,6,MLDS_psi,0.7347006,4.40715946184777,2.9312943590695437,2.9312943590695437,-2.9312943590695437
RAID,14,img_14.png,gn_img_14_level_07.png,additive_gaussian_noise,7,MLDS_psi,0.8358994,4.26549693832781,3.33505586904183,3.33505586904183,-3.33505586904183
RAID,14,img_14.png,gn_img_14_level_08.png,additive_gaussian_noise,8,MLDS_psi,0.9054852,4.1680877952774,3.612687960479189,3.612687960479189,-3.612687960479189
RAID,14,img_14.png,gn_img_14_level_09.png,additive_gaussian_noise,9,MLDS_psi,0.9577764,4.09488788814264,3.821319744667297,3.821319744667297,-3.821319744667297
RAID,14,img_14.png,gn_img_14_level_10.png,additive_gaussian_noise,10,MLDS_psi,1.0,4.03578177211014,3.9897819043472142,3.9897819043472142,-3.9897819043472142
RAID,15,img_15.png,gn_img_15_level_01.png,additive_gaussian_noise,1,MLDS_psi,0.0,5.4356243992662,0.0,0.0,-0.0
RAID,15,img_15.png,gn_img_15_level_02.png,additive_gaussian_noise,2,MLDS_psi,0.2620741,4.93440400472571,1.4285606263399635,1.4285606263399635,-1.4285606263399635
RAID,15,img_15.png,gn_img_15_level_03.png,additive_gaussian_noise,3,MLDS_psi,0.4906022,4.49734068626801,2.67426302545832,2.67426302545832,-2.67426302545832
RAID,15,img_15.png,gn_img_15_level_04.png,additive_gaussian_noise,4,MLDS_psi,0.6487665,4.19484956064381,3.536412524143731,3.536412524143731,-3.536412524143731
RAID,15,img_15.png,gn_img_15_level_05.png,additive_gaussian_noise,5,MLDS_psi,0.6958332,4.10483375386476,3.79297239024947,3.79297239024947,-3.79297239024947
RAID,15,img_15.png,gn_img_15_level_06.png,additive_gaussian_noise,6,MLDS_psi,0.8493444,3.81124136908304,4.629759012782905,4.629759012782905,-4.629759012782905
RAID,15,img_15.png,gn_img_15_level_07.png,additive_gaussian_noise,7,MLDS_psi,0.8755713,3.76108185056909,4.772721896906745,4.772721896906745,-4.772721896906745
RAID,15,img_15.png,gn_img_15_level_08.png,additive_gaussian_noise,8,MLDS_psi,0.9130015,3.68949606588914,4.97675316641083,4.97675316641083,-4.97675316641083
RAID,15,img_15.png,gn_img_15_level_09.png,additive_gaussian_noise,9,MLDS_psi,0.9667441,3.58671293022496,5.269702021367571,5.269702021367571,-5.269702021367571
RAID,15,img_15.png,gn_img_15_level_10.png,additive_gaussian_noise,10,MLDS_psi,1.0,3.52311036736704,5.450979794624251,5.450979794624251,-5.450979794624251
RAID,16,img_16.png,gn_img_16_level_01.png,additive_gaussian_noise,1,MLDS_psi,0.0,5.4356243992662,0.0,0.0,-0.0
RAID,16,img_16.png,gn_img_16_level_02.png,additive_gaussian_noise,2,MLDS_psi,0.310577,4.82481247661885,1.7409145204336145,1.7409145204336145,-1.7409145204336145
RAID,16,img_16.png,gn_img_16_level_03.png,additive_gaussian_noise,3,MLDS_psi,0.5022106,4.44792658750196,2.815101340603041,2.815101340603041,-2.815101340603041
RAID,16,img_16.png,gn_img_16_level_04.png,additive_gaussian_noise,4,MLDS_psi,0.7162229,4.02702816183965,4.014731134480227,4.014731134480227,-4.014731134480227
RAID,16,img_16.png,gn_img_16_level_05.png,additive_gaussian_noise,5,MLDS_psi,0.7814143,3.89881648538258,4.380155516286395,4.380155516286395,-4.380155516286395
RAID,16,img_16.png,gn_img_16_level_06.png,additive_gaussian_noise,6,MLDS_psi,0.8162674,3.83027063999552,4.575522458425533,4.575522458425533,-4.575522458425533
RAID,16,img_16.png,gn_img_16_level_07.png,additive_gaussian_noise,7,MLDS_psi,0.8826581,3.69969994151702,4.947670441292625,4.947670441292625,-4.947670441292625
RAID,16,img_16.png,gn_img_16_level_08.png,additive_gaussian_noise,8,MLDS_psi,0.8818113,3.70136556191671,4.94292314898897,4.94292314898897,-4.94292314898897
RAID,16,img_16.png,gn_img_16_level_09.png,additive_gaussian_noise,9,MLDS_psi,0.9482951,3.57061175963413,5.315593007836975,5.315593007836975,-5.315593007836975
RAID,16,img_16.png,gn_img_16_level_10.png,additive_gaussian_noise,10,MLDS_psi,1.0,3.46892360552565,5.605420985123762,5.605420985123762,-5.605420985123762
RAID,17,img_17.png,gn_img_17_level_01.png,additive_gaussian_noise,1,MLDS_psi,0.0,5.4356243992662,0.0,0.0,-0.0
RAID,17,img_17.png,gn_img_17_level_02.png,additive_gaussian_noise,2,MLDS_psi,0.1283841,5.2145363352362,0.6301373740319132,0.6301373740319132,-0.6301373740319132
RAID,17,img_17.png,gn_img_17_level_03.png,additive_gaussian_noise,3,MLDS_psi,0.4011322,4.74484189018289,1.968843855097792,1.968843855097792,-1.968843855097792
RAID,17,img_17.png,gn_img_17_level_04.png,additive_gaussian_noise,4,MLDS_psi,0.505079,4.56583659425396,2.479038413132158,2.479038413132158,-2.479038413132158
RAID,17,img_17.png,gn_img_17_level_05.png,additive_gaussian_noise,5,MLDS_psi,0.7361823,4.1678573549785,3.613344753261987,3.613344753261987,-3.613344753261987
RAID,17,img_17.png,gn_img_17_level_06.png,additive_gaussian_noise,6,MLDS_psi,0.7746716,4.10157585862325,3.8022579279439706,3.8022579279439706,-3.8022579279439706
RAID,17,img_17.png,gn_img_17_level_07.png,additive_gaussian_noise,7,MLDS_psi,0.8392464,3.99037254887728,4.119205665011661,4.119205665011661,-4.119205665011661
RAID,17,img_17.png,gn_img_17_level_08.png,additive_gaussian_noise,8,MLDS_psi,0.8978493,3.88945374285474,4.406840873617278,4.406840873617278,-4.406840873617278
RAID,17,img_17.png,gn_img_17_level_09.png,additive_gaussian_noise,9,MLDS_psi,0.9481152,3.80289141947156,4.653557743594358,4.653557743594358,-4.653557743594358
RAID,17,img_17.png,gn_img_17_level_10.png,additive_gaussian_noise,10,MLDS_psi,1.0,3.71354144470739,4.90821987886041,4.90821987886041,-4.90821987886041
RAID,18,img_18.png,gn_img_18_level_01.png,additive_gaussian_noise,1,MLDS_psi,0.0,5.4356243992662,0.0,0.0,-0.0
RAID,18,img_18.png,gn_img_18_level_02.png,additive_gaussian_noise,2,MLDS_psi,0.1558817,5.16799628995871,0.7627841636591689,0.7627841636591689,-0.7627841636591689
RAID,18,img_18.png,gn_img_18_level_03.png,additive_gaussian_noise,3,MLDS_psi,0.3664088,4.80654943270474,1.7929672017231275,1.7929672017231275,-1.7929672017231275
RAID,18,img_18.png,gn_img_18_level_04.png,additive_gaussian_noise,4,MLDS_psi,0.4949048,4.58593899910916,2.4217432503980088,2.4217432503980088,-2.4217432503980088
RAID,18,img_18.png,gn_img_18_level_05.png,additive_gaussian_noise,5,MLDS_psi,0.6215472,4.36851051429088,3.0414502213022914,3.0414502213022914,-3.0414502213022914
RAID,18,img_18.png,gn_img_18_level_06.png,additive_gaussian_noise,6,MLDS_psi,0.7079903,4.2200991590827,3.464447012457469,3.464447012457469,-3.464447012457469
RAID,18,img_18.png,gn_img_18_level_07.png,additive_gaussian_noise,7,MLDS_psi,0.757137,4.13572107681706,3.7049384357190447,3.7049384357190447,-3.7049384357190447
RAID,18,img_18.png,gn_img_18_level_08.png,additive_gaussian_noise,8,MLDS_psi,0.8820977,3.92118011818202,4.316415481708402,4.316415481708402,-4.316415481708402
RAID,18,img_18.png,gn_img_18_level_09.png,additive_gaussian_noise,9,MLDS_psi,0.8827196,3.92011218605192,4.319459264062995,4.319459264062995,-4.319459264062995
RAID,18,img_18.png,gn_img_18_level_10.png,additive_gaussian_noise,10,MLDS_psi,1.0,3.71875730221762,4.893353826415454,4.893353826415454,-4.893353826415454
RAID,19,img_19.png,gn_img_19_level_01.png,additive_gaussian_noise,1,MLDS_psi,0.0,5.4356243992662,0.0,0.0,-0.0
RAID,19,img_19.png,gn_img_19_level_02.png,additive_gaussian_noise,2,MLDS_psi,0.2792719,4.97430684921372,1.314830951459508,1.314830951459508,-1.314830951459508
RAID,19,img_19.png,gn_img_19_level_03.png,additive_gaussian_noise,3,MLDS_psi,0.5008254,4.60833176205925,2.3579201900957796,2.3579201900957796,-2.3579201900957796
RAID,19,img_19.png,gn_img_19_level_04.png,additive_gaussian_noise,4,MLDS_psi,0.5615205,4.50807202569517,2.6436769416905497,2.6436769416905497,-2.6436769416905497
RAID,19,img_19.png,gn_img_19_level_05.png,additive_gaussian_noise,5,MLDS_psi,0.7416551,4.21051533951867,3.491762475731216,3.491762475731216,-3.491762475731216
RAID,19,img_19.png,gn_img_19_level_06.png,additive_gaussian_noise,6,MLDS_psi,0.8095523,4.09835905770141,3.8114263400632096,3.8114263400632096,-3.8114263400632096
RAID,19,img_19.png,gn_img_19_level_07.png,additive_gaussian_noise,7,MLDS_psi,0.8939181,3.95899885644537,4.2086258526163896,4.2086258526163896,-4.2086258526163896
RAID,19,img_19.png,gn_img_19_level_08.png,additive_gaussian_noise,8,MLDS_psi,0.9553905,3.85745479254636,4.49804314908865,4.49804314908865,-4.49804314908865
RAID,19,img_19.png,gn_img_19_level_09.png,additive_gaussian_noise,9,MLDS_psi,0.9513975,3.86405069094367,4.4792437529579985,4.4792437529579985,-4.4792437529579985
RAID,19,img_19.png,gn_img_19_level_10.png,additive_gaussian_noise,10,MLDS_psi,1.0,3.78376643520695,4.708067096759934,4.708067096759934,-4.708067096759934
RAID,20,img_20.png,gn_img_20_level_01.png,additive_gaussian_noise,1,MLDS_psi,0.0,5.4356243992662,0.0,0.0,-0.0
RAID,20,img_20.png,gn_img_20_level_02.png,additive_gaussian_noise,2,MLDS_psi,0.211424,5.11874235500311,0.9031659855808122,0.9031659855808122,-0.9031659855808122
RAID,20,img_20.png,gn_img_20_level_03.png,additive_gaussian_noise,3,MLDS_psi,0.4504006,4.76056436881527,1.92403220304346,1.92403220304346,-1.92403220304346
RAID,20,img_20.png,gn_img_20_level_04.png,additive_gaussian_noise,4,MLDS_psi,0.611564,4.51901299817077,2.612493369228721,2.612493369228721,-2.612493369228721
RAID,20,img_20.png,gn_img_20_level_05.png,additive_gaussian_noise,5,MLDS_psi,0.7063747,4.37691092148474,3.017507678075644,3.017507678075644,-3.017507678075644
RAID,20,img_20.png,gn_img_20_level_06.png,additive_gaussian_noise,6,MLDS_psi,0.8524147,4.1580264493152,3.641364452589524,3.641364452589524,-3.641364452589524
RAID,20,img_20.png,gn_img_20_level_07.png,additive_gaussian_noise,7,MLDS_psi,0.8222762,4.2031979497115,3.512618241138935,3.512618241138935,-3.512618241138935
RAID,20,img_20.png,gn_img_20_level_08.png,additive_gaussian_noise,8,MLDS_psi,0.8921806,4.09842512072164,3.8112380495814593,3.8112380495814593,-3.8112380495814593
RAID,20,img_20.png,gn_img_20_level_09.png,additive_gaussian_noise,9,MLDS_psi,0.9301957,4.04144810659294,3.973631918381033,3.973631918381033,-3.973631918381033
RAID,20,img_20.png,gn_img_20_level_10.png,additive_gaussian_noise,10,MLDS_psi,1.0,3.93682560998768,4.27182325478241,4.27182325478241,-4.27182325478241
RAID,21,img_21.png,gn_img_21_level_01.png,additive_gaussian_noise,1,MLDS_psi,0.0,5.4356243992662,0.0,0.0,-0.0
RAID,21,img_21.png,gn_img_21_level_02.png,additive_gaussian_noise,2,MLDS_psi,0.2056871,5.16843511487101,0.7615334404276377,0.7615334404276377,-0.7615334404276377
RAID,21,img_21.png,gn_img_21_level_03.png,additive_gaussian_noise,3,MLDS_psi,0.4679615,4.82773849621545,1.7325748829545204,1.7325748829545204,-1.7325748829545204
RAID,21,img_21.png,gn_img_21_level_04.png,additive_gaussian_noise,4,MLDS_psi,0.5981613,4.6586078011758,2.214625203074995,2.214625203074995,-2.214625203074995
RAID,21,img_21.png,gn_img_21_level_05.png,additive_gaussian_noise,5,MLDS_psi,0.7395107,4.47499369926894,2.7379556167653205,2.7379556167653205,-2.7379556167653205
RAID,21,img_21.png,gn_img_21_level_06.png,additive_gaussian_noise,6,MLDS_psi,0.858108,4.32093473610339,3.177049020206814,3.177049020206814,-3.177049020206814
RAID,21,img_21.png,gn_img_21_level_07.png,additive_gaussian_noise,7,MLDS_psi,0.8900569,4.27943311450779,3.295335473005846,3.295335473005846,-3.295335473005846
RAID,21,img_21.png,gn_img_21_level_08.png,additive_gaussian_noise,8,MLDS_psi,0.9684326,4.17762219762158,3.5855133444161993,3.5855133444161993,-3.5855133444161993
RAID,21,img_21.png,gn_img_21_level_09.png,additive_gaussian_noise,9,MLDS_psi,0.966099,4.18065381401428,3.57687273868675,3.57687273868675,-3.57687273868675
RAID,21,img_21.png,gn_img_21_level_10.png,additive_gaussian_noise,10,MLDS_psi,1.0,4.13661578858704,3.702388359903215,3.702388359903215,-3.702388359903215
RAID,22,img_22.png,gn_img_22_level_01.png,additive_gaussian_noise,1,MLDS_psi,0.0,5.4356243992662,0.0,0.0,-0.0
RAID,22,img_22.png,gn_img_22_level_02.png,additive_gaussian_noise,2,MLDS_psi,0.2003474,5.12160402817764,0.8950097459961475,0.8950097459961475,-0.8950097459961475
RAID,22,img_22.png,gn_img_22_level_03.png,additive_gaussian_noise,3,MLDS_psi,0.4397981,4.74629423626533,1.964704429703724,1.964704429703724,-1.964704429703724
RAID,22,img_22.png,gn_img_22_level_04.png,additive_gaussian_noise,4,MLDS_psi,0.6154195,4.4710288776929,2.7492560108747703,2.7492560108747703,-2.7492560108747703
RAID,22,img_22.png,gn_img_22_level_05.png,additive_gaussian_noise,5,MLDS_psi,0.7176148,4.31084998198442,3.205792229416982,3.205792229416982,-3.205792229416982
RAID,22,img_22.png,gn_img_22_level_06.png,additive_gaussian_noise,6,MLDS_psi,0.9031701,4.02001455788927,4.0347210601923384,4.0347210601923384,-4.0347210601923384
RAID,22,img_22.png,gn_img_22_level_07.png,additive_gaussian_noise,7,MLDS_psi,0.8388664,4.12080279841514,3.7474579847435665,3.7474579847435665,-3.7474579847435665
RAID,22,img_22.png,gn_img_22_level_08.png,additive_gaussian_noise,8,MLDS_psi,0.8003041,4.18124473992748,3.5751885025665264,3.5751885025665264,-3.5751885025665264
RAID,22,img_22.png,gn_img_22_level_09.png,additive_gaussian_noise,9,MLDS_psi,0.9879861,3.88707547412662,4.413619330960286,4.413619330960286,-4.413619330960286
RAID,22,img_22.png,gn_img_22_level_10.png,additive_gaussian_noise,10,MLDS_psi,1.0,3.86824543263735,4.467288048667969,4.467288048667969,-4.467288048667969
RAID,23,img_23.png,gn_img_23_level_01.png,additive_gaussian_noise,1,MLDS_psi,0.0,5.4356243992662,0.0,0.0,-0.0
RAID,23,img_23.png,gn_img_23_level_02.png,additive_gaussian_noise,2,MLDS_psi,0.3017203,4.99690664430594,1.2504178154743135,1.2504178154743135,-1.2504178154743135
RAID,23,img_23.png,gn_img_23_level_03.png,additive_gaussian_noise,3,MLDS_psi,0.4570586,4.77103613779288,1.8941859377827237,1.8941859377827237,-1.8941859377827237
RAID,23,img_23.png,gn_img_23_level_04.png,additive_gaussian_noise,4,MLDS_psi,0.6505481,4.4896919409972,2.6960632084792264,2.6960632084792264,-2.6960632084792264
RAID,23,img_23.png,gn_img_23_level_05.png,additive_gaussian_noise,5,MLDS_psi,0.7086944,4.40514427964027,2.937037960064034,2.937037960064034,-2.937037960064034
RAID,23,img_23.png,gn_img_23_level_06.png,additive_gaussian_noise,6,MLDS_psi,0.7896024,4.28749956533169,3.27234476040348,3.27234476040348,-3.27234476040348
RAID,23,img_23.png,gn_img_23_level_07.png,additive_gaussian_noise,7,MLDS_psi,0.8132917,4.25305420254993,3.370519714108484,3.370519714108484,-3.370519714108484
RAID,23,img_23.png,gn_img_23_level_08.png,additive_gaussian_noise,8,MLDS_psi,0.8820031,4.15314402799366,3.6552801570124176,3.6552801570124176,-3.6552801570124176
RAID,23,img_23.png,gn_img_23_level_09.png,additive_gaussian_noise,9,MLDS_psi,0.9564028,4.04496245119642,3.9636154577928098,3.9636154577928098,-3.9636154577928098
RAID,23,img_23.png,gn_img_23_level_10.png,additive_gaussian_noise,10,MLDS_psi,1.0,3.9815700415682,4.144294259753213,4.144294259753213,-4.144294259753213
RAID,24,img_24.png,gn_img_24_level_01.png,additive_gaussian_noise,1,MLDS_psi,0.0,5.4356243992662,0.0,0.0,-0.0
RAID,24,img_24.png,gn_img_24_level_02.png,additive_gaussian_noise,2,MLDS_psi,0.2110125,5.07446052061855,1.0293765024570916,1.0293765024570916,-1.0293765024570916
RAID,24,img_24.png,gn_img_24_level_03.png,additive_gaussian_noise,3,MLDS_psi,0.4614591,4.64580249905857,2.2511224218879473,2.2511224218879473,-2.2511224218879473
RAID,24,img_24.png,gn_img_24_level_04.png,additive_gaussian_noise,4,MLDS_psi,0.6042959,4.40132614918,2.947920260347866,2.947920260347866,-2.947920260347866
RAID,24,img_24.png,gn_img_24_level_05.png,additive_gaussian_noise,5,MLDS_psi,0.6757646,4.27900240442317,3.296563067642769,3.296563067642769,-3.296563067642769
RAID,24,img_24.png,gn_img_24_level_06.png,additive_gaussian_noise,6,MLDS_psi,0.7836663,4.09432037038622,3.822937263687687,3.822937263687687,-3.822937263687687
RAID,24,img_24.png,gn_img_24_level_07.png,additive_gaussian_noise,7,MLDS_psi,0.8229624,4.02706197362166,4.014634765336024,4.014634765336024,-4.014634765336024
RAID,24,img_24.png,gn_img_24_level_08.png,additive_gaussian_noise,8,MLDS_psi,0.941609,3.82398945126149,4.593424880213989,4.593424880213989,-4.593424880213989
RAID,24,img_24.png,gn_img_24_level_09.png,additive_gaussian_noise,9,MLDS_psi,0.9403054,3.82622102887383,4.5870645166966,4.5870645166966,-4.5870645166966
RAID,24,img_24.png,gn_img_24_level_10.png,additive_gaussian_noise,10,MLDS_psi,1.0,3.72404910619205,4.8782713140465965,4.8782713140465965,-4.8782713140465965
TID2013,1,i01.png,i01_01_1.png,additive_gaussian_noise,1,MOS,5.51429,5.51429,0.034470919,-0.034470919,0.034470919
TID2013,1,i01.png,i01_01_2.png,additive_gaussian_noise,2,MOS,5.56757,5.56757,-0.175516306,0.175516306,-0.175516306
TID2013,1,i01.png,i01_01_3.png,additive_gaussian_noise,3,MOS,4.94444,4.94444,-0.708361862,0.708361862,-0.708361862
TID2013,1,i01.png,i01_01_4.png,additive_gaussian_noise,4,MOS,4.37838,4.37838,-1.25415525,1.25415525,-1.25415525
TID2013,1,i01.png,i01_01_5.png,additive_gaussian_noise,5,MOS,3.86486,3.86486,-1.770809111,1.770809111,-1.770809111
TID2013,1,i01.png,i01_02_1.png,additive_noise_in_color_more_intensive_than_additive_noise_in_the_luminance,1,MOS,6.02857,6.02857,0.237917791,-0.237917791,0.237917791
TID2013,1,i01.png,i01_02_2.png,additive_noise_in_color_more_intensive_than_additive_noise_in_the_luminance,2,MOS,6.10811,6.10811,0.17845558,-0.17845558,0.17845558
TID2013,1,i01.png,i01_02_3.png,additive_noise_in_color_more_intensive_than_additive_noise_in_the_luminance,3,MOS,5.38889,5.38889,-0.213000704,0.213000704,-0.213000704
TID2013,1,i01.png,i01_02_4.png,additive_noise_in_color_more_intensive_than_additive_noise_in_the_luminance,4,MOS,4.71429,4.71429,-0.677279052,0.677279052,-0.677279052
TID2013,1,i01.png,i01_02_5.png,additive_noise_in_color_more_intensive_than_additive_noise_in_the_luminance,5,MOS,4.36111,4.36111,-1.105593551,1.105593551,-1.105593551
TID2013,1,i01.png,i01_03_1.png,spatially_correlated_noise,1,MOS,4.77143,4.77143,-0.722482513,0.722482513,-0.722482513
TID2013,1,i01.png,i01_03_2.png,spatially_correlated_noise,2,MOS,4.27027,4.27027,-1.347806456,1.347806456,-1.347806456
TID2013,1,i01.png,i01_03_3.png,spatially_correlated_noise,3,MOS,3.7027,3.7027,-2.028032256,2.028032256,-2.028032256
TID2013,1,i01.png,i01_03_4.png,spatially_correlated_noise,4,MOS,3.19444,3.19444,-2.698561568,2.698561568,-2.698561568
TID2013,1,i01.png,i01_03_5.png,spatially_correlated_noise,5,MOS,2.71429,2.71429,-3.418143827,3.418143827,-3.418143827
TID2013,1,i01.png,i01_04_1.png,masked_noise,1,MOS,5.97143,5.97143,0.252240213,-0.252240213,0.252240213
TID2013,1,i01.png,i01_04_2.png,masked_noise,2,MOS,5.75676,5.75676,0.114476857,-0.114476857,0.114476857
TID2013,1,i01.png,i01_04_3.png,masked_noise,3,MOS,5.27027,5.27027,-0.195981535,0.195981535,-0.195981535
TID2013,1,i01.png,i01_04_4.png,masked_noise,4,MOS,5.24324,5.24324,-0.260141596,0.260141596,-0.260141596
TID2013,1,i01.png,i01_04_5.png,masked_noise,5,MOS,4.71429,4.71429,-0.779423315,0.779423315,-0.779423315
TID2013,1,i01.png,i01_05_1.png,high_frequency_noise,1,MOS,5.91892,5.91892,0.15314117,-0.15314117,0.15314117
TID2013,1,i01.png,i01_05_2.png,high_frequency_noise,2,MOS,5.7027,5.7027,0.039458325,-0.039458325,0.039458325
TID2013,1,i01.png,i01_05_3.png,high_frequency_noise,3,MOS,5.08333,5.08333,-0.44135251,0.44135251,-0.44135251
TID2013,1,i01.png,i01_05_4.png,high_frequency_noise,4,MOS,4.13889,4.13889,-1.501254704,1.501254704,-1.501254704
TID2013,1,i01.png,i01_05_5.png,high_frequency_noise,5,MOS,3.13889,3.13889,-2.767657107,2.767657107,-2.767657107
TID2013,1,i01.png,i01_06_1.png,impulse_noise,1,MOS,4.0,4.0,-1.507473861,1.507473861,-1.507473861
TID2013,1,i01.png,i01_06_2.png,impulse_noise,2,MOS,3.89189,3.89189,-1.68443084,1.68443084,-1.68443084
TID2013,1,i01.png,i01_06_3.png,impulse_noise,3,MOS,3.72973,3.72973,-2.17178529,2.17178529,-2.17178529
TID2013,1,i01.png,i01_06_4.png,impulse_noise,4,MOS,3.48571,3.48571,-2.300814706,2.300814706,-2.300814706
TID2013,1,i01.png,i01_06_5.png,impulse_noise,5,MOS,2.94444,2.94444,-3.160037916,3.160037916,-3.160037916
TID2013,1,i01.png,i01_07_1.png,quantization_noise,1,MOS,5.08333,5.08333,-0.324107309,0.324107309,-0.324107309
TID2013,1,i01.png,i01_07_2.png,quantization_noise,2,MOS,4.75,4.75,-0.847549575,0.847549575,-0.847549575
TID2013,1,i01.png,i01_07_3.png,quantization_noise,3,MOS,4.0,4.0,-1.615962525,1.615962525,-1.615962525
TID2013,1,i01.png,i01_07_4.png,quantization_noise,4,MOS,3.22222,3.22222,-2.568082422,2.568082422,-2.568082422
TID2013,1,i01.png,i01_07_5.png,quantization_noise,5,MOS,2.19444,2.19444,-3.832276997,3.832276997,-3.832276997
TID2013,1,i01.png,i01_08_1.png,gaussian_blur,1,MOS,5.18919,5.18919,-0.325920964,0.325920964,-0.325920964
TID2013,1,i01.png,i01_08_2.png,gaussian_blur,2,MOS,4.47222,4.47222,-0.972117158,0.972117158,-0.972117158
TID2013,1,i01.png,i01_08_3.png,gaussian_blur,3,MOS,3.48649,3.48649,-2.196330347,2.196330347,-2.196330347
TID2013,1,i01.png,i01_08_4.png,gaussian_blur,4,MOS,3.0,3.0,-3.042865228,3.042865228,-3.042865228
TID2013,1,i01.png,i01_08_5.png,gaussian_blur,5,MOS,2.11111,2.11111,-4.083968171,4.083968171,-4.083968171
TID2013,1,i01.png,i01_09_1.png,image_denoising,1,MOS,6.08333,6.08333,0.304521081,-0.304521081,0.304521081
TID2013,1,i01.png,i01_09_2.png,image_denoising,2,MOS,5.16667,5.16667,-0.349252549,0.349252549,-0.349252549
TID2013,1,i01.png,i01_09_3.png,image_denoising,3,MOS,4.42857,4.42857,-1.136595351,1.136595351,-1.136595351
TID2013,1,i01.png,i01_09_4.png,image_denoising,4,MOS,2.81081,2.81081,-3.050853714,3.050853714,-3.050853714
TID2013,1,i01.png,i01_09_5.png,image_denoising,5,MOS,1.54054,1.54054,-4.930595119,4.930595119,-4.930595119
TID2013,1,i01.png,i01_10_1.png,JPEG_compression,1,MOS,5.97297,5.97297,0.232889224,-0.232889224,0.232889224
TID2013,1,i01.png,i01_10_2.png,JPEG_compression,2,MOS,5.94595,5.94595,0.190651383,-0.190651383,0.190651383
TID2013,1,i01.png,i01_10_3.png,JPEG_compression,3,MOS,4.91667,4.91667,-0.607514348,0.607514348,-0.607514348
TID2013,1,i01.png,i01_10_4.png,JPEG_compression,4,MOS,3.21622,3.21622,-2.792865028,2.792865028,-2.792865028
TID2013,1,i01.png,i01_10_5.png,JPEG_compression,5,MOS,2.08108,2.08108,-4.170779902,4.170779902,-4.170779902
TID2013,1,i01.png,i01_11_1.png,JPEG2000_compression,1,MOS,5.91429,5.91429,0.088606555,-0.088606555,0.088606555
TID2013,1,i01.png,i01_11_2.png,JPEG2000_compression,2,MOS,5.67568,5.67568,-0.048344124,0.048344124,-0.048344124
TID2013,1,i01.png,i01_11_3.png,JPEG2000_compression,3,MOS,4.69444,4.69444,-0.674189526,0.674189526,-0.674189526
TID2013,1,i01.png,i01_11_4.png,JPEG2000_compression,4,MOS,3.67568,3.67568,-2.283154966,2.283154966,-2.283154966
TID2013,1,i01.png,i01_11_5.png,JPEG2000_compression,5,MOS,1.45946,1.45946,-5.081500998,5.081500998,-5.081500998
TID2013,1,i01.png,i01_12_1.png,JPEG_transmission_errors,1,MOS,5.94595,5.94595,0.237379419,-0.237379419,0.237379419
TID2013,1,i01.png,i01_12_2.png,JPEG_transmission_errors,2,MOS,5.86486,5.86486,0.148800755,-0.148800755,0.148800755
TID2013,1,i01.png,i01_12_3.png,JPEG_transmission_errors,3,MOS,4.21622,4.21622,-1.452828594,1.452828594,-1.452828594
TID2013,1,i01.png,i01_12_4.png,JPEG_transmission_errors,4,MOS,3.83333,3.83333,-1.684811772,1.684811772,-1.684811772
TID2013,1,i01.png,i01_12_5.png,JPEG_transmission_errors,5,MOS,3.43243,3.43243,-2.240702535,2.240702535,-2.240702535
TID2013,1,i01.png,i01_13_1.png,JPEG2000_transmission_errors,1,MOS,5.45946,5.45946,-0.118007691,0.118007691,-0.118007691
TID2013,1,i01.png,i01_13_2.png,JPEG2000_transmission_errors,2,MOS,3.91429,3.91429,-1.614873346,1.614873346,-1.614873346
TID2013,1,i01.png,i01_13_3.png,JPEG2000_transmission_errors,3,MOS,3.27778,3.27778,-2.417397932,2.417397932,-2.417397932
TID2013,1,i01.png,i01_13_4.png,JPEG2000_transmission_errors,4,MOS,3.16667,3.16667,-2.418521526,2.418521526,-2.418521526
TID2013,1,i01.png,i01_13_5.png,JPEG2000_transmission_errors,5,MOS,3.10811,3.10811,-2.760355459,2.760355459,-2.760355459
TID2013,1,i01.png,i01_14_1.png,non_eccentricity_pattern_noise,1,MOS,5.69444,5.69444,0.055210039,-0.055210039,0.055210039
TID2013,1,i01.png,i01_14_2.png,non_eccentricity_pattern_noise,2,MOS,6.05405,6.05405,0.288567303,-0.288567303,0.288567303
TID2013,1,i01.png,i01_14_3.png,non_eccentricity_pattern_noise,3,MOS,5.75676,5.75676,0.045920824,-0.045920824,0.045920824
TID2013,1,i01.png,i01_14_4.png,non_eccentricity_pattern_noise,4,MOS,5.55556,5.55556,-0.017791389,0.017791389,-0.017791389
TID2013,1,i01.png,i01_14_5.png,non_eccentricity_pattern_noise,5,MOS,4.47059,4.47059,-0.839453567,0.839453567,-0.839453567
TID2013,1,i01.png,i01_15_1.png,local_block_wise_distortions_of_different_intensity,1,MOS,2.83333,2.83333,-3.032553818,3.032553818,-3.032553818
TID2013,1,i01.png,i01_15_2.png,local_block_wise_distortions_of_different_intensity,2,MOS,2.82857,2.82857,-2.845784063,2.845784063,-2.845784063
TID2013,1,i01.png,i01_15_3.png,local_block_wise_distortions_of_different_intensity,3,MOS,3.10811,3.10811,-2.692728976,2.692728976,-2.692728976
TID2013,1,i01.png,i01_15_4.png,local_block_wise_distortions_of_different_intensity,4,MOS,3.58333,3.58333,-2.23353737,2.23353737,-2.23353737
TID2013,1,i01.png,i01_15_5.png,local_block_wise_distortions_of_different_intensity,5,MOS,3.89189,3.89189,-1.855328687,1.855328687,-1.855328687
TID2013,1,i01.png,i01_16_1.png,intensity_shift,1,MOS,5.80556,5.80556,0.209282663,-0.209282663,0.209282663
TID2013,1,i01.png,i01_16_2.png,intensity_shift,2,MOS,6.05405,6.05405,0.275607855,-0.275607855,0.275607855
TID2013,1,i01.png,i01_16_3.png,intensity_shift,3,MOS,4.88889,4.88889,-0.486261066,0.486261066,-0.486261066
TID2013,1,i01.png,i01_16_4.png,intensity_shift,4,MOS,5.02778,5.02778,-0.349536038,0.349536038,-0.349536038
TID2013,1,i01.png,i01_16_5.png,intensity_shift,5,MOS,4.19444,4.19444,-1.480785642,1.480785642,-1.480785642
TID2013,1,i01.png,i01_17_1.png,contrast_change,1,MOS,5.35135,5.35135,-0.24143027,0.24143027,-0.24143027
TID2013,1,i01.png,i01_17_2.png,contrast_change,2,MOS,6.62162,6.62162,0.640740263,-0.640740263,0.640740263
TID2013,1,i01.png,i01_17_3.png,contrast_change,3,MOS,4.08108,4.08108,-1.388901972,1.388901972,-1.388901972
TID2013,1,i01.png,i01_17_4.png,contrast_change,4,MOS,6.24324,6.24324,0.267461608,-0.267461608,0.267461608
TID2013,1,i01.png,i01_17_5.png,contrast_change,5,MOS,2.97143,2.97143,-2.801861955,2.801861955,-2.801861955
TID2013,1,i01.png,i01_18_1.png,change_of_color_saturation,1,MOS,4.62162,4.62162,-0.970268394,0.970268394,-0.970268394
TID2013,1,i01.png,i01_18_2.png,change_of_color_saturation,2,MOS,4.22222,4.22222,-1.299601163,1.299601163,-1.299601163
TID2013,1,i01.png,i01_18_3.png,change_of_color_saturation,3,MOS,3.77143,3.77143,-1.690395502,1.690395502,-1.690395502
TID2013,1,i01.png,i01_18_4.png,change_of_color_saturation,4,MOS,3.47222,3.47222,-2.263759845,2.263759845,-2.263759845
TID2013,1,i01.png,i01_18_5.png,change_of_color_saturation,5,MOS,3.41667,3.41667,-2.5917398,2.5917398,-2.5917398
TID2013,1,i01.png,i01_19_1.png,multiplicative_gaussian_noise,1,MOS,5.94444,5.94444,0.210499417,-0.210499417,0.210499417
TID2013,1,i01.png,i01_19_2.png,multiplicative_gaussian_noise,2,MOS,5.47222,5.47222,-0.033119957,0.033119957,-0.033119957
TID2013,1,i01.png,i01_19_3.png,multiplicative_gaussian_noise,3,MOS,5.08108,5.08108,-0.440357246,0.440357246,-0.440357246
TID2013,1,i01.png,i01_19_4.png,multiplicative_gaussian_noise,4,MOS,4.52778,4.52778,-0.891005869,0.891005869,-0.891005869
TID2013,1,i01.png,i01_19_5.png,multiplicative_gaussian_noise,5,MOS,3.94444,3.94444,-1.619521983,1.619521983,-1.619521983
TID2013,1,i01.png,i01_20_1.png,comfort_noise,1,MOS,5.85714,5.85714,0.246018816,-0.246018816,0.246018816
TID2013,1,i01.png,i01_20_2.png,comfort_noise,2,MOS,5.83333,5.83333,0.139549627,-0.139549627,0.139549627
TID2013,1,i01.png,i01_20_3.png,comfort_noise,3,MOS,6.02778,6.02778,0.213557751,-0.213557751,0.213557751
TID2013,1,i01.png,i01_20_4.png,comfort_noise,4,MOS,5.08333,5.08333,-0.330553394,0.330553394,-0.330553394
TID2013,1,i01.png,i01_20_5.png,comfort_noise,5,MOS,4.33333,4.33333,-1.145986619,1.145986619,-1.145986619
TID2013,1,i01.png,i01_21_1.png,lossy_compression_of_noisy_images,1,MOS,5.7027,5.7027,0.050171136,-0.050171136,0.050171136
TID2013,1,i01.png,i01_21_2.png,lossy_compression_of_noisy_images,2,MOS,5.27778,5.27778,-0.336121476,0.336121476,-0.336121476
TID2013,1,i01.png,i01_21_3.png,lossy_compression_of_noisy_images,3,MOS,4.67568,4.67568,-0.836751563,0.836751563,-0.836751563
TID2013,1,i01.png,i01_21_4.png,lossy_compression_of_noisy_images,4,MOS,4.05714,4.05714,-1.392080267,1.392080267,-1.392080267
TID2013,1,i01.png,i01_21_5.png,lossy_compression_of_noisy_images,5,MOS,3.05405,3.05405,-2.799501941,2.799501941,-2.799501941
TID2013,1,i01.png,i01_22_1.png,image_color_quantization_with_dither,1,MOS,5.55556,5.55556,-0.038368643,0.038368643,-0.038368643
TID2013,1,i01.png,i01_22_2.png,image_color_quantization_with_dither,2,MOS,5.18919,5.18919,-0.393401178,0.393401178,-0.393401178
TID2013,1,i01.png,i01_22_3.png,image_color_quantization_with_dither,3,MOS,4.30556,4.30556,-1.251489758,1.251489758,-1.251489758
TID2013,1,i01.png,i01_22_4.png,image_color_quantization_with_dither,4,MOS,3.16216,3.16216,-2.659694447,2.659694447,-2.659694447
TID2013,1,i01.png,i01_22_5.png,image_color_quantization_with_dither,5,MOS,2.19444,2.19444,-4.033748366,4.033748366,-4.033748366
TID2013,1,i01.png,i01_23_1.png,chromatic_aberrations,1,MOS,6.28571,6.28571,0.378715773,-0.378715773,0.378715773
TID2013,1,i01.png,i01_23_2.png,chromatic_aberrations,2,MOS,5.61111,5.61111,-0.043595892,0.043595892,-0.043595892
TID2013,1,i01.png,i01_23_3.png,chromatic_aberrations,3,MOS,5.77778,5.77778,0.13437471,-0.13437471,0.13437471
TID2013,1,i01.png,i01_23_4.png,chromatic_aberrations,4,MOS,4.80556,4.80556,-0.696250749,0.696250749,-0.696250749
TID2013,1,i01.png,i01_23_5.png,chromatic_aberrations,5,MOS,2.40541,2.40541,-3.816702076,3.816702076,-3.816702076
TID2013,1,i01.png,i01_24_1.png,sparse_sampling_and_reconstruction,1,MOS,5.7027,5.7027,0.031616727,-0.031616727,0.031616727
TID2013,1,i01.png,i01_24_2.png,sparse_sampling_and_reconstruction,2,MOS,5.58333,5.58333,0.076284169,-0.076284169,0.076284169
TID2013,1,i01.png,i01_24_3.png,sparse_sampling_and_reconstruction,3,MOS,5.10811,5.10811,-0.607179435,0.607179435,-0.607179435
TID2013,1,i01.png,i01_24_4.png,sparse_sampling_and_reconstruction,4,MOS,3.08108,3.08108,-2.747077821,2.747077821,-2.747077821
TID2013,1,i01.png,i01_24_5.png,sparse_sampling_and_reconstruction,5,MOS,0.45946,0.45946,-5.781255702,5.781255702,-5.781255702
TID2013,2,i02.png,i02_01_1.png,additive_gaussian_noise,1,MOS,5.74286,5.74286,0.145255143,-0.145255143,0.145255143
TID2013,2,i02.png,i02_01_2.png,additive_gaussian_noise,2,MOS,5.34286,5.34286,-0.129375535,0.129375535,-0.129375535
TID2013,2,i02.png,i02_01_3.png,additive_gaussian_noise,3,MOS,5.22222,5.22222,-0.511855511,0.511855511,-0.511855511
TID2013,2,i02.png,i02_01_4.png,additive_gaussian_noise,4,MOS,4.19444,4.19444,-1.480440657,1.480440657,-1.480440657
TID2013,2,i02.png,i02_01_5.png,additive_gaussian_noise,5,MOS,3.97297,3.97297,-1.992764721,1.992764721,-1.992764721
TID2013,2,i02.png,i02_02_1.png,additive_noise_in_color_more_intensive_than_additive_noise_in_the_luminance,1,MOS,6.05556,6.05556,0.407129263,-0.407129263,0.407129263
TID2013,2,i02.png,i02_02_2.png,additive_noise_in_color_more_intensive_than_additive_noise_in_the_luminance,2,MOS,6.05405,6.05405,0.273730431,-0.273730431,0.273730431
TID2013,2,i02.png,i02_02_3.png,additive_noise_in_color_more_intensive_than_additive_noise_in_the_luminance,3,MOS,5.88889,5.88889,0.239068268,-0.239068268,0.239068268
TID2013,2,i02.png,i02_02_4.png,additive_noise_in_color_more_intensive_than_additive_noise_in_the_luminance,4,MOS,5.2973,5.2973,-0.401734856,0.401734856,-0.401734856
TID2013,2,i02.png,i02_02_5.png,additive_noise_in_color_more_intensive_than_additive_noise_in_the_luminance,5,MOS,4.38889,4.38889,-1.377390056,1.377390056,-1.377390056
TID2013,2,i02.png,i02_03_1.png,spatially_correlated_noise,1,MOS,4.8,4.8,-0.559274137,0.559274137,-0.559274137
TID2013,2,i02.png,i02_03_2.png,spatially_correlated_noise,2,MOS,4.43243,4.43243,-1.358203515,1.358203515,-1.358203515
TID2013,2,i02.png,i02_03_3.png,spatially_correlated_noise,3,MOS,3.83784,3.83784,-2.100600355,2.100600355,-2.100600355
TID2013,2,i02.png,i02_03_4.png,spatially_correlated_noise,4,MOS,3.52778,3.52778,-2.898392435,2.898392435,-2.898392435
TID2013,2,i02.png,i02_03_5.png,spatially_correlated_noise,5,MOS,2.91892,2.91892,-3.620691161,3.620691161,-3.620691161
TID2013,2,i02.png,i02_04_1.png,masked_noise,1,MOS,6.28571,6.28571,0.585109929,-0.585109929,0.585109929
TID2013,2,i02.png,i02_04_2.png,masked_noise,2,MOS,6.16216,6.16216,0.306825948,-0.306825948,0.306825948
TID2013,2,i02.png,i02_04_3.png,masked_noise,3,MOS,5.19444,5.19444,-0.18845683,0.18845683,-0.18845683
TID2013,2,i02.png,i02_04_4.png,masked_noise,4,MOS,4.74286,4.74286,-0.669327847,0.669327847,-0.669327847
TID2013,2,i02.png,i02_04_5.png,masked_noise,5,MOS,4.28571,4.28571,-1.492089434,1.492089434,-1.492089434
TID2013,2,i02.png,i02_05_1.png,high_frequency_noise,1,MOS,6.11765,6.11765,0.450648621,-0.450648621,0.450648621
TID2013,2,i02.png,i02_05_2.png,high_frequency_noise,2,MOS,6.11111,6.11111,0.335096799,-0.335096799,0.335096799
TID2013,2,i02.png,i02_05_3.png,high_frequency_noise,3,MOS,5.43243,5.43243,-0.188010815,0.188010815,-0.188010815
TID2013,2,i02.png,i02_05_4.png,high_frequency_noise,4,MOS,4.37838,4.37838,-1.519697652,1.519697652,-1.519697652
TID2013,2,i02.png,i02_05_5.png,high_frequency_noise,5,MOS,3.41667,3.41667,-2.860816388,2.860816388,-2.860816388
TID2013,2,i02.png,i02_06_1.png,impulse_noise,1,MOS,4.55556,4.55556,-1.143351666,1.143351666,-1.143351666
TID2013,2,i02.png,i02_06_2.png,impulse_noise,2,MOS,4.27778,4.27778,-1.464519111,1.464519111,-1.464519111
TID2013,2,i02.png,i02_06_3.png,impulse_noise,3,MOS,3.72973,3.72973,-2.296756657,2.296756657,-2.296756657
TID2013,2,i02.png,i02_06_4.png,impulse_noise,4,MOS,3.48571,3.48571,-2.659752864,2.659752864,-2.659752864
TID2013,2,i02.png,i02_06_5.png,impulse_noise,5,MOS,3.10811,3.10811,-3.32611391,3.32611391,-3.32611391
TID2013,2,i02.png,i02_07_1.png,quantization_noise,1,MOS,5.91429,5.91429,0.241189273,-0.241189273,0.241189273
TID2013,2,i02.png,i02_07_2.png,quantization_noise,2,MOS,5.58333,5.58333,-0.154455768,0.154455768,-0.154455768
TID2013,2,i02.png,i02_07_3.png,quantization_noise,3,MOS,3.76471,3.76471,-2.067338868,2.067338868,-2.067338868
TID2013,2,i02.png,i02_07_4.png,quantization_noise,4,MOS,3.75676,3.75676,-2.299734236,2.299734236,-2.299734236
TID2013,2,i02.png,i02_07_5.png,quantization_noise,5,MOS,2.85714,2.85714,-3.581995485,3.581995485,-3.581995485
TID2013,2,i02.png,i02_08_1.png,gaussian_blur,1,MOS,6.10811,6.10811,0.30439632,-0.30439632,0.30439632
TID2013,2,i02.png,i02_08_2.png,gaussian_blur,2,MOS,5.16667,5.16667,-0.40578203,0.40578203,-0.40578203
TID2013,2,i02.png,i02_08_3.png,gaussian_blur,3,MOS,4.54286,4.54286,-1.177064765,1.177064765,-1.177064765
TID2013,2,i02.png,i02_08_4.png,gaussian_blur,4,MOS,3.83784,3.83784,-2.224679699,2.224679699,-2.224679699
TID2013,2,i02.png,i02_08_5.png,gaussian_blur,5,MOS,3.02703,3.02703,-3.524779059,3.524779059,-3.524779059
TID2013,2,i02.png,i02_09_1.png,image_denoising,1,MOS,6.0,6.0,0.389032929,-0.389032929,0.389032929
TID2013,2,i02.png,i02_09_2.png,image_denoising,2,MOS,5.51429,5.51429,-0.035599692,0.035599692,-0.035599692
TID2013,2,i02.png,i02_09_3.png,image_denoising,3,MOS,4.52778,4.52778,-0.963157756,0.963157756,-0.963157756
TID2013,2,i02.png,i02_09_4.png,image_denoising,4,MOS,3.64865,3.64865,-2.491085011,2.491085011,-2.491085011
TID2013,2,i02.png,i02_09_5.png,image_denoising,5,MOS,2.41667,2.41667,-4.51971933,4.51971933,-4.51971933
TID2013,2,i02.png,i02_10_1.png,JPEG_compression,1,MOS,6.0,6.0,0.214586785,-0.214586785,0.214586785
TID2013,2,i02.png,i02_10_2.png,JPEG_compression,2,MOS,5.97222,5.97222,0.303877535,-0.303877535,0.303877535
TID2013,2,i02.png,i02_10_3.png,JPEG_compression,3,MOS,5.43243,5.43243,-0.248628508,0.248628508,-0.248628508
TID2013,2,i02.png,i02_10_4.png,JPEG_compression,4,MOS,3.5,3.5,-2.609473158,2.609473158,-2.609473158
TID2013,2,i02.png,i02_10_5.png,JPEG_compression,5,MOS,2.71429,2.71429,-4.260526623,4.260526623,-4.260526623
TID2013,2,i02.png,i02_11_1.png,JPEG2000_compression,1,MOS,5.91667,5.91667,0.043019275,-0.043019275,0.043019275
TID2013,2,i02.png,i02_11_2.png,JPEG2000_compression,2,MOS,4.80556,4.80556,-0.709011698,0.709011698,-0.709011698
TID2013,2,i02.png,i02_11_3.png,JPEG2000_compression,3,MOS,2.97297,2.97297,-3.640162965,3.640162965,-3.640162965
TID2013,2,i02.png,i02_11_4.png,JPEG2000_compression,4,MOS,1.91892,1.91892,-5.548257195,5.548257195,-5.548257195
TID2013,2,i02.png,i02_11_5.png,JPEG2000_compression,5,MOS,1.27778,1.27778,-6.7242234,6.7242234,-6.7242234
TID2013,2,i02.png,i02_12_1.png,JPEG_transmission_errors,1,MOS,5.30556,5.30556,-0.520740138,0.520740138,-0.520740138
TID2013,2,i02.png,i02_12_2.png,JPEG_transmission_errors,2,MOS,4.43243,4.43243,-1.417739313,1.417739313,-1.417739313
TID2013,2,i02.png,i02_12_3.png,JPEG_transmission_errors,3,MOS,3.08108,3.08108,-3.401535051,3.401535051,-3.401535051
TID2013,2,i02.png,i02_12_4.png,JPEG_transmission_errors,4,MOS,2.67568,2.67568,-4.13695877,4.13695877,-4.13695877
TID2013,2,i02.png,i02_12_5.png,JPEG_transmission_errors,5,MOS,2.37143,2.37143,-4.840018669,4.840018669,-4.840018669
TID2013,2,i02.png,i02_13_1.png,JPEG2000_transmission_errors,1,MOS,4.47222,4.47222,-1.204723989,1.204723989,-1.204723989
TID2013,2,i02.png,i02_13_2.png,JPEG2000_transmission_errors,2,MOS,4.0,4.0,-1.800108115,1.800108115,-1.800108115
TID2013,2,i02.png,i02_13_3.png,JPEG2000_transmission_errors,3,MOS,3.38889,3.38889,-2.608569034,2.608569034,-2.608569034
TID2013,2,i02.png,i02_13_4.png,JPEG2000_transmission_errors,4,MOS,2.89189,2.89189,-3.812806949,3.812806949,-3.812806949
TID2013,2,i02.png,i02_13_5.png,JPEG2000_transmission_errors,5,MOS,3.61111,3.61111,-2.586596358,2.586596358,-2.586596358
TID2013,2,i02.png,i02_14_1.png,non_eccentricity_pattern_noise,1,MOS,5.75,5.75,0.017674205,-0.017674205,0.017674205
TID2013,2,i02.png,i02_14_2.png,non_eccentricity_pattern_noise,2,MOS,6.08108,6.08108,0.309073483,-0.309073483,0.309073483
TID2013,2,i02.png,i02_14_3.png,non_eccentricity_pattern_noise,3,MOS,5.11429,5.11429,-0.245525417,0.245525417,-0.245525417
TID2013,2,i02.png,i02_14_4.png,non_eccentricity_pattern_noise,4,MOS,5.31429,5.31429,-0.450715887,0.450715887,-0.450715887
TID2013,2,i02.png,i02_14_5.png,non_eccentricity_pattern_noise,5,MOS,4.21622,4.21622,-1.447464576,1.447464576,-1.447464576
TID2013,2,i02.png,i02_15_1.png,local_block_wise_distortions_of_different_intensity,1,MOS,3.4,3.4,-2.750306367,2.750306367,-2.750306367
TID2013,2,i02.png,i02_15_2.png,local_block_wise_distortions_of_different_intensity,2,MOS,3.62162,3.62162,-2.541310596,2.541310596,-2.541310596
TID2013,2,i02.png,i02_15_3.png,local_block_wise_distortions_of_different_intensity,3,MOS,3.83333,3.83333,-2.372303482,2.372303482,-2.372303482
TID2013,2,i02.png,i02_15_4.png,local_block_wise_distortions_of_different_intensity,4,MOS,3.83784,3.83784,-2.222912773,2.222912773,-2.222912773
TID2013,2,i02.png,i02_15_5.png,local_block_wise_distortions_of_different_intensity,5,MOS,4.2,4.2,-1.612724282,1.612724282,-1.612724282
TID2013,2,i02.png,i02_16_1.png,intensity_shift,1,MOS,5.94595,5.94595,0.195084591,-0.195084591,0.195084591
TID2013,2,i02.png,i02_16_2.png,intensity_shift,2,MOS,6.08333,6.08333,0.265019496,-0.265019496,0.265019496
TID2013,2,i02.png,i02_16_3.png,intensity_shift,3,MOS,5.32432,5.32432,-0.338056031,0.338056031,-0.338056031
TID2013,2,i02.png,i02_16_4.png,intensity_shift,4,MOS,5.13889,5.13889,-0.594761212,0.594761212,-0.594761212
TID2013,2,i02.png,i02_16_5.png,intensity_shift,5,MOS,4.56757,4.56757,-1.229159177,1.229159177,-1.229159177
TID2013,2,i02.png,i02_17_1.png,contrast_change,1,MOS,5.91667,5.91667,0.131484504,-0.131484504,0.131484504
TID2013,2,i02.png,i02_17_2.png,contrast_change,2,MOS,5.68571,5.68571,0.044360521,-0.044360521,0.044360521
TID2013,2,i02.png,i02_17_3.png,contrast_change,3,MOS,4.83784,4.83784,-1.038131365,1.038131365,-1.038131365
TID2013,2,i02.png,i02_17_4.png,contrast_change,4,MOS,4.77143,4.77143,-0.880060514,0.880060514,-0.880060514
TID2013,2,i02.png,i02_17_5.png,contrast_change,5,MOS,3.91667,3.91667,-2.246902083,2.246902083,-2.246902083
TID2013,2,i02.png,i02_18_1.png,change_of_color_saturation,1,MOS,5.97222,5.97222,0.276471579,-0.276471579,0.276471579
TID2013,2,i02.png,i02_18_2.png,change_of_color_saturation,2,MOS,5.59459,5.59459,-0.154889492,0.154889492,-0.154889492
TID2013,2,i02.png,i02_18_3.png,change_of_color_saturation,3,MOS,4.82857,4.82857,-0.671616011,0.671616011,-0.671616011
TID2013,2,i02.png,i02_18_4.png,change_of_color_saturation,4,MOS,4.91892,4.91892,-0.71918253,0.71918253,-0.71918253
TID2013,2,i02.png,i02_18_5.png,change_of_color_saturation,5,MOS,4.54286,4.54286,-1.225517905,1.225517905,-1.225517905
TID2013,2,i02.png,i02_19_1.png,multiplicative_gaussian_noise,1,MOS,5.77778,5.77778,0.158968086,-0.158968086,0.158968086
TID2013,2,i02.png,i02_19_2.png,multiplicative_gaussian_noise,2,MOS,5.43243,5.43243,-0.218542231,0.218542231,-0.218542231
TID2013,2,i02.png,i02_19_3.png,multiplicative_gaussian_noise,3,MOS,4.83333,4.83333,-0.745884411,0.745884411,-0.745884411
TID2013,2,i02.png,i02_19_4.png,multiplicative_gaussian_noise,4,MOS,4.22222,4.22222,-1.4335917,1.4335917,-1.4335917
TID2013,2,i02.png,i02_19_5.png,multiplicative_gaussian_noise,5,MOS,3.75676,3.75676,-2.311226174,2.311226174,-2.311226174
TID2013,2,i02.png,i02_20_1.png,comfort_noise,1,MOS,6.05405,6.05405,0.282658593,-0.282658593,0.282658593
TID2013,2,i02.png,i02_20_2.png,comfort_noise,2,MOS,6.17143,6.17143,0.399294566,-0.399294566,0.399294566
TID2013,2,i02.png,i02_20_3.png,comfort_noise,3,MOS,5.30556,5.30556,-0.273786159,0.273786159,-0.273786159
TID2013,2,i02.png,i02_20_4.png,comfort_noise,4,MOS,4.0,4.0,-1.610925983,1.610925983,-1.610925983
TID2013,2,i02.png,i02_20_5.png,comfort_noise,5,MOS,2.80556,2.80556,-3.572963224,3.572963224,-3.572963224
TID2013,2,i02.png,i02_21_1.png,lossy_compression_of_noisy_images,1,MOS,5.97297,5.97297,0.254873439,-0.254873439,0.254873439
TID2013,2,i02.png,i02_21_2.png,lossy_compression_of_noisy_images,2,MOS,5.2973,5.2973,-0.260389426,0.260389426,-0.260389426
TID2013,2,i02.png,i02_21_3.png,lossy_compression_of_noisy_images,3,MOS,4.6,4.6,-1.021235287,1.021235287,-1.021235287
TID2013,2,i02.png,i02_21_4.png,lossy_compression_of_noisy_images,4,MOS,3.27778,3.27778,-3.040314824,3.040314824,-3.040314824
TID2013,2,i02.png,i02_21_5.png,lossy_compression_of_noisy_images,5,MOS,2.36111,2.36111,-4.968619256,4.968619256,-4.968619256
TID2013,2,i02.png,i02_22_1.png,image_color_quantization_with_dither,1,MOS,5.51351,5.51351,-0.184901728,0.184901728,-0.184901728
TID2013,2,i02.png,i02_22_2.png,image_color_quantization_with_dither,2,MOS,5.24324,5.24324,-0.235552565,0.235552565,-0.235552565
TID2013,2,i02.png,i02_22_3.png,image_color_quantization_with_dither,3,MOS,4.48571,4.48571,-1.32677548,1.32677548,-1.32677548
TID2013,2,i02.png,i02_22_4.png,image_color_quantization_with_dither,4,MOS,3.80556,3.80556,-2.266274019,2.266274019,-2.266274019
TID2013,2,i02.png,i02_22_5.png,image_color_quantization_with_dither,5,MOS,2.22222,2.22222,-4.996336849,4.996336849,-4.996336849
TID2013,2,i02.png,i02_23_1.png,chromatic_aberrations,1,MOS,6.77778,6.77778,0.55897476,-0.55897476,0.55897476
TID2013,2,i02.png,i02_23_2.png,chromatic_aberrations,2,MOS,5.54054,5.54054,-0.231031806,0.231031806,-0.231031806
TID2013,2,i02.png,i02_23_3.png,chromatic_aberrations,3,MOS,3.44444,3.44444,-2.653229132,2.653229132,-2.653229132
TID2013,2,i02.png,i02_23_4.png,chromatic_aberrations,4,MOS,2.16216,2.16216,-4.968998142,4.968998142,-4.968998142
TID2013,2,i02.png,i02_23_5.png,chromatic_aberrations,5,MOS,0.81081,0.81081,-7.238576143,7.238576143,-7.238576143
TID2013,2,i02.png,i02_24_1.png,sparse_sampling_and_reconstruction,1,MOS,6.08108,6.08108,0.275185096,-0.275185096,0.275185096
TID2013,2,i02.png,i02_24_2.png,sparse_sampling_and_reconstruction,2,MOS,4.91667,4.91667,-0.876974284,0.876974284,-0.876974284
TID2013,2,i02.png,i02_24_3.png,sparse_sampling_and_reconstruction,3,MOS,3.0,3.0,-3.296905393,3.296905393,-3.296905393
TID2013,2,i02.png,i02_24_4.png,sparse_sampling_and_reconstruction,4,MOS,2.11111,2.11111,-5.271417809,5.271417809,-5.271417809
TID2013,2,i02.png,i02_24_5.png,sparse_sampling_and_reconstruction,5,MOS,0.89189,0.89189,-7.049672893,7.049672893,-7.049672893
TID2013,3,i03.png,i03_01_1.png,additive_gaussian_noise,1,MOS,5.76923,5.76923,-0.446073244,0.446073244,-0.446073244
TID2013,3,i03.png,i03_01_2.png,additive_gaussian_noise,2,MOS,5.10526,5.10526,-0.891741592,0.891741592,-0.891741592
TID2013,3,i03.png,i03_01_3.png,additive_gaussian_noise,3,MOS,4.68421,4.68421,-1.398164394,1.398164394,-1.398164394
TID2013,3,i03.png,i03_01_4.png,additive_gaussian_noise,4,MOS,4.25,4.25,-1.975047584,1.975047584,-1.975047584
TID2013,3,i03.png,i03_01_5.png,additive_gaussian_noise,5,MOS,3.925,3.925,-2.511081324,2.511081324,-2.511081324
TID2013,3,i03.png,i03_02_1.png,additive_noise_in_color_more_intensive_than_additive_noise_in_the_luminance,1,MOS,6.18421,6.18421,-0.00333606,0.00333606,-0.00333606
TID2013,3,i03.png,i03_02_2.png,additive_noise_in_color_more_intensive_than_additive_noise_in_the_luminance,2,MOS,6.28205,6.28205,-0.171660167,0.171660167,-0.171660167
TID2013,3,i03.png,i03_02_3.png,additive_noise_in_color_more_intensive_than_additive_noise_in_the_luminance,3,MOS,5.25,5.25,-0.851936131,0.851936131,-0.851936131
TID2013,3,i03.png,i03_02_4.png,additive_noise_in_color_more_intensive_than_additive_noise_in_the_luminance,4,MOS,5.0,5.0,-1.240848583,1.240848583,-1.240848583
TID2013,3,i03.png,i03_02_5.png,additive_noise_in_color_more_intensive_than_additive_noise_in_the_luminance,5,MOS,4.6,4.6,-1.672250234,1.672250234,-1.672250234
TID2013,3,i03.png,i03_03_1.png,spatially_correlated_noise,1,MOS,4.65,4.65,-1.639650026,1.639650026,-1.639650026
TID2013,3,i03.png,i03_03_2.png,spatially_correlated_noise,2,MOS,4.07692,4.07692,-2.268356576,2.268356576,-2.268356576
TID2013,3,i03.png,i03_03_3.png,spatially_correlated_noise,3,MOS,3.85,3.85,-2.802140951,2.802140951,-2.802140951
TID2013,3,i03.png,i03_03_4.png,spatially_correlated_noise,4,MOS,3.28205,3.28205,-3.474191127,3.474191127,-3.474191127
TID2013,3,i03.png,i03_03_5.png,spatially_correlated_noise,5,MOS,2.89474,2.89474,-4.145727491,4.145727491,-4.145727491
TID2013,3,i03.png,i03_04_1.png,masked_noise,1,MOS,6.38462,6.38462,0.073206953,-0.073206953,0.073206953
TID2013,3,i03.png,i03_04_2.png,masked_noise,2,MOS,5.65789,5.65789,-0.405443604,0.405443604,-0.405443604
TID2013,3,i03.png,i03_04_3.png,masked_noise,3,MOS,5.225,5.225,-0.928400829,0.928400829,-0.928400829
TID2013,3,i03.png,i03_04_4.png,masked_noise,4,MOS,4.6,4.6,-1.617135993,1.617135993,-1.617135993
TID2013,3,i03.png,i03_04_5.png,masked_noise,5,MOS,3.575,3.575,-2.875351534,2.875351534,-2.875351534
TID2013,3,i03.png,i03_05_1.png,high_frequency_noise,1,MOS,6.5,6.5,0.217177741,-0.217177741,0.217177741
TID2013,3,i03.png,i03_05_2.png,high_frequency_noise,2,MOS,5.63158,5.63158,-0.285404804,0.285404804,-0.285404804
TID2013,3,i03.png,i03_05_3.png,high_frequency_noise,3,MOS,5.3,5.3,-1.000248061,1.000248061,-1.000248061
TID2013,3,i03.png,i03_05_4.png,high_frequency_noise,4,MOS,4.30769,4.30769,-1.986620022,1.986620022,-1.986620022
TID2013,3,i03.png,i03_05_5.png,high_frequency_noise,5,MOS,3.47368,3.47368,-3.20944002,3.20944002,-3.20944002
TID2013,3,i03.png,i03_06_1.png,impulse_noise,1,MOS,4.81579,4.81579,-1.229521194,1.229521194,-1.229521194
TID2013,3,i03.png,i03_06_2.png,impulse_noise,2,MOS,4.53846,4.53846,-1.722515048,1.722515048,-1.722515048
TID2013,3,i03.png,i03_06_3.png,impulse_noise,3,MOS,4.1,4.1,-2.304116884,2.304116884,-2.304116884
TID2013,3,i03.png,i03_06_4.png,impulse_noise,4,MOS,3.75,3.75,-2.676754116,2.676754116,-2.676754116
TID2013,3,i03.png,i03_06_5.png,impulse_noise,5,MOS,3.5,3.5,-3.299443865,3.299443865,-3.299443865
TID2013,3,i03.png,i03_07_1.png,quantization_noise,1,MOS,4.97436,4.97436,-1.196082126,1.196082126,-1.196082126
TID2013,3,i03.png,i03_07_2.png,quantization_noise,2,MOS,4.1,4.1,-2.105090691,2.105090691,-2.105090691
TID2013,3,i03.png,i03_07_3.png,quantization_noise,3,MOS,3.84615,3.84615,-2.569029003,2.569029003,-2.569029003
TID2013,3,i03.png,i03_07_4.png,quantization_noise,4,MOS,3.825,3.825,-2.60843134,2.60843134,-2.60843134
TID2013,3,i03.png,i03_07_5.png,quantization_noise,5,MOS,3.61538,3.61538,-3.271565235,3.271565235,-3.271565235
TID2013,3,i03.png,i03_08_1.png,gaussian_blur,1,MOS,6.34211,6.34211,0.113196815,-0.113196815,0.113196815
TID2013,3,i03.png,i03_08_2.png,gaussian_blur,2,MOS,5.6,5.6,-0.533042909,0.533042909,-0.533042909
TID2013,3,i03.png,i03_08_3.png,gaussian_blur,3,MOS,4.47368,4.47368,-1.604884941,1.604884941,-1.604884941
TID2013,3,i03.png,i03_08_4.png,gaussian_blur,4,MOS,3.75,3.75,-2.597056459,2.597056459,-2.597056459
TID2013,3,i03.png,i03_08_5.png,gaussian_blur,5,MOS,2.95,2.95,-3.926403159,3.926403159,-3.926403159
TID2013,3,i03.png,i03_09_1.png,image_denoising,1,MOS,6.65,6.65,0.28989484,-0.28989484,0.28989484
TID2013,3,i03.png,i03_09_2.png,image_denoising,2,MOS,6.25641,6.25641,0.05176494,-0.05176494,0.05176494
TID2013,3,i03.png,i03_09_3.png,image_denoising,3,MOS,5.475,5.475,-0.699127619,0.699127619,-0.699127619
TID2013,3,i03.png,i03_09_4.png,image_denoising,4,MOS,3.74359,3.74359,-2.552780308,2.552780308,-2.552780308
TID2013,3,i03.png,i03_09_5.png,image_denoising,5,MOS,2.47368,2.47368,-4.883891971,4.883891971,-4.883891971
TID2013,3,i03.png,i03_10_1.png,JPEG_compression,1,MOS,6.23684,6.23684,0.161922966,-0.161922966,0.161922966
TID2013,3,i03.png,i03_10_2.png,JPEG_compression,2,MOS,5.66667,5.66667,-0.348522148,0.348522148,-0.348522148
TID2013,3,i03.png,i03_10_3.png,JPEG_compression,3,MOS,5.05128,5.05128,-1.16165483,1.16165483,-1.16165483
TID2013,3,i03.png,i03_10_4.png,JPEG_compression,4,MOS,3.3,3.3,-3.435565626,3.435565626,-3.435565626
TID2013,3,i03.png,i03_10_5.png,JPEG_compression,5,MOS,2.48718,2.48718,-5.036059192,5.036059192,-5.036059192
TID2013,3,i03.png,i03_11_1.png,JPEG2000_compression,1,MOS,5.36842,5.36842,-0.830515149,0.830515149,-0.830515149
TID2013,3,i03.png,i03_11_2.png,JPEG2000_compression,2,MOS,4.07692,4.07692,-2.43924016,2.43924016,-2.43924016
TID2013,3,i03.png,i03_11_3.png,JPEG2000_compression,3,MOS,2.84615,2.84615,-4.096476455,4.096476455,-4.096476455
TID2013,3,i03.png,i03_11_4.png,JPEG2000_compression,4,MOS,1.82051,1.82051,-5.922049229,5.922049229,-5.922049229
TID2013,3,i03.png,i03_11_5.png,JPEG2000_compression,5,MOS,0.7,0.7,-7.571034381,7.571034381,-7.571034381
TID2013,3,i03.png,i03_12_1.png,JPEG_transmission_errors,1,MOS,5.41026,5.41026,-0.893845787,0.893845787,-0.893845787
TID2013,3,i03.png,i03_12_2.png,JPEG_transmission_errors,2,MOS,4.07895,4.07895,-2.174554764,2.174554764,-2.174554764
TID2013,3,i03.png,i03_12_3.png,JPEG_transmission_errors,3,MOS,2.84211,2.84211,-4.015550277,4.015550277,-4.015550277
TID2013,3,i03.png,i03_12_4.png,JPEG_transmission_errors,4,MOS,3.1,3.1,-3.937930928,3.937930928,-3.937930928
TID2013,3,i03.png,i03_12_5.png,JPEG_transmission_errors,5,MOS,2.4,2.4,-4.993896661,4.993896661,-4.993896661
TID2013,3,i03.png,i03_13_1.png,JPEG2000_transmission_errors,1,MOS,5.12821,5.12821,-0.999608742,0.999608742,-0.999608742
TID2013,3,i03.png,i03_13_2.png,JPEG2000_transmission_errors,2,MOS,3.64103,3.64103,-3.218858135,3.218858135,-3.218858135
TID2013,3,i03.png,i03_13_3.png,JPEG2000_transmission_errors,3,MOS,3.925,3.925,-2.592559119,2.592559119,-2.592559119
TID2013,3,i03.png,i03_13_4.png,JPEG2000_transmission_errors,4,MOS,2.925,2.925,-3.902228722,3.902228722,-3.902228722
TID2013,3,i03.png,i03_13_5.png,JPEG2000_transmission_errors,5,MOS,2.42105,2.42105,-5.049322705,5.049322705,-5.049322705
TID2013,3,i03.png,i03_14_1.png,non_eccentricity_pattern_noise,1,MOS,5.07692,5.07692,-1.189101163,1.189101163,-1.189101163
TID2013,3,i03.png,i03_14_2.png,non_eccentricity_pattern_noise,2,MOS,6.0,6.0,-0.188549888,0.188549888,-0.188549888
TID2013,3,i03.png,i03_14_3.png,non_eccentricity_pattern_noise,3,MOS,4.85,4.85,-1.21178878,1.21178878,-1.21178878
TID2013,3,i03.png,i03_14_4.png,non_eccentricity_pattern_noise,4,MOS,4.46154,4.46154,-1.792350017,1.792350017,-1.792350017
TID2013,3,i03.png,i03_14_5.png,non_eccentricity_pattern_noise,5,MOS,3.5,3.5,-3.190181072,3.190181072,-3.190181072
TID2013,3,i03.png,i03_15_1.png,local_block_wise_distortions_of_different_intensity,1,MOS,3.725,3.725,-2.70839764,2.70839764,-2.70839764
TID2013,3,i03.png,i03_15_2.png,local_block_wise_distortions_of_different_intensity,2,MOS,4.05,4.05,-2.514101977,2.514101977,-2.514101977
TID2013,3,i03.png,i03_15_3.png,local_block_wise_distortions_of_different_intensity,3,MOS,4.025,4.025,-2.439490085,2.439490085,-2.439490085
TID2013,3,i03.png,i03_15_4.png,local_block_wise_distortions_of_different_intensity,4,MOS,4.28205,4.28205,-1.940924192,1.940924192,-1.940924192
TID2013,3,i03.png,i03_15_5.png,local_block_wise_distortions_of_different_intensity,5,MOS,4.79487,4.79487,-1.567203895,1.567203895,-1.567203895
TID2013,3,i03.png,i03_16_1.png,intensity_shift,1,MOS,6.82051,6.82051,0.532966163,-0.532966163,0.532966163
TID2013,3,i03.png,i03_16_2.png,intensity_shift,2,MOS,6.525,6.525,0.283694323,-0.283694323,0.283694323
TID2013,3,i03.png,i03_16_3.png,intensity_shift,3,MOS,5.975,5.975,-0.168546877,0.168546877,-0.168546877
TID2013,3,i03.png,i03_16_4.png,intensity_shift,4,MOS,6.075,6.075,-0.132085841,0.132085841,-0.132085841
TID2013,3,i03.png,i03_16_5.png,intensity_shift,5,MOS,5.02564,5.02564,-1.14215291,1.14215291,-1.14215291
TID2013,3,i03.png,i03_17_1.png,contrast_change,1,MOS,6.28205,6.28205,0.005459196,-0.005459196,0.005459196
TID2013,3,i03.png,i03_17_2.png,contrast_change,2,MOS,6.75,6.75,0.470171139,-0.470171139,0.470171139
TID2013,3,i03.png,i03_17_3.png,contrast_change,3,MOS,5.2,5.2,-0.866802971,0.866802971,-0.866802971
TID2013,3,i03.png,i03_17_4.png,contrast_change,4,MOS,6.575,6.575,0.19322656,-0.19322656,0.19322656
TID2013,3,i03.png,i03_17_5.png,contrast_change,5,MOS,3.79487,3.79487,-2.551996379,2.551996379,-2.551996379
TID2013,3,i03.png,i03_18_1.png,change_of_color_saturation,1,MOS,5.76923,5.76923,-0.246325246,0.246325246,-0.246325246
TID2013,3,i03.png,i03_18_2.png,change_of_color_saturation,2,MOS,5.71795,5.71795,-0.346246839,0.346246839,-0.346246839
TID2013,3,i03.png,i03_18_3.png,change_of_color_saturation,3,MOS,5.5641,5.5641,-0.462340705,0.462340705,-0.462340705
TID2013,3,i03.png,i03_18_4.png,change_of_color_saturation,4,MOS,5.0,5.0,-1.096314435,1.096314435,-1.096314435
TID2013,3,i03.png,i03_18_5.png,change_of_color_saturation,5,MOS,4.65789,4.65789,-1.519982495,1.519982495,-1.519982495
TID2013,3,i03.png,i03_19_1.png,multiplicative_gaussian_noise,1,MOS,5.51282,5.51282,-0.577645573,0.577645573,-0.577645573
TID2013,3,i03.png,i03_19_2.png,multiplicative_gaussian_noise,2,MOS,5.02564,5.02564,-1.105236542,1.105236542,-1.105236542
TID2013,3,i03.png,i03_19_3.png,multiplicative_gaussian_noise,3,MOS,4.7,4.7,-1.702934331,1.702934331,-1.702934331
TID2013,3,i03.png,i03_19_4.png,multiplicative_gaussian_noise,4,MOS,4.30769,4.30769,-2.269171141,2.269171141,-2.269171141
TID2013,3,i03.png,i03_19_5.png,multiplicative_gaussian_noise,5,MOS,3.69231,3.69231,-2.87193379,2.87193379,-2.87193379
TID2013,3,i03.png,i03_20_1.png,comfort_noise,1,MOS,5.84211,5.84211,-0.132998643,0.132998643,-0.132998643
TID2013,3,i03.png,i03_20_2.png,comfort_noise,2,MOS,5.46154,5.46154,-0.65768171,0.65768171,-0.65768171
TID2013,3,i03.png,i03_20_3.png,comfort_noise,3,MOS,4.15789,4.15789,-2.075554359,2.075554359,-2.075554359
TID2013,3,i03.png,i03_20_4.png,comfort_noise,4,MOS,3.17949,3.17949,-3.521758807,3.521758807,-3.521758807
TID2013,3,i03.png,i03_20_5.png,comfort_noise,5,MOS,2.825,2.825,-4.314148992,4.314148992,-4.314148992
TID2013,3,i03.png,i03_21_1.png,lossy_compression_of_noisy_images,1,MOS,5.23684,5.23684,-0.817025447,0.817025447,-0.817025447
TID2013,3,i03.png,i03_21_2.png,lossy_compression_of_noisy_images,2,MOS,4.4359,4.4359,-1.686880203,1.686880203,-1.686880203
TID2013,3,i03.png,i03_21_3.png,lossy_compression_of_noisy_images,3,MOS,3.89744,3.89744,-2.537529593,2.537529593,-2.537529593
TID2013,3,i03.png,i03_21_4.png,lossy_compression_of_noisy_images,4,MOS,3.17949,3.17949,-3.552358777,3.552358777,-3.552358777
TID2013,3,i03.png,i03_21_5.png,lossy_compression_of_noisy_images,5,MOS,2.1,2.1,-5.384229308,5.384229308,-5.384229308
TID2013,3,i03.png,i03_22_1.png,image_color_quantization_with_dither,1,MOS,5.97436,5.97436,-0.209279207,0.209279207,-0.209279207
TID2013,3,i03.png,i03_22_2.png,image_color_quantization_with_dither,2,MOS,5.35897,5.35897,-0.795678361,0.795678361,-0.795678361
TID2013,3,i03.png,i03_22_3.png,image_color_quantization_with_dither,3,MOS,5.23077,5.23077,-0.864458838,0.864458838,-0.864458838
TID2013,3,i03.png,i03_22_4.png,image_color_quantization_with_dither,4,MOS,4.35897,4.35897,-1.883701815,1.883701815,-1.883701815
TID2013,3,i03.png,i03_22_5.png,image_color_quantization_with_dither,5,MOS,3.92105,3.92105,-2.616472064,2.616472064,-2.616472064
TID2013,3,i03.png,i03_23_1.png,chromatic_aberrations,1,MOS,6.71795,6.71795,0.358897754,-0.358897754,0.358897754
TID2013,3,i03.png,i03_23_2.png,chromatic_aberrations,2,MOS,5.84615,5.84615,-0.256871106,0.256871106,-0.256871106
TID2013,3,i03.png,i03_23_3.png,chromatic_aberrations,3,MOS,3.9,3.9,-2.716123326,2.716123326,-2.716123326
TID2013,3,i03.png,i03_23_4.png,chromatic_aberrations,4,MOS,2.65789,2.65789,-4.386139024,4.386139024,-4.386139024
TID2013,3,i03.png,i03_23_5.png,chromatic_aberrations,5,MOS,1.975,1.975,-5.67858523,5.67858523,-5.67858523
TID2013,3,i03.png,i03_24_1.png,sparse_sampling_and_reconstruction,1,MOS,5.74359,5.74359,-0.410545097,0.410545097,-0.410545097
TID2013,3,i03.png,i03_24_2.png,sparse_sampling_and_reconstruction,2,MOS,4.20513,4.20513,-2.184501853,2.184501853,-2.184501853
TID2013,3,i03.png,i03_24_3.png,sparse_sampling_and_reconstruction,3,MOS,2.825,2.825,-4.475023689,4.475023689,-4.475023689
TID2013,3,i03.png,i03_24_4.png,sparse_sampling_and_reconstruction,4,MOS,1.81579,1.81579,-6.173213625,6.173213625,-6.173213625
TID2013,3,i03.png,i03_24_5.png,sparse_sampling_and_reconstruction,5,MOS,0.42105,0.42105,-7.565670863,7.565670863,-7.565670863
TID2013,4,i04.png,i04_01_1.png,additive_gaussian_noise,1,MOS,5.7619,5.7619,-0.38953403,0.38953403,-0.38953403
TID2013,4,i04.png,i04_01_2.png,additive_gaussian_noise,2,MOS,5.47619,5.47619,-0.798856352,0.798856352,-0.798856352
TID2013,4,i04.png,i04_01_3.png,additive_gaussian_noise,3,MOS,4.92857,4.92857,-1.621842711,1.621842711,-1.621842711
TID2013,4,i04.png,i04_01_4.png,additive_gaussian_noise,4,MOS,4.26829,4.26829,-2.316436187,2.316436187,-2.316436187
TID2013,4,i04.png,i04_01_5.png,additive_gaussian_noise,5,MOS,4.0,4.0,-2.960308549,2.960308549,-2.960308549
TID2013,4,i04.png,i04_02_1.png,additive_noise_in_color_more_intensive_than_additive_noise_in_the_luminance,1,MOS,6.275,6.275,0.163002561,-0.163002561,0.163002561
TID2013,4,i04.png,i04_02_2.png,additive_noise_in_color_more_intensive_than_additive_noise_in_the_luminance,2,MOS,6.15385,6.15385,-0.136972009,0.136972009,-0.136972009
TID2013,4,i04.png,i04_02_3.png,additive_noise_in_color_more_intensive_than_additive_noise_in_the_luminance,3,MOS,5.68293,5.68293,-0.515788801,0.515788801,-0.515788801
TID2013,4,i04.png,i04_02_4.png,additive_noise_in_color_more_intensive_than_additive_noise_in_the_luminance,4,MOS,5.30952,5.30952,-1.292261177,1.292261177,-1.292261177
TID2013,4,i04.png,i04_02_5.png,additive_noise_in_color_more_intensive_than_additive_noise_in_the_luminance,5,MOS,4.53659,4.53659,-2.04447595,2.04447595,-2.04447595
TID2013,4,i04.png,i04_03_1.png,spatially_correlated_noise,1,MOS,4.78049,4.78049,-1.8067158,1.8067158,-1.8067158
TID2013,4,i04.png,i04_03_2.png,spatially_correlated_noise,2,MOS,4.21429,4.21429,-2.594369004,2.594369004,-2.594369004
TID2013,4,i04.png,i04_03_3.png,spatially_correlated_noise,3,MOS,3.9,3.9,-3.308547385,3.308547385,-3.308547385
TID2013,4,i04.png,i04_03_4.png,spatially_correlated_noise,4,MOS,3.425,3.425,-4.015243255,4.015243255,-4.015243255
TID2013,4,i04.png,i04_03_5.png,spatially_correlated_noise,5,MOS,3.02381,3.02381,-4.675247,4.675247,-4.675247
TID2013,4,i04.png,i04_04_1.png,masked_noise,1,MOS,6.125,6.125,0.122499109,-0.122499109,0.122499109
TID2013,4,i04.png,i04_04_2.png,masked_noise,2,MOS,6.26829,6.26829,0.160554481,-0.160554481,0.160554481
TID2013,4,i04.png,i04_04_3.png,masked_noise,3,MOS,6.15,6.15,-0.207480684,0.207480684,-0.207480684
TID2013,4,i04.png,i04_04_4.png,masked_noise,4,MOS,5.47619,5.47619,-0.687272695,0.687272695,-0.687272695
TID2013,4,i04.png,i04_04_5.png,masked_noise,5,MOS,4.80952,4.80952,-1.871519799,1.871519799,-1.871519799
TID2013,4,i04.png,i04_05_1.png,high_frequency_noise,1,MOS,6.30952,6.30952,0.078768791,-0.078768791,0.078768791
TID2013,4,i04.png,i04_05_2.png,high_frequency_noise,2,MOS,5.90244,5.90244,-0.206289294,0.206289294,-0.206289294
TID2013,4,i04.png,i04_05_3.png,high_frequency_noise,3,MOS,5.325,5.325,-1.063541049,1.063541049,-1.063541049
TID2013,4,i04.png,i04_05_4.png,high_frequency_noise,4,MOS,4.47619,4.47619,-2.212237843,2.212237843,-2.212237843
TID2013,4,i04.png,i04_05_5.png,high_frequency_noise,5,MOS,3.70732,3.70732,-3.571197178,3.571197178,-3.571197178
TID2013,4,i04.png,i04_06_1.png,impulse_noise,1,MOS,5.02381,5.02381,-1.309188696,1.309188696,-1.309188696
TID2013,4,i04.png,i04_06_2.png,impulse_noise,2,MOS,4.56098,4.56098,-2.005934856,2.005934856,-2.005934856
TID2013,4,i04.png,i04_06_3.png,impulse_noise,3,MOS,4.2619,4.2619,-2.383738558,2.383738558,-2.383738558
TID2013,4,i04.png,i04_06_4.png,impulse_noise,4,MOS,4.19512,4.19512,-2.826708714,2.826708714,-2.826708714
TID2013,4,i04.png,i04_06_5.png,impulse_noise,5,MOS,3.45,3.45,-4.006392591,4.006392591,-4.006392591
TID2013,4,i04.png,i04_07_1.png,quantization_noise,1,MOS,4.69048,4.69048,-1.902395897,1.902395897,-1.902395897
TID2013,4,i04.png,i04_07_2.png,quantization_noise,2,MOS,4.075,4.075,-2.937517269,2.937517269,-2.937517269
TID2013,4,i04.png,i04_07_3.png,quantization_noise,3,MOS,3.52381,3.52381,-4.035692458,4.035692458,-4.035692458
TID2013,4,i04.png,i04_07_4.png,quantization_noise,4,MOS,3.14286,3.14286,-4.740112396,4.740112396,-4.740112396
TID2013,4,i04.png,i04_07_5.png,quantization_noise,5,MOS,2.95238,2.95238,-5.298174631,5.298174631,-5.298174631
TID2013,4,i04.png,i04_08_1.png,gaussian_blur,1,MOS,6.30952,6.30952,0.145192244,-0.145192244,0.145192244
TID2013,4,i04.png,i04_08_2.png,gaussian_blur,2,MOS,5.92683,5.92683,-0.189383327,0.189383327,-0.189383327
TID2013,4,i04.png,i04_08_3.png,gaussian_blur,3,MOS,5.38095,5.38095,-0.860736513,0.860736513,-0.860736513
TID2013,4,i04.png,i04_08_4.png,gaussian_blur,4,MOS,4.375,4.375,-2.271527296,2.271527296,-2.271527296
TID2013,4,i04.png,i04_08_5.png,gaussian_blur,5,MOS,3.66667,3.66667,-3.663156857,3.663156857,-3.663156857
TID2013,4,i04.png,i04_09_1.png,image_denoising,1,MOS,6.38095,6.38095,0.165393036,-0.165393036,0.165393036
TID2013,4,i04.png,i04_09_2.png,image_denoising,2,MOS,5.80488,5.80488,-0.332148837,0.332148837,-0.332148837
TID2013,4,i04.png,i04_09_3.png,image_denoising,3,MOS,5.04878,5.04878,-1.395773967,1.395773967,-1.395773967
TID2013,4,i04.png,i04_09_4.png,image_denoising,4,MOS,3.78049,3.78049,-3.303867402,3.303867402,-3.303867402
TID2013,4,i04.png,i04_09_5.png,image_denoising,5,MOS,2.5,2.5,-5.668144881,5.668144881,-5.668144881
TID2013,4,i04.png,i04_10_1.png,JPEG_compression,1,MOS,6.07143,6.07143,0.008966991,-0.008966991,0.008966991
TID2013,4,i04.png,i04_10_2.png,JPEG_compression,2,MOS,5.97561,5.97561,-0.301094669,0.301094669,-0.301094669
TID2013,4,i04.png,i04_10_3.png,JPEG_compression,3,MOS,5.07143,5.07143,-1.349116235,1.349116235,-1.349116235
TID2013,4,i04.png,i04_10_4.png,JPEG_compression,4,MOS,3.2619,3.2619,-4.428617932,4.428617932,-4.428617932
TID2013,4,i04.png,i04_10_5.png,JPEG_compression,5,MOS,2.19048,2.19048,-6.523001493,6.523001493,-6.523001493
TID2013,4,i04.png,i04_11_1.png,JPEG2000_compression,1,MOS,5.3,5.3,-1.065293612,1.065293612,-1.065293612
TID2013,4,i04.png,i04_11_2.png,JPEG2000_compression,2,MOS,4.0,4.0,-3.07545149,3.07545149,-3.07545149
TID2013,4,i04.png,i04_11_3.png,JPEG2000_compression,3,MOS,2.90244,2.90244,-5.074671536,5.074671536,-5.074671536
TID2013,4,i04.png,i04_11_4.png,JPEG2000_compression,4,MOS,2.0,2.0,-6.484649801,6.484649801,-6.484649801
TID2013,4,i04.png,i04_11_5.png,JPEG2000_compression,5,MOS,0.88095,0.88095,-8.656109406,8.656109406,-8.656109406
TID2013,4,i04.png,i04_12_1.png,JPEG_transmission_errors,1,MOS,6.05,6.05,-0.011406848,0.011406848,-0.011406848
TID2013,4,i04.png,i04_12_2.png,JPEG_transmission_errors,2,MOS,4.64286,4.64286,-2.046754219,2.046754219,-2.046754219
TID2013,4,i04.png,i04_12_3.png,JPEG_transmission_errors,3,MOS,3.92857,3.92857,-2.983978471,2.983978471,-2.983978471
TID2013,4,i04.png,i04_12_4.png,JPEG_transmission_errors,4,MOS,2.90476,2.90476,-5.035014436,5.035014436,-5.035014436
TID2013,4,i04.png,i04_12_5.png,JPEG_transmission_errors,5,MOS,2.65854,2.65854,-5.256767023,5.256767023,-5.256767023
TID2013,4,i04.png,i04_13_1.png,JPEG2000_transmission_errors,1,MOS,4.66667,4.66667,-1.945737227,1.945737227,-1.945737227
TID2013,4,i04.png,i04_13_2.png,JPEG2000_transmission_errors,2,MOS,3.84615,3.84615,-3.371353342,3.371353342,-3.371353342
TID2013,4,i04.png,i04_13_3.png,JPEG2000_transmission_errors,3,MOS,3.35714,3.35714,-4.277940587,4.277940587,-4.277940587
TID2013,4,i04.png,i04_13_4.png,JPEG2000_transmission_errors,4,MOS,3.46341,3.46341,-4.075476435,4.075476435,-4.075476435
TID2013,4,i04.png,i04_13_5.png,JPEG2000_transmission_errors,5,MOS,2.38095,2.38095,-5.69368119,5.69368119,-5.69368119
TID2013,4,i04.png,i04_14_1.png,non_eccentricity_pattern_noise,1,MOS,5.07143,5.07143,-1.215715162,1.215715162,-1.215715162
TID2013,4,i04.png,i04_14_2.png,non_eccentricity_pattern_noise,2,MOS,6.40476,6.40476,0.059581134,-0.059581134,0.059581134
TID2013,4,i04.png,i04_14_3.png,non_eccentricity_pattern_noise,3,MOS,6.0,6.0,-0.230211888,0.230211888,-0.230211888
TID2013,4,i04.png,i04_14_4.png,non_eccentricity_pattern_noise,4,MOS,4.40476,4.40476,-2.051461481,2.051461481,-2.051461481
TID2013,4,i04.png,i04_14_5.png,non_eccentricity_pattern_noise,5,MOS,3.60976,3.60976,-3.580161613,3.580161613,-3.580161613
TID2013,4,i04.png,i04_15_1.png,local_block_wise_distortions_of_different_intensity,1,MOS,3.38095,3.38095,-4.01156547,4.01156547,-4.01156547
TID2013,4,i04.png,i04_15_2.png,local_block_wise_distortions_of_different_intensity,2,MOS,3.40476,3.40476,-3.860395161,3.860395161,-3.860395161
TID2013,4,i04.png,i04_15_3.png,local_block_wise_distortions_of_different_intensity,3,MOS,3.5,3.5,-3.861241376,3.861241376,-3.861241376
TID2013,4,i04.png,i04_15_4.png,local_block_wise_distortions_of_different_intensity,4,MOS,3.7561,3.7561,-3.543029567,3.543029567,-3.543029567
TID2013,4,i04.png,i04_15_5.png,local_block_wise_distortions_of_different_intensity,5,MOS,4.05128,4.05128,-2.875540943,2.875540943,-2.875540943
TID2013,4,i04.png,i04_16_1.png,intensity_shift,1,MOS,6.28571,6.28571,0.101741646,-0.101741646,0.101741646
TID2013,4,i04.png,i04_16_2.png,intensity_shift,2,MOS,6.64286,6.64286,0.294111401,-0.294111401,0.294111401
TID2013,4,i04.png,i04_16_3.png,intensity_shift,3,MOS,6.09524,6.09524,-0.183063479,0.183063479,-0.183063479
TID2013,4,i04.png,i04_16_4.png,intensity_shift,4,MOS,5.66667,5.66667,-0.326679732,0.326679732,-0.326679732
TID2013,4,i04.png,i04_16_5.png,intensity_shift,5,MOS,5.15385,5.15385,-1.157735638,1.157735638,-1.157735638
TID2013,4,i04.png,i04_17_1.png,contrast_change,1,MOS,6.0,6.0,-0.110735689,0.110735689,-0.110735689
TID2013,4,i04.png,i04_17_2.png,contrast_change,2,MOS,6.66667,6.66667,0.619693447,-0.619693447,0.619693447
TID2013,4,i04.png,i04_17_3.png,contrast_change,3,MOS,4.78049,4.78049,-1.466980961,1.466980961,-1.466980961
TID2013,4,i04.png,i04_17_4.png,contrast_change,4,MOS,7.21429,7.21429,0.771359669,-0.771359669,0.771359669
TID2013,4,i04.png,i04_17_5.png,contrast_change,5,MOS,3.925,3.925,-2.849107617,2.849107617,-2.849107617
TID2013,4,i04.png,i04_18_1.png,change_of_color_saturation,1,MOS,5.41463,5.41463,-0.595157986,0.595157986,-0.595157986
TID2013,4,i04.png,i04_18_2.png,change_of_color_saturation,2,MOS,5.02439,5.02439,-1.279614874,1.279614874,-1.279614874
TID2013,4,i04.png,i04_18_3.png,change_of_color_saturation,3,MOS,4.66667,4.66667,-1.946026441,1.946026441,-1.946026441
TID2013,4,i04.png,i04_18_4.png,change_of_color_saturation,4,MOS,4.2381,4.2381,-2.291406032,2.291406032,-2.291406032
TID2013,4,i04.png,i04_18_5.png,change_of_color_saturation,5,MOS,3.92683,3.92683,-2.897254858,2.897254858,-2.897254858
TID2013,4,i04.png,i04_19_1.png,multiplicative_gaussian_noise,1,MOS,5.45238,5.45238,-0.74925111,0.74925111,-0.74925111
TID2013,4,i04.png,i04_19_2.png,multiplicative_gaussian_noise,2,MOS,5.35714,5.35714,-1.044926605,1.044926605,-1.044926605
TID2013,4,i04.png,i04_19_3.png,multiplicative_gaussian_noise,3,MOS,4.90244,4.90244,-1.812455642,1.812455642,-1.812455642
TID2013,4,i04.png,i04_19_4.png,multiplicative_gaussian_noise,4,MOS,4.425,4.425,-2.399417567,2.399417567,-2.399417567
TID2013,4,i04.png,i04_19_5.png,multiplicative_gaussian_noise,5,MOS,4.16667,4.16667,-2.805861095,2.805861095,-2.805861095
TID2013,4,i04.png,i04_20_1.png,comfort_noise,1,MOS,6.45238,6.45238,0.103838709,-0.103838709,0.103838709
TID2013,4,i04.png,i04_20_2.png,comfort_noise,2,MOS,5.225,5.225,-0.784055098,0.784055098,-0.784055098
TID2013,4,i04.png,i04_20_3.png,comfort_noise,3,MOS,4.19048,4.19048,-2.70819771,2.70819771,-2.70819771
TID2013,4,i04.png,i04_20_4.png,comfort_noise,4,MOS,3.11905,3.11905,-4.682820108,4.682820108,-4.682820108
TID2013,4,i04.png,i04_20_5.png,comfort_noise,5,MOS,2.41463,2.41463,-5.858627428,5.858627428,-5.858627428
TID2013,4,i04.png,i04_21_1.png,lossy_compression_of_noisy_images,1,MOS,5.14634,5.14634,-1.047669304,1.047669304,-1.047669304
TID2013,4,i04.png,i04_21_2.png,lossy_compression_of_noisy_images,2,MOS,4.73171,4.73171,-1.741176958,1.741176958,-1.741176958
TID2013,4,i04.png,i04_21_3.png,lossy_compression_of_noisy_images,3,MOS,3.80952,3.80952,-3.211078641,3.211078641,-3.211078641
TID2013,4,i04.png,i04_21_4.png,lossy_compression_of_noisy_images,4,MOS,3.21951,3.21951,-4.172818116,4.172818116,-4.172818116
TID2013,4,i04.png,i04_21_5.png,lossy_compression_of_noisy_images,5,MOS,2.0,2.0,-7.161505027,7.161505027,-7.161505027
TID2013,4,i04.png,i04_22_1.png,image_color_quantization_with_dither,1,MOS,6.02439,6.02439,0.001622324,-0.001622324,0.001622324
TID2013,4,i04.png,i04_22_2.png,image_color_quantization_with_dither,2,MOS,5.78571,5.78571,-0.408726391,0.408726391,-0.408726391
TID2013,4,i04.png,i04_22_3.png,image_color_quantization_with_dither,3,MOS,4.42857,4.42857,-2.376035233,2.376035233,-2.376035233
TID2013,4,i04.png,i04_22_4.png,image_color_quantization_with_dither,4,MOS,4.12195,4.12195,-2.773659323,2.773659323,-2.773659323
TID2013,4,i04.png,i04_22_5.png,image_color_quantization_with_dither,5,MOS,2.90476,2.90476,-4.970072696,4.970072696,-4.970072696
TID2013,4,i04.png,i04_23_1.png,chromatic_aberrations,1,MOS,6.425,6.425,0.144384486,-0.144384486,0.144384486
TID2013,4,i04.png,i04_23_2.png,chromatic_aberrations,2,MOS,5.40476,5.40476,-0.850486819,0.850486819,-0.850486819
TID2013,4,i04.png,i04_23_3.png,chromatic_aberrations,3,MOS,3.87805,3.87805,-3.246890672,3.246890672,-3.246890672
TID2013,4,i04.png,i04_23_4.png,chromatic_aberrations,4,MOS,2.95122,2.95122,-4.825203045,4.825203045,-4.825203045
TID2013,4,i04.png,i04_23_5.png,chromatic_aberrations,5,MOS,1.47619,1.47619,-7.852001797,7.852001797,-7.852001797
TID2013,4,i04.png,i04_24_1.png,sparse_sampling_and_reconstruction,1,MOS,5.54762,5.54762,-0.800774069,0.800774069,-0.800774069
TID2013,4,i04.png,i04_24_2.png,sparse_sampling_and_reconstruction,2,MOS,3.7619,3.7619,-3.542151007,3.542151007,-3.542151007
TID2013,4,i04.png,i04_24_3.png,sparse_sampling_and_reconstruction,3,MOS,2.58537,2.58537,-5.312156104,5.312156104,-5.312156104
TID2013,4,i04.png,i04_24_4.png,sparse_sampling_and_reconstruction,4,MOS,1.90476,1.90476,-7.127896457,7.127896457,-7.127896457
TID2013,4,i04.png,i04_24_5.png,sparse_sampling_and_reconstruction,5,MOS,0.58537,0.58537,-8.854307636,8.854307636,-8.854307636
TID2013,5,i05.png,i05_01_1.png,additive_gaussian_noise,1,MOS,5.525,5.525,-0.201618444,0.201618444,-0.201618444
TID2013,5,i05.png,i05_01_2.png,additive_gaussian_noise,2,MOS,5.5,5.5,-0.244992248,0.244992248,-0.244992248
TID2013,5,i05.png,i05_01_3.png,additive_gaussian_noise,3,MOS,4.84615,4.84615,-0.787365816,0.787365816,-0.787365816
TID2013,5,i05.png,i05_01_4.png,additive_gaussian_noise,4,MOS,4.05128,4.05128,-1.224834716,1.224834716,-1.224834716
TID2013,5,i05.png,i05_01_5.png,additive_gaussian_noise,5,MOS,3.56098,3.56098,-1.878574158,1.878574158,-1.878574158
TID2013,5,i05.png,i05_02_1.png,additive_noise_in_color_more_intensive_than_additive_noise_in_the_luminance,1,MOS,5.82927,5.82927,0.0492253,-0.0492253,0.0492253
TID2013,5,i05.png,i05_02_2.png,additive_noise_in_color_more_intensive_than_additive_noise_in_the_luminance,2,MOS,5.68293,5.68293,0.064746232,-0.064746232,0.064746232
TID2013,5,i05.png,i05_02_3.png,additive_noise_in_color_more_intensive_than_additive_noise_in_the_luminance,3,MOS,5.325,5.325,-0.247354248,0.247354248,-0.247354248
TID2013,5,i05.png,i05_02_4.png,additive_noise_in_color_more_intensive_than_additive_noise_in_the_luminance,4,MOS,5.09756,5.09756,-0.409028799,0.409028799,-0.409028799
TID2013,5,i05.png,i05_02_5.png,additive_noise_in_color_more_intensive_than_additive_noise_in_the_luminance,5,MOS,4.25641,4.25641,-1.156030521,1.156030521,-1.156030521
TID2013,5,i05.png,i05_03_1.png,spatially_correlated_noise,1,MOS,5.09756,5.09756,-0.464723207,0.464723207,-0.464723207
TID2013,5,i05.png,i05_03_2.png,spatially_correlated_noise,2,MOS,4.4878,4.4878,-0.963053255,0.963053255,-0.963053255
TID2013,5,i05.png,i05_03_3.png,spatially_correlated_noise,3,MOS,3.675,3.675,-1.699433272,1.699433272,-1.699433272
TID2013,5,i05.png,i05_03_4.png,spatially_correlated_noise,4,MOS,3.07317,3.07317,-2.39899896,2.39899896,-2.39899896
TID2013,5,i05.png,i05_03_5.png,spatially_correlated_noise,5,MOS,2.375,2.375,-3.178154543,3.178154543,-3.178154543
TID2013,5,i05.png,i05_04_1.png,masked_noise,1,MOS,5.63415,5.63415,-0.041853151,0.041853151,-0.041853151
TID2013,5,i05.png,i05_04_2.png,masked_noise,2,MOS,5.75,5.75,0.104309353,-0.104309353,0.104309353
TID2013,5,i05.png,i05_04_3.png,masked_noise,3,MOS,5.575,5.575,-0.05436624,0.05436624,-0.05436624
TID2013,5,i05.png,i05_04_4.png,masked_noise,4,MOS,4.92683,4.92683,-0.596055677,0.596055677,-0.596055677
TID2013,5,i05.png,i05_04_5.png,masked_noise,5,MOS,4.4,4.4,-1.053760232,1.053760232,-1.053760232
TID2013,5,i05.png,i05_05_1.png,high_frequency_noise,1,MOS,5.625,5.625,0.027378676,-0.027378676,0.027378676
TID2013,5,i05.png,i05_05_2.png,high_frequency_noise,2,MOS,5.39024,5.39024,-0.211563682,0.211563682,-0.211563682
TID2013,5,i05.png,i05_05_3.png,high_frequency_noise,3,MOS,4.7,4.7,-0.68698274,0.68698274,-0.68698274
TID2013,5,i05.png,i05_05_4.png,high_frequency_noise,4,MOS,3.81579,3.81579,-1.618173355,1.618173355,-1.618173355
TID2013,5,i05.png,i05_05_5.png,high_frequency_noise,5,MOS,2.92308,2.92308,-2.557477374,2.557477374,-2.557477374
TID2013,5,i05.png,i05_06_1.png,impulse_noise,1,MOS,4.375,4.375,-0.991034844,0.991034844,-0.991034844
TID2013,5,i05.png,i05_06_2.png,impulse_noise,2,MOS,3.92308,3.92308,-1.458378428,1.458378428,-1.458378428
TID2013,5,i05.png,i05_06_3.png,impulse_noise,3,MOS,3.5,3.5,-1.867842425,1.867842425,-1.867842425
TID2013,5,i05.png,i05_06_4.png,impulse_noise,4,MOS,3.31707,3.31707,-2.29232177,2.29232177,-2.29232177
TID2013,5,i05.png,i05_06_5.png,impulse_noise,5,MOS,2.51282,2.51282,-2.890711177,2.890711177,-2.890711177
TID2013,5,i05.png,i05_07_1.png,quantization_noise,1,MOS,5.275,5.275,-0.226329909,0.226329909,-0.226329909
TID2013,5,i05.png,i05_07_2.png,quantization_noise,2,MOS,5.26829,5.26829,-0.341297974,0.341297974,-0.341297974
TID2013,5,i05.png,i05_07_3.png,quantization_noise,3,MOS,4.53846,4.53846,-0.875162035,0.875162035,-0.875162035
TID2013,5,i05.png,i05_07_4.png,quantization_noise,4,MOS,4.05128,4.05128,-1.285320583,1.285320583,-1.285320583
TID2013,5,i05.png,i05_07_5.png,quantization_noise,5,MOS,3.14634,3.14634,-2.38083508,2.38083508,-2.38083508
TID2013,5,i05.png,i05_08_1.png,gaussian_blur,1,MOS,5.4,5.4,-0.212419286,0.212419286,-0.212419286
TID2013,5,i05.png,i05_08_2.png,gaussian_blur,2,MOS,4.66667,4.66667,-0.70313548,0.70313548,-0.70313548
TID2013,5,i05.png,i05_08_3.png,gaussian_blur,3,MOS,3.65854,3.65854,-1.723933628,1.723933628,-1.723933628
TID2013,5,i05.png,i05_08_4.png,gaussian_blur,4,MOS,2.78049,2.78049,-2.706443189,2.706443189,-2.706443189
TID2013,5,i05.png,i05_08_5.png,gaussian_blur,5,MOS,1.25,1.25,-4.01329211,4.01329211,-4.01329211
TID2013,5,i05.png,i05_09_1.png,image_denoising,1,MOS,5.825,5.825,0.02746724,-0.02746724,0.02746724
TID2013,5,i05.png,i05_09_2.png,image_denoising,2,MOS,5.825,5.825,0.116961427,-0.116961427,0.116961427
TID2013,5,i05.png,i05_09_3.png,image_denoising,3,MOS,5.325,5.325,-0.345083565,0.345083565,-0.345083565
TID2013,5,i05.png,i05_09_4.png,image_denoising,4,MOS,3.5,3.5,-1.908478211,1.908478211,-1.908478211
TID2013,5,i05.png,i05_09_5.png,image_denoising,5,MOS,1.36585,1.36585,-3.855282695,3.855282695,-3.855282695
TID2013,5,i05.png,i05_10_1.png,JPEG_compression,1,MOS,5.73171,5.73171,-0.05749482,0.05749482,-0.05749482
TID2013,5,i05.png,i05_10_2.png,JPEG_compression,2,MOS,5.15385,5.15385,-0.359729841,0.359729841,-0.359729841
TID2013,5,i05.png,i05_10_3.png,JPEG_compression,3,MOS,4.70732,4.70732,-0.740369859,0.740369859,-0.740369859
TID2013,5,i05.png,i05_10_4.png,JPEG_compression,4,MOS,3.43902,3.43902,-1.975937392,1.975937392,-1.975937392
TID2013,5,i05.png,i05_10_5.png,JPEG_compression,5,MOS,1.87805,1.87805,-3.570105435,3.570105435,-3.570105435
TID2013,5,i05.png,i05_11_1.png,JPEG2000_compression,1,MOS,5.7561,5.7561,0.05769489,-0.05769489,0.05769489
TID2013,5,i05.png,i05_11_2.png,JPEG2000_compression,2,MOS,5.4,5.4,-0.183513897,0.183513897,-0.183513897
TID2013,5,i05.png,i05_11_3.png,JPEG2000_compression,3,MOS,4.5,4.5,-0.833129272,0.833129272,-0.833129272
TID2013,5,i05.png,i05_11_4.png,JPEG2000_compression,4,MOS,3.66667,3.66667,-1.523440007,1.523440007,-1.523440007
TID2013,5,i05.png,i05_11_5.png,JPEG2000_compression,5,MOS,2.25,2.25,-3.293556099,3.293556099,-3.293556099
TID2013,5,i05.png,i05_12_1.png,JPEG_transmission_errors,1,MOS,5.68293,5.68293,-0.001008063,0.001008063,-0.001008063
TID2013,5,i05.png,i05_12_2.png,JPEG_transmission_errors,2,MOS,5.775,5.775,-0.038820835,0.038820835,-0.038820835
TID2013,5,i05.png,i05_12_3.png,JPEG_transmission_errors,3,MOS,5.35,5.35,-0.159894782,0.159894782,-0.159894782
TID2013,5,i05.png,i05_12_4.png,JPEG_transmission_errors,4,MOS,3.8,3.8,-1.61523167,1.61523167,-1.61523167
TID2013,5,i05.png,i05_12_5.png,JPEG_transmission_errors,5,MOS,2.725,2.725,-2.815944022,2.815944022,-2.815944022
TID2013,5,i05.png,i05_13_1.png,JPEG2000_transmission_errors,1,MOS,5.46341,5.46341,-0.216433442,0.216433442,-0.216433442
TID2013,5,i05.png,i05_13_2.png,JPEG2000_transmission_errors,2,MOS,4.90244,4.90244,-0.533516077,0.533516077,-0.533516077
TID2013,5,i05.png,i05_13_3.png,JPEG2000_transmission_errors,3,MOS,3.475,3.475,-1.887997551,1.887997551,-1.887997551
TID2013,5,i05.png,i05_13_4.png,JPEG2000_transmission_errors,4,MOS,2.97561,2.97561,-2.476175561,2.476175561,-2.476175561
TID2013,5,i05.png,i05_13_5.png,JPEG2000_transmission_errors,5,MOS,1.97368,1.97368,-3.457845677,3.457845677,-3.457845677
TID2013,5,i05.png,i05_14_1.png,non_eccentricity_pattern_noise,1,MOS,5.92683,5.92683,0.148456332,-0.148456332,0.148456332
TID2013,5,i05.png,i05_14_2.png,non_eccentricity_pattern_noise,2,MOS,5.53659,5.53659,-0.076373014,0.076373014,-0.076373014
TID2013,5,i05.png,i05_14_3.png,non_eccentricity_pattern_noise,3,MOS,5.60976,5.60976,-0.058811898,0.058811898,-0.058811898
TID2013,5,i05.png,i05_14_4.png,non_eccentricity_pattern_noise,4,MOS,5.225,5.225,-0.439620668,0.439620668,-0.439620668
TID2013,5,i05.png,i05_14_5.png,non_eccentricity_pattern_noise,5,MOS,4.31707,4.31707,-1.124509552,1.124509552,-1.124509552
TID2013,5,i05.png,i05_15_1.png,local_block_wise_distortions_of_different_intensity,1,MOS,3.05,3.05,-2.358839391,2.358839391,-2.358839391
TID2013,5,i05.png,i05_15_2.png,local_block_wise_distortions_of_different_intensity,2,MOS,3.1,3.1,-2.234337852,2.234337852,-2.234337852
TID2013,5,i05.png,i05_15_3.png,local_block_wise_distortions_of_different_intensity,3,MOS,3.31707,3.31707,-2.09623681,2.09623681,-2.09623681
TID2013,5,i05.png,i05_15_4.png,local_block_wise_distortions_of_different_intensity,4,MOS,3.9,3.9,-1.615300693,1.615300693,-1.615300693
TID2013,5,i05.png,i05_15_5.png,local_block_wise_distortions_of_different_intensity,5,MOS,3.84615,3.84615,-1.55974927,1.55974927,-1.55974927
TID2013,5,i05.png,i05_16_1.png,intensity_shift,1,MOS,6.15,6.15,0.314357894,-0.314357894,0.314357894
TID2013,5,i05.png,i05_16_2.png,intensity_shift,2,MOS,5.95,5.95,0.085293846,-0.085293846,0.085293846
TID2013,5,i05.png,i05_16_3.png,intensity_shift,3,MOS,5.58537,5.58537,-0.189046969,0.189046969,-0.189046969
TID2013,5,i05.png,i05_16_4.png,intensity_shift,4,MOS,5.09756,5.09756,-0.62645211,0.62645211,-0.62645211
TID2013,5,i05.png,i05_16_5.png,intensity_shift,5,MOS,4.25,4.25,-1.09897682,1.09897682,-1.09897682
TID2013,5,i05.png,i05_17_1.png,contrast_change,1,MOS,5.3,5.3,-0.220597297,0.220597297,-0.220597297
TID2013,5,i05.png,i05_17_2.png,contrast_change,2,MOS,6.82927,6.82927,0.664673045,-0.664673045,0.664673045
TID2013,5,i05.png,i05_17_3.png,contrast_change,3,MOS,4.025,4.025,-1.386384514,1.386384514,-1.386384514
TID2013,5,i05.png,i05_17_4.png,contrast_change,4,MOS,6.56098,6.56098,0.50723741,-0.50723741,0.50723741
TID2013,5,i05.png,i05_17_5.png,contrast_change,5,MOS,2.8,2.8,-2.585818886,2.585818886,-2.585818886
TID2013,5,i05.png,i05_18_1.png,change_of_color_saturation,1,MOS,4.775,4.775,-0.694149405,0.694149405,-0.694149405
TID2013,5,i05.png,i05_18_2.png,change_of_color_saturation,2,MOS,4.20513,4.20513,-1.016477145,1.016477145,-1.016477145
TID2013,5,i05.png,i05_18_3.png,change_of_color_saturation,3,MOS,3.74359,3.74359,-1.60219273,1.60219273,-1.60219273
TID2013,5,i05.png,i05_18_4.png,change_of_color_saturation,4,MOS,3.53846,3.53846,-1.817265564,1.817265564,-1.817265564
TID2013,5,i05.png,i05_18_5.png,change_of_color_saturation,5,MOS,3.15,3.15,-2.163464563,2.163464563,-2.163464563
TID2013,5,i05.png,i05_19_1.png,multiplicative_gaussian_noise,1,MOS,5.175,5.175,-0.370083757,0.370083757,-0.370083757
TID2013,5,i05.png,i05_19_2.png,multiplicative_gaussian_noise,2,MOS,4.80488,4.80488,-0.67540882,0.67540882,-0.67540882
TID2013,5,i05.png,i05_19_3.png,multiplicative_gaussian_noise,3,MOS,4.225,4.225,-1.110845839,1.110845839,-1.110845839
TID2013,5,i05.png,i05_19_4.png,multiplicative_gaussian_noise,4,MOS,3.65,3.65,-1.719112826,1.719112826,-1.719112826
TID2013,5,i05.png,i05_19_5.png,multiplicative_gaussian_noise,5,MOS,3.36585,3.36585,-2.050260567,2.050260567,-2.050260567
TID2013,5,i05.png,i05_20_1.png,comfort_noise,1,MOS,5.68293,5.68293,-0.0855934,0.0855934,-0.0855934
TID2013,5,i05.png,i05_20_2.png,comfort_noise,2,MOS,5.56098,5.56098,-0.081869706,0.081869706,-0.081869706
TID2013,5,i05.png,i05_20_3.png,comfort_noise,3,MOS,5.02439,5.02439,-0.476039034,0.476039034,-0.476039034
TID2013,5,i05.png,i05_20_4.png,comfort_noise,4,MOS,4.475,4.475,-0.949033312,0.949033312,-0.949033312
TID2013,5,i05.png,i05_20_5.png,comfort_noise,5,MOS,3.28205,3.28205,-2.012487471,2.012487471,-2.012487471
TID2013,5,i05.png,i05_21_1.png,lossy_compression_of_noisy_images,1,MOS,5.6,5.6,-0.025804392,0.025804392,-0.025804392
TID2013,5,i05.png,i05_21_2.png,lossy_compression_of_noisy_images,2,MOS,4.925,4.925,-0.656677697,0.656677697,-0.656677697
TID2013,5,i05.png,i05_21_3.png,lossy_compression_of_noisy_images,3,MOS,4.36585,4.36585,-1.080268664,1.080268664,-1.080268664
TID2013,5,i05.png,i05_21_4.png,lossy_compression_of_noisy_images,4,MOS,3.35,3.35,-1.981115581,1.981115581,-1.981115581
TID2013,5,i05.png,i05_21_5.png,lossy_compression_of_noisy_images,5,MOS,2.475,2.475,-2.959952396,2.959952396,-2.959952396
TID2013,5,i05.png,i05_22_1.png,image_color_quantization_with_dither,1,MOS,5.275,5.275,-0.248059772,0.248059772,-0.248059772
TID2013,5,i05.png,i05_22_2.png,image_color_quantization_with_dither,2,MOS,5.25,5.25,-0.27274357,0.27274357,-0.27274357
TID2013,5,i05.png,i05_22_3.png,image_color_quantization_with_dither,3,MOS,4.7561,4.7561,-0.726921021,0.726921021,-0.726921021
TID2013,5,i05.png,i05_22_4.png,image_color_quantization_with_dither,4,MOS,4.1,4.1,-1.39000291,1.39000291,-1.39000291
TID2013,5,i05.png,i05_22_5.png,image_color_quantization_with_dither,5,MOS,3.17073,3.17073,-2.14048064,2.14048064,-2.14048064
TID2013,5,i05.png,i05_23_1.png,chromatic_aberrations,1,MOS,5.73171,5.73171,-0.001307201,0.001307201,-0.001307201
TID2013,5,i05.png,i05_23_2.png,chromatic_aberrations,2,MOS,5.575,5.575,-0.098587465,0.098587465,-0.098587465
TID2013,5,i05.png,i05_23_3.png,chromatic_aberrations,3,MOS,5.63415,5.63415,-0.000554647,0.000554647,-0.000554647
TID2013,5,i05.png,i05_23_4.png,chromatic_aberrations,4,MOS,5.7561,5.7561,-0.025445516,0.025445516,-0.025445516
TID2013,5,i05.png,i05_23_5.png,chromatic_aberrations,5,MOS,5.43902,5.43902,-0.206847055,0.206847055,-0.206847055
TID2013,5,i05.png,i05_24_1.png,sparse_sampling_and_reconstruction,1,MOS,5.525,5.525,0.024408137,-0.024408137,0.024408137
TID2013,5,i05.png,i05_24_2.png,sparse_sampling_and_reconstruction,2,MOS,5.60976,5.60976,-0.098376379,0.098376379,-0.098376379
TID2013,5,i05.png,i05_24_3.png,sparse_sampling_and_reconstruction,3,MOS,5.2,5.2,-0.377295626,0.377295626,-0.377295626
TID2013,5,i05.png,i05_24_4.png,sparse_sampling_and_reconstruction,4,MOS,3.95122,3.95122,-1.486894207,1.486894207,-1.486894207
TID2013,5,i05.png,i05_24_5.png,sparse_sampling_and_reconstruction,5,MOS,2.60976,2.60976,-2.861721746,2.861721746,-2.861721746
TID2013,6,i06.png,i06_01_1.png,additive_gaussian_noise,1,MOS,5.75676,5.75676,-0.675275764,0.675275764,-0.675275764
TID2013,6,i06.png,i06_01_2.png,additive_gaussian_noise,2,MOS,5.16667,5.16667,-0.977597476,0.977597476,-0.977597476
TID2013,6,i06.png,i06_01_3.png,additive_gaussian_noise,3,MOS,5.02703,5.02703,-1.248110578,1.248110578,-1.248110578
TID2013,6,i06.png,i06_01_4.png,additive_gaussian_noise,4,MOS,4.31429,4.31429,-1.683781269,1.683781269,-1.683781269
TID2013,6,i06.png,i06_01_5.png,additive_gaussian_noise,5,MOS,3.61111,3.61111,-2.520341275,2.520341275,-2.520341275
TID2013,6,i06.png,i06_02_1.png,additive_noise_in_color_more_intensive_than_additive_noise_in_the_luminance,1,MOS,6.16216,6.16216,-0.442654954,0.442654954,-0.442654954
TID2013,6,i06.png,i06_02_2.png,additive_noise_in_color_more_intensive_than_additive_noise_in_the_luminance,2,MOS,5.78378,5.78378,-0.64642743,0.64642743,-0.64642743
TID2013,6,i06.png,i06_02_3.png,additive_noise_in_color_more_intensive_than_additive_noise_in_the_luminance,3,MOS,5.45946,5.45946,-0.884090469,0.884090469,-0.884090469
TID2013,6,i06.png,i06_02_4.png,additive_noise_in_color_more_intensive_than_additive_noise_in_the_luminance,4,MOS,4.83333,4.83333,-1.287795663,1.287795663,-1.287795663
TID2013,6,i06.png,i06_02_5.png,additive_noise_in_color_more_intensive_than_additive_noise_in_the_luminance,5,MOS,4.38889,4.38889,-1.794620269,1.794620269,-1.794620269
TID2013,6,i06.png,i06_03_1.png,spatially_correlated_noise,1,MOS,4.58333,4.58333,-1.391482848,1.391482848,-1.391482848
TID2013,6,i06.png,i06_03_2.png,spatially_correlated_noise,2,MOS,4.05714,4.05714,-1.899603511,1.899603511,-1.899603511
TID2013,6,i06.png,i06_03_3.png,spatially_correlated_noise,3,MOS,3.47222,3.47222,-2.480086577,2.480086577,-2.480086577
TID2013,6,i06.png,i06_03_4.png,spatially_correlated_noise,4,MOS,2.94595,2.94595,-3.158801264,3.158801264,-3.158801264
TID2013,6,i06.png,i06_03_5.png,spatially_correlated_noise,5,MOS,2.5,2.5,-3.736697056,3.736697056,-3.736697056
TID2013,6,i06.png,i06_04_1.png,masked_noise,1,MOS,5.83333,5.83333,-0.627019585,0.627019585,-0.627019585
TID2013,6,i06.png,i06_04_2.png,masked_noise,2,MOS,5.86111,5.86111,-0.541434704,0.541434704,-0.541434704
TID2013,6,i06.png,i06_04_3.png,masked_noise,3,MOS,5.69444,5.69444,-0.688223539,0.688223539,-0.688223539
TID2013,6,i06.png,i06_04_4.png,masked_noise,4,MOS,5.08108,5.08108,-1.097814799,1.097814799,-1.097814799
TID2013,6,i06.png,i06_04_5.png,masked_noise,5,MOS,4.58333,4.58333,-1.51077186,1.51077186,-1.51077186
TID2013,6,i06.png,i06_05_1.png,high_frequency_noise,1,MOS,5.91892,5.91892,-0.53401974,0.53401974,-0.53401974
TID2013,6,i06.png,i06_05_2.png,high_frequency_noise,2,MOS,5.71429,5.71429,-0.814352809,0.814352809,-0.814352809
TID2013,6,i06.png,i06_05_3.png,high_frequency_noise,3,MOS,4.97297,4.97297,-1.231559594,1.231559594,-1.231559594
TID2013,6,i06.png,i06_05_4.png,high_frequency_noise,4,MOS,4.02857,4.02857,-2.040168779,2.040168779,-2.040168779
TID2013,6,i06.png,i06_05_5.png,high_frequency_noise,5,MOS,2.94595,2.94595,-3.308680813,3.308680813,-3.308680813
TID2013,6,i06.png,i06_06_1.png,impulse_noise,1,MOS,4.61111,4.61111,-1.449992833,1.449992833,-1.449992833
TID2013,6,i06.png,i06_06_2.png,impulse_noise,2,MOS,4.38889,4.38889,-1.699575485,1.699575485,-1.699575485
TID2013,6,i06.png,i06_06_3.png,impulse_noise,3,MOS,3.77778,3.77778,-2.177622637,2.177622637,-2.177622637
TID2013,6,i06.png,i06_06_4.png,impulse_noise,4,MOS,3.52778,3.52778,-2.653619444,2.653619444,-2.653619444
TID2013,6,i06.png,i06_06_5.png,impulse_noise,5,MOS,3.05405,3.05405,-3.100864335,3.100864335,-3.100864335
TID2013,6,i06.png,i06_07_1.png,quantization_noise,1,MOS,5.32432,5.32432,-0.99082703,0.99082703,-0.99082703
TID2013,6,i06.png,i06_07_2.png,quantization_noise,2,MOS,5.11429,5.11429,-1.153429724,1.153429724,-1.153429724
TID2013,6,i06.png,i06_07_3.png,quantization_noise,3,MOS,4.40541,4.40541,-1.694820341,1.694820341,-1.694820341
TID2013,6,i06.png,i06_07_4.png,quantization_noise,4,MOS,3.14286,3.14286,-2.859527981,2.859527981,-2.859527981
TID2013,6,i06.png,i06_07_5.png,quantization_noise,5,MOS,2.68571,2.68571,-3.547192604,3.547192604,-3.547192604
TID2013,6,i06.png,i06_08_1.png,gaussian_blur,1,MOS,5.18919,5.18919,-1.084972841,1.084972841,-1.084972841
TID2013,6,i06.png,i06_08_2.png,gaussian_blur,2,MOS,4.58333,4.58333,-1.576748808,1.576748808,-1.576748808
TID2013,6,i06.png,i06_08_3.png,gaussian_blur,3,MOS,3.48571,3.48571,-2.488537207,2.488537207,-2.488537207
TID2013,6,i06.png,i06_08_4.png,gaussian_blur,4,MOS,2.7027,2.7027,-3.630352985,3.630352985,-3.630352985
TID2013,6,i06.png,i06_08_5.png,gaussian_blur,5,MOS,2.05405,2.05405,-4.545306488,4.545306488,-4.545306488
TID2013,6,i06.png,i06_09_1.png,image_denoising,1,MOS,6.05405,6.05405,-0.519982061,0.519982061,-0.519982061
TID2013,6,i06.png,i06_09_2.png,image_denoising,2,MOS,5.86486,5.86486,-0.672170869,0.672170869,-0.672170869
TID2013,6,i06.png,i06_09_3.png,image_denoising,3,MOS,4.86486,4.86486,-1.353522345,1.353522345,-1.353522345
TID2013,6,i06.png,i06_09_4.png,image_denoising,4,MOS,3.0,3.0,-3.083514475,3.083514475,-3.083514475
TID2013,6,i06.png,i06_09_5.png,image_denoising,5,MOS,1.65714,1.65714,-4.91103435,4.91103435,-4.91103435
TID2013,6,i06.png,i06_10_1.png,JPEG_compression,1,MOS,5.83784,5.83784,-0.621612611,0.621612611,-0.621612611
TID2013,6,i06.png,i06_10_2.png,JPEG_compression,2,MOS,5.62857,5.62857,-0.718581211,0.718581211,-0.718581211
TID2013,6,i06.png,i06_10_3.png,JPEG_compression,3,MOS,5.42857,5.42857,-1.058874426,1.058874426,-1.058874426
TID2013,6,i06.png,i06_10_4.png,JPEG_compression,4,MOS,3.16216,3.16216,-3.01097695,3.01097695,-3.01097695
TID2013,6,i06.png,i06_10_5.png,JPEG_compression,5,MOS,1.77778,1.77778,-4.95355972,4.95355972,-4.95355972
TID2013,6,i06.png,i06_11_1.png,JPEG2000_compression,1,MOS,5.54054,5.54054,-0.842988597,0.842988597,-0.842988597
TID2013,6,i06.png,i06_11_2.png,JPEG2000_compression,2,MOS,5.19444,5.19444,-1.000299955,1.000299955,-1.000299955
TID2013,6,i06.png,i06_11_3.png,JPEG2000_compression,3,MOS,4.5,4.5,-1.630501911,1.630501911,-1.630501911
TID2013,6,i06.png,i06_11_4.png,JPEG2000_compression,4,MOS,3.08108,3.08108,-3.098835448,3.098835448,-3.098835448
TID2013,6,i06.png,i06_11_5.png,JPEG2000_compression,5,MOS,0.75676,0.75676,-5.98391222,5.98391222,-5.98391222
TID2013,6,i06.png,i06_12_1.png,JPEG_transmission_errors,1,MOS,5.86111,5.86111,-0.691092474,0.691092474,-0.691092474
TID2013,6,i06.png,i06_12_2.png,JPEG_transmission_errors,2,MOS,4.75,4.75,-1.496449125,1.496449125,-1.496449125
TID2013,6,i06.png,i06_12_3.png,JPEG_transmission_errors,3,MOS,4.35135,4.35135,-1.794511326,1.794511326,-1.794511326
TID2013,6,i06.png,i06_12_4.png,JPEG_transmission_errors,4,MOS,3.62857,3.62857,-2.240017378,2.240017378,-2.240017378
TID2013,6,i06.png,i06_12_5.png,JPEG_transmission_errors,5,MOS,3.83784,3.83784,-2.229287287,2.229287287,-2.229287287
TID2013,6,i06.png,i06_13_1.png,JPEG2000_transmission_errors,1,MOS,4.67568,4.67568,-1.49031236,1.49031236,-1.49031236
TID2013,6,i06.png,i06_13_2.png,JPEG2000_transmission_errors,2,MOS,4.82857,4.82857,-1.314311068,1.314311068,-1.314311068
TID2013,6,i06.png,i06_13_3.png,JPEG2000_transmission_errors,3,MOS,4.17143,4.17143,-1.853511892,1.853511892,-1.853511892
TID2013,6,i06.png,i06_13_4.png,JPEG2000_transmission_errors,4,MOS,3.19444,3.19444,-3.08484177,3.08484177,-3.08484177
TID2013,6,i06.png,i06_13_5.png,JPEG2000_transmission_errors,5,MOS,2.7027,2.7027,-3.635017162,3.635017162,-3.635017162
TID2013,6,i06.png,i06_14_1.png,non_eccentricity_pattern_noise,1,MOS,6.0,6.0,-0.559558929,0.559558929,-0.559558929
TID2013,6,i06.png,i06_14_2.png,non_eccentricity_pattern_noise,2,MOS,6.0,6.0,-0.477381893,0.477381893,-0.477381893
TID2013,6,i06.png,i06_14_3.png,non_eccentricity_pattern_noise,3,MOS,4.77143,4.77143,-1.261729511,1.261729511,-1.261729511
TID2013,6,i06.png,i06_14_4.png,non_eccentricity_pattern_noise,4,MOS,4.33333,4.33333,-1.667916013,1.667916013,-1.667916013
TID2013,6,i06.png,i06_14_5.png,non_eccentricity_pattern_noise,5,MOS,4.30556,4.30556,-1.761446703,1.761446703,-1.761446703
TID2013,6,i06.png,i06_15_1.png,local_block_wise_distortions_of_different_intensity,1,MOS,3.62162,3.62162,-2.70887435,2.70887435,-2.70887435
TID2013,6,i06.png,i06_15_2.png,local_block_wise_distortions_of_different_intensity,2,MOS,3.32432,3.32432,-2.740948499,2.740948499,-2.740948499
TID2013,6,i06.png,i06_15_3.png,local_block_wise_distortions_of_different_intensity,3,MOS,3.75,3.75,-2.271217671,2.271217671,-2.271217671
TID2013,6,i06.png,i06_15_4.png,local_block_wise_distortions_of_different_intensity,4,MOS,4.40541,4.40541,-1.796372932,1.796372932,-1.796372932
TID2013,6,i06.png,i06_15_5.png,local_block_wise_distortions_of_different_intensity,5,MOS,4.83333,4.83333,-1.266010689,1.266010689,-1.266010689
TID2013,6,i06.png,i06_16_1.png,intensity_shift,1,MOS,5.56757,5.56757,-0.760322471,0.760322471,-0.760322471
TID2013,6,i06.png,i06_16_2.png,intensity_shift,2,MOS,6.25,6.25,-0.406003241,0.406003241,-0.406003241
TID2013,6,i06.png,i06_16_3.png,intensity_shift,3,MOS,5.08333,5.08333,-1.09970647,1.09970647,-1.09970647
TID2013,6,i06.png,i06_16_4.png,intensity_shift,4,MOS,5.83784,5.83784,-0.784620643,0.784620643,-0.784620643
TID2013,6,i06.png,i06_16_5.png,intensity_shift,5,MOS,4.13889,4.13889,-1.873322005,1.873322005,-1.873322005
TID2013,6,i06.png,i06_17_1.png,contrast_change,1,MOS,5.55556,5.55556,-0.818568003,0.818568003,-0.818568003
TID2013,6,i06.png,i06_17_2.png,contrast_change,2,MOS,6.08108,6.08108,-0.50665852,0.50665852,-0.50665852
TID2013,6,i06.png,i06_17_3.png,contrast_change,3,MOS,4.05556,4.05556,-1.944976586,1.944976586,-1.944976586
TID2013,6,i06.png,i06_17_4.png,contrast_change,4,MOS,5.83784,5.83784,-0.83745189,0.83745189,-0.83745189
TID2013,6,i06.png,i06_17_5.png,contrast_change,5,MOS,3.37838,3.37838,-2.860326971,2.860326971,-2.860326971
TID2013,6,i06.png,i06_18_1.png,change_of_color_saturation,1,MOS,5.2,5.2,-1.20773177,1.20773177,-1.20773177
TID2013,6,i06.png,i06_18_2.png,change_of_color_saturation,2,MOS,4.36111,4.36111,-1.652473449,1.652473449,-1.652473449
TID2013,6,i06.png,i06_18_3.png,change_of_color_saturation,3,MOS,3.88889,3.88889,-2.128858961,2.128858961,-2.128858961
TID2013,6,i06.png,i06_18_4.png,change_of_color_saturation,4,MOS,3.72973,3.72973,-2.369747666,2.369747666,-2.369747666
TID2013,6,i06.png,i06_18_5.png,change_of_color_saturation,5,MOS,3.78378,3.78378,-2.52786882,2.52786882,-2.52786882
TID2013,6,i06.png,i06_19_1.png,multiplicative_gaussian_noise,1,MOS,5.33333,5.33333,-0.980709402,0.980709402,-0.980709402
TID2013,6,i06.png,i06_19_2.png,multiplicative_gaussian_noise,2,MOS,5.27027,5.27027,-1.075690769,1.075690769,-1.075690769
TID2013,6,i06.png,i06_19_3.png,multiplicative_gaussian_noise,3,MOS,4.94595,4.94595,-1.25751747,1.25751747,-1.25751747
TID2013,6,i06.png,i06_19_4.png,multiplicative_gaussian_noise,4,MOS,4.19444,4.19444,-1.869444722,1.869444722,-1.869444722
TID2013,6,i06.png,i06_19_5.png,multiplicative_gaussian_noise,5,MOS,3.59459,3.59459,-2.497787015,2.497787015,-2.497787015
TID2013,6,i06.png,i06_20_1.png,comfort_noise,1,MOS,5.61111,5.61111,-0.694548302,0.694548302,-0.694548302
TID2013,6,i06.png,i06_20_2.png,comfort_noise,2,MOS,5.27778,5.27778,-0.826104846,0.826104846,-0.826104846
TID2013,6,i06.png,i06_20_3.png,comfort_noise,3,MOS,5.59459,5.59459,-0.767876844,0.767876844,-0.767876844
TID2013,6,i06.png,i06_20_4.png,comfort_noise,4,MOS,4.94595,4.94595,-1.334083322,1.334083322,-1.334083322
TID2013,6,i06.png,i06_20_5.png,comfort_noise,5,MOS,3.97297,3.97297,-2.158022327,2.158022327,-2.158022327
TID2013,6,i06.png,i06_21_1.png,lossy_compression_of_noisy_images,1,MOS,5.7027,5.7027,-0.726270614,0.726270614,-0.726270614
TID2013,6,i06.png,i06_21_2.png,lossy_compression_of_noisy_images,2,MOS,5.11111,5.11111,-1.146525036,1.146525036,-1.146525036
TID2013,6,i06.png,i06_21_3.png,lossy_compression_of_noisy_images,3,MOS,4.71429,4.71429,-1.432051787,1.432051787,-1.432051787
TID2013,6,i06.png,i06_21_4.png,lossy_compression_of_noisy_images,4,MOS,3.63889,3.63889,-2.390860541,2.390860541,-2.390860541
TID2013,6,i06.png,i06_21_5.png,lossy_compression_of_noisy_images,5,MOS,2.80556,2.80556,-3.436192541,3.436192541,-3.436192541
TID2013,6,i06.png,i06_22_1.png,image_color_quantization_with_dither,1,MOS,5.63889,5.63889,-0.688955996,0.688955996,-0.688955996
TID2013,6,i06.png,i06_22_2.png,image_color_quantization_with_dither,2,MOS,5.27778,5.27778,-0.985824833,0.985824833,-0.985824833
TID2013,6,i06.png,i06_22_3.png,image_color_quantization_with_dither,3,MOS,4.16216,4.16216,-1.969776076,1.969776076,-1.969776076
TID2013,6,i06.png,i06_22_4.png,image_color_quantization_with_dither,4,MOS,3.56757,3.56757,-2.736638702,2.736638702,-2.736638702
TID2013,6,i06.png,i06_22_5.png,image_color_quantization_with_dither,5,MOS,2.97297,2.97297,-3.401170759,3.401170759,-3.401170759
TID2013,6,i06.png,i06_23_1.png,chromatic_aberrations,1,MOS,5.91429,5.91429,-0.669969038,0.669969038,-0.669969038
TID2013,6,i06.png,i06_23_2.png,chromatic_aberrations,2,MOS,5.80556,5.80556,-0.620044391,0.620044391,-0.620044391
TID2013,6,i06.png,i06_23_3.png,chromatic_aberrations,3,MOS,5.67568,5.67568,-0.741901226,0.741901226,-0.741901226
TID2013,6,i06.png,i06_23_4.png,chromatic_aberrations,4,MOS,5.32432,5.32432,-1.027721269,1.027721269,-1.027721269
TID2013,6,i06.png,i06_23_5.png,chromatic_aberrations,5,MOS,2.34286,2.34286,-4.12164108,4.12164108,-4.12164108
TID2013,6,i06.png,i06_24_1.png,sparse_sampling_and_reconstruction,1,MOS,5.83784,5.83784,-0.564635086,0.564635086,-0.564635086
TID2013,6,i06.png,i06_24_2.png,sparse_sampling_and_reconstruction,2,MOS,5.8,5.8,-0.832736891,0.832736891,-0.832736891
TID2013,6,i06.png,i06_24_3.png,sparse_sampling_and_reconstruction,3,MOS,4.81081,4.81081,-1.360008402,1.360008402,-1.360008402
TID2013,6,i06.png,i06_24_4.png,sparse_sampling_and_reconstruction,4,MOS,3.21622,3.21622,-3.090965584,3.090965584,-3.090965584
TID2013,6,i06.png,i06_24_5.png,sparse_sampling_and_reconstruction,5,MOS,0.88889,0.88889,-5.621045987,5.621045987,-5.621045987
TID2013,7,i07.png,i07_01_1.png,additive_gaussian_noise,1,MOS,5.68182,5.68182,-0.678162569,0.678162569,-0.678162569
TID2013,7,i07.png,i07_01_2.png,additive_gaussian_noise,2,MOS,5.09091,5.09091,-0.961150041,0.961150041,-0.961150041
TID2013,7,i07.png,i07_01_3.png,additive_gaussian_noise,3,MOS,4.8,4.8,-1.506275024,1.506275024,-1.506275024
TID2013,7,i07.png,i07_01_4.png,additive_gaussian_noise,4,MOS,4.45455,4.45455,-1.742783765,1.742783765,-1.742783765
TID2013,7,i07.png,i07_01_5.png,additive_gaussian_noise,5,MOS,3.97619,3.97619,-2.306089382,2.306089382,-2.306089382
TID2013,7,i07.png,i07_02_1.png,additive_noise_in_color_more_intensive_than_additive_noise_in_the_luminance,1,MOS,6.04444,6.04444,-0.327541838,0.327541838,-0.327541838
TID2013,7,i07.png,i07_02_2.png,additive_noise_in_color_more_intensive_than_additive_noise_in_the_luminance,2,MOS,5.86364,5.86364,-0.545485978,0.545485978,-0.545485978
TID2013,7,i07.png,i07_02_3.png,additive_noise_in_color_more_intensive_than_additive_noise_in_the_luminance,3,MOS,5.55814,5.55814,-0.703337177,0.703337177,-0.703337177
TID2013,7,i07.png,i07_02_4.png,additive_noise_in_color_more_intensive_than_additive_noise_in_the_luminance,4,MOS,5.23256,5.23256,-1.088177913,1.088177913,-1.088177913
TID2013,7,i07.png,i07_02_5.png,additive_noise_in_color_more_intensive_than_additive_noise_in_the_luminance,5,MOS,4.75556,4.75556,-1.547973269,1.547973269,-1.547973269
TID2013,7,i07.png,i07_03_1.png,spatially_correlated_noise,1,MOS,4.93333,4.93333,-1.238665461,1.238665461,-1.238665461
TID2013,7,i07.png,i07_03_2.png,spatially_correlated_noise,2,MOS,4.22727,4.22727,-1.922827866,1.922827866,-1.922827866
TID2013,7,i07.png,i07_03_3.png,spatially_correlated_noise,3,MOS,3.73333,3.73333,-2.435514414,2.435514414,-2.435514414
TID2013,7,i07.png,i07_03_4.png,spatially_correlated_noise,4,MOS,3.31111,3.31111,-3.063235676,3.063235676,-3.063235676
TID2013,7,i07.png,i07_03_5.png,spatially_correlated_noise,5,MOS,2.73333,2.73333,-3.708056605,3.708056605,-3.708056605
TID2013,7,i07.png,i07_04_1.png,masked_noise,1,MOS,5.86667,5.86667,-0.422732281,0.422732281,-0.422732281
TID2013,7,i07.png,i07_04_2.png,masked_noise,2,MOS,6.0,6.0,-0.427765238,0.427765238,-0.427765238
TID2013,7,i07.png,i07_04_3.png,masked_noise,3,MOS,5.42222,5.42222,-0.815871852,0.815871852,-0.815871852
TID2013,7,i07.png,i07_04_4.png,masked_noise,4,MOS,4.95122,4.95122,-1.385701688,1.385701688,-1.385701688
TID2013,7,i07.png,i07_04_5.png,masked_noise,5,MOS,4.2093,4.2093,-1.935838967,1.935838967,-1.935838967
TID2013,7,i07.png,i07_05_1.png,high_frequency_noise,1,MOS,6.04444,6.04444,-0.475585932,0.475585932,-0.475585932
TID2013,7,i07.png,i07_05_2.png,high_frequency_noise,2,MOS,5.8,5.8,-0.538497483,0.538497483,-0.538497483
TID2013,7,i07.png,i07_05_3.png,high_frequency_noise,3,MOS,5.15909,5.15909,-1.074421918,1.074421918,-1.074421918
TID2013,7,i07.png,i07_05_4.png,high_frequency_noise,4,MOS,4.27907,4.27907,-1.923910118,1.923910118,-1.923910118
TID2013,7,i07.png,i07_05_5.png,high_frequency_noise,5,MOS,3.31818,3.31818,-2.936861955,2.936861955,-2.936861955
TID2013,7,i07.png,i07_06_1.png,impulse_noise,1,MOS,4.83333,4.83333,-1.35456129,1.35456129,-1.35456129
TID2013,7,i07.png,i07_06_2.png,impulse_noise,2,MOS,4.61364,4.61364,-1.61571273,1.61571273,-1.61571273
TID2013,7,i07.png,i07_06_3.png,impulse_noise,3,MOS,4.15909,4.15909,-2.132713693,2.132713693,-2.132713693
TID2013,7,i07.png,i07_06_4.png,impulse_noise,4,MOS,3.75,3.75,-2.506023149,2.506023149,-2.506023149
TID2013,7,i07.png,i07_06_5.png,impulse_noise,5,MOS,3.31818,3.31818,-3.021755233,3.021755233,-3.021755233
TID2013,7,i07.png,i07_07_1.png,quantization_noise,1,MOS,5.5814,5.5814,-0.692182567,0.692182567,-0.692182567
TID2013,7,i07.png,i07_07_2.png,quantization_noise,2,MOS,5.19048,5.19048,-0.992047473,0.992047473,-0.992047473
TID2013,7,i07.png,i07_07_3.png,quantization_noise,3,MOS,4.31818,4.31818,-1.898977806,1.898977806,-1.898977806
TID2013,7,i07.png,i07_07_4.png,quantization_noise,4,MOS,3.62222,3.62222,-2.686839005,2.686839005,-2.686839005
TID2013,7,i07.png,i07_07_5.png,quantization_noise,5,MOS,2.83721,2.83721,-3.395680818,3.395680818,-3.395680818
TID2013,7,i07.png,i07_08_1.png,gaussian_blur,1,MOS,5.86364,5.86364,-0.406191837,0.406191837,-0.406191837
TID2013,7,i07.png,i07_08_2.png,gaussian_blur,2,MOS,5.53333,5.53333,-0.768124075,0.768124075,-0.768124075
TID2013,7,i07.png,i07_08_3.png,gaussian_blur,3,MOS,4.5814,4.5814,-1.566864171,1.566864171,-1.566864171
TID2013,7,i07.png,i07_08_4.png,gaussian_blur,4,MOS,3.42222,3.42222,-2.861699265,2.861699265,-2.861699265
TID2013,7,i07.png,i07_08_5.png,gaussian_blur,5,MOS,2.63636,2.63636,-3.957351562,3.957351562,-3.957351562
TID2013,7,i07.png,i07_09_1.png,image_denoising,1,MOS,6.42222,6.42222,-0.24436049,0.24436049,-0.24436049
TID2013,7,i07.png,i07_09_2.png,image_denoising,2,MOS,6.02222,6.02222,-0.383928373,0.383928373,-0.383928373
TID2013,7,i07.png,i07_09_3.png,image_denoising,3,MOS,5.22727,5.22727,-0.988846942,0.988846942,-0.988846942
TID2013,7,i07.png,i07_09_4.png,image_denoising,4,MOS,3.97674,3.97674,-2.31809549,2.31809549,-2.31809549
TID2013,7,i07.png,i07_09_5.png,image_denoising,5,MOS,2.46667,2.46667,-4.083785856,4.083785856,-4.083785856
TID2013,7,i07.png,i07_10_1.png,JPEG_compression,1,MOS,6.13333,6.13333,-0.307506794,0.307506794,-0.307506794
TID2013,7,i07.png,i07_10_2.png,JPEG_compression,2,MOS,5.88636,5.88636,-0.586441564,0.586441564,-0.586441564
TID2013,7,i07.png,i07_10_3.png,JPEG_compression,3,MOS,5.04545,5.04545,-1.279828066,1.279828066,-1.279828066
TID2013,7,i07.png,i07_10_4.png,JPEG_compression,4,MOS,3.70455,3.70455,-2.680687382,2.680687382,-2.680687382
TID2013,7,i07.png,i07_10_5.png,JPEG_compression,5,MOS,2.22727,2.22727,-4.274460391,4.274460391,-4.274460391
TID2013,7,i07.png,i07_11_1.png,JPEG2000_compression,1,MOS,5.48837,5.48837,-0.712932129,0.712932129,-0.712932129
TID2013,7,i07.png,i07_11_2.png,JPEG2000_compression,2,MOS,4.51111,4.51111,-1.580033017,1.580033017,-1.580033017
TID2013,7,i07.png,i07_11_3.png,JPEG2000_compression,3,MOS,3.43182,3.43182,-2.79459555,2.79459555,-2.79459555
TID2013,7,i07.png,i07_11_4.png,JPEG2000_compression,4,MOS,2.42222,2.42222,-4.166121262,4.166121262,-4.166121262
TID2013,7,i07.png,i07_11_5.png,JPEG2000_compression,5,MOS,0.97727,0.97727,-5.499572692,5.499572692,-5.499572692
TID2013,7,i07.png,i07_12_1.png,JPEG_transmission_errors,1,MOS,5.34091,5.34091,-0.875822796,0.875822796,-0.875822796
TID2013,7,i07.png,i07_12_2.png,JPEG_transmission_errors,2,MOS,4.72727,4.72727,-1.423112765,1.423112765,-1.423112765
TID2013,7,i07.png,i07_12_3.png,JPEG_transmission_errors,3,MOS,3.53333,3.53333,-2.802294725,2.802294725,-2.802294725
TID2013,7,i07.png,i07_12_4.png,JPEG_transmission_errors,4,MOS,2.86364,2.86364,-3.529755323,3.529755323,-3.529755323
TID2013,7,i07.png,i07_12_5.png,JPEG_transmission_errors,5,MOS,2.51111,2.51111,-4.041003435,4.041003435,-4.041003435
TID2013,7,i07.png,i07_13_1.png,JPEG2000_transmission_errors,1,MOS,4.5814,4.5814,-1.571841322,1.571841322,-1.571841322
TID2013,7,i07.png,i07_13_2.png,JPEG2000_transmission_errors,2,MOS,4.06818,4.06818,-2.291993473,2.291993473,-2.291993473
TID2013,7,i07.png,i07_13_3.png,JPEG2000_transmission_errors,3,MOS,3.37209,3.37209,-3.042863026,3.042863026,-3.042863026
TID2013,7,i07.png,i07_13_4.png,JPEG2000_transmission_errors,4,MOS,2.72727,2.72727,-3.898785134,3.898785134,-3.898785134
TID2013,7,i07.png,i07_13_5.png,JPEG2000_transmission_errors,5,MOS,2.51111,2.51111,-4.006183256,4.006183256,-4.006183256
TID2013,7,i07.png,i07_14_1.png,non_eccentricity_pattern_noise,1,MOS,5.79545,5.79545,-0.471056488,0.471056488,-0.471056488
TID2013,7,i07.png,i07_14_2.png,non_eccentricity_pattern_noise,2,MOS,6.15909,6.15909,-0.207262696,0.207262696,-0.207262696
TID2013,7,i07.png,i07_14_3.png,non_eccentricity_pattern_noise,3,MOS,5.70455,5.70455,-0.571116156,0.571116156,-0.571116156
TID2013,7,i07.png,i07_14_4.png,non_eccentricity_pattern_noise,4,MOS,5.22222,5.22222,-0.976263941,0.976263941,-0.976263941
TID2013,7,i07.png,i07_14_5.png,non_eccentricity_pattern_noise,5,MOS,4.20455,4.20455,-1.943417965,1.943417965,-1.943417965
TID2013,7,i07.png,i07_15_1.png,local_block_wise_distortions_of_different_intensity,1,MOS,3.63636,3.63636,-2.424174491,2.424174491,-2.424174491
TID2013,7,i07.png,i07_15_2.png,local_block_wise_distortions_of_different_intensity,2,MOS,3.28889,3.28889,-3.006842505,3.006842505,-3.006842505
TID2013,7,i07.png,i07_15_3.png,local_block_wise_distortions_of_different_intensity,3,MOS,3.04545,3.04545,-3.179230691,3.179230691,-3.179230691
TID2013,7,i07.png,i07_15_4.png,local_block_wise_distortions_of_different_intensity,4,MOS,3.34091,3.34091,-2.857865159,2.857865159,-2.857865159
TID2013,7,i07.png,i07_15_5.png,local_block_wise_distortions_of_different_intensity,5,MOS,3.65116,3.65116,-2.5038253,2.5038253,-2.5038253
TID2013,7,i07.png,i07_16_1.png,intensity_shift,1,MOS,6.20455,6.20455,-0.19489148,0.19489148,-0.19489148
TID2013,7,i07.png,i07_16_2.png,intensity_shift,2,MOS,6.34884,6.34884,-0.267300223,0.267300223,-0.267300223
TID2013,7,i07.png,i07_16_3.png,intensity_shift,3,MOS,5.93333,5.93333,-0.431215619,0.431215619,-0.431215619
TID2013,7,i07.png,i07_16_4.png,intensity_shift,4,MOS,5.35556,5.35556,-0.89788319,0.89788319,-0.89788319
TID2013,7,i07.png,i07_16_5.png,intensity_shift,5,MOS,4.81818,4.81818,-1.265917766,1.265917766,-1.265917766
TID2013,7,i07.png,i07_17_1.png,contrast_change,1,MOS,5.54545,5.54545,-0.711797299,0.711797299,-0.711797299
TID2013,7,i07.png,i07_17_2.png,contrast_change,2,MOS,6.4,6.4,-0.10714283,0.10714283,-0.10714283
TID2013,7,i07.png,i07_17_3.png,contrast_change,3,MOS,4.40476,4.40476,-1.576903733,1.576903733,-1.576903733
TID2013,7,i07.png,i07_17_4.png,contrast_change,4,MOS,6.72727,6.72727,-0.039238023,0.039238023,-0.039238023
TID2013,7,i07.png,i07_17_5.png,contrast_change,5,MOS,3.34091,3.34091,-2.915276966,2.915276966,-2.915276966
TID2013,7,i07.png,i07_18_1.png,change_of_color_saturation,1,MOS,5.38636,5.38636,-0.840377543,0.840377543,-0.840377543
TID2013,7,i07.png,i07_18_2.png,change_of_color_saturation,2,MOS,4.95455,4.95455,-1.332274045,1.332274045,-1.332274045
TID2013,7,i07.png,i07_18_3.png,change_of_color_saturation,3,MOS,4.37778,4.37778,-1.883022919,1.883022919,-1.883022919
TID2013,7,i07.png,i07_18_4.png,change_of_color_saturation,4,MOS,3.86364,3.86364,-2.388291568,2.388291568,-2.388291568
TID2013,7,i07.png,i07_18_5.png,change_of_color_saturation,5,MOS,3.63636,3.63636,-2.574233079,2.574233079,-2.574233079
TID2013,7,i07.png,i07_19_1.png,multiplicative_gaussian_noise,1,MOS,5.86667,5.86667,-0.568700243,0.568700243,-0.568700243
TID2013,7,i07.png,i07_19_2.png,multiplicative_gaussian_noise,2,MOS,5.44444,5.44444,-0.850050704,0.850050704,-0.850050704
TID2013,7,i07.png,i07_19_3.png,multiplicative_gaussian_noise,3,MOS,4.8,4.8,-1.46379744,1.46379744,-1.46379744
TID2013,7,i07.png,i07_19_4.png,multiplicative_gaussian_noise,4,MOS,4.11364,4.11364,-2.163145495,2.163145495,-2.163145495
TID2013,7,i07.png,i07_19_5.png,multiplicative_gaussian_noise,5,MOS,3.70455,3.70455,-2.706186226,2.706186226,-2.706186226
TID2013,7,i07.png,i07_20_1.png,comfort_noise,1,MOS,5.75,5.75,-0.595241235,0.595241235,-0.595241235
TID2013,7,i07.png,i07_20_2.png,comfort_noise,2,MOS,5.42222,5.42222,-0.831107346,0.831107346,-0.831107346
TID2013,7,i07.png,i07_20_3.png,comfort_noise,3,MOS,4.4186,4.4186,-1.694393773,1.694393773,-1.694393773
TID2013,7,i07.png,i07_20_4.png,comfort_noise,4,MOS,3.62222,3.62222,-2.768269373,2.768269373,-2.768269373
TID2013,7,i07.png,i07_20_5.png,comfort_noise,5,MOS,2.93023,2.93023,-3.471626386,3.471626386,-3.471626386
TID2013,7,i07.png,i07_21_1.png,lossy_compression_of_noisy_images,1,MOS,5.66667,5.66667,-0.852057352,0.852057352,-0.852057352
TID2013,7,i07.png,i07_21_2.png,lossy_compression_of_noisy_images,2,MOS,4.95455,4.95455,-1.260659115,1.260659115,-1.260659115
TID2013,7,i07.png,i07_21_3.png,lossy_compression_of_noisy_images,3,MOS,4.11111,4.11111,-2.058939506,2.058939506,-2.058939506
TID2013,7,i07.png,i07_21_4.png,lossy_compression_of_noisy_images,4,MOS,3.38636,3.38636,-3.003749207,3.003749207,-3.003749207
TID2013,7,i07.png,i07_21_5.png,lossy_compression_of_noisy_images,5,MOS,2.32558,2.32558,-3.998062249,3.998062249,-3.998062249
TID2013,7,i07.png,i07_22_1.png,image_color_quantization_with_dither,1,MOS,5.93333,5.93333,-0.459680386,0.459680386,-0.459680386
TID2013,7,i07.png,i07_22_2.png,image_color_quantization_with_dither,2,MOS,5.23256,5.23256,-0.914106091,0.914106091,-0.914106091
TID2013,7,i07.png,i07_22_3.png,image_color_quantization_with_dither,3,MOS,4.65116,4.65116,-1.470434265,1.470434265,-1.470434265
TID2013,7,i07.png,i07_22_4.png,image_color_quantization_with_dither,4,MOS,4.14286,4.14286,-2.305338227,2.305338227,-2.305338227
TID2013,7,i07.png,i07_22_5.png,image_color_quantization_with_dither,5,MOS,2.65909,2.65909,-3.753161793,3.753161793,-3.753161793
TID2013,7,i07.png,i07_23_1.png,chromatic_aberrations,1,MOS,6.02222,6.02222,-0.320938239,0.320938239,-0.320938239
TID2013,7,i07.png,i07_23_2.png,chromatic_aberrations,2,MOS,5.73333,5.73333,-0.674630683,0.674630683,-0.674630683
TID2013,7,i07.png,i07_23_3.png,chromatic_aberrations,3,MOS,5.04444,5.04444,-1.177317178,1.177317178,-1.177317178
TID2013,7,i07.png,i07_23_4.png,chromatic_aberrations,4,MOS,4.2093,4.2093,-1.837042973,1.837042973,-1.837042973
TID2013,7,i07.png,i07_23_5.png,chromatic_aberrations,5,MOS,2.64444,2.64444,-3.714754889,3.714754889,-3.714754889
TID2013,7,i07.png,i07_24_1.png,sparse_sampling_and_reconstruction,1,MOS,5.72093,5.72093,-0.611405737,0.611405737,-0.611405737
TID2013,7,i07.png,i07_24_2.png,sparse_sampling_and_reconstruction,2,MOS,4.93333,4.93333,-1.356896502,1.356896502,-1.356896502
TID2013,7,i07.png,i07_24_3.png,sparse_sampling_and_reconstruction,3,MOS,3.86364,3.86364,-2.510682831,2.510682831,-2.510682831
TID2013,7,i07.png,i07_24_4.png,sparse_sampling_and_reconstruction,4,MOS,2.25,2.25,-4.359692597,4.359692597,-4.359692597
TID2013,7,i07.png,i07_24_5.png,sparse_sampling_and_reconstruction,5,MOS,0.47619,0.47619,-5.682696357,5.682696357,-5.682696357
TID2013,8,i08.png,i08_01_1.png,additive_gaussian_noise,1,MOS,5.54839,5.54839,-0.176546208,0.176546208,-0.176546208
TID2013,8,i08.png,i08_01_2.png,additive_gaussian_noise,2,MOS,4.70968,4.70968,-0.75133182,0.75133182,-0.75133182
TID2013,8,i08.png,i08_01_3.png,additive_gaussian_noise,3,MOS,4.83871,4.83871,-0.612480492,0.612480492,-0.612480492
TID2013,8,i08.png,i08_01_4.png,additive_gaussian_noise,4,MOS,4.1,4.1,-1.195704374,1.195704374,-1.195704374
TID2013,8,i08.png,i08_01_5.png,additive_gaussian_noise,5,MOS,3.54839,3.54839,-1.740074375,1.740074375,-1.740074375
TID2013,8,i08.png,i08_02_1.png,additive_noise_in_color_more_intensive_than_additive_noise_in_the_luminance,1,MOS,5.59375,5.59375,-0.114992548,0.114992548,-0.114992548
TID2013,8,i08.png,i08_02_2.png,additive_noise_in_color_more_intensive_than_additive_noise_in_the_luminance,2,MOS,5.54839,5.54839,-0.214796269,0.214796269,-0.214796269
TID2013,8,i08.png,i08_02_3.png,additive_noise_in_color_more_intensive_than_additive_noise_in_the_luminance,3,MOS,5.40625,5.40625,-0.209133079,0.209133079,-0.209133079
TID2013,8,i08.png,i08_02_4.png,additive_noise_in_color_more_intensive_than_additive_noise_in_the_luminance,4,MOS,5.22581,5.22581,-0.397754591,0.397754591,-0.397754591
TID2013,8,i08.png,i08_02_5.png,additive_noise_in_color_more_intensive_than_additive_noise_in_the_luminance,5,MOS,4.64516,4.64516,-0.967656195,0.967656195,-0.967656195
TID2013,8,i08.png,i08_03_1.png,spatially_correlated_noise,1,MOS,4.64516,4.64516,-0.860237651,0.860237651,-0.860237651
TID2013,8,i08.png,i08_03_2.png,spatially_correlated_noise,2,MOS,4.29032,4.29032,-1.156122393,1.156122393,-1.156122393
TID2013,8,i08.png,i08_03_3.png,spatially_correlated_noise,3,MOS,3.46667,3.46667,-1.862028399,1.862028399,-1.862028399
TID2013,8,i08.png,i08_03_4.png,spatially_correlated_noise,4,MOS,2.96875,2.96875,-2.390624451,2.390624451,-2.390624451
TID2013,8,i08.png,i08_03_5.png,spatially_correlated_noise,5,MOS,2.34375,2.34375,-3.05671689,3.05671689,-3.05671689
TID2013,8,i08.png,i08_04_1.png,masked_noise,1,MOS,6.06452,6.06452,0.294632075,-0.294632075,0.294632075
TID2013,8,i08.png,i08_04_2.png,masked_noise,2,MOS,5.83871,5.83871,-0.081026276,0.081026276,-0.081026276
TID2013,8,i08.png,i08_04_3.png,masked_noise,3,MOS,5.625,5.625,-0.155334624,0.155334624,-0.155334624
TID2013,8,i08.png,i08_04_4.png,masked_noise,4,MOS,5.4375,5.4375,-0.304127295,0.304127295,-0.304127295
TID2013,8,i08.png,i08_04_5.png,masked_noise,5,MOS,4.96774,4.96774,-0.713284107,0.713284107,-0.713284107
TID2013,8,i08.png,i08_05_1.png,high_frequency_noise,1,MOS,5.33333,5.33333,-0.242559662,0.242559662,-0.242559662
TID2013,8,i08.png,i08_05_2.png,high_frequency_noise,2,MOS,5.45161,5.45161,-0.118511821,0.118511821,-0.118511821
TID2013,8,i08.png,i08_05_3.png,high_frequency_noise,3,MOS,4.71875,4.71875,-0.694262591,0.694262591,-0.694262591
TID2013,8,i08.png,i08_05_4.png,high_frequency_noise,4,MOS,3.96774,3.96774,-1.290165608,1.290165608,-1.290165608
TID2013,8,i08.png,i08_05_5.png,high_frequency_noise,5,MOS,3.125,3.125,-2.296476422,2.296476422,-2.296476422
TID2013,8,i08.png,i08_06_1.png,impulse_noise,1,MOS,4.3871,4.3871,-0.985723624,0.985723624,-0.985723624
TID2013,8,i08.png,i08_06_2.png,impulse_noise,2,MOS,4.09375,4.09375,-1.34848474,1.34848474,-1.34848474
TID2013,8,i08.png,i08_06_3.png,impulse_noise,3,MOS,3.93333,3.93333,-1.499106506,1.499106506,-1.499106506
TID2013,8,i08.png,i08_06_4.png,impulse_noise,4,MOS,3.6129,3.6129,-1.86042826,1.86042826,-1.86042826
TID2013,8,i08.png,i08_06_5.png,impulse_noise,5,MOS,3.06452,3.06452,-2.260461119,2.260461119,-2.260461119
TID2013,8,i08.png,i08_07_1.png,quantization_noise,1,MOS,5.5,5.5,-0.231501469,0.231501469,-0.231501469
TID2013,8,i08.png,i08_07_2.png,quantization_noise,2,MOS,4.64516,4.64516,-0.741238726,0.741238726,-0.741238726
TID2013,8,i08.png,i08_07_3.png,quantization_noise,3,MOS,4.16667,4.16667,-1.261619639,1.261619639,-1.261619639
TID2013,8,i08.png,i08_07_4.png,quantization_noise,4,MOS,3.45161,3.45161,-1.907132348,1.907132348,-1.907132348
TID2013,8,i08.png,i08_07_5.png,quantization_noise,5,MOS,2.3871,2.3871,-2.891192741,2.891192741,-2.891192741
TID2013,8,i08.png,i08_08_1.png,gaussian_blur,1,MOS,5.21875,5.21875,-0.381474964,0.381474964,-0.381474964
TID2013,8,i08.png,i08_08_2.png,gaussian_blur,2,MOS,4.59375,4.59375,-0.906871415,0.906871415,-0.906871415
TID2013,8,i08.png,i08_08_3.png,gaussian_blur,3,MOS,3.90323,3.90323,-1.617198606,1.617198606,-1.617198606
TID2013,8,i08.png,i08_08_4.png,gaussian_blur,4,MOS,2.87097,2.87097,-2.667224726,2.667224726,-2.667224726
TID2013,8,i08.png,i08_08_5.png,gaussian_blur,5,MOS,1.96774,1.96774,-3.303782747,3.303782747,-3.303782747
TID2013,8,i08.png,i08_09_1.png,image_denoising,1,MOS,5.70968,5.70968,0.087476997,-0.087476997,0.087476997
TID2013,8,i08.png,i08_09_2.png,image_denoising,2,MOS,5.875,5.875,-0.008173451,0.008173451,-0.008173451
TID2013,8,i08.png,i08_09_3.png,image_denoising,3,MOS,5.03125,5.03125,-0.607728536,0.607728536,-0.607728536
TID2013,8,i08.png,i08_09_4.png,image_denoising,4,MOS,3.5,3.5,-1.964696545,1.964696545,-1.964696545
TID2013,8,i08.png,i08_09_5.png,image_denoising,5,MOS,1.75,1.75,-3.633986104,3.633986104,-3.633986104
TID2013,8,i08.png,i08_10_1.png,JPEG_compression,1,MOS,5.96774,5.96774,0.048134748,-0.048134748,0.048134748
TID2013,8,i08.png,i08_10_2.png,JPEG_compression,2,MOS,5.59375,5.59375,-0.15745561,0.15745561,-0.15745561
TID2013,8,i08.png,i08_10_3.png,JPEG_compression,3,MOS,4.6875,4.6875,-0.737170726,0.737170726,-0.737170726
TID2013,8,i08.png,i08_10_4.png,JPEG_compression,4,MOS,3.21875,3.21875,-1.985109188,1.985109188,-1.985109188
TID2013,8,i08.png,i08_10_5.png,JPEG_compression,5,MOS,1.34375,1.34375,-3.931334262,3.931334262,-3.931334262
TID2013,8,i08.png,i08_11_1.png,JPEG2000_compression,1,MOS,6.0,6.0,0.04562737,-0.04562737,0.04562737
TID2013,8,i08.png,i08_11_2.png,JPEG2000_compression,2,MOS,5.25,5.25,-0.366462811,0.366462811,-0.366462811
TID2013,8,i08.png,i08_11_3.png,JPEG2000_compression,3,MOS,4.56667,4.56667,-0.800617102,0.800617102,-0.800617102
TID2013,8,i08.png,i08_11_4.png,JPEG2000_compression,4,MOS,4.19355,4.19355,-1.374912083,1.374912083,-1.374912083
TID2013,8,i08.png,i08_11_5.png,JPEG2000_compression,5,MOS,2.26667,2.26667,-3.154217441,3.154217441,-3.154217441
TID2013,8,i08.png,i08_12_1.png,JPEG_transmission_errors,1,MOS,6.19355,6.19355,0.191453999,-0.191453999,0.191453999
TID2013,8,i08.png,i08_12_2.png,JPEG_transmission_errors,2,MOS,5.74194,5.74194,0.02028525,-0.02028525,0.02028525
TID2013,8,i08.png,i08_12_3.png,JPEG_transmission_errors,3,MOS,5.5,5.5,-0.22066103,0.22066103,-0.22066103
TID2013,8,i08.png,i08_12_4.png,JPEG_transmission_errors,4,MOS,4.8125,4.8125,-0.667524139,0.667524139,-0.667524139
TID2013,8,i08.png,i08_12_5.png,JPEG_transmission_errors,5,MOS,4.25,4.25,-1.136985958,1.136985958,-1.136985958
TID2013,8,i08.png,i08_13_1.png,JPEG2000_transmission_errors,1,MOS,5.78125,5.78125,-0.083926139,0.083926139,-0.083926139
TID2013,8,i08.png,i08_13_2.png,JPEG2000_transmission_errors,2,MOS,3.26667,3.26667,-2.02477012,2.02477012,-2.02477012
TID2013,8,i08.png,i08_13_3.png,JPEG2000_transmission_errors,3,MOS,4.3871,4.3871,-0.977454316,0.977454316,-0.977454316
TID2013,8,i08.png,i08_13_4.png,JPEG2000_transmission_errors,4,MOS,2.73333,2.73333,-2.560427745,2.560427745,-2.560427745
TID2013,8,i08.png,i08_13_5.png,JPEG2000_transmission_errors,5,MOS,2.125,2.125,-3.233940622,3.233940622,-3.233940622
TID2013,8,i08.png,i08_14_1.png,non_eccentricity_pattern_noise,1,MOS,5.65625,5.65625,-0.096169795,0.096169795,-0.096169795
TID2013,8,i08.png,i08_14_2.png,non_eccentricity_pattern_noise,2,MOS,5.4375,5.4375,-0.183626982,0.183626982,-0.183626982
TID2013,8,i08.png,i08_14_3.png,non_eccentricity_pattern_noise,3,MOS,4.87097,4.87097,-0.569473516,0.569473516,-0.569473516
TID2013,8,i08.png,i08_14_4.png,non_eccentricity_pattern_noise,4,MOS,4.75,4.75,-0.811515328,0.811515328,-0.811515328
TID2013,8,i08.png,i08_14_5.png,non_eccentricity_pattern_noise,5,MOS,4.0,4.0,-1.389432846,1.389432846,-1.389432846
TID2013,8,i08.png,i08_15_1.png,local_block_wise_distortions_of_different_intensity,1,MOS,3.77419,3.77419,-1.716103633,1.716103633,-1.716103633
TID2013,8,i08.png,i08_15_2.png,local_block_wise_distortions_of_different_intensity,2,MOS,2.93548,2.93548,-2.25108146,2.25108146,-2.25108146
TID2013,8,i08.png,i08_15_3.png,local_block_wise_distortions_of_different_intensity,3,MOS,3.28125,3.28125,-2.204490894,2.204490894,-2.204490894
TID2013,8,i08.png,i08_15_4.png,local_block_wise_distortions_of_different_intensity,4,MOS,3.6875,3.6875,-1.788026525,1.788026525,-1.788026525
TID2013,8,i08.png,i08_15_5.png,local_block_wise_distortions_of_different_intensity,5,MOS,3.51613,3.51613,-1.763067243,1.763067243,-1.763067243
TID2013,8,i08.png,i08_16_1.png,intensity_shift,1,MOS,6.0625,6.0625,0.223434691,-0.223434691,0.223434691
TID2013,8,i08.png,i08_16_2.png,intensity_shift,2,MOS,5.75,5.75,-0.050498913,0.050498913,-0.050498913
TID2013,8,i08.png,i08_16_3.png,intensity_shift,3,MOS,5.87097,5.87097,-0.05894883,0.05894883,-0.05894883
TID2013,8,i08.png,i08_16_4.png,intensity_shift,4,MOS,4.90323,4.90323,-0.571559731,0.571559731,-0.571559731
TID2013,8,i08.png,i08_16_5.png,intensity_shift,5,MOS,4.56667,4.56667,-0.797687046,0.797687046,-0.797687046
TID2013,8,i08.png,i08_17_1.png,contrast_change,1,MOS,5.40625,5.40625,-0.201500544,0.201500544,-0.201500544
TID2013,8,i08.png,i08_17_2.png,contrast_change,2,MOS,5.58065,5.58065,-0.034781903,0.034781903,-0.034781903
TID2013,8,i08.png,i08_17_3.png,contrast_change,3,MOS,4.1875,4.1875,-1.110672819,1.110672819,-1.110672819
TID2013,8,i08.png,i08_17_4.png,contrast_change,4,MOS,5.06452,5.06452,-0.487095651,0.487095651,-0.487095651
TID2013,8,i08.png,i08_17_5.png,contrast_change,5,MOS,3.25806,3.25806,-2.087809172,2.087809172,-2.087809172
TID2013,8,i08.png,i08_18_1.png,change_of_color_saturation,1,MOS,4.25,4.25,-0.987634456,0.987634456,-0.987634456
TID2013,8,i08.png,i08_18_2.png,change_of_color_saturation,2,MOS,3.74194,3.74194,-1.712454775,1.712454775,-1.712454775
TID2013,8,i08.png,i08_18_3.png,change_of_color_saturation,3,MOS,2.9375,2.9375,-2.437361394,2.437361394,-2.437361394
TID2013,8,i08.png,i08_18_4.png,change_of_color_saturation,4,MOS,2.84375,2.84375,-2.42674071,2.42674071,-2.42674071
TID2013,8,i08.png,i08_18_5.png,change_of_color_saturation,5,MOS,2.87097,2.87097,-2.349773057,2.349773057,-2.349773057
TID2013,8,i08.png,i08_19_1.png,multiplicative_gaussian_noise,1,MOS,5.3871,5.3871,-0.21760816,0.21760816,-0.21760816
TID2013,8,i08.png,i08_19_2.png,multiplicative_gaussian_noise,2,MOS,4.93548,4.93548,-0.608076892,0.608076892,-0.608076892
TID2013,8,i08.png,i08_19_3.png,multiplicative_gaussian_noise,3,MOS,4.6875,4.6875,-0.778645802,0.778645802,-0.778645802
TID2013,8,i08.png,i08_19_4.png,multiplicative_gaussian_noise,4,MOS,4.03226,4.03226,-1.210494719,1.210494719,-1.210494719
TID2013,8,i08.png,i08_19_5.png,multiplicative_gaussian_noise,5,MOS,3.59375,3.59375,-1.89780449,1.89780449,-1.89780449
TID2013,8,i08.png,i08_20_1.png,comfort_noise,1,MOS,5.87097,5.87097,0.151843137,-0.151843137,0.151843137
TID2013,8,i08.png,i08_20_2.png,comfort_noise,2,MOS,5.96774,5.96774,0.041496928,-0.041496928,0.041496928
TID2013,8,i08.png,i08_20_3.png,comfort_noise,3,MOS,5.26667,5.26667,-0.271077264,0.271077264,-0.271077264
TID2013,8,i08.png,i08_20_4.png,comfort_noise,4,MOS,4.625,4.625,-0.851547493,0.851547493,-0.851547493
TID2013,8,i08.png,i08_20_5.png,comfort_noise,5,MOS,3.8125,3.8125,-1.4734828,1.4734828,-1.4734828
TID2013,8,i08.png,i08_21_1.png,lossy_compression_of_noisy_images,1,MOS,5.6875,5.6875,-0.070740387,0.070740387,-0.070740387
TID2013,8,i08.png,i08_21_2.png,lossy_compression_of_noisy_images,2,MOS,4.93548,4.93548,-0.682632011,0.682632011,-0.682632011
TID2013,8,i08.png,i08_21_3.png,lossy_compression_of_noisy_images,3,MOS,4.29032,4.29032,-1.009215427,1.009215427,-1.009215427
TID2013,8,i08.png,i08_21_4.png,lossy_compression_of_noisy_images,4,MOS,3.80645,3.80645,-1.563216327,1.563216327,-1.563216327
TID2013,8,i08.png,i08_21_5.png,lossy_compression_of_noisy_images,5,MOS,2.67742,2.67742,-2.522807638,2.522807638,-2.522807638
TID2013,8,i08.png,i08_22_1.png,image_color_quantization_with_dither,1,MOS,5.6129,5.6129,-0.150433548,0.150433548,-0.150433548
TID2013,8,i08.png,i08_22_2.png,image_color_quantization_with_dither,2,MOS,5.45161,5.45161,-0.301669524,0.301669524,-0.301669524
TID2013,8,i08.png,i08_22_3.png,image_color_quantization_with_dither,3,MOS,4.16129,4.16129,-1.109972716,1.109972716,-1.109972716
TID2013,8,i08.png,i08_22_4.png,image_color_quantization_with_dither,4,MOS,3.0625,3.0625,-2.261439079,2.261439079,-2.261439079
TID2013,8,i08.png,i08_22_5.png,image_color_quantization_with_dither,5,MOS,2.375,2.375,-3.096362803,3.096362803,-3.096362803
TID2013,8,i08.png,i08_23_1.png,chromatic_aberrations,1,MOS,6.03226,6.03226,0.08352354,-0.08352354,0.08352354
TID2013,8,i08.png,i08_23_2.png,chromatic_aberrations,2,MOS,6.16129,6.16129,0.084312979,-0.084312979,0.084312979
TID2013,8,i08.png,i08_23_3.png,chromatic_aberrations,3,MOS,5.67742,5.67742,0.026097622,-0.026097622,0.026097622
TID2013,8,i08.png,i08_23_4.png,chromatic_aberrations,4,MOS,5.5,5.5,-0.24554508,0.24554508,-0.24554508
TID2013,8,i08.png,i08_23_5.png,chromatic_aberrations,5,MOS,5.4375,5.4375,-0.240107099,0.240107099,-0.240107099
TID2013,8,i08.png,i08_24_1.png,sparse_sampling_and_reconstruction,1,MOS,5.93548,5.93548,0.065955377,-0.065955377,0.065955377
TID2013,8,i08.png,i08_24_2.png,sparse_sampling_and_reconstruction,2,MOS,5.78125,5.78125,-0.078438198,0.078438198,-0.078438198
TID2013,8,i08.png,i08_24_3.png,sparse_sampling_and_reconstruction,3,MOS,5.29032,5.29032,-0.296332086,0.296332086,-0.296332086
TID2013,8,i08.png,i08_24_4.png,sparse_sampling_and_reconstruction,4,MOS,3.96774,3.96774,-1.424277564,1.424277564,-1.424277564
TID2013,8,i08.png,i08_24_5.png,sparse_sampling_and_reconstruction,5,MOS,2.625,2.625,-2.726019268,2.726019268,-2.726019268
TID2013,9,i09.png,i09_01_1.png,additive_gaussian_noise,1,MOS,5.36364,5.36364,-0.717043631,0.717043631,-0.717043631
TID2013,9,i09.png,i09_01_2.png,additive_gaussian_noise,2,MOS,5.0,5.0,-0.969360981,0.969360981,-0.969360981
TID2013,9,i09.png,i09_01_3.png,additive_gaussian_noise,3,MOS,4.54545,4.54545,-1.461360045,1.461360045,-1.461360045
TID2013,9,i09.png,i09_01_4.png,additive_gaussian_noise,4,MOS,4.03226,4.03226,-2.067374849,2.067374849,-2.067374849
TID2013,9,i09.png,i09_01_5.png,additive_gaussian_noise,5,MOS,3.63636,3.63636,-2.568339795,2.568339795,-2.568339795
TID2013,9,i09.png,i09_02_1.png,additive_noise_in_color_more_intensive_than_additive_noise_in_the_luminance,1,MOS,5.87879,5.87879,-0.277730883,0.277730883,-0.277730883
TID2013,9,i09.png,i09_02_2.png,additive_noise_in_color_more_intensive_than_additive_noise_in_the_luminance,2,MOS,6.0303,6.0303,-0.206214577,0.206214577,-0.206214577
TID2013,9,i09.png,i09_02_3.png,additive_noise_in_color_more_intensive_than_additive_noise_in_the_luminance,3,MOS,5.5625,5.5625,-0.520650946,0.520650946,-0.520650946
TID2013,9,i09.png,i09_02_4.png,additive_noise_in_color_more_intensive_than_additive_noise_in_the_luminance,4,MOS,4.875,4.875,-1.130555465,1.130555465,-1.130555465
TID2013,9,i09.png,i09_02_5.png,additive_noise_in_color_more_intensive_than_additive_noise_in_the_luminance,5,MOS,4.54545,4.54545,-1.594038619,1.594038619,-1.594038619
TID2013,9,i09.png,i09_03_1.png,spatially_correlated_noise,1,MOS,4.60606,4.60606,-1.557421289,1.557421289,-1.557421289
TID2013,9,i09.png,i09_03_2.png,spatially_correlated_noise,2,MOS,4.09375,4.09375,-2.106683723,2.106683723,-2.106683723
TID2013,9,i09.png,i09_03_3.png,spatially_correlated_noise,3,MOS,3.69697,3.69697,-2.621825243,2.621825243,-2.621825243
TID2013,9,i09.png,i09_03_4.png,spatially_correlated_noise,4,MOS,3.25,3.25,-3.332872518,3.332872518,-3.332872518
TID2013,9,i09.png,i09_03_5.png,spatially_correlated_noise,5,MOS,2.87879,2.87879,-3.671948127,3.671948127,-3.671948127
TID2013,9,i09.png,i09_04_1.png,masked_noise,1,MOS,5.74194,5.74194,-0.308420971,0.308420971,-0.308420971
TID2013,9,i09.png,i09_04_2.png,masked_noise,2,MOS,5.59375,5.59375,-0.584194949,0.584194949,-0.584194949
TID2013,9,i09.png,i09_04_3.png,masked_noise,3,MOS,5.3871,5.3871,-0.669653395,0.669653395,-0.669653395
TID2013,9,i09.png,i09_04_4.png,masked_noise,4,MOS,4.67742,4.67742,-1.260082071,1.260082071,-1.260082071
TID2013,9,i09.png,i09_04_5.png,masked_noise,5,MOS,4.27273,4.27273,-1.89035681,1.89035681,-1.89035681
TID2013,9,i09.png,i09_05_1.png,high_frequency_noise,1,MOS,5.93548,5.93548,-0.213475449,0.213475449,-0.213475449
TID2013,9,i09.png,i09_05_2.png,high_frequency_noise,2,MOS,5.5,5.5,-0.550264423,0.550264423,-0.550264423
TID2013,9,i09.png,i09_05_3.png,high_frequency_noise,3,MOS,4.96875,4.96875,-1.03971418,1.03971418,-1.03971418
TID2013,9,i09.png,i09_05_4.png,high_frequency_noise,4,MOS,4.09091,4.09091,-1.993926852,1.993926852,-1.993926852
TID2013,9,i09.png,i09_05_5.png,high_frequency_noise,5,MOS,3.59375,3.59375,-2.917628985,2.917628985,-2.917628985
TID2013,9,i09.png,i09_06_1.png,impulse_noise,1,MOS,5.21875,5.21875,-1.068992451,1.068992451,-1.068992451
TID2013,9,i09.png,i09_06_2.png,impulse_noise,2,MOS,4.3125,4.3125,-1.717913652,1.717913652,-1.717913652
TID2013,9,i09.png,i09_06_3.png,impulse_noise,3,MOS,4.16129,4.16129,-1.937835588,1.937835588,-1.937835588
TID2013,9,i09.png,i09_06_4.png,impulse_noise,4,MOS,3.8125,3.8125,-2.452904354,2.452904354,-2.452904354
TID2013,9,i09.png,i09_06_5.png,impulse_noise,5,MOS,3.34375,3.34375,-3.063351187,3.063351187,-3.063351187
TID2013,9,i09.png,i09_07_1.png,quantization_noise,1,MOS,4.87879,4.87879,-1.084286157,1.084286157,-1.084286157
TID2013,9,i09.png,i09_07_2.png,quantization_noise,2,MOS,4.75,4.75,-1.481087745,1.481087745,-1.481087745
TID2013,9,i09.png,i09_07_3.png,quantization_noise,3,MOS,4.12903,4.12903,-1.932951497,1.932951497,-1.932951497
TID2013,9,i09.png,i09_07_4.png,quantization_noise,4,MOS,3.66667,3.66667,-2.700335693,2.700335693,-2.700335693
TID2013,9,i09.png,i09_07_5.png,quantization_noise,5,MOS,2.70968,2.70968,-3.624080443,3.624080443,-3.624080443
TID2013,9,i09.png,i09_08_1.png,gaussian_blur,1,MOS,5.875,5.875,-0.108152966,0.108152966,-0.108152966
TID2013,9,i09.png,i09_08_2.png,gaussian_blur,2,MOS,5.24242,5.24242,-0.830797099,0.830797099,-0.830797099
TID2013,9,i09.png,i09_08_3.png,gaussian_blur,3,MOS,4.34375,4.34375,-1.621595888,1.621595888,-1.621595888
TID2013,9,i09.png,i09_08_4.png,gaussian_blur,4,MOS,3.48485,3.48485,-2.8936663,2.8936663,-2.8936663
TID2013,9,i09.png,i09_08_5.png,gaussian_blur,5,MOS,2.375,2.375,-4.065849796,4.065849796,-4.065849796
TID2013,9,i09.png,i09_09_1.png,image_denoising,1,MOS,6.54545,6.54545,0.153499991,-0.153499991,0.153499991
TID2013,9,i09.png,i09_09_2.png,image_denoising,2,MOS,6.09091,6.09091,-0.094861824,0.094861824,-0.094861824
TID2013,9,i09.png,i09_09_3.png,image_denoising,3,MOS,5.15152,5.15152,-0.837415899,0.837415899,-0.837415899
TID2013,9,i09.png,i09_09_4.png,image_denoising,4,MOS,3.90625,3.90625,-2.298532081,2.298532081,-2.298532081
TID2013,9,i09.png,i09_09_5.png,image_denoising,5,MOS,2.51515,2.51515,-4.240009285,4.240009285,-4.240009285
TID2013,9,i09.png,i09_10_1.png,JPEG_compression,1,MOS,6.0,6.0,-0.092299154,0.092299154,-0.092299154
TID2013,9,i09.png,i09_10_2.png,JPEG_compression,2,MOS,5.65625,5.65625,-0.449366554,0.449366554,-0.449366554
TID2013,9,i09.png,i09_10_3.png,JPEG_compression,3,MOS,4.90625,4.90625,-1.123197904,1.123197904,-1.123197904
TID2013,9,i09.png,i09_10_4.png,JPEG_compression,4,MOS,3.19355,3.19355,-3.02836391,3.02836391,-3.02836391
TID2013,9,i09.png,i09_10_5.png,JPEG_compression,5,MOS,2.34375,2.34375,-4.39800349,4.39800349,-4.39800349
TID2013,9,i09.png,i09_11_1.png,JPEG2000_compression,1,MOS,5.90625,5.90625,-0.203935319,0.203935319,-0.203935319
TID2013,9,i09.png,i09_11_2.png,JPEG2000_compression,2,MOS,5.15625,5.15625,-0.919755131,0.919755131,-0.919755131
TID2013,9,i09.png,i09_11_3.png,JPEG2000_compression,3,MOS,3.96875,3.96875,-2.32401488,2.32401488,-2.32401488
TID2013,9,i09.png,i09_11_4.png,JPEG2000_compression,4,MOS,2.40625,2.40625,-4.247233001,4.247233001,-4.247233001
TID2013,9,i09.png,i09_11_5.png,JPEG2000_compression,5,MOS,0.87879,0.87879,-6.605871407,6.605871407,-6.605871407
TID2013,9,i09.png,i09_12_1.png,JPEG_transmission_errors,1,MOS,6.06061,6.06061,-0.172915753,0.172915753,-0.172915753
TID2013,9,i09.png,i09_12_2.png,JPEG_transmission_errors,2,MOS,5.90625,5.90625,-0.238428086,0.238428086,-0.238428086
TID2013,9,i09.png,i09_12_3.png,JPEG_transmission_errors,3,MOS,4.90625,4.90625,-1.242730028,1.242730028,-1.242730028
TID2013,9,i09.png,i09_12_4.png,JPEG_transmission_errors,4,MOS,2.96875,2.96875,-3.55374633,3.55374633,-3.55374633
TID2013,9,i09.png,i09_12_5.png,JPEG_transmission_errors,5,MOS,2.84375,2.84375,-3.854261867,3.854261867,-3.854261867
TID2013,9,i09.png,i09_13_1.png,JPEG2000_transmission_errors,1,MOS,4.51515,4.51515,-1.542724181,1.542724181,-1.542724181
TID2013,9,i09.png,i09_13_2.png,JPEG2000_transmission_errors,2,MOS,3.77419,3.77419,-2.686732714,2.686732714,-2.686732714
TID2013,9,i09.png,i09_13_3.png,JPEG2000_transmission_errors,3,MOS,3.33333,3.33333,-3.274871422,3.274871422,-3.274871422
TID2013,9,i09.png,i09_13_4.png,JPEG2000_transmission_errors,4,MOS,2.81818,2.81818,-3.681296567,3.681296567,-3.681296567
TID2013,9,i09.png,i09_13_5.png,JPEG2000_transmission_errors,5,MOS,2.87879,2.87879,-3.61440585,3.61440585,-3.61440585
TID2013,9,i09.png,i09_14_1.png,non_eccentricity_pattern_noise,1,MOS,5.84375,5.84375,-0.311329528,0.311329528,-0.311329528
TID2013,9,i09.png,i09_14_2.png,non_eccentricity_pattern_noise,2,MOS,5.48485,5.48485,-0.527165232,0.527165232,-0.527165232
TID2013,9,i09.png,i09_14_3.png,non_eccentricity_pattern_noise,3,MOS,6.28125,6.28125,0.004800743,-0.004800743,0.004800743
TID2013,9,i09.png,i09_14_4.png,non_eccentricity_pattern_noise,4,MOS,4.4375,4.4375,-1.598883306,1.598883306,-1.598883306
TID2013,9,i09.png,i09_14_5.png,non_eccentricity_pattern_noise,5,MOS,3.3125,3.3125,-2.965324704,2.965324704,-2.965324704
TID2013,9,i09.png,i09_15_1.png,local_block_wise_distortions_of_different_intensity,1,MOS,2.90909,2.90909,-3.452581243,3.452581243,-3.452581243
TID2013,9,i09.png,i09_15_2.png,local_block_wise_distortions_of_different_intensity,2,MOS,3.06061,3.06061,-3.204602587,3.204602587,-3.204602587
TID2013,9,i09.png,i09_15_3.png,local_block_wise_distortions_of_different_intensity,3,MOS,3.25,3.25,-2.988848288,2.988848288,-2.988848288
TID2013,9,i09.png,i09_15_4.png,local_block_wise_distortions_of_different_intensity,4,MOS,3.59375,3.59375,-2.66460734,2.66460734,-2.66460734
TID2013,9,i09.png,i09_15_5.png,local_block_wise_distortions_of_different_intensity,5,MOS,5.84848,5.84848,-0.258280731,0.258280731,-0.258280731
TID2013,9,i09.png,i09_16_1.png,intensity_shift,1,MOS,6.06061,6.06061,-0.169450285,0.169450285,-0.169450285
TID2013,9,i09.png,i09_16_2.png,intensity_shift,2,MOS,6.30303,6.30303,-0.006704087,0.006704087,-0.006704087
TID2013,9,i09.png,i09_16_3.png,intensity_shift,3,MOS,5.75,5.75,-0.408654446,0.408654446,-0.408654446
TID2013,9,i09.png,i09_16_4.png,intensity_shift,4,MOS,5.90323,5.90323,-0.247723369,0.247723369,-0.247723369
TID2013,9,i09.png,i09_16_5.png,intensity_shift,5,MOS,4.66667,4.66667,-1.396055664,1.396055664,-1.396055664
TID2013,9,i09.png,i09_17_1.png,contrast_change,1,MOS,5.8125,5.8125,-0.361679325,0.361679325,-0.361679325
TID2013,9,i09.png,i09_17_2.png,contrast_change,2,MOS,6.78788,6.78788,0.463693855,-0.463693855,0.463693855
TID2013,9,i09.png,i09_17_3.png,contrast_change,3,MOS,4.78125,4.78125,-1.26568563,1.26568563,-1.26568563
TID2013,9,i09.png,i09_17_4.png,contrast_change,4,MOS,6.36364,6.36364,-0.093742705,0.093742705,-0.093742705
TID2013,9,i09.png,i09_17_5.png,contrast_change,5,MOS,3.60606,3.60606,-2.671471758,2.671471758,-2.671471758
TID2013,9,i09.png,i09_18_1.png,change_of_color_saturation,1,MOS,4.81818,4.81818,-1.201670853,1.201670853,-1.201670853
TID2013,9,i09.png,i09_18_2.png,change_of_color_saturation,2,MOS,4.30303,4.30303,-1.758104557,1.758104557,-1.758104557
TID2013,9,i09.png,i09_18_3.png,change_of_color_saturation,3,MOS,4.06452,4.06452,-2.156770053,2.156770053,-2.156770053
TID2013,9,i09.png,i09_18_4.png,change_of_color_saturation,4,MOS,3.3125,3.3125,-2.823092395,2.823092395,-2.823092395
TID2013,9,i09.png,i09_18_5.png,change_of_color_saturation,5,MOS,3.15625,3.15625,-3.196550314,3.196550314,-3.196550314
TID2013,9,i09.png,i09_19_1.png,multiplicative_gaussian_noise,1,MOS,5.5,5.5,-0.570974714,0.570974714,-0.570974714
TID2013,9,i09.png,i09_19_2.png,multiplicative_gaussian_noise,2,MOS,4.67742,4.67742,-1.246402399,1.246402399,-1.246402399
TID2013,9,i09.png,i09_19_3.png,multiplicative_gaussian_noise,3,MOS,4.51613,4.51613,-1.563699551,1.563699551,-1.563699551
TID2013,9,i09.png,i09_19_4.png,multiplicative_gaussian_noise,4,MOS,4.0625,4.0625,-2.25004403,2.25004403,-2.25004403
TID2013,9,i09.png,i09_19_5.png,multiplicative_gaussian_noise,5,MOS,3.48485,3.48485,-2.751642007,2.751642007,-2.751642007
TID2013,9,i09.png,i09_20_1.png,comfort_noise,1,MOS,5.8125,5.8125,-0.260230038,0.260230038,-0.260230038
TID2013,9,i09.png,i09_20_2.png,comfort_noise,2,MOS,5.66667,5.66667,-0.427178177,0.427178177,-0.427178177
TID2013,9,i09.png,i09_20_3.png,comfort_noise,3,MOS,4.5,4.5,-1.329852656,1.329852656,-1.329852656
TID2013,9,i09.png,i09_20_4.png,comfort_noise,4,MOS,3.90909,3.90909,-2.283699088,2.283699088,-2.283699088
TID2013,9,i09.png,i09_20_5.png,comfort_noise,5,MOS,2.90909,2.90909,-3.601802637,3.601802637,-3.601802637
TID2013,9,i09.png,i09_21_1.png,lossy_compression_of_noisy_images,1,MOS,5.27273,5.27273,-0.649922795,0.649922795,-0.649922795
TID2013,9,i09.png,i09_21_2.png,lossy_compression_of_noisy_images,2,MOS,4.8125,4.8125,-1.213240686,1.213240686,-1.213240686
TID2013,9,i09.png,i09_21_3.png,lossy_compression_of_noisy_images,3,MOS,4.25,4.25,-1.929207697,1.929207697,-1.929207697
TID2013,9,i09.png,i09_21_4.png,lossy_compression_of_noisy_images,4,MOS,3.5,3.5,-2.801363644,2.801363644,-2.801363644
TID2013,9,i09.png,i09_21_5.png,lossy_compression_of_noisy_images,5,MOS,2.16129,2.16129,-4.800727776,4.800727776,-4.800727776
TID2013,9,i09.png,i09_22_1.png,image_color_quantization_with_dither,1,MOS,5.71875,5.71875,-0.321646841,0.321646841,-0.321646841
TID2013,9,i09.png,i09_22_2.png,image_color_quantization_with_dither,2,MOS,5.78788,5.78788,-0.431291521,0.431291521,-0.431291521
TID2013,9,i09.png,i09_22_3.png,image_color_quantization_with_dither,3,MOS,5.5,5.5,-0.752499737,0.752499737,-0.752499737
TID2013,9,i09.png,i09_22_4.png,image_color_quantization_with_dither,4,MOS,4.09375,4.09375,-1.983227228,1.983227228,-1.983227228
TID2013,9,i09.png,i09_22_5.png,image_color_quantization_with_dither,5,MOS,2.71875,2.71875,-3.717326139,3.717326139,-3.717326139
TID2013,9,i09.png,i09_23_1.png,chromatic_aberrations,1,MOS,6.25,6.25,-0.000643518,0.000643518,-0.000643518
TID2013,9,i09.png,i09_23_2.png,chromatic_aberrations,2,MOS,6.28125,6.28125,-0.089035408,0.089035408,-0.089035408
TID2013,9,i09.png,i09_23_3.png,chromatic_aberrations,3,MOS,6.0303,6.0303,-0.211319906,0.211319906,-0.211319906
TID2013,9,i09.png,i09_23_4.png,chromatic_aberrations,4,MOS,4.8125,4.8125,-1.10409982,1.10409982,-1.10409982
TID2013,9,i09.png,i09_23_5.png,chromatic_aberrations,5,MOS,2.875,2.875,-3.474812365,3.474812365,-3.474812365
TID2013,9,i09.png,i09_24_1.png,sparse_sampling_and_reconstruction,1,MOS,5.75,5.75,-0.305809331,0.305809331,-0.305809331
TID2013,9,i09.png,i09_24_2.png,sparse_sampling_and_reconstruction,2,MOS,5.09375,5.09375,-0.941428344,0.941428344,-0.941428344
TID2013,9,i09.png,i09_24_3.png,sparse_sampling_and_reconstruction,3,MOS,3.75,3.75,-2.301458618,2.301458618,-2.301458618
TID2013,9,i09.png,i09_24_4.png,sparse_sampling_and_reconstruction,4,MOS,2.0303,2.0303,-5.003070386,5.003070386,-5.003070386
TID2013,9,i09.png,i09_24_5.png,sparse_sampling_and_reconstruction,5,MOS,0.24242,0.24242,-7.163154383,7.163154383,-7.163154383
TID2013,10,i10.png,i10_01_1.png,additive_gaussian_noise,1,MOS,5.71795,5.71795,-0.80944361,0.80944361,-0.80944361
TID2013,10,i10.png,i10_01_2.png,additive_gaussian_noise,2,MOS,5.43243,5.43243,-1.092266523,1.092266523,-1.092266523
TID2013,10,i10.png,i10_01_3.png,additive_gaussian_noise,3,MOS,4.74359,4.74359,-1.610617382,1.610617382,-1.610617382
TID2013,10,i10.png,i10_01_4.png,additive_gaussian_noise,4,MOS,4.53846,4.53846,-1.931459199,1.931459199,-1.931459199
TID2013,10,i10.png,i10_01_5.png,additive_gaussian_noise,5,MOS,3.81579,3.81579,-2.512576062,2.512576062,-2.512576062
TID2013,10,i10.png,i10_02_1.png,additive_noise_in_color_more_intensive_than_additive_noise_in_the_luminance,1,MOS,6.05405,6.05405,-0.463533044,0.463533044,-0.463533044
TID2013,10,i10.png,i10_02_2.png,additive_noise_in_color_more_intensive_than_additive_noise_in_the_luminance,2,MOS,5.83784,5.83784,-0.644276233,0.644276233,-0.644276233
TID2013,10,i10.png,i10_02_3.png,additive_noise_in_color_more_intensive_than_additive_noise_in_the_luminance,3,MOS,5.76923,5.76923,-0.853201341,0.853201341,-0.853201341
TID2013,10,i10.png,i10_02_4.png,additive_noise_in_color_more_intensive_than_additive_noise_in_the_luminance,4,MOS,5.52632,5.52632,-0.968943596,0.968943596,-0.968943596
TID2013,10,i10.png,i10_02_5.png,additive_noise_in_color_more_intensive_than_additive_noise_in_the_luminance,5,MOS,4.72973,4.72973,-1.637363923,1.637363923,-1.637363923
TID2013,10,i10.png,i10_03_1.png,spatially_correlated_noise,1,MOS,5.05405,5.05405,-1.527332766,1.527332766,-1.527332766
TID2013,10,i10.png,i10_03_2.png,spatially_correlated_noise,2,MOS,4.36111,4.36111,-1.919773914,1.919773914,-1.919773914
TID2013,10,i10.png,i10_03_3.png,spatially_correlated_noise,3,MOS,4.02564,4.02564,-2.534395218,2.534395218,-2.534395218
TID2013,10,i10.png,i10_03_4.png,spatially_correlated_noise,4,MOS,3.30769,3.30769,-3.211286926,3.211286926,-3.211286926
TID2013,10,i10.png,i10_03_5.png,spatially_correlated_noise,5,MOS,2.92308,2.92308,-3.519302831,3.519302831,-3.519302831
TID2013,10,i10.png,i10_04_1.png,masked_noise,1,MOS,6.07692,6.07692,-0.603952441,0.603952441,-0.603952441
TID2013,10,i10.png,i10_04_2.png,masked_noise,2,MOS,5.11111,5.11111,-1.062203149,1.062203149,-1.062203149
TID2013,10,i10.png,i10_04_3.png,masked_noise,3,MOS,5.15789,5.15789,-1.238118262,1.238118262,-1.238118262
TID2013,10,i10.png,i10_04_4.png,masked_noise,4,MOS,4.76923,4.76923,-1.589330357,1.589330357,-1.589330357
TID2013,10,i10.png,i10_04_5.png,masked_noise,5,MOS,4.23077,4.23077,-2.135314555,2.135314555,-2.135314555
TID2013,10,i10.png,i10_05_1.png,high_frequency_noise,1,MOS,6.05128,6.05128,-0.539337213,0.539337213,-0.539337213
TID2013,10,i10.png,i10_05_2.png,high_frequency_noise,2,MOS,5.79487,5.79487,-0.760195288,0.760195288,-0.760195288
TID2013,10,i10.png,i10_05_3.png,high_frequency_noise,3,MOS,5.17949,5.17949,-1.341300947,1.341300947,-1.341300947
TID2013,10,i10.png,i10_05_4.png,high_frequency_noise,4,MOS,4.39474,4.39474,-1.968314809,1.968314809,-1.968314809
TID2013,10,i10.png,i10_05_5.png,high_frequency_noise,5,MOS,3.34211,3.34211,-3.205451875,3.205451875,-3.205451875
TID2013,10,i10.png,i10_06_1.png,impulse_noise,1,MOS,5.15789,5.15789,-1.333797195,1.333797195,-1.333797195
TID2013,10,i10.png,i10_06_2.png,impulse_noise,2,MOS,4.64865,4.64865,-1.683849632,1.683849632,-1.683849632
TID2013,10,i10.png,i10_06_3.png,impulse_noise,3,MOS,4.57895,4.57895,-1.943776006,1.943776006,-1.943776006
TID2013,10,i10.png,i10_06_4.png,impulse_noise,4,MOS,3.84211,3.84211,-2.666474296,2.666474296,-2.666474296
TID2013,10,i10.png,i10_06_5.png,impulse_noise,5,MOS,3.40541,3.40541,-2.959560481,2.959560481,-2.959560481
TID2013,10,i10.png,i10_07_1.png,quantization_noise,1,MOS,5.54054,5.54054,-1.030457601,1.030457601,-1.030457601
TID2013,10,i10.png,i10_07_2.png,quantization_noise,2,MOS,5.02564,5.02564,-1.375473481,1.375473481,-1.375473481
TID2013,10,i10.png,i10_07_3.png,quantization_noise,3,MOS,4.46154,4.46154,-2.073102737,2.073102737,-2.073102737
TID2013,10,i10.png,i10_07_4.png,quantization_noise,4,MOS,4.0,4.0,-2.604197849,2.604197849,-2.604197849
TID2013,10,i10.png,i10_07_5.png,quantization_noise,5,MOS,3.05263,3.05263,-3.684253441,3.684253441,-3.684253441
TID2013,10,i10.png,i10_08_1.png,gaussian_blur,1,MOS,5.97368,5.97368,-0.757887415,0.757887415,-0.757887415
TID2013,10,i10.png,i10_08_2.png,gaussian_blur,2,MOS,5.30769,5.30769,-1.214906311,1.214906311,-1.214906311
TID2013,10,i10.png,i10_08_3.png,gaussian_blur,3,MOS,4.35135,4.35135,-1.97332627,1.97332627,-1.97332627
TID2013,10,i10.png,i10_08_4.png,gaussian_blur,4,MOS,3.5,3.5,-2.998758237,2.998758237,-2.998758237
TID2013,10,i10.png,i10_08_5.png,gaussian_blur,5,MOS,2.78947,2.78947,-4.181881691,4.181881691,-4.181881691
TID2013,10,i10.png,i10_09_1.png,image_denoising,1,MOS,5.97436,5.97436,-0.628901536,0.628901536,-0.628901536
TID2013,10,i10.png,i10_09_2.png,image_denoising,2,MOS,5.69231,5.69231,-0.861713613,0.861713613,-0.861713613
TID2013,10,i10.png,i10_09_3.png,image_denoising,3,MOS,5.17949,5.17949,-1.312218935,1.312218935,-1.312218935
TID2013,10,i10.png,i10_09_4.png,image_denoising,4,MOS,3.81579,3.81579,-2.728763437,2.728763437,-2.728763437
TID2013,10,i10.png,i10_09_5.png,image_denoising,5,MOS,2.28205,2.28205,-4.715536775,4.715536775,-4.715536775
TID2013,10,i10.png,i10_10_1.png,JPEG_compression,1,MOS,5.86842,5.86842,-0.583777356,0.583777356,-0.583777356
TID2013,10,i10.png,i10_10_2.png,JPEG_compression,2,MOS,5.81579,5.81579,-0.746765769,0.746765769,-0.746765769
TID2013,10,i10.png,i10_10_3.png,JPEG_compression,3,MOS,5.20513,5.20513,-1.366818495,1.366818495,-1.366818495
TID2013,10,i10.png,i10_10_4.png,JPEG_compression,4,MOS,3.64103,3.64103,-3.016559563,3.016559563,-3.016559563
TID2013,10,i10.png,i10_10_5.png,JPEG_compression,5,MOS,2.4359,2.4359,-4.592458752,4.592458752,-4.592458752
TID2013,10,i10.png,i10_11_1.png,JPEG2000_compression,1,MOS,5.15385,5.15385,-1.13058423,1.13058423,-1.13058423
TID2013,10,i10.png,i10_11_2.png,JPEG2000_compression,2,MOS,4.46154,4.46154,-1.883361123,1.883361123,-1.883361123
TID2013,10,i10.png,i10_11_3.png,JPEG2000_compression,3,MOS,3.61538,3.61538,-3.032673261,3.032673261,-3.032673261
TID2013,10,i10.png,i10_11_4.png,JPEG2000_compression,4,MOS,2.18421,2.18421,-4.940619033,4.940619033,-4.940619033
TID2013,10,i10.png,i10_11_5.png,JPEG2000_compression,5,MOS,1.23684,1.23684,-6.413853674,6.413853674,-6.413853674
TID2013,10,i10.png,i10_12_1.png,JPEG_transmission_errors,1,MOS,4.76923,4.76923,-1.562220791,1.562220791,-1.562220791
TID2013,10,i10.png,i10_12_2.png,JPEG_transmission_errors,2,MOS,5.84211,5.84211,-0.92979888,0.92979888,-0.92979888
TID2013,10,i10.png,i10_12_3.png,JPEG_transmission_errors,3,MOS,4.92308,4.92308,-1.419328885,1.419328885,-1.419328885
TID2013,10,i10.png,i10_12_4.png,JPEG_transmission_errors,4,MOS,4.05263,4.05263,-2.237696666,2.237696666,-2.237696666
TID2013,10,i10.png,i10_12_5.png,JPEG_transmission_errors,5,MOS,2.68421,2.68421,-4.121946411,4.121946411,-4.121946411
TID2013,10,i10.png,i10_13_1.png,JPEG2000_transmission_errors,1,MOS,5.78947,5.78947,-0.690369035,0.690369035,-0.690369035
TID2013,10,i10.png,i10_13_2.png,JPEG2000_transmission_errors,2,MOS,3.92105,3.92105,-2.550127564,2.550127564,-2.550127564
TID2013,10,i10.png,i10_13_3.png,JPEG2000_transmission_errors,3,MOS,3.42105,3.42105,-3.167360142,3.167360142,-3.167360142
TID2013,10,i10.png,i10_13_4.png,JPEG2000_transmission_errors,4,MOS,2.68421,2.68421,-4.072758016,4.072758016,-4.072758016
TID2013,10,i10.png,i10_13_5.png,JPEG2000_transmission_errors,5,MOS,2.89744,2.89744,-3.760260785,3.760260785,-3.760260785
TID2013,10,i10.png,i10_14_1.png,non_eccentricity_pattern_noise,1,MOS,5.82051,5.82051,-0.723379554,0.723379554,-0.723379554
TID2013,10,i10.png,i10_14_2.png,non_eccentricity_pattern_noise,2,MOS,6.15385,6.15385,-0.498909761,0.498909761,-0.498909761
TID2013,10,i10.png,i10_14_3.png,non_eccentricity_pattern_noise,3,MOS,5.55263,5.55263,-0.986345061,0.986345061,-0.986345061
TID2013,10,i10.png,i10_14_4.png,non_eccentricity_pattern_noise,4,MOS,4.27027,4.27027,-2.145615627,2.145615627,-2.145615627
TID2013,10,i10.png,i10_14_5.png,non_eccentricity_pattern_noise,5,MOS,3.84211,3.84211,-2.470469803,2.470469803,-2.470469803
TID2013,10,i10.png,i10_15_1.png,local_block_wise_distortions_of_different_intensity,1,MOS,3.07895,3.07895,-3.665062907,3.665062907,-3.665062907
TID2013,10,i10.png,i10_15_2.png,local_block_wise_distortions_of_different_intensity,2,MOS,3.23077,3.23077,-3.388853906,3.388853906,-3.388853906
TID2013,10,i10.png,i10_15_3.png,local_block_wise_distortions_of_different_intensity,3,MOS,3.61538,3.61538,-3.028974221,3.028974221,-3.028974221
TID2013,10,i10.png,i10_15_4.png,local_block_wise_distortions_of_different_intensity,4,MOS,3.36842,3.36842,-3.061208736,3.061208736,-3.061208736
TID2013,10,i10.png,i10_15_5.png,local_block_wise_distortions_of_different_intensity,5,MOS,4.17949,4.17949,-2.352786889,2.352786889,-2.352786889
TID2013,10,i10.png,i10_16_1.png,intensity_shift,1,MOS,6.12821,6.12821,-0.44728647,0.44728647,-0.44728647
TID2013,10,i10.png,i10_16_2.png,intensity_shift,2,MOS,6.10256,6.10256,-0.511480164,0.511480164,-0.511480164
TID2013,10,i10.png,i10_16_3.png,intensity_shift,3,MOS,6.02564,6.02564,-0.543629529,0.543629529,-0.543629529
TID2013,10,i10.png,i10_16_4.png,intensity_shift,4,MOS,5.57895,5.57895,-0.931595399,0.931595399,-0.931595399
TID2013,10,i10.png,i10_16_5.png,intensity_shift,5,MOS,5.12821,5.12821,-1.229964382,1.229964382,-1.229964382
TID2013,10,i10.png,i10_17_1.png,contrast_change,1,MOS,5.71053,5.71053,-0.791549951,0.791549951,-0.791549951
TID2013,10,i10.png,i10_17_2.png,contrast_change,2,MOS,6.58974,6.58974,-0.211107441,0.211107441,-0.211107441
TID2013,10,i10.png,i10_17_3.png,contrast_change,3,MOS,4.56757,4.56757,-1.520040588,1.520040588,-1.520040588
TID2013,10,i10.png,i10_17_4.png,contrast_change,4,MOS,6.5641,6.5641,-0.354630478,0.354630478,-0.354630478
TID2013,10,i10.png,i10_17_5.png,contrast_change,5,MOS,3.69231,3.69231,-2.742964942,2.742964942,-2.742964942
TID2013,10,i10.png,i10_18_1.png,change_of_color_saturation,1,MOS,4.51282,4.51282,-1.870534291,1.870534291,-1.870534291
TID2013,10,i10.png,i10_18_2.png,change_of_color_saturation,2,MOS,4.07692,4.07692,-2.295137661,2.295137661,-2.295137661
TID2013,10,i10.png,i10_18_3.png,change_of_color_saturation,3,MOS,3.82051,3.82051,-2.596109382,2.596109382,-2.596109382
TID2013,10,i10.png,i10_18_4.png,change_of_color_saturation,4,MOS,3.63158,3.63158,-2.887000006,2.887000006,-2.887000006
TID2013,10,i10.png,i10_18_5.png,change_of_color_saturation,5,MOS,3.31579,3.31579,-3.063815538,3.063815538,-3.063815538
TID2013,10,i10.png,i10_19_1.png,multiplicative_gaussian_noise,1,MOS,5.57895,5.57895,-0.951786827,0.951786827,-0.951786827
TID2013,10,i10.png,i10_19_2.png,multiplicative_gaussian_noise,2,MOS,5.42105,5.42105,-1.087138815,1.087138815,-1.087138815
TID2013,10,i10.png,i10_19_3.png,multiplicative_gaussian_noise,3,MOS,4.67568,4.67568,-1.582321502,1.582321502,-1.582321502
TID2013,10,i10.png,i10_19_4.png,multiplicative_gaussian_noise,4,MOS,4.21622,4.21622,-2.105476608,2.105476608,-2.105476608
TID2013,10,i10.png,i10_19_5.png,multiplicative_gaussian_noise,5,MOS,3.87179,3.87179,-2.51739696,2.51739696,-2.51739696
TID2013,10,i10.png,i10_20_1.png,comfort_noise,1,MOS,5.84615,5.84615,-0.671954441,0.671954441,-0.671954441
TID2013,10,i10.png,i10_20_2.png,comfort_noise,2,MOS,5.38462,5.38462,-1.096167401,1.096167401,-1.096167401
TID2013,10,i10.png,i10_20_3.png,comfort_noise,3,MOS,4.4359,4.4359,-1.992586812,1.992586812,-1.992586812
TID2013,10,i10.png,i10_20_4.png,comfort_noise,4,MOS,3.57895,3.57895,-2.801968835,2.801968835,-2.801968835
TID2013,10,i10.png,i10_20_5.png,comfort_noise,5,MOS,2.86486,2.86486,-3.665666476,3.665666476,-3.665666476
TID2013,10,i10.png,i10_21_1.png,lossy_compression_of_noisy_images,1,MOS,5.5,5.5,-0.981802642,0.981802642,-0.981802642
TID2013,10,i10.png,i10_21_2.png,lossy_compression_of_noisy_images,2,MOS,5.17949,5.17949,-1.446795856,1.446795856,-1.446795856
TID2013,10,i10.png,i10_21_3.png,lossy_compression_of_noisy_images,3,MOS,4.25641,4.25641,-2.257256733,2.257256733,-2.257256733
TID2013,10,i10.png,i10_21_4.png,lossy_compression_of_noisy_images,4,MOS,3.76923,3.76923,-2.914126178,2.914126178,-2.914126178
TID2013,10,i10.png,i10_21_5.png,lossy_compression_of_noisy_images,5,MOS,2.51282,2.51282,-4.52092282,4.52092282,-4.52092282
TID2013,10,i10.png,i10_22_1.png,image_color_quantization_with_dither,1,MOS,5.97368,5.97368,-0.658139497,0.658139497,-0.658139497
TID2013,10,i10.png,i10_22_2.png,image_color_quantization_with_dither,2,MOS,4.87179,4.87179,-1.52444046,1.52444046,-1.52444046
TID2013,10,i10.png,i10_22_3.png,image_color_quantization_with_dither,3,MOS,4.48649,4.48649,-1.868319827,1.868319827,-1.868319827
TID2013,10,i10.png,i10_22_4.png,image_color_quantization_with_dither,4,MOS,4.02778,4.02778,-2.335818507,2.335818507,-2.335818507
TID2013,10,i10.png,i10_22_5.png,image_color_quantization_with_dither,5,MOS,3.25641,3.25641,-3.523190143,3.523190143,-3.523190143
TID2013,10,i10.png,i10_23_1.png,chromatic_aberrations,1,MOS,6.15385,6.15385,-0.530419406,0.530419406,-0.530419406
TID2013,10,i10.png,i10_23_2.png,chromatic_aberrations,2,MOS,5.94872,5.94872,-0.617734689,0.617734689,-0.617734689
TID2013,10,i10.png,i10_23_3.png,chromatic_aberrations,3,MOS,4.55263,4.55263,-1.798035533,1.798035533,-1.798035533
TID2013,10,i10.png,i10_23_4.png,chromatic_aberrations,4,MOS,2.60526,2.60526,-4.224722922,4.224722922,-4.224722922
TID2013,10,i10.png,i10_23_5.png,chromatic_aberrations,5,MOS,1.44737,1.44737,-5.964150201,5.964150201,-5.964150201
TID2013,10,i10.png,i10_24_1.png,sparse_sampling_and_reconstruction,1,MOS,5.46154,5.46154,-0.911529317,0.911529317,-0.911529317
TID2013,10,i10.png,i10_24_2.png,sparse_sampling_and_reconstruction,2,MOS,4.78947,4.78947,-1.645451726,1.645451726,-1.645451726
TID2013,10,i10.png,i10_24_3.png,sparse_sampling_and_reconstruction,3,MOS,3.51282,3.51282,-3.202186285,3.202186285,-3.202186285
TID2013,10,i10.png,i10_24_4.png,sparse_sampling_and_reconstruction,4,MOS,1.86486,1.86486,-5.75971318,5.75971318,-5.75971318
TID2013,10,i10.png,i10_24_5.png,sparse_sampling_and_reconstruction,5,MOS,0.36842,0.36842,-7.197748395,7.197748395,-7.197748395
TID2013,11,i11.png,i11_01_1.png,additive_gaussian_noise,1,MOS,5.54054,5.54054,-0.533379258,0.533379258,-0.533379258
TID2013,11,i11.png,i11_01_2.png,additive_gaussian_noise,2,MOS,5.16216,5.16216,-0.79636314,0.79636314,-0.79636314
TID2013,11,i11.png,i11_01_3.png,additive_gaussian_noise,3,MOS,5.35135,5.35135,-0.823195655,0.823195655,-0.823195655
TID2013,11,i11.png,i11_01_4.png,additive_gaussian_noise,4,MOS,4.28571,4.28571,-1.681404419,1.681404419,-1.681404419
TID2013,11,i11.png,i11_01_5.png,additive_gaussian_noise,5,MOS,3.86111,3.86111,-2.317751594,2.317751594,-2.317751594
TID2013,11,i11.png,i11_02_1.png,additive_noise_in_color_more_intensive_than_additive_noise_in_the_luminance,1,MOS,5.55556,5.55556,-0.372166727,0.372166727,-0.372166727
TID2013,11,i11.png,i11_02_2.png,additive_noise_in_color_more_intensive_than_additive_noise_in_the_luminance,2,MOS,5.88571,5.88571,-0.306689541,0.306689541,-0.306689541
TID2013,11,i11.png,i11_02_3.png,additive_noise_in_color_more_intensive_than_additive_noise_in_the_luminance,3,MOS,5.44444,5.44444,-0.554553428,0.554553428,-0.554553428
TID2013,11,i11.png,i11_02_4.png,additive_noise_in_color_more_intensive_than_additive_noise_in_the_luminance,4,MOS,5.19444,5.19444,-0.792608838,0.792608838,-0.792608838
TID2013,11,i11.png,i11_02_5.png,additive_noise_in_color_more_intensive_than_additive_noise_in_the_luminance,5,MOS,4.75,4.75,-1.308021207,1.308021207,-1.308021207
TID2013,11,i11.png,i11_03_1.png,spatially_correlated_noise,1,MOS,5.0,5.0,-1.171452419,1.171452419,-1.171452419
TID2013,11,i11.png,i11_03_2.png,spatially_correlated_noise,2,MOS,4.43243,4.43243,-1.57963565,1.57963565,-1.57963565
TID2013,11,i11.png,i11_03_3.png,spatially_correlated_noise,3,MOS,3.82857,3.82857,-2.368910603,2.368910603,-2.368910603
TID2013,11,i11.png,i11_03_4.png,spatially_correlated_noise,4,MOS,3.27027,3.27027,-2.90416713,2.90416713,-2.90416713
TID2013,11,i11.png,i11_03_5.png,spatially_correlated_noise,5,MOS,2.91667,2.91667,-3.56409611,3.56409611,-3.56409611
TID2013,11,i11.png,i11_04_1.png,masked_noise,1,MOS,5.47059,5.47059,-0.466777072,0.466777072,-0.466777072
TID2013,11,i11.png,i11_04_2.png,masked_noise,2,MOS,5.62162,5.62162,-0.320526386,0.320526386,-0.320526386
TID2013,11,i11.png,i11_04_3.png,masked_noise,3,MOS,5.28571,5.28571,-0.651089642,0.651089642,-0.651089642
TID2013,11,i11.png,i11_04_4.png,masked_noise,4,MOS,5.19444,5.19444,-0.833756893,0.833756893,-0.833756893
TID2013,11,i11.png,i11_04_5.png,masked_noise,5,MOS,4.67568,4.67568,-1.300118759,1.300118759,-1.300118759
TID2013,11,i11.png,i11_05_1.png,high_frequency_noise,1,MOS,6.02703,6.02703,-0.268100722,0.268100722,-0.268100722
TID2013,11,i11.png,i11_05_2.png,high_frequency_noise,2,MOS,5.80556,5.80556,-0.266409717,0.266409717,-0.266409717
TID2013,11,i11.png,i11_05_3.png,high_frequency_noise,3,MOS,5.2973,5.2973,-0.790852883,0.790852883,-0.790852883
TID2013,11,i11.png,i11_05_4.png,high_frequency_noise,4,MOS,4.19444,4.19444,-1.718861577,1.718861577,-1.718861577
TID2013,11,i11.png,i11_05_5.png,high_frequency_noise,5,MOS,3.05556,3.05556,-3.122814989,3.122814989,-3.122814989
TID2013,11,i11.png,i11_06_1.png,impulse_noise,1,MOS,4.69444,4.69444,-1.299841488,1.299841488,-1.299841488
TID2013,11,i11.png,i11_06_2.png,impulse_noise,2,MOS,4.38889,4.38889,-1.597640411,1.597640411,-1.597640411
TID2013,11,i11.png,i11_06_3.png,impulse_noise,3,MOS,3.97297,3.97297,-2.031317519,2.031317519,-2.031317519
TID2013,11,i11.png,i11_06_4.png,impulse_noise,4,MOS,3.54054,3.54054,-2.543021677,2.543021677,-2.543021677
TID2013,11,i11.png,i11_06_5.png,impulse_noise,5,MOS,3.02857,3.02857,-3.16200128,3.16200128,-3.16200128
TID2013,11,i11.png,i11_07_1.png,quantization_noise,1,MOS,5.56757,5.56757,-0.537397631,0.537397631,-0.537397631
TID2013,11,i11.png,i11_07_2.png,quantization_noise,2,MOS,4.8,4.8,-1.031246467,1.031246467,-1.031246467
TID2013,11,i11.png,i11_07_3.png,quantization_noise,3,MOS,4.52778,4.52778,-1.320945049,1.320945049,-1.320945049
TID2013,11,i11.png,i11_07_4.png,quantization_noise,4,MOS,3.94118,3.94118,-2.302075723,2.302075723,-2.302075723
TID2013,11,i11.png,i11_07_5.png,quantization_noise,5,MOS,2.75676,2.75676,-3.561081448,3.561081448,-3.561081448
TID2013,11,i11.png,i11_08_1.png,gaussian_blur,1,MOS,4.94286,4.94286,-0.892474517,0.892474517,-0.892474517
TID2013,11,i11.png,i11_08_2.png,gaussian_blur,2,MOS,4.57143,4.57143,-1.240636943,1.240636943,-1.240636943
TID2013,11,i11.png,i11_08_3.png,gaussian_blur,3,MOS,3.75676,3.75676,-2.266131414,2.266131414,-2.266131414
TID2013,11,i11.png,i11_08_4.png,gaussian_blur,4,MOS,2.85714,2.85714,-3.198757968,3.198757968,-3.198757968
TID2013,11,i11.png,i11_08_5.png,gaussian_blur,5,MOS,2.33333,2.33333,-4.157780619,4.157780619,-4.157780619
TID2013,11,i11.png,i11_09_1.png,image_denoising,1,MOS,5.81081,5.81081,-0.427044586,0.427044586,-0.427044586
TID2013,11,i11.png,i11_09_2.png,image_denoising,2,MOS,5.86486,5.86486,-0.281988652,0.281988652,-0.281988652
TID2013,11,i11.png,i11_09_3.png,image_denoising,3,MOS,4.66667,4.66667,-1.271128324,1.271128324,-1.271128324
TID2013,11,i11.png,i11_09_4.png,image_denoising,4,MOS,3.33333,3.33333,-2.826903975,2.826903975,-2.826903975
TID2013,11,i11.png,i11_09_5.png,image_denoising,5,MOS,1.97222,1.97222,-4.773574059,4.773574059,-4.773574059
TID2013,11,i11.png,i11_10_1.png,JPEG_compression,1,MOS,5.81081,5.81081,-0.392148071,0.392148071,-0.392148071
TID2013,11,i11.png,i11_10_2.png,JPEG_compression,2,MOS,5.64865,5.64865,-0.396362905,0.396362905,-0.396362905
TID2013,11,i11.png,i11_10_3.png,JPEG_compression,3,MOS,5.02778,5.02778,-0.86333414,0.86333414,-0.86333414
TID2013,11,i11.png,i11_10_4.png,JPEG_compression,4,MOS,3.48649,3.48649,-2.478003895,2.478003895,-2.478003895
TID2013,11,i11.png,i11_10_5.png,JPEG_compression,5,MOS,2.27027,2.27027,-4.342630474,4.342630474,-4.342630474
TID2013,11,i11.png,i11_11_1.png,JPEG2000_compression,1,MOS,5.86111,5.86111,-0.302895855,0.302895855,-0.302895855
TID2013,11,i11.png,i11_11_2.png,JPEG2000_compression,2,MOS,5.42857,5.42857,-0.525802605,0.525802605,-0.525802605
TID2013,11,i11.png,i11_11_3.png,JPEG2000_compression,3,MOS,4.47222,4.47222,-1.540965993,1.540965993,-1.540965993
TID2013,11,i11.png,i11_11_4.png,JPEG2000_compression,4,MOS,2.91429,2.91429,-3.484384751,3.484384751,-3.484384751
TID2013,11,i11.png,i11_11_5.png,JPEG2000_compression,5,MOS,0.97222,0.97222,-5.692014944,5.692014944,-5.692014944
TID2013,11,i11.png,i11_12_1.png,JPEG_transmission_errors,1,MOS,5.61111,5.61111,-0.436191302,0.436191302,-0.436191302
TID2013,11,i11.png,i11_12_2.png,JPEG_transmission_errors,2,MOS,5.97222,5.97222,-0.248419244,0.248419244,-0.248419244
TID2013,11,i11.png,i11_12_3.png,JPEG_transmission_errors,3,MOS,4.62162,4.62162,-1.264492799,1.264492799,-1.264492799
TID2013,11,i11.png,i11_12_4.png,JPEG_transmission_errors,4,MOS,3.77778,3.77778,-2.006697272,2.006697272,-2.006697272
TID2013,11,i11.png,i11_12_5.png,JPEG_transmission_errors,5,MOS,2.02778,2.02778,-4.393876092,4.393876092,-4.393876092
TID2013,11,i11.png,i11_13_1.png,JPEG2000_transmission_errors,1,MOS,4.08333,4.08333,-1.978807596,1.978807596,-1.978807596
TID2013,11,i11.png,i11_13_2.png,JPEG2000_transmission_errors,2,MOS,4.54054,4.54054,-1.382687621,1.382687621,-1.382687621
TID2013,11,i11.png,i11_13_3.png,JPEG2000_transmission_errors,3,MOS,3.25,3.25,-2.835421244,2.835421244,-2.835421244
TID2013,11,i11.png,i11_13_4.png,JPEG2000_transmission_errors,4,MOS,2.75,2.75,-3.624815768,3.624815768,-3.624815768
TID2013,11,i11.png,i11_13_5.png,JPEG2000_transmission_errors,5,MOS,2.27778,2.27778,-4.335862011,4.335862011,-4.335862011
TID2013,11,i11.png,i11_14_1.png,non_eccentricity_pattern_noise,1,MOS,5.83333,5.83333,-0.274607928,0.274607928,-0.274607928
TID2013,11,i11.png,i11_14_2.png,non_eccentricity_pattern_noise,2,MOS,5.45714,5.45714,-0.420221296,0.420221296,-0.420221296
TID2013,11,i11.png,i11_14_3.png,non_eccentricity_pattern_noise,3,MOS,5.2973,5.2973,-0.703438716,0.703438716,-0.703438716
TID2013,11,i11.png,i11_14_4.png,non_eccentricity_pattern_noise,4,MOS,5.16667,5.16667,-0.977381143,0.977381143,-0.977381143
TID2013,11,i11.png,i11_14_5.png,non_eccentricity_pattern_noise,5,MOS,4.38889,4.38889,-1.651119577,1.651119577,-1.651119577
TID2013,11,i11.png,i11_15_1.png,local_block_wise_distortions_of_different_intensity,1,MOS,3.18919,3.18919,-2.763565147,2.763565147,-2.763565147
TID2013,11,i11.png,i11_15_2.png,local_block_wise_distortions_of_different_intensity,2,MOS,3.38889,3.38889,-2.646791054,2.646791054,-2.646791054
TID2013,11,i11.png,i11_15_3.png,local_block_wise_distortions_of_different_intensity,3,MOS,3.5,3.5,-2.271489534,2.271489534,-2.271489534
TID2013,11,i11.png,i11_15_4.png,local_block_wise_distortions_of_different_intensity,4,MOS,3.67568,3.67568,-2.088397241,2.088397241,-2.088397241
TID2013,11,i11.png,i11_15_5.png,local_block_wise_distortions_of_different_intensity,5,MOS,3.5,3.5,-2.6903559,2.6903559,-2.6903559
TID2013,11,i11.png,i11_16_1.png,intensity_shift,1,MOS,6.10811,6.10811,-0.169504225,0.169504225,-0.169504225
TID2013,11,i11.png,i11_16_2.png,intensity_shift,2,MOS,5.91892,5.91892,-0.325346451,0.325346451,-0.325346451
TID2013,11,i11.png,i11_16_3.png,intensity_shift,3,MOS,5.69444,5.69444,-0.456492076,0.456492076,-0.456492076
TID2013,11,i11.png,i11_16_4.png,intensity_shift,4,MOS,4.94595,4.94595,-1.20005802,1.20005802,-1.20005802
TID2013,11,i11.png,i11_16_5.png,intensity_shift,5,MOS,4.56757,4.56757,-1.263974152,1.263974152,-1.263974152
TID2013,11,i11.png,i11_17_1.png,contrast_change,1,MOS,5.59459,5.59459,-0.519993834,0.519993834,-0.519993834
TID2013,11,i11.png,i11_17_2.png,contrast_change,2,MOS,6.75,6.75,0.245277751,-0.245277751,0.245277751
TID2013,11,i11.png,i11_17_3.png,contrast_change,3,MOS,4.34286,4.34286,-1.707778929,1.707778929,-1.707778929
TID2013,11,i11.png,i11_17_4.png,contrast_change,4,MOS,6.83784,6.83784,0.26304508,-0.26304508,0.26304508
TID2013,11,i11.png,i11_17_5.png,contrast_change,5,MOS,3.21622,3.21622,-3.035700617,3.035700617,-3.035700617
TID2013,11,i11.png,i11_18_1.png,change_of_color_saturation,1,MOS,4.55556,4.55556,-1.349507838,1.349507838,-1.349507838
TID2013,11,i11.png,i11_18_2.png,change_of_color_saturation,2,MOS,4.27027,4.27027,-1.715537,1.715537,-1.715537
TID2013,11,i11.png,i11_18_3.png,change_of_color_saturation,3,MOS,3.58333,3.58333,-2.305913726,2.305913726,-2.305913726
TID2013,11,i11.png,i11_18_4.png,change_of_color_saturation,4,MOS,3.44118,3.44118,-2.476373612,2.476373612,-2.476373612
TID2013,11,i11.png,i11_18_5.png,change_of_color_saturation,5,MOS,3.51351,3.51351,-2.732799192,2.732799192,-2.732799192
TID2013,11,i11.png,i11_19_1.png,multiplicative_gaussian_noise,1,MOS,5.64865,5.64865,-0.477902212,0.477902212,-0.477902212
TID2013,11,i11.png,i11_19_2.png,multiplicative_gaussian_noise,2,MOS,5.11111,5.11111,-0.776314244,0.776314244,-0.776314244
TID2013,11,i11.png,i11_19_3.png,multiplicative_gaussian_noise,3,MOS,4.64865,4.64865,-1.28933305,1.28933305,-1.28933305
TID2013,11,i11.png,i11_19_4.png,multiplicative_gaussian_noise,4,MOS,3.97143,3.97143,-1.853573893,1.853573893,-1.853573893
TID2013,11,i11.png,i11_19_5.png,multiplicative_gaussian_noise,5,MOS,3.62162,3.62162,-2.480591325,2.480591325,-2.480591325
TID2013,11,i11.png,i11_20_1.png,comfort_noise,1,MOS,6.02857,6.02857,-0.111055711,0.111055711,-0.111055711
TID2013,11,i11.png,i11_20_2.png,comfort_noise,2,MOS,5.59459,5.59459,-0.459259891,0.459259891,-0.459259891
TID2013,11,i11.png,i11_20_3.png,comfort_noise,3,MOS,5.35135,5.35135,-0.707275933,0.707275933,-0.707275933
TID2013,11,i11.png,i11_20_4.png,comfort_noise,4,MOS,4.88889,4.88889,-1.12202863,1.12202863,-1.12202863
TID2013,11,i11.png,i11_20_5.png,comfort_noise,5,MOS,3.63889,3.63889,-2.30218376,2.30218376,-2.30218376
TID2013,11,i11.png,i11_21_1.png,lossy_compression_of_noisy_images,1,MOS,5.7027,5.7027,-0.345547175,0.345547175,-0.345547175
TID2013,11,i11.png,i11_21_2.png,lossy_compression_of_noisy_images,2,MOS,5.41667,5.41667,-0.544556059,0.544556059,-0.544556059
TID2013,11,i11.png,i11_21_3.png,lossy_compression_of_noisy_images,3,MOS,4.40541,4.40541,-1.413048724,1.413048724,-1.413048724
TID2013,11,i11.png,i11_21_4.png,lossy_compression_of_noisy_images,4,MOS,3.86111,3.86111,-2.028701864,2.028701864,-2.028701864
TID2013,11,i11.png,i11_21_5.png,lossy_compression_of_noisy_images,5,MOS,2.64865,2.64865,-3.724584019,3.724584019,-3.724584019
TID2013,11,i11.png,i11_22_1.png,image_color_quantization_with_dither,1,MOS,5.56757,5.56757,-0.444816285,0.444816285,-0.444816285
TID2013,11,i11.png,i11_22_2.png,image_color_quantization_with_dither,2,MOS,5.40541,5.40541,-0.605864803,0.605864803,-0.605864803
TID2013,11,i11.png,i11_22_3.png,image_color_quantization_with_dither,3,MOS,4.89189,4.89189,-0.979609745,0.979609745,-0.979609745
TID2013,11,i11.png,i11_22_4.png,image_color_quantization_with_dither,4,MOS,3.64865,3.64865,-2.302765997,2.302765997,-2.302765997
TID2013,11,i11.png,i11_22_5.png,image_color_quantization_with_dither,5,MOS,2.52778,2.52778,-3.811697944,3.811697944,-3.811697944
TID2013,11,i11.png,i11_23_1.png,chromatic_aberrations,1,MOS,5.86486,5.86486,-0.268853101,0.268853101,-0.268853101
TID2013,11,i11.png,i11_23_2.png,chromatic_aberrations,2,MOS,5.83784,5.83784,-0.32456493,0.32456493,-0.32456493
TID2013,11,i11.png,i11_23_3.png,chromatic_aberrations,3,MOS,5.94595,5.94595,-0.139627492,0.139627492,-0.139627492
TID2013,11,i11.png,i11_23_4.png,chromatic_aberrations,4,MOS,5.27027,5.27027,-0.762986716,0.762986716,-0.762986716
TID2013,11,i11.png,i11_23_5.png,chromatic_aberrations,5,MOS,2.75676,2.75676,-3.523166233,3.523166233,-3.523166233
TID2013,11,i11.png,i11_24_1.png,sparse_sampling_and_reconstruction,1,MOS,5.91892,5.91892,-0.19694152,0.19694152,-0.19694152
TID2013,11,i11.png,i11_24_2.png,sparse_sampling_and_reconstruction,2,MOS,5.47222,5.47222,-0.61239113,0.61239113,-0.61239113
TID2013,11,i11.png,i11_24_3.png,sparse_sampling_and_reconstruction,3,MOS,4.62857,4.62857,-1.37272289,1.37272289,-1.37272289
TID2013,11,i11.png,i11_24_4.png,sparse_sampling_and_reconstruction,4,MOS,2.88571,2.88571,-3.447126519,3.447126519,-3.447126519
TID2013,11,i11.png,i11_24_5.png,sparse_sampling_and_reconstruction,5,MOS,0.58333,0.58333,-5.807473024,5.807473024,-5.807473024
TID2013,12,i12.png,i12_01_1.png,additive_gaussian_noise,1,MOS,5.94595,5.94595,-0.747425603,0.747425603,-0.747425603
TID2013,12,i12.png,i12_01_2.png,additive_gaussian_noise,2,MOS,4.97222,4.97222,-1.358093873,1.358093873,-1.358093873
TID2013,12,i12.png,i12_01_3.png,additive_gaussian_noise,3,MOS,4.78947,4.78947,-1.869977935,1.869977935,-1.869977935
TID2013,12,i12.png,i12_01_4.png,additive_gaussian_noise,4,MOS,4.13889,4.13889,-2.343493556,2.343493556,-2.343493556
TID2013,12,i12.png,i12_01_5.png,additive_gaussian_noise,5,MOS,3.76316,3.76316,-2.871091514,2.871091514,-2.871091514
TID2013,12,i12.png,i12_02_1.png,additive_noise_in_color_more_intensive_than_additive_noise_in_the_luminance,1,MOS,6.08108,6.08108,-0.550178458,0.550178458,-0.550178458
TID2013,12,i12.png,i12_02_2.png,additive_noise_in_color_more_intensive_than_additive_noise_in_the_luminance,2,MOS,5.97297,5.97297,-0.703865873,0.703865873,-0.703865873
TID2013,12,i12.png,i12_02_3.png,additive_noise_in_color_more_intensive_than_additive_noise_in_the_luminance,3,MOS,5.52632,5.52632,-0.969830669,0.969830669,-0.969830669
TID2013,12,i12.png,i12_02_4.png,additive_noise_in_color_more_intensive_than_additive_noise_in_the_luminance,4,MOS,5.05263,5.05263,-1.474378584,1.474378584,-1.474378584
TID2013,12,i12.png,i12_02_5.png,additive_noise_in_color_more_intensive_than_additive_noise_in_the_luminance,5,MOS,4.54054,4.54054,-1.977649081,1.977649081,-1.977649081
TID2013,12,i12.png,i12_03_1.png,spatially_correlated_noise,1,MOS,4.56757,4.56757,-1.879305143,1.879305143,-1.879305143
TID2013,12,i12.png,i12_03_2.png,spatially_correlated_noise,2,MOS,4.16216,4.16216,-2.385759034,2.385759034,-2.385759034
TID2013,12,i12.png,i12_03_3.png,spatially_correlated_noise,3,MOS,3.75676,3.75676,-3.103094361,3.103094361,-3.103094361
TID2013,12,i12.png,i12_03_4.png,spatially_correlated_noise,4,MOS,3.10526,3.10526,-3.921056923,3.921056923,-3.921056923
TID2013,12,i12.png,i12_03_5.png,spatially_correlated_noise,5,MOS,2.71053,2.71053,-4.418594967,4.418594967,-4.418594967
TID2013,12,i12.png,i12_04_1.png,masked_noise,1,MOS,5.91892,5.91892,-0.694281529,0.694281529,-0.694281529
TID2013,12,i12.png,i12_04_2.png,masked_noise,2,MOS,5.52632,5.52632,-1.106138864,1.106138864,-1.106138864
TID2013,12,i12.png,i12_04_3.png,masked_noise,3,MOS,5.21053,5.21053,-1.348903158,1.348903158,-1.348903158
TID2013,12,i12.png,i12_04_4.png,masked_noise,4,MOS,4.7027,4.7027,-1.845390819,1.845390819,-1.845390819
TID2013,12,i12.png,i12_04_5.png,masked_noise,5,MOS,3.78378,3.78378,-2.743227266,2.743227266,-2.743227266
TID2013,12,i12.png,i12_05_1.png,high_frequency_noise,1,MOS,5.64865,5.64865,-0.863783535,0.863783535,-0.863783535
TID2013,12,i12.png,i12_05_2.png,high_frequency_noise,2,MOS,5.81081,5.81081,-0.874304792,0.874304792,-0.874304792
TID2013,12,i12.png,i12_05_3.png,high_frequency_noise,3,MOS,5.21053,5.21053,-1.396296269,1.396296269,-1.396296269
TID2013,12,i12.png,i12_05_4.png,high_frequency_noise,4,MOS,4.35135,4.35135,-2.390219477,2.390219477,-2.390219477
TID2013,12,i12.png,i12_05_5.png,high_frequency_noise,5,MOS,3.65789,3.65789,-3.209874448,3.209874448,-3.209874448
TID2013,12,i12.png,i12_06_1.png,impulse_noise,1,MOS,5.08108,5.08108,-1.385249356,1.385249356,-1.385249356
TID2013,12,i12.png,i12_06_2.png,impulse_noise,2,MOS,4.81579,4.81579,-1.781657761,1.781657761,-1.781657761
TID2013,12,i12.png,i12_06_3.png,impulse_noise,3,MOS,4.45946,4.45946,-2.176902163,2.176902163,-2.176902163
TID2013,12,i12.png,i12_06_4.png,impulse_noise,4,MOS,4.08108,4.08108,-2.656164111,2.656164111,-2.656164111
TID2013,12,i12.png,i12_06_5.png,impulse_noise,5,MOS,3.75,3.75,-3.170852409,3.170852409,-3.170852409
TID2013,12,i12.png,i12_07_1.png,quantization_noise,1,MOS,4.69444,4.69444,-1.766048107,1.766048107,-1.766048107
TID2013,12,i12.png,i12_07_2.png,quantization_noise,2,MOS,4.39474,4.39474,-2.180933888,2.180933888,-2.180933888
TID2013,12,i12.png,i12_07_3.png,quantization_noise,3,MOS,4.18421,4.18421,-2.667706665,2.667706665,-2.667706665
TID2013,12,i12.png,i12_07_4.png,quantization_noise,4,MOS,3.18919,3.18919,-3.738835147,3.738835147,-3.738835147
TID2013,12,i12.png,i12_07_5.png,quantization_noise,5,MOS,3.02778,3.02778,-4.088256594,4.088256594,-4.088256594
TID2013,12,i12.png,i12_08_1.png,gaussian_blur,1,MOS,6.18421,6.18421,-0.467377164,0.467377164,-0.467377164
TID2013,12,i12.png,i12_08_2.png,gaussian_blur,2,MOS,5.47368,5.47368,-1.307657206,1.307657206,-1.307657206
TID2013,12,i12.png,i12_08_3.png,gaussian_blur,3,MOS,4.52632,4.52632,-2.181557119,2.181557119,-2.181557119
TID2013,12,i12.png,i12_08_4.png,gaussian_blur,4,MOS,3.60526,3.60526,-3.208885821,3.208885821,-3.208885821
TID2013,12,i12.png,i12_08_5.png,gaussian_blur,5,MOS,2.77778,2.77778,-4.212353192,4.212353192,-4.212353192
TID2013,12,i12.png,i12_09_1.png,image_denoising,1,MOS,6.31579,6.31579,-0.422675204,0.422675204,-0.422675204
TID2013,12,i12.png,i12_09_2.png,image_denoising,2,MOS,5.52778,5.52778,-1.03035345,1.03035345,-1.03035345
TID2013,12,i12.png,i12_09_3.png,image_denoising,3,MOS,4.73684,4.73684,-1.838531647,1.838531647,-1.838531647
TID2013,12,i12.png,i12_09_4.png,image_denoising,4,MOS,3.43243,3.43243,-3.45724197,3.45724197,-3.45724197
TID2013,12,i12.png,i12_09_5.png,image_denoising,5,MOS,2.25714,2.25714,-4.811140173,4.811140173,-4.811140173
TID2013,12,i12.png,i12_10_1.png,JPEG_compression,1,MOS,6.08108,6.08108,-0.598287764,0.598287764,-0.598287764
TID2013,12,i12.png,i12_10_2.png,JPEG_compression,2,MOS,5.89474,5.89474,-0.754999735,0.754999735,-0.754999735
TID2013,12,i12.png,i12_10_3.png,JPEG_compression,3,MOS,5.10526,5.10526,-1.486437292,1.486437292,-1.486437292
TID2013,12,i12.png,i12_10_4.png,JPEG_compression,4,MOS,3.10526,3.10526,-3.732246517,3.732246517,-3.732246517
TID2013,12,i12.png,i12_10_5.png,JPEG_compression,5,MOS,2.23684,2.23684,-5.460011623,5.460011623,-5.460011623
TID2013,12,i12.png,i12_11_1.png,JPEG2000_compression,1,MOS,5.40541,5.40541,-1.122530687,1.122530687,-1.122530687
TID2013,12,i12.png,i12_11_2.png,JPEG2000_compression,2,MOS,4.67568,4.67568,-1.877271132,1.877271132,-1.877271132
TID2013,12,i12.png,i12_11_3.png,JPEG2000_compression,3,MOS,2.77778,2.77778,-4.492838303,4.492838303,-4.492838303
TID2013,12,i12.png,i12_11_4.png,JPEG2000_compression,4,MOS,1.94737,1.94737,-6.055104542,6.055104542,-6.055104542
TID2013,12,i12.png,i12_11_5.png,JPEG2000_compression,5,MOS,0.81579,0.81579,-7.484083898,7.484083898,-7.484083898
TID2013,12,i12.png,i12_12_1.png,JPEG_transmission_errors,1,MOS,5.5,5.5,-1.033811246,1.033811246,-1.033811246
TID2013,12,i12.png,i12_12_2.png,JPEG_transmission_errors,2,MOS,5.05263,5.05263,-1.507747294,1.507747294,-1.507747294
TID2013,12,i12.png,i12_12_3.png,JPEG_transmission_errors,3,MOS,3.64865,3.64865,-3.387612162,3.387612162,-3.387612162
TID2013,12,i12.png,i12_12_4.png,JPEG_transmission_errors,4,MOS,3.07895,3.07895,-3.881753935,3.881753935,-3.881753935
TID2013,12,i12.png,i12_12_5.png,JPEG_transmission_errors,5,MOS,3.08108,3.08108,-3.816687322,3.816687322,-3.816687322
TID2013,12,i12.png,i12_13_1.png,JPEG2000_transmission_errors,1,MOS,5.37838,5.37838,-1.051681267,1.051681267,-1.051681267
TID2013,12,i12.png,i12_13_2.png,JPEG2000_transmission_errors,2,MOS,4.56757,4.56757,-1.983566514,1.983566514,-1.983566514
TID2013,12,i12.png,i12_13_3.png,JPEG2000_transmission_errors,3,MOS,3.23684,3.23684,-3.478187286,3.478187286,-3.478187286
TID2013,12,i12.png,i12_13_4.png,JPEG2000_transmission_errors,4,MOS,2.83333,2.83333,-4.418773129,4.418773129,-4.418773129
TID2013,12,i12.png,i12_13_5.png,JPEG2000_transmission_errors,5,MOS,4.0,4.0,-2.606714466,2.606714466,-2.606714466
TID2013,12,i12.png,i12_14_1.png,non_eccentricity_pattern_noise,1,MOS,5.55263,5.55263,-1.062763551,1.062763551,-1.062763551
TID2013,12,i12.png,i12_14_2.png,non_eccentricity_pattern_noise,2,MOS,6.15789,6.15789,-0.513566955,0.513566955,-0.513566955
TID2013,12,i12.png,i12_14_3.png,non_eccentricity_pattern_noise,3,MOS,4.54054,4.54054,-1.81917104,1.81917104,-1.81917104
TID2013,12,i12.png,i12_14_4.png,non_eccentricity_pattern_noise,4,MOS,4.47368,4.47368,-2.034844215,2.034844215,-2.034844215
TID2013,12,i12.png,i12_14_5.png,non_eccentricity_pattern_noise,5,MOS,3.56757,3.56757,-2.959667002,2.959667002,-2.959667002
TID2013,12,i12.png,i12_15_1.png,local_block_wise_distortions_of_different_intensity,1,MOS,3.5,3.5,-3.427081487,3.427081487,-3.427081487
TID2013,12,i12.png,i12_15_2.png,local_block_wise_distortions_of_different_intensity,2,MOS,3.51429,3.51429,-3.249262969,3.249262969,-3.249262969
TID2013,12,i12.png,i12_15_3.png,local_block_wise_distortions_of_different_intensity,3,MOS,3.65789,3.65789,-2.987658606,2.987658606,-2.987658606
TID2013,12,i12.png,i12_15_4.png,local_block_wise_distortions_of_different_intensity,4,MOS,4.07895,4.07895,-2.699033179,2.699033179,-2.699033179
TID2013,12,i12.png,i12_15_5.png,local_block_wise_distortions_of_different_intensity,5,MOS,4.54286,4.54286,-2.048573705,2.048573705,-2.048573705
TID2013,12,i12.png,i12_16_1.png,intensity_shift,1,MOS,6.52632,6.52632,-0.151894875,0.151894875,-0.151894875
TID2013,12,i12.png,i12_16_2.png,intensity_shift,2,MOS,6.2973,6.2973,-0.418749109,0.418749109,-0.418749109
TID2013,12,i12.png,i12_16_3.png,intensity_shift,3,MOS,6.05263,6.05263,-0.617076476,0.617076476,-0.617076476
TID2013,12,i12.png,i12_16_4.png,intensity_shift,4,MOS,6.11111,6.11111,-0.568069158,0.568069158,-0.568069158
TID2013,12,i12.png,i12_16_5.png,intensity_shift,5,MOS,5.67568,5.67568,-1.031899221,1.031899221,-1.031899221
TID2013,12,i12.png,i12_17_1.png,contrast_change,1,MOS,6.26316,6.26316,-0.520092728,0.520092728,-0.520092728
TID2013,12,i12.png,i12_17_2.png,contrast_change,2,MOS,6.81579,6.81579,0.023484576,-0.023484576,0.023484576
TID2013,12,i12.png,i12_17_3.png,contrast_change,3,MOS,4.81081,4.81081,-1.487398826,1.487398826,-1.487398826
TID2013,12,i12.png,i12_17_4.png,contrast_change,4,MOS,6.26316,6.26316,-0.519073137,0.519073137,-0.519073137
TID2013,12,i12.png,i12_17_5.png,contrast_change,5,MOS,4.02632,4.02632,-2.732416613,2.732416613,-2.732416613
TID2013,12,i12.png,i12_18_1.png,change_of_color_saturation,1,MOS,5.64865,5.64865,-0.812161236,0.812161236,-0.812161236
TID2013,12,i12.png,i12_18_2.png,change_of_color_saturation,2,MOS,5.35135,5.35135,-1.057254146,1.057254146,-1.057254146
TID2013,12,i12.png,i12_18_3.png,change_of_color_saturation,3,MOS,5.0,5.0,-1.610814078,1.610814078,-1.610814078
TID2013,12,i12.png,i12_18_4.png,change_of_color_saturation,4,MOS,4.48649,4.48649,-2.0439177,2.0439177,-2.0439177
TID2013,12,i12.png,i12_18_5.png,change_of_color_saturation,5,MOS,4.2973,4.2973,-2.260016021,2.260016021,-2.260016021
TID2013,12,i12.png,i12_19_1.png,multiplicative_gaussian_noise,1,MOS,5.72973,5.72973,-0.761581438,0.761581438,-0.761581438
TID2013,12,i12.png,i12_19_2.png,multiplicative_gaussian_noise,2,MOS,5.51351,5.51351,-1.087064478,1.087064478,-1.087064478
TID2013,12,i12.png,i12_19_3.png,multiplicative_gaussian_noise,3,MOS,5.2973,5.2973,-1.162119391,1.162119391,-1.162119391
TID2013,12,i12.png,i12_19_4.png,multiplicative_gaussian_noise,4,MOS,4.71053,4.71053,-1.859189201,1.859189201,-1.859189201
TID2013,12,i12.png,i12_19_5.png,multiplicative_gaussian_noise,5,MOS,4.02632,4.02632,-2.601495202,2.601495202,-2.601495202
TID2013,12,i12.png,i12_20_1.png,comfort_noise,1,MOS,5.58333,5.58333,-0.891829759,0.891829759,-0.891829759
TID2013,12,i12.png,i12_20_2.png,comfort_noise,2,MOS,5.27778,5.27778,-1.152977302,1.152977302,-1.152977302
TID2013,12,i12.png,i12_20_3.png,comfort_noise,3,MOS,4.43243,4.43243,-2.150456813,2.150456813,-2.150456813
TID2013,12,i12.png,i12_20_4.png,comfort_noise,4,MOS,3.60526,3.60526,-3.145460134,3.145460134,-3.145460134
TID2013,12,i12.png,i12_20_5.png,comfort_noise,5,MOS,2.80556,2.80556,-4.040218085,4.040218085,-4.040218085
TID2013,12,i12.png,i12_21_1.png,lossy_compression_of_noisy_images,1,MOS,5.15789,5.15789,-1.226418284,1.226418284,-1.226418284
TID2013,12,i12.png,i12_21_2.png,lossy_compression_of_noisy_images,2,MOS,4.94595,4.94595,-1.654508043,1.654508043,-1.654508043
TID2013,12,i12.png,i12_21_3.png,lossy_compression_of_noisy_images,3,MOS,4.02632,4.02632,-2.764885414,2.764885414,-2.764885414
TID2013,12,i12.png,i12_21_4.png,lossy_compression_of_noisy_images,4,MOS,3.02778,3.02778,-3.705433879,3.705433879,-3.705433879
TID2013,12,i12.png,i12_21_5.png,lossy_compression_of_noisy_images,5,MOS,2.0,2.0,-5.650043817,5.650043817,-5.650043817
TID2013,12,i12.png,i12_22_1.png,image_color_quantization_with_dither,1,MOS,5.25,5.25,-1.242086327,1.242086327,-1.242086327
TID2013,12,i12.png,i12_22_2.png,image_color_quantization_with_dither,2,MOS,5.13158,5.13158,-1.541293173,1.541293173,-1.541293173
TID2013,12,i12.png,i12_22_3.png,image_color_quantization_with_dither,3,MOS,4.56757,4.56757,-2.132382014,2.132382014,-2.132382014
TID2013,12,i12.png,i12_22_4.png,image_color_quantization_with_dither,4,MOS,3.5,3.5,-3.536175475,3.536175475,-3.536175475
TID2013,12,i12.png,i12_22_5.png,image_color_quantization_with_dither,5,MOS,2.62162,2.62162,-4.699252643,4.699252643,-4.699252643
TID2013,12,i12.png,i12_23_1.png,chromatic_aberrations,1,MOS,6.05405,6.05405,-0.529087337,0.529087337,-0.529087337
TID2013,12,i12.png,i12_23_2.png,chromatic_aberrations,2,MOS,6.18421,6.18421,-0.563173309,0.563173309,-0.563173309
TID2013,12,i12.png,i12_23_3.png,chromatic_aberrations,3,MOS,4.89474,4.89474,-1.687197782,1.687197782,-1.687197782
TID2013,12,i12.png,i12_23_4.png,chromatic_aberrations,4,MOS,3.18919,3.18919,-3.531869506,3.531869506,-3.531869506
TID2013,12,i12.png,i12_23_5.png,chromatic_aberrations,5,MOS,2.21053,2.21053,-5.201346404,5.201346404,-5.201346404
TID2013,12,i12.png,i12_24_1.png,sparse_sampling_and_reconstruction,1,MOS,5.86486,5.86486,-0.904702222,0.904702222,-0.904702222
TID2013,12,i12.png,i12_24_2.png,sparse_sampling_and_reconstruction,2,MOS,4.37838,4.37838,-2.150039557,2.150039557,-2.150039557
TID2013,12,i12.png,i12_24_3.png,sparse_sampling_and_reconstruction,3,MOS,3.07895,3.07895,-4.00444716,4.00444716,-4.00444716
TID2013,12,i12.png,i12_24_4.png,sparse_sampling_and_reconstruction,4,MOS,1.97368,1.97368,-5.90975792,5.90975792,-5.90975792
TID2013,12,i12.png,i12_24_5.png,sparse_sampling_and_reconstruction,5,MOS,0.40541,0.40541,-7.922977629,7.922977629,-7.922977629
TID2013,13,i13.png,i13_01_1.png,additive_gaussian_noise,1,MOS,5.53488,5.53488,-0.347059724,0.347059724,-0.347059724
TID2013,13,i13.png,i13_01_2.png,additive_gaussian_noise,2,MOS,5.425,5.425,-0.299424482,0.299424482,-0.299424482
TID2013,13,i13.png,i13_01_3.png,additive_gaussian_noise,3,MOS,5.06977,5.06977,-0.628360172,0.628360172,-0.628360172
TID2013,13,i13.png,i13_01_4.png,additive_gaussian_noise,4,MOS,4.7907,4.7907,-0.77977272,0.77977272,-0.77977272
TID2013,13,i13.png,i13_01_5.png,additive_gaussian_noise,5,MOS,4.02381,4.02381,-1.687410305,1.687410305,-1.687410305
TID2013,13,i13.png,i13_02_1.png,additive_noise_in_color_more_intensive_than_additive_noise_in_the_luminance,1,MOS,5.30952,5.30952,-0.445668936,0.445668936,-0.445668936
TID2013,13,i13.png,i13_02_2.png,additive_noise_in_color_more_intensive_than_additive_noise_in_the_luminance,2,MOS,5.53659,5.53659,-0.389800108,0.389800108,-0.389800108
TID2013,13,i13.png,i13_02_3.png,additive_noise_in_color_more_intensive_than_additive_noise_in_the_luminance,3,MOS,5.62791,5.62791,-0.228267274,0.228267274,-0.228267274
TID2013,13,i13.png,i13_02_4.png,additive_noise_in_color_more_intensive_than_additive_noise_in_the_luminance,4,MOS,5.40476,5.40476,-0.389192655,0.389192655,-0.389192655
TID2013,13,i13.png,i13_02_5.png,additive_noise_in_color_more_intensive_than_additive_noise_in_the_luminance,5,MOS,4.66667,4.66667,-0.968892416,0.968892416,-0.968892416
TID2013,13,i13.png,i13_03_1.png,spatially_correlated_noise,1,MOS,5.14286,5.14286,-0.502253712,0.502253712,-0.502253712
TID2013,13,i13.png,i13_03_2.png,spatially_correlated_noise,2,MOS,5.07143,5.07143,-0.704229341,0.704229341,-0.704229341
TID2013,13,i13.png,i13_03_3.png,spatially_correlated_noise,3,MOS,4.16667,4.16667,-1.290668186,1.290668186,-1.290668186
TID2013,13,i13.png,i13_03_4.png,spatially_correlated_noise,4,MOS,3.66667,3.66667,-1.945796254,1.945796254,-1.945796254
TID2013,13,i13.png,i13_03_5.png,spatially_correlated_noise,5,MOS,2.7619,2.7619,-2.971369189,2.971369189,-2.971369189
TID2013,13,i13.png,i13_04_1.png,masked_noise,1,MOS,5.73171,5.73171,-0.2685508,0.2685508,-0.2685508
TID2013,13,i13.png,i13_04_2.png,masked_noise,2,MOS,5.475,5.475,-0.290676612,0.290676612,-0.290676612
TID2013,13,i13.png,i13_04_3.png,masked_noise,3,MOS,5.55814,5.55814,-0.201121051,0.201121051,-0.201121051
TID2013,13,i13.png,i13_04_4.png,masked_noise,4,MOS,5.43902,5.43902,-0.298956741,0.298956741,-0.298956741
TID2013,13,i13.png,i13_04_5.png,masked_noise,5,MOS,4.92857,4.92857,-0.626978193,0.626978193,-0.626978193
TID2013,13,i13.png,i13_05_1.png,high_frequency_noise,1,MOS,5.35714,5.35714,-0.374578773,0.374578773,-0.374578773
TID2013,13,i13.png,i13_05_2.png,high_frequency_noise,2,MOS,5.04762,5.04762,-0.50520033,0.50520033,-0.50520033
TID2013,13,i13.png,i13_05_3.png,high_frequency_noise,3,MOS,5.51163,5.51163,-0.419462909,0.419462909,-0.419462909
TID2013,13,i13.png,i13_05_4.png,high_frequency_noise,4,MOS,4.16667,4.16667,-1.116349707,1.116349707,-1.116349707
TID2013,13,i13.png,i13_05_5.png,high_frequency_noise,5,MOS,3.09524,3.09524,-2.580052331,2.580052331,-2.580052331
TID2013,13,i13.png,i13_06_1.png,impulse_noise,1,MOS,4.55,4.55,-0.988820917,0.988820917,-0.988820917
TID2013,13,i13.png,i13_06_2.png,impulse_noise,2,MOS,4.25581,4.25581,-1.375360394,1.375360394,-1.375360394
TID2013,13,i13.png,i13_06_3.png,impulse_noise,3,MOS,3.66667,3.66667,-1.882265927,1.882265927,-1.882265927
TID2013,13,i13.png,i13_06_4.png,impulse_noise,4,MOS,3.44186,3.44186,-2.196099046,2.196099046,-2.196099046
TID2013,13,i13.png,i13_06_5.png,impulse_noise,5,MOS,3.09524,3.09524,-2.603055251,2.603055251,-2.603055251
TID2013,13,i13.png,i13_07_1.png,quantization_noise,1,MOS,5.725,5.725,-0.324044958,0.324044958,-0.324044958
TID2013,13,i13.png,i13_07_2.png,quantization_noise,2,MOS,5.31707,5.31707,-0.405877805,0.405877805,-0.405877805
TID2013,13,i13.png,i13_07_3.png,quantization_noise,3,MOS,4.64286,4.64286,-0.938455483,0.938455483,-0.938455483
TID2013,13,i13.png,i13_07_4.png,quantization_noise,4,MOS,3.41463,3.41463,-2.094587297,2.094587297,-2.094587297
TID2013,13,i13.png,i13_07_5.png,quantization_noise,5,MOS,2.82927,2.82927,-3.097979792,3.097979792,-3.097979792
TID2013,13,i13.png,i13_08_1.png,gaussian_blur,1,MOS,4.80952,4.80952,-0.846200715,0.846200715,-0.846200715
TID2013,13,i13.png,i13_08_2.png,gaussian_blur,2,MOS,3.95238,3.95238,-1.569554665,1.569554665,-1.569554665
TID2013,13,i13.png,i13_08_3.png,gaussian_blur,3,MOS,3.12195,3.12195,-2.582754398,2.582754398,-2.582754398
TID2013,13,i13.png,i13_08_4.png,gaussian_blur,4,MOS,2.5814,2.5814,-3.312137824,3.312137824,-3.312137824
TID2013,13,i13.png,i13_08_5.png,gaussian_blur,5,MOS,1.7381,1.7381,-4.433384061,4.433384061,-4.433384061
TID2013,13,i13.png,i13_09_1.png,image_denoising,1,MOS,5.07317,5.07317,-0.603414309,0.603414309,-0.603414309
TID2013,13,i13.png,i13_09_2.png,image_denoising,2,MOS,4.76744,4.76744,-0.90591738,0.90591738,-0.90591738
TID2013,13,i13.png,i13_09_3.png,image_denoising,3,MOS,3.18605,3.18605,-2.4169384,2.4169384,-2.4169384
TID2013,13,i13.png,i13_09_4.png,image_denoising,4,MOS,2.16667,2.16667,-3.845241284,3.845241284,-3.845241284
TID2013,13,i13.png,i13_09_5.png,image_denoising,5,MOS,0.4878,0.4878,-5.847963705,5.847963705,-5.847963705
TID2013,13,i13.png,i13_10_1.png,JPEG_compression,1,MOS,5.48837,5.48837,-0.317041698,0.317041698,-0.317041698
TID2013,13,i13.png,i13_10_2.png,JPEG_compression,2,MOS,5.46512,5.46512,-0.409279094,0.409279094,-0.409279094
TID2013,13,i13.png,i13_10_3.png,JPEG_compression,3,MOS,4.475,4.475,-0.909909385,0.909909385,-0.909909385
TID2013,13,i13.png,i13_10_4.png,JPEG_compression,4,MOS,3.25581,3.25581,-2.508846143,2.508846143,-2.508846143
TID2013,13,i13.png,i13_10_5.png,JPEG_compression,5,MOS,1.16279,1.16279,-5.119330072,5.119330072,-5.119330072
TID2013,13,i13.png,i13_11_1.png,JPEG2000_compression,1,MOS,5.32558,5.32558,-0.421975826,0.421975826,-0.421975826
TID2013,13,i13.png,i13_11_2.png,JPEG2000_compression,2,MOS,5.32558,5.32558,-0.407301436,0.407301436,-0.407301436
TID2013,13,i13.png,i13_11_3.png,JPEG2000_compression,3,MOS,4.69048,4.69048,-0.91419902,0.91419902,-0.91419902
TID2013,13,i13.png,i13_11_4.png,JPEG2000_compression,4,MOS,4.34884,4.34884,-1.151742674,1.151742674,-1.151742674
TID2013,13,i13.png,i13_11_5.png,JPEG2000_compression,5,MOS,2.38095,2.38095,-3.665535065,3.665535065,-3.665535065
TID2013,13,i13.png,i13_12_1.png,JPEG_transmission_errors,1,MOS,5.23256,5.23256,-0.469738006,0.469738006,-0.469738006
TID2013,13,i13.png,i13_12_2.png,JPEG_transmission_errors,2,MOS,5.44186,5.44186,-0.388610981,0.388610981,-0.388610981
TID2013,13,i13.png,i13_12_3.png,JPEG_transmission_errors,3,MOS,5.11628,5.11628,-0.583934917,0.583934917,-0.583934917
TID2013,13,i13.png,i13_12_4.png,JPEG_transmission_errors,4,MOS,5.2619,5.2619,-0.412346555,0.412346555,-0.412346555
TID2013,13,i13.png,i13_12_5.png,JPEG_transmission_errors,5,MOS,5.04762,5.04762,-0.657585484,0.657585484,-0.657585484
TID2013,13,i13.png,i13_13_1.png,JPEG2000_transmission_errors,1,MOS,5.4186,5.4186,-0.40203249,0.40203249,-0.40203249
TID2013,13,i13.png,i13_13_2.png,JPEG2000_transmission_errors,2,MOS,4.92857,4.92857,-0.73569846,0.73569846,-0.73569846
TID2013,13,i13.png,i13_13_3.png,JPEG2000_transmission_errors,3,MOS,4.7907,4.7907,-0.792861769,0.792861769,-0.792861769
TID2013,13,i13.png,i13_13_4.png,JPEG2000_transmission_errors,4,MOS,3.63415,3.63415,-1.787399337,1.787399337,-1.787399337
TID2013,13,i13.png,i13_13_5.png,JPEG2000_transmission_errors,5,MOS,2.40476,2.40476,-3.565292444,3.565292444,-3.565292444
TID2013,13,i13.png,i13_14_1.png,non_eccentricity_pattern_noise,1,MOS,5.64286,5.64286,-0.181750858,0.181750858,-0.181750858
TID2013,13,i13.png,i13_14_2.png,non_eccentricity_pattern_noise,2,MOS,5.40476,5.40476,-0.306153043,0.306153043,-0.306153043
TID2013,13,i13.png,i13_14_3.png,non_eccentricity_pattern_noise,3,MOS,5.7381,5.7381,-0.088398888,0.088398888,-0.088398888
TID2013,13,i13.png,i13_14_4.png,non_eccentricity_pattern_noise,4,MOS,5.02326,5.02326,-0.664542848,0.664542848,-0.664542848
TID2013,13,i13.png,i13_14_5.png,non_eccentricity_pattern_noise,5,MOS,3.97619,3.97619,-1.485341199,1.485341199,-1.485341199
TID2013,13,i13.png,i13_15_1.png,local_block_wise_distortions_of_different_intensity,1,MOS,2.73171,2.73171,-2.939330255,2.939330255,-2.939330255
TID2013,13,i13.png,i13_15_2.png,local_block_wise_distortions_of_different_intensity,2,MOS,2.87805,2.87805,-2.754716318,2.754716318,-2.754716318
TID2013,13,i13.png,i13_15_3.png,local_block_wise_distortions_of_different_intensity,3,MOS,3.04762,3.04762,-2.492249238,2.492249238,-2.492249238
TID2013,13,i13.png,i13_15_4.png,local_block_wise_distortions_of_different_intensity,4,MOS,3.57143,3.57143,-2.036909381,2.036909381,-2.036909381
TID2013,13,i13.png,i13_15_5.png,local_block_wise_distortions_of_different_intensity,5,MOS,3.70732,3.70732,-1.977117438,1.977117438,-1.977117438
TID2013,13,i13.png,i13_16_1.png,intensity_shift,1,MOS,5.60465,5.60465,-0.260334819,0.260334819,-0.260334819
TID2013,13,i13.png,i13_16_2.png,intensity_shift,2,MOS,5.27907,5.27907,-0.525698988,0.525698988,-0.525698988
TID2013,13,i13.png,i13_16_3.png,intensity_shift,3,MOS,5.43902,5.43902,-0.332966152,0.332966152,-0.332966152
TID2013,13,i13.png,i13_16_4.png,intensity_shift,4,MOS,4.29268,4.29268,-1.287955567,1.287955567,-1.287955567
TID2013,13,i13.png,i13_16_5.png,intensity_shift,5,MOS,4.44186,4.44186,-1.104040529,1.104040529,-1.104040529
TID2013,13,i13.png,i13_17_1.png,contrast_change,1,MOS,4.48837,4.48837,-0.993973932,0.993973932,-0.993973932
TID2013,13,i13.png,i13_17_2.png,contrast_change,2,MOS,6.62791,6.62791,0.326315993,-0.326315993,0.326315993
TID2013,13,i13.png,i13_17_3.png,contrast_change,3,MOS,3.72093,3.72093,-1.768788525,1.768788525,-1.768788525
TID2013,13,i13.png,i13_17_4.png,contrast_change,4,MOS,6.48837,6.48837,0.149495838,-0.149495838,0.149495838
TID2013,13,i13.png,i13_17_5.png,contrast_change,5,MOS,2.58537,2.58537,-3.071831308,3.071831308,-3.071831308
TID2013,13,i13.png,i13_18_1.png,change_of_color_saturation,1,MOS,3.95122,3.95122,-1.488281281,1.488281281,-1.488281281
TID2013,13,i13.png,i13_18_2.png,change_of_color_saturation,2,MOS,3.74419,3.74419,-1.785839073,1.785839073,-1.785839073
TID2013,13,i13.png,i13_18_3.png,change_of_color_saturation,3,MOS,3.14286,3.14286,-2.458053652,2.458053652,-2.458053652
TID2013,13,i13.png,i13_18_4.png,change_of_color_saturation,4,MOS,2.84615,2.84615,-2.646224703,2.646224703,-2.646224703
TID2013,13,i13.png,i13_18_5.png,change_of_color_saturation,5,MOS,2.73171,2.73171,-2.95653492,2.95653492,-2.95653492
TID2013,13,i13.png,i13_19_1.png,multiplicative_gaussian_noise,1,MOS,5.2439,5.2439,-0.483000366,0.483000366,-0.483000366
TID2013,13,i13.png,i13_19_2.png,multiplicative_gaussian_noise,2,MOS,5.2619,5.2619,-0.465343744,0.465343744,-0.465343744
TID2013,13,i13.png,i13_19_3.png,multiplicative_gaussian_noise,3,MOS,5.32558,5.32558,-0.519425325,0.519425325,-0.519425325
TID2013,13,i13.png,i13_19_4.png,multiplicative_gaussian_noise,4,MOS,4.5122,4.5122,-0.901778228,0.901778228,-0.901778228
TID2013,13,i13.png,i13_19_5.png,multiplicative_gaussian_noise,5,MOS,4.16279,4.16279,-1.532276365,1.532276365,-1.532276365
TID2013,13,i13.png,i13_20_1.png,comfort_noise,1,MOS,5.67442,5.67442,-0.161922141,0.161922141,-0.161922141
TID2013,13,i13.png,i13_20_2.png,comfort_noise,2,MOS,5.09524,5.09524,-0.586652773,0.586652773,-0.586652773
TID2013,13,i13.png,i13_20_3.png,comfort_noise,3,MOS,5.52381,5.52381,-0.360597627,0.360597627,-0.360597627
TID2013,13,i13.png,i13_20_4.png,comfort_noise,4,MOS,5.28571,5.28571,-0.543225243,0.543225243,-0.543225243
TID2013,13,i13.png,i13_20_5.png,comfort_noise,5,MOS,5.23256,5.23256,-0.590176236,0.590176236,-0.590176236
TID2013,13,i13.png,i13_21_1.png,lossy_compression_of_noisy_images,1,MOS,5.65116,5.65116,-0.284244831,0.284244831,-0.284244831
TID2013,13,i13.png,i13_21_2.png,lossy_compression_of_noisy_images,2,MOS,5.54762,5.54762,-0.264744924,0.264744924,-0.264744924
TID2013,13,i13.png,i13_21_3.png,lossy_compression_of_noisy_images,3,MOS,5.09524,5.09524,-0.583096607,0.583096607,-0.583096607
TID2013,13,i13.png,i13_21_4.png,lossy_compression_of_noisy_images,4,MOS,4.72093,4.72093,-1.007773818,1.007773818,-1.007773818
TID2013,13,i13.png,i13_21_5.png,lossy_compression_of_noisy_images,5,MOS,3.47619,3.47619,-2.14372723,2.14372723,-2.14372723
TID2013,13,i13.png,i13_22_1.png,image_color_quantization_with_dither,1,MOS,5.42857,5.42857,-0.399840534,0.399840534,-0.399840534
TID2013,13,i13.png,i13_22_2.png,image_color_quantization_with_dither,2,MOS,4.78049,4.78049,-0.736664228,0.736664228,-0.736664228
TID2013,13,i13.png,i13_22_3.png,image_color_quantization_with_dither,3,MOS,3.97674,3.97674,-1.466589734,1.466589734,-1.466589734
TID2013,13,i13.png,i13_22_4.png,image_color_quantization_with_dither,4,MOS,2.93023,2.93023,-2.778638396,2.778638396,-2.778638396
TID2013,13,i13.png,i13_22_5.png,image_color_quantization_with_dither,5,MOS,2.4186,2.4186,-3.712175851,3.712175851,-3.712175851
TID2013,13,i13.png,i13_23_1.png,chromatic_aberrations,1,MOS,5.65116,5.65116,-0.375688107,0.375688107,-0.375688107
TID2013,13,i13.png,i13_23_2.png,chromatic_aberrations,2,MOS,5.39535,5.39535,-0.413235305,0.413235305,-0.413235305
TID2013,13,i13.png,i13_23_3.png,chromatic_aberrations,3,MOS,5.45,5.45,-0.344369331,0.344369331,-0.344369331
TID2013,13,i13.png,i13_23_4.png,chromatic_aberrations,4,MOS,5.04651,5.04651,-0.617353424,0.617353424,-0.617353424
TID2013,13,i13.png,i13_23_5.png,chromatic_aberrations,5,MOS,5.2093,5.2093,-0.546910622,0.546910622,-0.546910622
TID2013,13,i13.png,i13_24_1.png,sparse_sampling_and_reconstruction,1,MOS,5.44186,5.44186,-0.413850311,0.413850311,-0.413850311
TID2013,13,i13.png,i13_24_2.png,sparse_sampling_and_reconstruction,2,MOS,5.19048,5.19048,-0.491748043,0.491748043,-0.491748043
TID2013,13,i13.png,i13_24_3.png,sparse_sampling_and_reconstruction,3,MOS,4.39535,4.39535,-1.066495016,1.066495016,-1.066495016
TID2013,13,i13.png,i13_24_4.png,sparse_sampling_and_reconstruction,4,MOS,3.86047,3.86047,-1.634978022,1.634978022,-1.634978022
TID2013,13,i13.png,i13_24_5.png,sparse_sampling_and_reconstruction,5,MOS,2.88095,2.88095,-2.805239444,2.805239444,-2.805239444
TID2013,14,i14.png,i14_01_1.png,additive_gaussian_noise,1,MOS,5.89189,5.89189,-0.339638153,0.339638153,-0.339638153
TID2013,14,i14.png,i14_01_2.png,additive_gaussian_noise,2,MOS,5.69444,5.69444,-0.442676483,0.442676483,-0.442676483
TID2013,14,i14.png,i14_01_3.png,additive_gaussian_noise,3,MOS,4.77778,4.77778,-1.155038058,1.155038058,-1.155038058
TID2013,14,i14.png,i14_01_4.png,additive_gaussian_noise,4,MOS,4.31429,4.31429,-1.581711137,1.581711137,-1.581711137
TID2013,14,i14.png,i14_01_5.png,additive_gaussian_noise,5,MOS,3.75,3.75,-2.341041722,2.341041722,-2.341041722
TID2013,14,i14.png,i14_02_1.png,additive_noise_in_color_more_intensive_than_additive_noise_in_the_luminance,1,MOS,5.97297,5.97297,-0.350707688,0.350707688,-0.350707688
TID2013,14,i14.png,i14_02_2.png,additive_noise_in_color_more_intensive_than_additive_noise_in_the_luminance,2,MOS,5.91667,5.91667,-0.439695001,0.439695001,-0.439695001
TID2013,14,i14.png,i14_02_3.png,additive_noise_in_color_more_intensive_than_additive_noise_in_the_luminance,3,MOS,5.77143,5.77143,-0.482176575,0.482176575,-0.482176575
TID2013,14,i14.png,i14_02_4.png,additive_noise_in_color_more_intensive_than_additive_noise_in_the_luminance,4,MOS,5.13889,5.13889,-0.999204014,0.999204014,-0.999204014
TID2013,14,i14.png,i14_02_5.png,additive_noise_in_color_more_intensive_than_additive_noise_in_the_luminance,5,MOS,4.52778,4.52778,-1.43126215,1.43126215,-1.43126215
TID2013,14,i14.png,i14_03_1.png,spatially_correlated_noise,1,MOS,5.19444,5.19444,-0.861404283,0.861404283,-0.861404283
TID2013,14,i14.png,i14_03_2.png,spatially_correlated_noise,2,MOS,4.43243,4.43243,-1.474844382,1.474844382,-1.474844382
TID2013,14,i14.png,i14_03_3.png,spatially_correlated_noise,3,MOS,3.77778,3.77778,-2.227755578,2.227755578,-2.227755578
TID2013,14,i14.png,i14_03_4.png,spatially_correlated_noise,4,MOS,3.08333,3.08333,-2.939462144,2.939462144,-2.939462144
TID2013,14,i14.png,i14_03_5.png,spatially_correlated_noise,5,MOS,2.59459,2.59459,-3.629190411,3.629190411,-3.629190411
TID2013,14,i14.png,i14_04_1.png,masked_noise,1,MOS,6.02857,6.02857,-0.276735815,0.276735815,-0.276735815
TID2013,14,i14.png,i14_04_2.png,masked_noise,2,MOS,5.63889,5.63889,-0.558305981,0.558305981,-0.558305981
TID2013,14,i14.png,i14_04_3.png,masked_noise,3,MOS,5.5,5.5,-0.675569716,0.675569716,-0.675569716
TID2013,14,i14.png,i14_04_4.png,masked_noise,4,MOS,4.65714,4.65714,-1.318451863,1.318451863,-1.318451863
TID2013,14,i14.png,i14_04_5.png,masked_noise,5,MOS,4.02778,4.02778,-1.977911926,1.977911926,-1.977911926
TID2013,14,i14.png,i14_05_1.png,high_frequency_noise,1,MOS,6.05405,6.05405,-0.260635979,0.260635979,-0.260635979
TID2013,14,i14.png,i14_05_2.png,high_frequency_noise,2,MOS,5.59459,5.59459,-0.536070278,0.536070278,-0.536070278
TID2013,14,i14.png,i14_05_3.png,high_frequency_noise,3,MOS,4.97222,4.97222,-1.132444752,1.132444752,-1.132444752
TID2013,14,i14.png,i14_05_4.png,high_frequency_noise,4,MOS,4.16216,4.16216,-1.784928292,1.784928292,-1.784928292
TID2013,14,i14.png,i14_05_5.png,high_frequency_noise,5,MOS,3.02703,3.02703,-3.216378309,3.216378309,-3.216378309
TID2013,14,i14.png,i14_06_1.png,impulse_noise,1,MOS,5.08333,5.08333,-0.990540646,0.990540646,-0.990540646
TID2013,14,i14.png,i14_06_2.png,impulse_noise,2,MOS,4.33333,4.33333,-1.518431204,1.518431204,-1.518431204
TID2013,14,i14.png,i14_06_3.png,impulse_noise,3,MOS,4.02778,4.02778,-1.983389231,1.983389231,-1.983389231
TID2013,14,i14.png,i14_06_4.png,impulse_noise,4,MOS,3.77778,3.77778,-2.431502888,2.431502888,-2.431502888
TID2013,14,i14.png,i14_06_5.png,impulse_noise,5,MOS,3.16667,3.16667,-2.970667009,2.970667009,-2.970667009
TID2013,14,i14.png,i14_07_1.png,quantization_noise,1,MOS,5.72222,5.72222,-0.499688029,0.499688029,-0.499688029
TID2013,14,i14.png,i14_07_2.png,quantization_noise,2,MOS,5.44444,5.44444,-0.650805324,0.650805324,-0.650805324
TID2013,14,i14.png,i14_07_3.png,quantization_noise,3,MOS,4.27778,4.27778,-1.695164915,1.695164915,-1.695164915
TID2013,14,i14.png,i14_07_4.png,quantization_noise,4,MOS,3.61111,3.61111,-2.476690216,2.476690216,-2.476690216
TID2013,14,i14.png,i14_07_5.png,quantization_noise,5,MOS,2.91892,2.91892,-3.410831059,3.410831059,-3.410831059
TID2013,14,i14.png,i14_08_1.png,gaussian_blur,1,MOS,5.43243,5.43243,-0.717026161,0.717026161,-0.717026161
TID2013,14,i14.png,i14_08_2.png,gaussian_blur,2,MOS,4.55556,4.55556,-1.545617111,1.545617111,-1.545617111
TID2013,14,i14.png,i14_08_3.png,gaussian_blur,3,MOS,3.48649,3.48649,-2.602716725,2.602716725,-2.602716725
TID2013,14,i14.png,i14_08_4.png,gaussian_blur,4,MOS,2.83784,2.83784,-3.472505077,3.472505077,-3.472505077
TID2013,14,i14.png,i14_08_5.png,gaussian_blur,5,MOS,1.59459,1.59459,-4.922456631,4.922456631,-4.922456631
TID2013,14,i14.png,i14_09_1.png,image_denoising,1,MOS,6.05405,6.05405,-0.244657623,0.244657623,-0.244657623
TID2013,14,i14.png,i14_09_2.png,image_denoising,2,MOS,5.89189,5.89189,-0.390440265,0.390440265,-0.390440265
TID2013,14,i14.png,i14_09_3.png,image_denoising,3,MOS,4.5,4.5,-1.347034587,1.347034587,-1.347034587
TID2013,14,i14.png,i14_09_4.png,image_denoising,4,MOS,2.89189,2.89189,-3.274464452,3.274464452,-3.274464452
TID2013,14,i14.png,i14_09_5.png,image_denoising,5,MOS,1.75,1.75,-4.843752056,4.843752056,-4.843752056
TID2013,14,i14.png,i14_10_1.png,JPEG_compression,1,MOS,5.77778,5.77778,-0.588101453,0.588101453,-0.588101453
TID2013,14,i14.png,i14_10_2.png,JPEG_compression,2,MOS,5.16667,5.16667,-0.786841831,0.786841831,-0.786841831
TID2013,14,i14.png,i14_10_3.png,JPEG_compression,3,MOS,4.25,4.25,-1.551478965,1.551478965,-1.551478965
TID2013,14,i14.png,i14_10_4.png,JPEG_compression,4,MOS,3.05556,3.05556,-3.009020888,3.009020888,-3.009020888
TID2013,14,i14.png,i14_10_5.png,JPEG_compression,5,MOS,1.86111,1.86111,-4.458636753,4.458636753,-4.458636753
TID2013,14,i14.png,i14_11_1.png,JPEG2000_compression,1,MOS,5.97297,5.97297,-0.271370134,0.271370134,-0.271370134
TID2013,14,i14.png,i14_11_2.png,JPEG2000_compression,2,MOS,5.47222,5.47222,-0.602983334,0.602983334,-0.602983334
TID2013,14,i14.png,i14_11_3.png,JPEG2000_compression,3,MOS,4.24324,4.24324,-1.751066917,1.751066917,-1.751066917
TID2013,14,i14.png,i14_11_4.png,JPEG2000_compression,4,MOS,3.08333,3.08333,-3.067993195,3.067993195,-3.067993195
TID2013,14,i14.png,i14_11_5.png,JPEG2000_compression,5,MOS,1.28571,1.28571,-5.177980938,5.177980938,-5.177980938
TID2013,14,i14.png,i14_12_1.png,JPEG_transmission_errors,1,MOS,5.81081,5.81081,-0.403080299,0.403080299,-0.403080299
TID2013,14,i14.png,i14_12_2.png,JPEG_transmission_errors,2,MOS,5.64706,5.64706,-0.555823098,0.555823098,-0.555823098
TID2013,14,i14.png,i14_12_3.png,JPEG_transmission_errors,3,MOS,4.05714,4.05714,-1.932416658,1.932416658,-1.932416658
TID2013,14,i14.png,i14_12_4.png,JPEG_transmission_errors,4,MOS,4.13514,4.13514,-2.008525894,2.008525894,-2.008525894
TID2013,14,i14.png,i14_12_5.png,JPEG_transmission_errors,5,MOS,3.18919,3.18919,-2.895551119,2.895551119,-2.895551119
TID2013,14,i14.png,i14_13_1.png,JPEG2000_transmission_errors,1,MOS,5.02703,5.02703,-0.953058405,0.953058405,-0.953058405
TID2013,14,i14.png,i14_13_2.png,JPEG2000_transmission_errors,2,MOS,4.52778,4.52778,-1.290088219,1.290088219,-1.290088219
TID2013,14,i14.png,i14_13_3.png,JPEG2000_transmission_errors,3,MOS,3.62162,3.62162,-2.555185433,2.555185433,-2.555185433
TID2013,14,i14.png,i14_13_4.png,JPEG2000_transmission_errors,4,MOS,3.08333,3.08333,-2.991205247,2.991205247,-2.991205247
TID2013,14,i14.png,i14_13_5.png,JPEG2000_transmission_errors,5,MOS,1.91667,1.91667,-4.526917414,4.526917414,-4.526917414
TID2013,14,i14.png,i14_14_1.png,non_eccentricity_pattern_noise,1,MOS,6.05405,6.05405,-0.273287684,0.273287684,-0.273287684
TID2013,14,i14.png,i14_14_2.png,non_eccentricity_pattern_noise,2,MOS,5.7027,5.7027,-0.472305173,0.472305173,-0.472305173
TID2013,14,i14.png,i14_14_3.png,non_eccentricity_pattern_noise,3,MOS,4.69444,4.69444,-1.308002473,1.308002473,-1.308002473
TID2013,14,i14.png,i14_14_4.png,non_eccentricity_pattern_noise,4,MOS,4.16667,4.16667,-1.854130749,1.854130749,-1.854130749
TID2013,14,i14.png,i14_14_5.png,non_eccentricity_pattern_noise,5,MOS,3.37143,3.37143,-2.61700586,2.61700586,-2.61700586
TID2013,14,i14.png,i14_15_1.png,local_block_wise_distortions_of_different_intensity,1,MOS,2.94595,2.94595,-3.196421563,3.196421563,-3.196421563
TID2013,14,i14.png,i14_15_2.png,local_block_wise_distortions_of_different_intensity,2,MOS,3.35135,3.35135,-2.882967924,2.882967924,-2.882967924
TID2013,14,i14.png,i14_15_3.png,local_block_wise_distortions_of_different_intensity,3,MOS,3.52941,3.52941,-2.593655595,2.593655595,-2.593655595
TID2013,14,i14.png,i14_15_4.png,local_block_wise_distortions_of_different_intensity,4,MOS,3.62162,3.62162,-2.370516305,2.370516305,-2.370516305
TID2013,14,i14.png,i14_15_5.png,local_block_wise_distortions_of_different_intensity,5,MOS,3.97297,3.97297,-1.966600099,1.966600099,-1.966600099
TID2013,14,i14.png,i14_16_1.png,intensity_shift,1,MOS,5.77143,5.77143,-0.314206864,0.314206864,-0.314206864
TID2013,14,i14.png,i14_16_2.png,intensity_shift,2,MOS,5.97297,5.97297,-0.366090763,0.366090763,-0.366090763
TID2013,14,i14.png,i14_16_3.png,intensity_shift,3,MOS,5.30556,5.30556,-0.837629963,0.837629963,-0.837629963
TID2013,14,i14.png,i14_16_4.png,intensity_shift,4,MOS,5.17143,5.17143,-0.772338463,0.772338463,-0.772338463
TID2013,14,i14.png,i14_16_5.png,intensity_shift,5,MOS,4.02857,4.02857,-1.754718503,1.754718503,-1.754718503
TID2013,14,i14.png,i14_17_1.png,contrast_change,1,MOS,5.40541,5.40541,-0.74463387,0.74463387,-0.74463387
TID2013,14,i14.png,i14_17_2.png,contrast_change,2,MOS,6.43243,6.43243,0.069861542,-0.069861542,0.069861542
TID2013,14,i14.png,i14_17_3.png,contrast_change,3,MOS,4.13889,4.13889,-1.868078715,1.868078715,-1.868078715
TID2013,14,i14.png,i14_17_4.png,contrast_change,4,MOS,5.91892,5.91892,-0.423161321,0.423161321,-0.423161321
TID2013,14,i14.png,i14_17_5.png,contrast_change,5,MOS,3.24324,3.24324,-2.842733455,2.842733455,-2.842733455
TID2013,14,i14.png,i14_18_1.png,change_of_color_saturation,1,MOS,5.37143,5.37143,-0.600403417,0.600403417,-0.600403417
TID2013,14,i14.png,i14_18_2.png,change_of_color_saturation,2,MOS,5.13889,5.13889,-0.959896954,0.959896954,-0.959896954
TID2013,14,i14.png,i14_18_3.png,change_of_color_saturation,3,MOS,4.66667,4.66667,-1.305692587,1.305692587,-1.305692587
TID2013,14,i14.png,i14_18_4.png,change_of_color_saturation,4,MOS,4.14706,4.14706,-1.674921177,1.674921177,-1.674921177
TID2013,14,i14.png,i14_18_5.png,change_of_color_saturation,5,MOS,3.75,3.75,-2.140888611,2.140888611,-2.140888611
TID2013,14,i14.png,i14_19_1.png,multiplicative_gaussian_noise,1,MOS,5.37143,5.37143,-0.633531145,0.633531145,-0.633531145
TID2013,14,i14.png,i14_19_2.png,multiplicative_gaussian_noise,2,MOS,5.11111,5.11111,-0.921228106,0.921228106,-0.921228106
TID2013,14,i14.png,i14_19_3.png,multiplicative_gaussian_noise,3,MOS,4.97222,4.97222,-1.200441741,1.200441741,-1.200441741
TID2013,14,i14.png,i14_19_4.png,multiplicative_gaussian_noise,4,MOS,3.91429,3.91429,-1.940195369,1.940195369,-1.940195369
TID2013,14,i14.png,i14_19_5.png,multiplicative_gaussian_noise,5,MOS,3.22857,3.22857,-2.67249194,2.67249194,-2.67249194
TID2013,14,i14.png,i14_20_1.png,comfort_noise,1,MOS,5.72222,5.72222,-0.39256851,0.39256851,-0.39256851
TID2013,14,i14.png,i14_20_2.png,comfort_noise,2,MOS,5.59459,5.59459,-0.567079332,0.567079332,-0.567079332
TID2013,14,i14.png,i14_20_3.png,comfort_noise,3,MOS,5.41667,5.41667,-0.900004844,0.900004844,-0.900004844
TID2013,14,i14.png,i14_20_4.png,comfort_noise,4,MOS,4.19444,4.19444,-1.639445175,1.639445175,-1.639445175
TID2013,14,i14.png,i14_20_5.png,comfort_noise,5,MOS,3.27027,3.27027,-2.893956086,2.893956086,-2.893956086
TID2013,14,i14.png,i14_21_1.png,lossy_compression_of_noisy_images,1,MOS,5.2973,5.2973,-0.739944228,0.739944228,-0.739944228
TID2013,14,i14.png,i14_21_2.png,lossy_compression_of_noisy_images,2,MOS,5.16667,5.16667,-0.905636599,0.905636599,-0.905636599
TID2013,14,i14.png,i14_21_3.png,lossy_compression_of_noisy_images,3,MOS,4.54054,4.54054,-1.526536478,1.526536478,-1.526536478
TID2013,14,i14.png,i14_21_4.png,lossy_compression_of_noisy_images,4,MOS,3.75,3.75,-2.448053411,2.448053411,-2.448053411
TID2013,14,i14.png,i14_21_5.png,lossy_compression_of_noisy_images,5,MOS,2.64865,2.64865,-3.69910949,3.69910949,-3.69910949
TID2013,14,i14.png,i14_22_1.png,image_color_quantization_with_dither,1,MOS,5.40541,5.40541,-0.685561651,0.685561651,-0.685561651
TID2013,14,i14.png,i14_22_2.png,image_color_quantization_with_dither,2,MOS,5.37143,5.37143,-0.661552833,0.661552833,-0.661552833
TID2013,14,i14.png,i14_22_3.png,image_color_quantization_with_dither,3,MOS,5.05556,5.05556,-0.852420735,0.852420735,-0.852420735
TID2013,14,i14.png,i14_22_4.png,image_color_quantization_with_dither,4,MOS,3.97143,3.97143,-1.859034262,1.859034262,-1.859034262
TID2013,14,i14.png,i14_22_5.png,image_color_quantization_with_dither,5,MOS,3.27778,3.27778,-2.930082973,2.930082973,-2.930082973
TID2013,14,i14.png,i14_23_1.png,chromatic_aberrations,1,MOS,6.02778,6.02778,-0.398101803,0.398101803,-0.398101803
TID2013,14,i14.png,i14_23_2.png,chromatic_aberrations,2,MOS,6.02703,6.02703,-0.358793241,0.358793241,-0.358793241
TID2013,14,i14.png,i14_23_3.png,chromatic_aberrations,3,MOS,5.61111,5.61111,-0.578199951,0.578199951,-0.578199951
TID2013,14,i14.png,i14_23_4.png,chromatic_aberrations,4,MOS,5.0,5.0,-0.966636846,0.966636846,-0.966636846
TID2013,14,i14.png,i14_23_5.png,chromatic_aberrations,5,MOS,2.77778,2.77778,-3.317036083,3.317036083,-3.317036083
TID2013,14,i14.png,i14_24_1.png,sparse_sampling_and_reconstruction,1,MOS,6.13514,6.13514,-0.246952262,0.246952262,-0.246952262
TID2013,14,i14.png,i14_24_2.png,sparse_sampling_and_reconstruction,2,MOS,5.58333,5.58333,-0.554532254,0.554532254,-0.554532254
TID2013,14,i14.png,i14_24_3.png,sparse_sampling_and_reconstruction,3,MOS,4.44444,4.44444,-1.545729007,1.545729007,-1.545729007
TID2013,14,i14.png,i14_24_4.png,sparse_sampling_and_reconstruction,4,MOS,3.18919,3.18919,-2.940924925,2.940924925,-2.940924925
TID2013,14,i14.png,i14_24_5.png,sparse_sampling_and_reconstruction,5,MOS,0.91892,0.91892,-5.513592926,5.513592926,-5.513592926
TID2013,15,i15.png,i15_01_1.png,additive_gaussian_noise,1,MOS,5.82222,5.82222,-0.34472642,0.34472642,-0.34472642
TID2013,15,i15.png,i15_01_2.png,additive_gaussian_noise,2,MOS,5.06818,5.06818,-0.826637879,0.826637879,-0.826637879
TID2013,15,i15.png,i15_01_3.png,additive_gaussian_noise,3,MOS,4.95556,4.95556,-1.149786798,1.149786798,-1.149786798
TID2013,15,i15.png,i15_01_4.png,additive_gaussian_noise,4,MOS,4.27907,4.27907,-1.73167764,1.73167764,-1.73167764
TID2013,15,i15.png,i15_01_5.png,additive_gaussian_noise,5,MOS,3.91111,3.91111,-2.438449501,2.438449501,-2.438449501
TID2013,15,i15.png,i15_02_1.png,additive_noise_in_color_more_intensive_than_additive_noise_in_the_luminance,1,MOS,6.09091,6.09091,-0.046729477,0.046729477,-0.046729477
TID2013,15,i15.png,i15_02_2.png,additive_noise_in_color_more_intensive_than_additive_noise_in_the_luminance,2,MOS,5.81818,5.81818,-0.265339207,0.265339207,-0.265339207
TID2013,15,i15.png,i15_02_3.png,additive_noise_in_color_more_intensive_than_additive_noise_in_the_luminance,3,MOS,5.63636,5.63636,-0.506984997,0.506984997,-0.506984997
TID2013,15,i15.png,i15_02_4.png,additive_noise_in_color_more_intensive_than_additive_noise_in_the_luminance,4,MOS,4.88636,4.88636,-1.084077887,1.084077887,-1.084077887
TID2013,15,i15.png,i15_02_5.png,additive_noise_in_color_more_intensive_than_additive_noise_in_the_luminance,5,MOS,4.63636,4.63636,-1.395377961,1.395377961,-1.395377961
TID2013,15,i15.png,i15_03_1.png,spatially_correlated_noise,1,MOS,4.32558,4.32558,-1.697816595,1.697816595,-1.697816595
TID2013,15,i15.png,i15_03_2.png,spatially_correlated_noise,2,MOS,3.81395,3.81395,-2.214299726,2.214299726,-2.214299726
TID2013,15,i15.png,i15_03_3.png,spatially_correlated_noise,3,MOS,3.61364,3.61364,-2.704754043,2.704754043,-2.704754043
TID2013,15,i15.png,i15_03_4.png,spatially_correlated_noise,4,MOS,3.17778,3.17778,-3.412388745,3.412388745,-3.412388745
TID2013,15,i15.png,i15_03_5.png,spatially_correlated_noise,5,MOS,2.62791,2.62791,-4.092495996,4.092495996,-4.092495996
TID2013,15,i15.png,i15_04_1.png,masked_noise,1,MOS,6.02273,6.02273,-0.033065149,0.033065149,-0.033065149
TID2013,15,i15.png,i15_04_2.png,masked_noise,2,MOS,6.04444,6.04444,-0.157328097,0.157328097,-0.157328097
TID2013,15,i15.png,i15_04_3.png,masked_noise,3,MOS,5.83721,5.83721,-0.233505102,0.233505102,-0.233505102
TID2013,15,i15.png,i15_04_4.png,masked_noise,4,MOS,5.77778,5.77778,-0.322288584,0.322288584,-0.322288584
TID2013,15,i15.png,i15_04_5.png,masked_noise,5,MOS,4.97727,4.97727,-1.054563598,1.054563598,-1.054563598
TID2013,15,i15.png,i15_05_1.png,high_frequency_noise,1,MOS,5.78571,5.78571,-0.200647942,0.200647942,-0.200647942
TID2013,15,i15.png,i15_05_2.png,high_frequency_noise,2,MOS,5.65116,5.65116,-0.372238829,0.372238829,-0.372238829
TID2013,15,i15.png,i15_05_3.png,high_frequency_noise,3,MOS,5.11364,5.11364,-0.887764843,0.887764843,-0.887764843
TID2013,15,i15.png,i15_05_4.png,high_frequency_noise,4,MOS,4.06818,4.06818,-1.954214521,1.954214521,-1.954214521
TID2013,15,i15.png,i15_05_5.png,high_frequency_noise,5,MOS,3.31818,3.31818,-3.112800193,3.112800193,-3.112800193
TID2013,15,i15.png,i15_06_1.png,impulse_noise,1,MOS,4.43182,4.43182,-1.57460118,1.57460118,-1.57460118
TID2013,15,i15.png,i15_06_2.png,impulse_noise,2,MOS,4.17778,4.17778,-2.06144032,2.06144032,-2.06144032
TID2013,15,i15.png,i15_06_3.png,impulse_noise,3,MOS,3.97674,3.97674,-2.301840478,2.301840478,-2.301840478
TID2013,15,i15.png,i15_06_4.png,impulse_noise,4,MOS,3.36364,3.36364,-3.062513991,3.062513991,-3.062513991
TID2013,15,i15.png,i15_06_5.png,impulse_noise,5,MOS,3.17778,3.17778,-3.515387579,3.515387579,-3.515387579
TID2013,15,i15.png,i15_07_1.png,quantization_noise,1,MOS,4.81395,4.81395,-1.567946525,1.567946525,-1.567946525
TID2013,15,i15.png,i15_07_2.png,quantization_noise,2,MOS,3.93023,3.93023,-2.322572759,2.322572759,-2.322572759
TID2013,15,i15.png,i15_07_3.png,quantization_noise,3,MOS,3.61364,3.61364,-2.590053354,2.590053354,-2.590053354
TID2013,15,i15.png,i15_07_4.png,quantization_noise,4,MOS,2.91111,2.91111,-3.761338051,3.761338051,-3.761338051
TID2013,15,i15.png,i15_07_5.png,quantization_noise,5,MOS,2.44444,2.44444,-4.45671281,4.45671281,-4.45671281
TID2013,15,i15.png,i15_08_1.png,gaussian_blur,1,MOS,5.95556,5.95556,-0.16181453,0.16181453,-0.16181453
TID2013,15,i15.png,i15_08_2.png,gaussian_blur,2,MOS,6.06667,6.06667,-0.199744318,0.199744318,-0.199744318
TID2013,15,i15.png,i15_08_3.png,gaussian_blur,3,MOS,5.13636,5.13636,-0.933153999,0.933153999,-0.933153999
TID2013,15,i15.png,i15_08_4.png,gaussian_blur,4,MOS,3.93182,3.93182,-2.211332303,2.211332303,-2.211332303
TID2013,15,i15.png,i15_08_5.png,gaussian_blur,5,MOS,3.36364,3.36364,-3.000292525,3.000292525,-3.000292525
TID2013,15,i15.png,i15_09_1.png,image_denoising,1,MOS,5.93023,5.93023,-0.291372661,0.291372661,-0.291372661
TID2013,15,i15.png,i15_09_2.png,image_denoising,2,MOS,5.54545,5.54545,-0.420247262,0.420247262,-0.420247262
TID2013,15,i15.png,i15_09_3.png,image_denoising,3,MOS,4.69767,4.69767,-1.241829925,1.241829925,-1.241829925
TID2013,15,i15.png,i15_09_4.png,image_denoising,4,MOS,3.74419,3.74419,-2.552857708,2.552857708,-2.552857708
TID2013,15,i15.png,i15_09_5.png,image_denoising,5,MOS,2.5,2.5,-4.590718609,4.590718609,-4.590718609
TID2013,15,i15.png,i15_10_1.png,JPEG_compression,1,MOS,5.77778,5.77778,-0.241188508,0.241188508,-0.241188508
TID2013,15,i15.png,i15_10_2.png,JPEG_compression,2,MOS,5.70455,5.70455,-0.287698286,0.287698286,-0.287698286
TID2013,15,i15.png,i15_10_3.png,JPEG_compression,3,MOS,4.6,4.6,-1.37178403,1.37178403,-1.37178403
TID2013,15,i15.png,i15_10_4.png,JPEG_compression,4,MOS,3.17778,3.17778,-3.447444226,3.447444226,-3.447444226
TID2013,15,i15.png,i15_10_5.png,JPEG_compression,5,MOS,1.86667,1.86667,-5.619121758,5.619121758,-5.619121758
TID2013,15,i15.png,i15_11_1.png,JPEG2000_compression,1,MOS,5.84444,5.84444,-0.415107469,0.415107469,-0.415107469
TID2013,15,i15.png,i15_11_2.png,JPEG2000_compression,2,MOS,4.4,4.4,-1.793200178,1.793200178,-1.793200178
TID2013,15,i15.png,i15_11_3.png,JPEG2000_compression,3,MOS,3.04878,3.04878,-3.416332147,3.416332147,-3.416332147
TID2013,15,i15.png,i15_11_4.png,JPEG2000_compression,4,MOS,2.0,2.0,-5.128049453,5.128049453,-5.128049453
TID2013,15,i15.png,i15_11_5.png,JPEG2000_compression,5,MOS,0.65116,0.65116,-6.858627355,6.858627355,-6.858627355
TID2013,15,i15.png,i15_12_1.png,JPEG_transmission_errors,1,MOS,5.66667,5.66667,-0.426909885,0.426909885,-0.426909885
TID2013,15,i15.png,i15_12_2.png,JPEG_transmission_errors,2,MOS,5.40909,5.40909,-0.575991855,0.575991855,-0.575991855
TID2013,15,i15.png,i15_12_3.png,JPEG_transmission_errors,3,MOS,4.22222,4.22222,-1.807515267,1.807515267,-1.807515267
TID2013,15,i15.png,i15_12_4.png,JPEG_transmission_errors,4,MOS,3.2,3.2,-3.590993496,3.590993496,-3.590993496
TID2013,15,i15.png,i15_12_5.png,JPEG_transmission_errors,5,MOS,2.56818,2.56818,-4.352721284,4.352721284,-4.352721284
TID2013,15,i15.png,i15_13_1.png,JPEG2000_transmission_errors,1,MOS,4.84091,4.84091,-1.108875695,1.108875695,-1.108875695
TID2013,15,i15.png,i15_13_2.png,JPEG2000_transmission_errors,2,MOS,3.76744,3.76744,-2.531978932,2.531978932,-2.531978932
TID2013,15,i15.png,i15_13_3.png,JPEG2000_transmission_errors,3,MOS,3.34884,3.34884,-3.204377467,3.204377467,-3.204377467
TID2013,15,i15.png,i15_13_4.png,JPEG2000_transmission_errors,4,MOS,2.86364,2.86364,-3.968603767,3.968603767,-3.968603767
TID2013,15,i15.png,i15_13_5.png,JPEG2000_transmission_errors,5,MOS,2.11364,2.11364,-5.309926923,5.309926923,-5.309926923
TID2013,15,i15.png,i15_14_1.png,non_eccentricity_pattern_noise,1,MOS,5.59091,5.59091,-0.396410233,0.396410233,-0.396410233
TID2013,15,i15.png,i15_14_2.png,non_eccentricity_pattern_noise,2,MOS,6.15556,6.15556,-0.00640249,0.00640249,-0.00640249
TID2013,15,i15.png,i15_14_3.png,non_eccentricity_pattern_noise,3,MOS,5.95556,5.95556,-0.250113097,0.250113097,-0.250113097
TID2013,15,i15.png,i15_14_4.png,non_eccentricity_pattern_noise,4,MOS,5.02381,5.02381,-0.946611651,0.946611651,-0.946611651
TID2013,15,i15.png,i15_14_5.png,non_eccentricity_pattern_noise,5,MOS,3.79545,3.79545,-2.220166879,2.220166879,-2.220166879
TID2013,15,i15.png,i15_15_1.png,local_block_wise_distortions_of_different_intensity,1,MOS,3.88636,3.88636,-2.457706629,2.457706629,-2.457706629
TID2013,15,i15.png,i15_15_2.png,local_block_wise_distortions_of_different_intensity,2,MOS,4.02273,4.02273,-2.392548305,2.392548305,-2.392548305
TID2013,15,i15.png,i15_15_3.png,local_block_wise_distortions_of_different_intensity,3,MOS,3.95455,3.95455,-2.336068404,2.336068404,-2.336068404
TID2013,15,i15.png,i15_15_4.png,local_block_wise_distortions_of_different_intensity,4,MOS,4.13636,4.13636,-2.084255197,2.084255197,-2.084255197
TID2013,15,i15.png,i15_15_5.png,local_block_wise_distortions_of_different_intensity,5,MOS,4.95455,4.95455,-1.008533702,1.008533702,-1.008533702
TID2013,15,i15.png,i15_16_1.png,intensity_shift,1,MOS,6.22727,6.22727,-0.012823578,0.012823578,-0.012823578
TID2013,15,i15.png,i15_16_2.png,intensity_shift,2,MOS,5.90698,5.90698,-0.105915056,0.105915056,-0.105915056
TID2013,15,i15.png,i15_16_3.png,intensity_shift,3,MOS,5.42222,5.42222,-0.697762636,0.697762636,-0.697762636
TID2013,15,i15.png,i15_16_4.png,intensity_shift,4,MOS,5.38636,5.38636,-0.611950204,0.611950204,-0.611950204
TID2013,15,i15.png,i15_16_5.png,intensity_shift,5,MOS,4.02326,4.02326,-2.20309628,2.20309628,-2.20309628
TID2013,15,i15.png,i15_17_1.png,contrast_change,1,MOS,5.93182,5.93182,-0.27728648,0.27728648,-0.27728648
TID2013,15,i15.png,i15_17_2.png,contrast_change,2,MOS,6.66667,6.66667,0.311191436,-0.311191436,0.311191436
TID2013,15,i15.png,i15_17_3.png,contrast_change,3,MOS,5.0,5.0,-1.118037946,1.118037946,-1.118037946
TID2013,15,i15.png,i15_17_4.png,contrast_change,4,MOS,6.31111,6.31111,-0.055874505,0.055874505,-0.055874505
TID2013,15,i15.png,i15_17_5.png,contrast_change,5,MOS,3.82222,3.82222,-2.574528718,2.574528718,-2.574528718
TID2013,15,i15.png,i15_18_1.png,change_of_color_saturation,1,MOS,5.15556,5.15556,-0.862027751,0.862027751,-0.862027751
TID2013,15,i15.png,i15_18_2.png,change_of_color_saturation,2,MOS,4.81395,4.81395,-1.239533206,1.239533206,-1.239533206
TID2013,15,i15.png,i15_18_3.png,change_of_color_saturation,3,MOS,4.37209,4.37209,-1.643585942,1.643585942,-1.643585942
TID2013,15,i15.png,i15_18_4.png,change_of_color_saturation,4,MOS,4.09091,4.09091,-2.13690442,2.13690442,-2.13690442
TID2013,15,i15.png,i15_18_5.png,change_of_color_saturation,5,MOS,3.76744,3.76744,-2.333534218,2.333534218,-2.333534218
TID2013,15,i15.png,i15_19_1.png,multiplicative_gaussian_noise,1,MOS,5.90909,5.90909,-0.27621675,0.27621675,-0.27621675
TID2013,15,i15.png,i15_19_2.png,multiplicative_gaussian_noise,2,MOS,5.33333,5.33333,-0.62334697,0.62334697,-0.62334697
TID2013,15,i15.png,i15_19_3.png,multiplicative_gaussian_noise,3,MOS,4.72093,4.72093,-1.292210496,1.292210496,-1.292210496
TID2013,15,i15.png,i15_19_4.png,multiplicative_gaussian_noise,4,MOS,4.37209,4.37209,-1.735025802,1.735025802,-1.735025802
TID2013,15,i15.png,i15_19_5.png,multiplicative_gaussian_noise,5,MOS,3.91111,3.91111,-2.222334756,2.222334756,-2.222334756
TID2013,15,i15.png,i15_20_1.png,comfort_noise,1,MOS,6.32558,6.32558,0.066673763,-0.066673763,0.066673763
TID2013,15,i15.png,i15_20_2.png,comfort_noise,2,MOS,5.64444,5.64444,-0.464870298,0.464870298,-0.464870298
TID2013,15,i15.png,i15_20_3.png,comfort_noise,3,MOS,4.74419,4.74419,-1.196749919,1.196749919,-1.196749919
TID2013,15,i15.png,i15_20_4.png,comfort_noise,4,MOS,3.13333,3.13333,-3.199222186,3.199222186,-3.199222186
TID2013,15,i15.png,i15_20_5.png,comfort_noise,5,MOS,2.44444,2.44444,-4.600263632,4.600263632,-4.600263632
TID2013,15,i15.png,i15_21_1.png,lossy_compression_of_noisy_images,1,MOS,5.22727,5.22727,-0.867478745,0.867478745,-0.867478745
TID2013,15,i15.png,i15_21_2.png,lossy_compression_of_noisy_images,2,MOS,4.55556,4.55556,-1.538313343,1.538313343,-1.538313343
TID2013,15,i15.png,i15_21_3.png,lossy_compression_of_noisy_images,3,MOS,3.91111,3.91111,-2.375577187,2.375577187,-2.375577187
TID2013,15,i15.png,i15_21_4.png,lossy_compression_of_noisy_images,4,MOS,3.11364,3.11364,-3.442615508,3.442615508,-3.442615508
TID2013,15,i15.png,i15_21_5.png,lossy_compression_of_noisy_images,5,MOS,2.30233,2.30233,-4.773903217,4.773903217,-4.773903217
TID2013,15,i15.png,i15_22_1.png,image_color_quantization_with_dither,1,MOS,6.33333,6.33333,0.068116697,-0.068116697,0.068116697
TID2013,15,i15.png,i15_22_2.png,image_color_quantization_with_dither,2,MOS,5.8,5.8,-0.316388957,0.316388957,-0.316388957
TID2013,15,i15.png,i15_22_3.png,image_color_quantization_with_dither,3,MOS,5.38636,5.38636,-0.717521364,0.717521364,-0.717521364
TID2013,15,i15.png,i15_22_4.png,image_color_quantization_with_dither,4,MOS,4.48889,4.48889,-1.779432074,1.779432074,-1.779432074
TID2013,15,i15.png,i15_22_5.png,image_color_quantization_with_dither,5,MOS,3.71111,3.71111,-2.58670879,2.58670879,-2.58670879
TID2013,15,i15.png,i15_23_1.png,chromatic_aberrations,1,MOS,5.90909,5.90909,-0.261741632,0.261741632,-0.261741632
TID2013,15,i15.png,i15_23_2.png,chromatic_aberrations,2,MOS,5.90909,5.90909,-0.17352235,0.17352235,-0.17352235
TID2013,15,i15.png,i15_23_3.png,chromatic_aberrations,3,MOS,5.36364,5.36364,-0.656586566,0.656586566,-0.656586566
TID2013,15,i15.png,i15_23_4.png,chromatic_aberrations,4,MOS,4.47727,4.47727,-1.717482262,1.717482262,-1.717482262
TID2013,15,i15.png,i15_23_5.png,chromatic_aberrations,5,MOS,3.37209,3.37209,-2.989582832,2.989582832,-2.989582832
TID2013,15,i15.png,i15_24_1.png,sparse_sampling_and_reconstruction,1,MOS,5.77273,5.77273,-0.323760139,0.323760139,-0.323760139
TID2013,15,i15.png,i15_24_2.png,sparse_sampling_and_reconstruction,2,MOS,4.81395,4.81395,-1.067101092,1.067101092,-1.067101092
TID2013,15,i15.png,i15_24_3.png,sparse_sampling_and_reconstruction,3,MOS,3.22727,3.22727,-3.137648453,3.137648453,-3.137648453
TID2013,15,i15.png,i15_24_4.png,sparse_sampling_and_reconstruction,4,MOS,1.88636,1.88636,-5.720858395,5.720858395,-5.720858395
TID2013,15,i15.png,i15_24_5.png,sparse_sampling_and_reconstruction,5,MOS,0.72727,0.72727,-7.077028164,7.077028164,-7.077028164
TID2013,16,i16.png,i16_01_1.png,additive_gaussian_noise,1,MOS,5.61538,5.61538,-0.861332131,0.861332131,-0.861332131
TID2013,16,i16.png,i16_01_2.png,additive_gaussian_noise,2,MOS,5.65,5.65,-1.084884172,1.084884172,-1.084884172
TID2013,16,i16.png,i16_01_3.png,additive_gaussian_noise,3,MOS,5.02632,5.02632,-1.442137198,1.442137198,-1.442137198
TID2013,16,i16.png,i16_01_4.png,additive_gaussian_noise,4,MOS,4.15385,4.15385,-2.249447722,2.249447722,-2.249447722
TID2013,16,i16.png,i16_01_5.png,additive_gaussian_noise,5,MOS,3.94872,3.94872,-2.867768439,2.867768439,-2.867768439
TID2013,16,i16.png,i16_02_1.png,additive_noise_in_color_more_intensive_than_additive_noise_in_the_luminance,1,MOS,5.9,5.9,-0.620980839,0.620980839,-0.620980839
TID2013,16,i16.png,i16_02_2.png,additive_noise_in_color_more_intensive_than_additive_noise_in_the_luminance,2,MOS,6.15,6.15,-0.518319495,0.518319495,-0.518319495
TID2013,16,i16.png,i16_02_3.png,additive_noise_in_color_more_intensive_than_additive_noise_in_the_luminance,3,MOS,5.575,5.575,-0.947888542,0.947888542,-0.947888542
TID2013,16,i16.png,i16_02_4.png,additive_noise_in_color_more_intensive_than_additive_noise_in_the_luminance,4,MOS,5.2,5.2,-1.279931066,1.279931066,-1.279931066
TID2013,16,i16.png,i16_02_5.png,additive_noise_in_color_more_intensive_than_additive_noise_in_the_luminance,5,MOS,4.61538,4.61538,-1.875210982,1.875210982,-1.875210982
TID2013,16,i16.png,i16_03_1.png,spatially_correlated_noise,1,MOS,4.74359,4.74359,-1.659225151,1.659225151,-1.659225151
TID2013,16,i16.png,i16_03_2.png,spatially_correlated_noise,2,MOS,4.07895,4.07895,-2.392319368,2.392319368,-2.392319368
TID2013,16,i16.png,i16_03_3.png,spatially_correlated_noise,3,MOS,3.69231,3.69231,-2.928616972,2.928616972,-2.928616972
TID2013,16,i16.png,i16_03_4.png,spatially_correlated_noise,4,MOS,3.23684,3.23684,-3.455862667,3.455862667,-3.455862667
TID2013,16,i16.png,i16_03_5.png,spatially_correlated_noise,5,MOS,2.79487,2.79487,-4.19714659,4.19714659,-4.19714659
TID2013,16,i16.png,i16_04_1.png,masked_noise,1,MOS,5.825,5.825,-0.670562807,0.670562807,-0.670562807
TID2013,16,i16.png,i16_04_2.png,masked_noise,2,MOS,5.82051,5.82051,-0.699196578,0.699196578,-0.699196578
TID2013,16,i16.png,i16_04_3.png,masked_noise,3,MOS,5.75,5.75,-0.945022244,0.945022244,-0.945022244
TID2013,16,i16.png,i16_04_4.png,masked_noise,4,MOS,5.12821,5.12821,-1.386694829,1.386694829,-1.386694829
TID2013,16,i16.png,i16_04_5.png,masked_noise,5,MOS,4.61538,4.61538,-1.844472332,1.844472332,-1.844472332
TID2013,16,i16.png,i16_05_1.png,high_frequency_noise,1,MOS,5.8,5.8,-0.716837771,0.716837771,-0.716837771
TID2013,16,i16.png,i16_05_2.png,high_frequency_noise,2,MOS,5.61538,5.61538,-0.826488254,0.826488254,-0.826488254
TID2013,16,i16.png,i16_05_3.png,high_frequency_noise,3,MOS,5.23077,5.23077,-1.237014061,1.237014061,-1.237014061
TID2013,16,i16.png,i16_05_4.png,high_frequency_noise,4,MOS,4.35,4.35,-2.115813309,2.115813309,-2.115813309
TID2013,16,i16.png,i16_05_5.png,high_frequency_noise,5,MOS,3.39474,3.39474,-3.604725638,3.604725638,-3.604725638
TID2013,16,i16.png,i16_06_1.png,impulse_noise,1,MOS,5.28205,5.28205,-1.288131544,1.288131544,-1.288131544
TID2013,16,i16.png,i16_06_2.png,impulse_noise,2,MOS,4.82051,4.82051,-1.683134583,1.683134583,-1.683134583
TID2013,16,i16.png,i16_06_3.png,impulse_noise,3,MOS,4.53846,4.53846,-2.069462063,2.069462063,-2.069462063
TID2013,16,i16.png,i16_06_4.png,impulse_noise,4,MOS,3.97368,3.97368,-2.462234845,2.462234845,-2.462234845
TID2013,16,i16.png,i16_06_5.png,impulse_noise,5,MOS,3.58974,3.58974,-3.034692965,3.034692965,-3.034692965
TID2013,16,i16.png,i16_07_1.png,quantization_noise,1,MOS,5.475,5.475,-1.171306037,1.171306037,-1.171306037
TID2013,16,i16.png,i16_07_2.png,quantization_noise,2,MOS,4.75,4.75,-1.826104259,1.826104259,-1.826104259
TID2013,16,i16.png,i16_07_3.png,quantization_noise,3,MOS,4.35,4.35,-2.34664346,2.34664346,-2.34664346
TID2013,16,i16.png,i16_07_4.png,quantization_noise,4,MOS,3.66667,3.66667,-2.899190736,2.899190736,-2.899190736
TID2013,16,i16.png,i16_07_5.png,quantization_noise,5,MOS,3.10256,3.10256,-3.653165837,3.653165837,-3.653165837
TID2013,16,i16.png,i16_08_1.png,gaussian_blur,1,MOS,5.82051,5.82051,-0.717019543,0.717019543,-0.717019543
TID2013,16,i16.png,i16_08_2.png,gaussian_blur,2,MOS,5.225,5.225,-1.229134773,1.229134773,-1.229134773
TID2013,16,i16.png,i16_08_3.png,gaussian_blur,3,MOS,4.275,4.275,-2.180580878,2.180580878,-2.180580878
TID2013,16,i16.png,i16_08_4.png,gaussian_blur,4,MOS,3.61538,3.61538,-3.145733079,3.145733079,-3.145733079
TID2013,16,i16.png,i16_08_5.png,gaussian_blur,5,MOS,2.925,2.925,-4.119465191,4.119465191,-4.119465191
TID2013,16,i16.png,i16_09_1.png,image_denoising,1,MOS,6.02564,6.02564,-0.573395244,0.573395244,-0.573395244
TID2013,16,i16.png,i16_09_2.png,image_denoising,2,MOS,5.76923,5.76923,-0.814088971,0.814088971,-0.814088971
TID2013,16,i16.png,i16_09_3.png,image_denoising,3,MOS,4.58974,4.58974,-1.741477795,1.741477795,-1.741477795
TID2013,16,i16.png,i16_09_4.png,image_denoising,4,MOS,3.12821,3.12821,-3.570655586,3.570655586,-3.570655586
TID2013,16,i16.png,i16_09_5.png,image_denoising,5,MOS,2.34211,2.34211,-5.004341618,5.004341618,-5.004341618
TID2013,16,i16.png,i16_10_1.png,JPEG_compression,1,MOS,5.9,5.9,-0.599150133,0.599150133,-0.599150133
TID2013,16,i16.png,i16_10_2.png,JPEG_compression,2,MOS,5.76923,5.76923,-0.914002085,0.914002085,-0.914002085
TID2013,16,i16.png,i16_10_3.png,JPEG_compression,3,MOS,5.25641,5.25641,-1.33430003,1.33430003,-1.33430003
TID2013,16,i16.png,i16_10_4.png,JPEG_compression,4,MOS,3.61538,3.61538,-3.086233297,3.086233297,-3.086233297
TID2013,16,i16.png,i16_10_5.png,JPEG_compression,5,MOS,2.46154,2.46154,-4.866193642,4.866193642,-4.866193642
TID2013,16,i16.png,i16_11_1.png,JPEG2000_compression,1,MOS,5.875,5.875,-0.688813068,0.688813068,-0.688813068
TID2013,16,i16.png,i16_11_2.png,JPEG2000_compression,2,MOS,5.075,5.075,-1.355289976,1.355289976,-1.355289976
TID2013,16,i16.png,i16_11_3.png,JPEG2000_compression,3,MOS,2.89744,2.89744,-4.043216624,4.043216624,-4.043216624
TID2013,16,i16.png,i16_11_4.png,JPEG2000_compression,4,MOS,2.075,2.075,-5.9607692,5.9607692,-5.9607692
TID2013,16,i16.png,i16_11_5.png,JPEG2000_compression,5,MOS,0.95,0.95,-7.691598305,7.691598305,-7.691598305
TID2013,16,i16.png,i16_12_1.png,JPEG_transmission_errors,1,MOS,5.875,5.875,-0.669400604,0.669400604,-0.669400604
TID2013,16,i16.png,i16_12_2.png,JPEG_transmission_errors,2,MOS,5.575,5.575,-0.890788619,0.890788619,-0.890788619
TID2013,16,i16.png,i16_12_3.png,JPEG_transmission_errors,3,MOS,4.925,4.925,-1.56282967,1.56282967,-1.56282967
TID2013,16,i16.png,i16_12_4.png,JPEG_transmission_errors,4,MOS,3.28205,3.28205,-3.461261004,3.461261004,-3.461261004
TID2013,16,i16.png,i16_12_5.png,JPEG_transmission_errors,5,MOS,2.6,2.6,-4.641614449,4.641614449,-4.641614449
TID2013,16,i16.png,i16_13_1.png,JPEG2000_transmission_errors,1,MOS,4.6,4.6,-2.046591097,2.046591097,-2.046591097
TID2013,16,i16.png,i16_13_2.png,JPEG2000_transmission_errors,2,MOS,3.81579,3.81579,-2.607691174,2.607691174,-2.607691174
TID2013,16,i16.png,i16_13_3.png,JPEG2000_transmission_errors,3,MOS,4.46154,4.46154,-2.021211452,2.021211452,-2.021211452
TID2013,16,i16.png,i16_13_4.png,JPEG2000_transmission_errors,4,MOS,3.05128,3.05128,-4.023335993,4.023335993,-4.023335993
TID2013,16,i16.png,i16_13_5.png,JPEG2000_transmission_errors,5,MOS,3.625,3.625,-3.141734185,3.141734185,-3.141734185
TID2013,16,i16.png,i16_14_1.png,non_eccentricity_pattern_noise,1,MOS,5.76923,5.76923,-0.740871241,0.740871241,-0.740871241
TID2013,16,i16.png,i16_14_2.png,non_eccentricity_pattern_noise,2,MOS,6.13158,6.13158,-0.402299685,0.402299685,-0.402299685
TID2013,16,i16.png,i16_14_3.png,non_eccentricity_pattern_noise,3,MOS,5.61538,5.61538,-0.767655897,0.767655897,-0.767655897
TID2013,16,i16.png,i16_14_4.png,non_eccentricity_pattern_noise,4,MOS,5.52632,5.52632,-1.009167948,1.009167948,-1.009167948
TID2013,16,i16.png,i16_14_5.png,non_eccentricity_pattern_noise,5,MOS,4.575,4.575,-1.903927584,1.903927584,-1.903927584
TID2013,16,i16.png,i16_15_1.png,local_block_wise_distortions_of_different_intensity,1,MOS,3.41026,3.41026,-3.297821648,3.297821648,-3.297821648
TID2013,16,i16.png,i16_15_2.png,local_block_wise_distortions_of_different_intensity,2,MOS,3.53846,3.53846,-2.919055545,2.919055545,-2.919055545
TID2013,16,i16.png,i16_15_3.png,local_block_wise_distortions_of_different_intensity,3,MOS,3.475,3.475,-3.034556785,3.034556785,-3.034556785
TID2013,16,i16.png,i16_15_4.png,local_block_wise_distortions_of_different_intensity,4,MOS,3.65,3.65,-3.021585206,3.021585206,-3.021585206
TID2013,16,i16.png,i16_15_5.png,local_block_wise_distortions_of_different_intensity,5,MOS,4.02632,4.02632,-2.528229436,2.528229436,-2.528229436
TID2013,16,i16.png,i16_16_1.png,intensity_shift,1,MOS,5.92308,5.92308,-0.604034311,0.604034311,-0.604034311
TID2013,16,i16.png,i16_16_2.png,intensity_shift,2,MOS,6.275,6.275,-0.385250796,0.385250796,-0.385250796
TID2013,16,i16.png,i16_16_3.png,intensity_shift,3,MOS,5.68421,5.68421,-0.708673467,0.708673467,-0.708673467
TID2013,16,i16.png,i16_16_4.png,intensity_shift,4,MOS,5.75,5.75,-0.808062536,0.808062536,-0.808062536
TID2013,16,i16.png,i16_16_5.png,intensity_shift,5,MOS,4.61538,4.61538,-1.719521622,1.719521622,-1.719521622
TID2013,16,i16.png,i16_17_1.png,contrast_change,1,MOS,5.825,5.825,-0.754261081,0.754261081,-0.754261081
TID2013,16,i16.png,i16_17_2.png,contrast_change,2,MOS,7.1,7.1,0.151827098,-0.151827098,0.151827098
TID2013,16,i16.png,i16_17_3.png,contrast_change,3,MOS,4.75,4.75,-1.626645329,1.626645329,-1.626645329
TID2013,16,i16.png,i16_17_4.png,contrast_change,4,MOS,6.65,6.65,-0.180277969,0.180277969,-0.180277969
TID2013,16,i16.png,i16_17_5.png,contrast_change,5,MOS,3.35897,3.35897,-3.212467146,3.212467146,-3.212467146
TID2013,16,i16.png,i16_18_1.png,change_of_color_saturation,1,MOS,4.6,4.6,-1.897496012,1.897496012,-1.897496012
TID2013,16,i16.png,i16_18_2.png,change_of_color_saturation,2,MOS,4.39474,4.39474,-2.118203896,2.118203896,-2.118203896
TID2013,16,i16.png,i16_18_3.png,change_of_color_saturation,3,MOS,4.05,4.05,-2.443042202,2.443042202,-2.443042202
TID2013,16,i16.png,i16_18_4.png,change_of_color_saturation,4,MOS,3.92308,3.92308,-2.669432583,2.669432583,-2.669432583
TID2013,16,i16.png,i16_18_5.png,change_of_color_saturation,5,MOS,3.94737,3.94737,-2.681533536,2.681533536,-2.681533536
TID2013,16,i16.png,i16_19_1.png,multiplicative_gaussian_noise,1,MOS,5.575,5.575,-0.985501095,0.985501095,-0.985501095
TID2013,16,i16.png,i16_19_2.png,multiplicative_gaussian_noise,2,MOS,5.375,5.375,-1.174946702,1.174946702,-1.174946702
TID2013,16,i16.png,i16_19_3.png,multiplicative_gaussian_noise,3,MOS,4.61538,4.61538,-1.722059128,1.722059128,-1.722059128
TID2013,16,i16.png,i16_19_4.png,multiplicative_gaussian_noise,4,MOS,4.15385,4.15385,-2.47129533,2.47129533,-2.47129533
TID2013,16,i16.png,i16_19_5.png,multiplicative_gaussian_noise,5,MOS,3.66667,3.66667,-2.917579899,2.917579899,-2.917579899
TID2013,16,i16.png,i16_20_1.png,comfort_noise,1,MOS,6.07692,6.07692,-0.476642963,0.476642963,-0.476642963
TID2013,16,i16.png,i16_20_2.png,comfort_noise,2,MOS,5.74359,5.74359,-0.73551386,0.73551386,-0.73551386
TID2013,16,i16.png,i16_20_3.png,comfort_noise,3,MOS,5.18421,5.18421,-1.461728253,1.461728253,-1.461728253
TID2013,16,i16.png,i16_20_4.png,comfort_noise,4,MOS,4.125,4.125,-2.288396687,2.288396687,-2.288396687
TID2013,16,i16.png,i16_20_5.png,comfort_noise,5,MOS,3.58974,3.58974,-3.065160929,3.065160929,-3.065160929
TID2013,16,i16.png,i16_21_1.png,lossy_compression_of_noisy_images,1,MOS,5.825,5.825,-0.859285533,0.859285533,-0.859285533
TID2013,16,i16.png,i16_21_2.png,lossy_compression_of_noisy_images,2,MOS,5.46154,5.46154,-1.185972219,1.185972219,-1.185972219
TID2013,16,i16.png,i16_21_3.png,lossy_compression_of_noisy_images,3,MOS,4.25641,4.25641,-2.024609338,2.024609338,-2.024609338
TID2013,16,i16.png,i16_21_4.png,lossy_compression_of_noisy_images,4,MOS,3.76923,3.76923,-2.969480827,2.969480827,-2.969480827
TID2013,16,i16.png,i16_21_5.png,lossy_compression_of_noisy_images,5,MOS,1.84615,1.84615,-6.503903426,6.503903426,-6.503903426
TID2013,16,i16.png,i16_22_1.png,image_color_quantization_with_dither,1,MOS,5.61538,5.61538,-0.853576794,0.853576794,-0.853576794
TID2013,16,i16.png,i16_22_2.png,image_color_quantization_with_dither,2,MOS,5.35,5.35,-1.236958284,1.236958284,-1.236958284
TID2013,16,i16.png,i16_22_3.png,image_color_quantization_with_dither,3,MOS,4.94595,4.94595,-1.649716833,1.649716833,-1.649716833
TID2013,16,i16.png,i16_22_4.png,image_color_quantization_with_dither,4,MOS,3.97368,3.97368,-2.425055155,2.425055155,-2.425055155
TID2013,16,i16.png,i16_22_5.png,image_color_quantization_with_dither,5,MOS,2.775,2.775,-4.433550982,4.433550982,-4.433550982
TID2013,16,i16.png,i16_23_1.png,chromatic_aberrations,1,MOS,6.125,6.125,-0.472433665,0.472433665,-0.472433665
TID2013,16,i16.png,i16_23_2.png,chromatic_aberrations,2,MOS,4.825,4.825,-1.68426473,1.68426473,-1.68426473
TID2013,16,i16.png,i16_23_3.png,chromatic_aberrations,3,MOS,2.7,2.7,-4.665890919,4.665890919,-4.665890919
TID2013,16,i16.png,i16_23_4.png,chromatic_aberrations,4,MOS,2.15789,2.15789,-5.909781662,5.909781662,-5.909781662
TID2013,16,i16.png,i16_23_5.png,chromatic_aberrations,5,MOS,1.52632,1.52632,-6.592964551,6.592964551,-6.592964551
TID2013,16,i16.png,i16_24_1.png,sparse_sampling_and_reconstruction,1,MOS,5.36842,5.36842,-1.067812717,1.067812717,-1.067812717
TID2013,16,i16.png,i16_24_2.png,sparse_sampling_and_reconstruction,2,MOS,4.05263,4.05263,-2.347538325,2.347538325,-2.347538325
TID2013,16,i16.png,i16_24_3.png,sparse_sampling_and_reconstruction,3,MOS,2.64103,2.64103,-4.45771518,4.45771518,-4.45771518
TID2013,16,i16.png,i16_24_4.png,sparse_sampling_and_reconstruction,4,MOS,1.84211,1.84211,-6.421673064,6.421673064,-6.421673064
TID2013,16,i16.png,i16_24_5.png,sparse_sampling_and_reconstruction,5,MOS,0.97436,0.97436,-7.000664397,7.000664397,-7.000664397
TID2013,17,i17.png,i17_01_1.png,additive_gaussian_noise,1,MOS,5.89189,5.89189,-0.079475201,0.079475201,-0.079475201
TID2013,17,i17.png,i17_01_2.png,additive_gaussian_noise,2,MOS,5.21053,5.21053,-0.718123657,0.718123657,-0.718123657
TID2013,17,i17.png,i17_01_3.png,additive_gaussian_noise,3,MOS,5.05128,5.05128,-1.035184282,1.035184282,-1.035184282
TID2013,17,i17.png,i17_01_4.png,additive_gaussian_noise,4,MOS,4.38462,4.38462,-1.556243221,1.556243221,-1.556243221
TID2013,17,i17.png,i17_01_5.png,additive_gaussian_noise,5,MOS,3.87179,3.87179,-2.132913539,2.132913539,-2.132913539
TID2013,17,i17.png,i17_02_1.png,additive_noise_in_color_more_intensive_than_additive_noise_in_the_luminance,1,MOS,5.75,5.75,-0.355177174,0.355177174,-0.355177174
TID2013,17,i17.png,i17_02_2.png,additive_noise_in_color_more_intensive_than_additive_noise_in_the_luminance,2,MOS,6.0,6.0,-0.201111905,0.201111905,-0.201111905
TID2013,17,i17.png,i17_02_3.png,additive_noise_in_color_more_intensive_than_additive_noise_in_the_luminance,3,MOS,5.825,5.825,-0.365606818,0.365606818,-0.365606818
TID2013,17,i17.png,i17_02_4.png,additive_noise_in_color_more_intensive_than_additive_noise_in_the_luminance,4,MOS,5.275,5.275,-0.789406238,0.789406238,-0.789406238
TID2013,17,i17.png,i17_02_5.png,additive_noise_in_color_more_intensive_than_additive_noise_in_the_luminance,5,MOS,4.48718,4.48718,-1.416937322,1.416937322,-1.416937322
TID2013,17,i17.png,i17_03_1.png,spatially_correlated_noise,1,MOS,4.97368,4.97368,-1.002264546,1.002264546,-1.002264546
TID2013,17,i17.png,i17_03_2.png,spatially_correlated_noise,2,MOS,4.4359,4.4359,-1.589601827,1.589601827,-1.589601827
TID2013,17,i17.png,i17_03_3.png,spatially_correlated_noise,3,MOS,3.82051,3.82051,-2.266216829,2.266216829,-2.266216829
TID2013,17,i17.png,i17_03_4.png,spatially_correlated_noise,4,MOS,3.35,3.35,-2.834107307,2.834107307,-2.834107307
TID2013,17,i17.png,i17_03_5.png,spatially_correlated_noise,5,MOS,2.89744,2.89744,-3.504652763,3.504652763,-3.504652763
TID2013,17,i17.png,i17_04_1.png,masked_noise,1,MOS,5.76923,5.76923,-0.381747977,0.381747977,-0.381747977
TID2013,17,i17.png,i17_04_2.png,masked_noise,2,MOS,5.97368,5.97368,-0.299350064,0.299350064,-0.299350064
TID2013,17,i17.png,i17_04_3.png,masked_noise,3,MOS,5.33333,5.33333,-0.729165975,0.729165975,-0.729165975
TID2013,17,i17.png,i17_04_4.png,masked_noise,4,MOS,5.23684,5.23684,-0.73693751,0.73693751,-0.73693751
TID2013,17,i17.png,i17_04_5.png,masked_noise,5,MOS,4.73684,4.73684,-1.324435243,1.324435243,-1.324435243
TID2013,17,i17.png,i17_05_1.png,high_frequency_noise,1,MOS,5.825,5.825,-0.395197993,0.395197993,-0.395197993
TID2013,17,i17.png,i17_05_2.png,high_frequency_noise,2,MOS,5.925,5.925,-0.336989548,0.336989548,-0.336989548
TID2013,17,i17.png,i17_05_3.png,high_frequency_noise,3,MOS,5.23684,5.23684,-0.809289764,0.809289764,-0.809289764
TID2013,17,i17.png,i17_05_4.png,high_frequency_noise,4,MOS,4.17949,4.17949,-1.685263792,1.685263792,-1.685263792
TID2013,17,i17.png,i17_05_5.png,high_frequency_noise,5,MOS,3.34211,3.34211,-2.635767765,2.635767765,-2.635767765
TID2013,17,i17.png,i17_06_1.png,impulse_noise,1,MOS,4.23684,4.23684,-1.57944816,1.57944816,-1.57944816
TID2013,17,i17.png,i17_06_2.png,impulse_noise,2,MOS,4.43243,4.43243,-1.644936924,1.644936924,-1.644936924
TID2013,17,i17.png,i17_06_3.png,impulse_noise,3,MOS,4.0,4.0,-2.063920242,2.063920242,-2.063920242
TID2013,17,i17.png,i17_06_4.png,impulse_noise,4,MOS,3.55,3.55,-2.515109807,2.515109807,-2.515109807
TID2013,17,i17.png,i17_06_5.png,impulse_noise,5,MOS,3.30769,3.30769,-3.000515016,3.000515016,-3.000515016
TID2013,17,i17.png,i17_07_1.png,quantization_noise,1,MOS,5.71795,5.71795,-0.550779498,0.550779498,-0.550779498
TID2013,17,i17.png,i17_07_2.png,quantization_noise,2,MOS,4.65789,4.65789,-1.26377308,1.26377308,-1.26377308
TID2013,17,i17.png,i17_07_3.png,quantization_noise,3,MOS,3.89744,3.89744,-2.29547757,2.29547757,-2.29547757
TID2013,17,i17.png,i17_07_4.png,quantization_noise,4,MOS,3.20513,3.20513,-2.901799864,2.901799864,-2.901799864
TID2013,17,i17.png,i17_07_5.png,quantization_noise,5,MOS,2.47368,2.47368,-3.846937474,3.846937474,-3.846937474
TID2013,17,i17.png,i17_08_1.png,gaussian_blur,1,MOS,5.74359,5.74359,-0.312947421,0.312947421,-0.312947421
TID2013,17,i17.png,i17_08_2.png,gaussian_blur,2,MOS,5.225,5.225,-0.780978396,0.780978396,-0.780978396
TID2013,17,i17.png,i17_08_3.png,gaussian_blur,3,MOS,4.575,4.575,-1.499570843,1.499570843,-1.499570843
TID2013,17,i17.png,i17_08_4.png,gaussian_blur,4,MOS,3.71795,3.71795,-2.380992559,2.380992559,-2.380992559
TID2013,17,i17.png,i17_08_5.png,gaussian_blur,5,MOS,2.95,2.95,-3.373500858,3.373500858,-3.373500858
TID2013,17,i17.png,i17_09_1.png,image_denoising,1,MOS,6.025,6.025,-0.232155326,0.232155326,-0.232155326
TID2013,17,i17.png,i17_09_2.png,image_denoising,2,MOS,6.10526,6.10526,-0.287349847,0.287349847,-0.287349847
TID2013,17,i17.png,i17_09_3.png,image_denoising,3,MOS,5.025,5.025,-0.918583004,0.918583004,-0.918583004
TID2013,17,i17.png,i17_09_4.png,image_denoising,4,MOS,3.82051,3.82051,-2.14913789,2.14913789,-2.14913789
TID2013,17,i17.png,i17_09_5.png,image_denoising,5,MOS,2.45946,2.45946,-3.919533182,3.919533182,-3.919533182
TID2013,17,i17.png,i17_10_1.png,JPEG_compression,1,MOS,6.05128,6.05128,-0.262750755,0.262750755,-0.262750755
TID2013,17,i17.png,i17_10_2.png,JPEG_compression,2,MOS,5.925,5.925,-0.25553694,0.25553694,-0.25553694
TID2013,17,i17.png,i17_10_3.png,JPEG_compression,3,MOS,5.15385,5.15385,-0.826084336,0.826084336,-0.826084336
TID2013,17,i17.png,i17_10_4.png,JPEG_compression,4,MOS,3.425,3.425,-2.697108637,2.697108637,-2.697108637
TID2013,17,i17.png,i17_10_5.png,JPEG_compression,5,MOS,2.25,2.25,-4.280371869,4.280371869,-4.280371869
TID2013,17,i17.png,i17_11_1.png,JPEG2000_compression,1,MOS,5.5641,5.5641,-0.401888495,0.401888495,-0.401888495
TID2013,17,i17.png,i17_11_2.png,JPEG2000_compression,2,MOS,5.4359,5.4359,-0.645927927,0.645927927,-0.645927927
TID2013,17,i17.png,i17_11_3.png,JPEG2000_compression,3,MOS,3.84615,3.84615,-2.270542632,2.270542632,-2.270542632
TID2013,17,i17.png,i17_11_4.png,JPEG2000_compression,4,MOS,2.76923,2.76923,-3.492125926,3.492125926,-3.492125926
TID2013,17,i17.png,i17_11_5.png,JPEG2000_compression,5,MOS,1.025,1.025,-5.774833285,5.774833285,-5.774833285
TID2013,17,i17.png,i17_12_1.png,JPEG_transmission_errors,1,MOS,5.875,5.875,-0.226477776,0.226477776,-0.226477776
TID2013,17,i17.png,i17_12_2.png,JPEG_transmission_errors,2,MOS,5.92308,5.92308,-0.381321557,0.381321557,-0.381321557
TID2013,17,i17.png,i17_12_3.png,JPEG_transmission_errors,3,MOS,5.07692,5.07692,-0.819189379,0.819189379,-0.819189379
TID2013,17,i17.png,i17_12_4.png,JPEG_transmission_errors,4,MOS,3.925,3.925,-2.144315324,2.144315324,-2.144315324
TID2013,17,i17.png,i17_12_5.png,JPEG_transmission_errors,5,MOS,2.48718,2.48718,-3.907605357,3.907605357,-3.907605357
TID2013,17,i17.png,i17_13_1.png,JPEG2000_transmission_errors,1,MOS,5.15,5.15,-1.122457661,1.122457661,-1.122457661
TID2013,17,i17.png,i17_13_2.png,JPEG2000_transmission_errors,2,MOS,4.45,4.45,-1.598344156,1.598344156,-1.598344156
TID2013,17,i17.png,i17_13_3.png,JPEG2000_transmission_errors,3,MOS,3.26316,3.26316,-3.091990791,3.091990791,-3.091990791
TID2013,17,i17.png,i17_13_4.png,JPEG2000_transmission_errors,4,MOS,2.425,2.425,-4.021019642,4.021019642,-4.021019642
TID2013,17,i17.png,i17_13_5.png,JPEG2000_transmission_errors,5,MOS,2.36842,2.36842,-4.210954495,4.210954495,-4.210954495
TID2013,17,i17.png,i17_14_1.png,non_eccentricity_pattern_noise,1,MOS,5.875,5.875,-0.291159039,0.291159039,-0.291159039
TID2013,17,i17.png,i17_14_2.png,non_eccentricity_pattern_noise,2,MOS,5.79487,5.79487,-0.356323316,0.356323316,-0.356323316
TID2013,17,i17.png,i17_14_3.png,non_eccentricity_pattern_noise,3,MOS,5.52632,5.52632,-0.364803577,0.364803577,-0.364803577
TID2013,17,i17.png,i17_14_4.png,non_eccentricity_pattern_noise,4,MOS,4.35897,4.35897,-1.492968037,1.492968037,-1.492968037
TID2013,17,i17.png,i17_14_5.png,non_eccentricity_pattern_noise,5,MOS,3.525,3.525,-2.517716773,2.517716773,-2.517716773
TID2013,17,i17.png,i17_15_1.png,local_block_wise_distortions_of_different_intensity,1,MOS,3.55,3.55,-2.685232213,2.685232213,-2.685232213
TID2013,17,i17.png,i17_15_2.png,local_block_wise_distortions_of_different_intensity,2,MOS,3.41026,3.41026,-2.905157844,2.905157844,-2.905157844
TID2013,17,i17.png,i17_15_3.png,local_block_wise_distortions_of_different_intensity,3,MOS,3.25641,3.25641,-2.770253269,2.770253269,-2.770253269
TID2013,17,i17.png,i17_15_4.png,local_block_wise_distortions_of_different_intensity,4,MOS,3.625,3.625,-2.546032313,2.546032313,-2.546032313
TID2013,17,i17.png,i17_15_5.png,local_block_wise_distortions_of_different_intensity,5,MOS,4.0,4.0,-2.154333253,2.154333253,-2.154333253
TID2013,17,i17.png,i17_16_1.png,intensity_shift,1,MOS,5.925,5.925,-0.245854263,0.245854263,-0.245854263
TID2013,17,i17.png,i17_16_2.png,intensity_shift,2,MOS,6.025,6.025,-0.285238541,0.285238541,-0.285238541
TID2013,17,i17.png,i17_16_3.png,intensity_shift,3,MOS,5.57895,5.57895,-0.518713579,0.518713579,-0.518713579
TID2013,17,i17.png,i17_16_4.png,intensity_shift,4,MOS,5.15789,5.15789,-0.757767909,0.757767909,-0.757767909
TID2013,17,i17.png,i17_16_5.png,intensity_shift,5,MOS,4.17949,4.17949,-1.653821413,1.653821413,-1.653821413
TID2013,17,i17.png,i17_17_1.png,contrast_change,1,MOS,5.575,5.575,-0.53903375,0.53903375,-0.53903375
TID2013,17,i17.png,i17_17_2.png,contrast_change,2,MOS,6.625,6.625,0.236927902,-0.236927902,0.236927902
TID2013,17,i17.png,i17_17_3.png,contrast_change,3,MOS,4.48718,4.48718,-1.405291945,1.405291945,-1.405291945
TID2013,17,i17.png,i17_17_4.png,contrast_change,4,MOS,7.1,7.1,0.496804842,-0.496804842,0.496804842
TID2013,17,i17.png,i17_17_5.png,contrast_change,5,MOS,3.36842,3.36842,-2.723241586,2.723241586,-2.723241586
TID2013,17,i17.png,i17_18_1.png,change_of_color_saturation,1,MOS,4.55,4.55,-1.450382779,1.450382779,-1.450382779
TID2013,17,i17.png,i17_18_2.png,change_of_color_saturation,2,MOS,4.07692,4.07692,-1.778117431,1.778117431,-1.778117431
TID2013,17,i17.png,i17_18_3.png,change_of_color_saturation,3,MOS,4.12821,4.12821,-1.925901509,1.925901509,-1.925901509
TID2013,17,i17.png,i17_18_4.png,change_of_color_saturation,4,MOS,3.82051,3.82051,-2.199667072,2.199667072,-2.199667072
TID2013,17,i17.png,i17_18_5.png,change_of_color_saturation,5,MOS,3.71795,3.71795,-2.302087491,2.302087491,-2.302087491
TID2013,17,i17.png,i17_19_1.png,multiplicative_gaussian_noise,1,MOS,5.725,5.725,-0.537962058,0.537962058,-0.537962058
TID2013,17,i17.png,i17_19_2.png,multiplicative_gaussian_noise,2,MOS,5.33333,5.33333,-0.743716432,0.743716432,-0.743716432
TID2013,17,i17.png,i17_19_3.png,multiplicative_gaussian_noise,3,MOS,4.76923,4.76923,-1.181756566,1.181756566,-1.181756566
TID2013,17,i17.png,i17_19_4.png,multiplicative_gaussian_noise,4,MOS,4.30769,4.30769,-1.669577305,1.669577305,-1.669577305
TID2013,17,i17.png,i17_19_5.png,multiplicative_gaussian_noise,5,MOS,3.92308,3.92308,-2.261926174,2.261926174,-2.261926174
TID2013,17,i17.png,i17_20_1.png,comfort_noise,1,MOS,5.75,5.75,-0.360131146,0.360131146,-0.360131146
TID2013,17,i17.png,i17_20_2.png,comfort_noise,2,MOS,5.45,5.45,-0.568918152,0.568918152,-0.568918152
TID2013,17,i17.png,i17_20_3.png,comfort_noise,3,MOS,4.86842,4.86842,-1.056747265,1.056747265,-1.056747265
TID2013,17,i17.png,i17_20_4.png,comfort_noise,4,MOS,4.36842,4.36842,-1.697902526,1.697902526,-1.697902526
TID2013,17,i17.png,i17_20_5.png,comfort_noise,5,MOS,2.86486,2.86486,-3.287618393,3.287618393,-3.287618393
TID2013,17,i17.png,i17_21_1.png,lossy_compression_of_noisy_images,1,MOS,5.425,5.425,-0.669147659,0.669147659,-0.669147659
TID2013,17,i17.png,i17_21_2.png,lossy_compression_of_noisy_images,2,MOS,4.79487,4.79487,-1.172421464,1.172421464,-1.172421464
TID2013,17,i17.png,i17_21_3.png,lossy_compression_of_noisy_images,3,MOS,4.25,4.25,-1.613710281,1.613710281,-1.613710281
TID2013,17,i17.png,i17_21_4.png,lossy_compression_of_noisy_images,4,MOS,3.38462,3.38462,-2.629207346,2.629207346,-2.629207346
TID2013,17,i17.png,i17_21_5.png,lossy_compression_of_noisy_images,5,MOS,2.52632,2.52632,-3.707099463,3.707099463,-3.707099463
TID2013,17,i17.png,i17_22_1.png,image_color_quantization_with_dither,1,MOS,5.975,5.975,-0.315098361,0.315098361,-0.315098361
TID2013,17,i17.png,i17_22_2.png,image_color_quantization_with_dither,2,MOS,5.61538,5.61538,-0.460534031,0.460534031,-0.460534031
TID2013,17,i17.png,i17_22_3.png,image_color_quantization_with_dither,3,MOS,4.34211,4.34211,-1.578318579,1.578318579,-1.578318579
TID2013,17,i17.png,i17_22_4.png,image_color_quantization_with_dither,4,MOS,3.58974,3.58974,-2.45819769,2.45819769,-2.45819769
TID2013,17,i17.png,i17_22_5.png,image_color_quantization_with_dither,5,MOS,2.89744,2.89744,-3.370953642,3.370953642,-3.370953642
TID2013,17,i17.png,i17_23_1.png,chromatic_aberrations,1,MOS,5.9,5.9,-0.336609082,0.336609082,-0.336609082
TID2013,17,i17.png,i17_23_2.png,chromatic_aberrations,2,MOS,5.9,5.9,-0.317568913,0.317568913,-0.317568913
TID2013,17,i17.png,i17_23_3.png,chromatic_aberrations,3,MOS,4.5641,4.5641,-1.230358496,1.230358496,-1.230358496
TID2013,17,i17.png,i17_23_4.png,chromatic_aberrations,4,MOS,3.15385,3.15385,-3.002531962,3.002531962,-3.002531962
TID2013,17,i17.png,i17_23_5.png,chromatic_aberrations,5,MOS,1.92308,1.92308,-4.872347272,4.872347272,-4.872347272
TID2013,17,i17.png,i17_24_1.png,sparse_sampling_and_reconstruction,1,MOS,6.05,6.05,-0.149820318,0.149820318,-0.149820318
TID2013,17,i17.png,i17_24_2.png,sparse_sampling_and_reconstruction,2,MOS,5.525,5.525,-0.514834754,0.514834754,-0.514834754
TID2013,17,i17.png,i17_24_3.png,sparse_sampling_and_reconstruction,3,MOS,3.97368,3.97368,-1.983199838,1.983199838,-1.983199838
TID2013,17,i17.png,i17_24_4.png,sparse_sampling_and_reconstruction,4,MOS,2.02564,2.02564,-4.366527881,4.366527881,-4.366527881
TID2013,17,i17.png,i17_24_5.png,sparse_sampling_and_reconstruction,5,MOS,0.34211,0.34211,-6.370268683,6.370268683,-6.370268683
TID2013,18,i18.png,i18_01_1.png,additive_gaussian_noise,1,MOS,5.69048,5.69048,-0.319306957,0.319306957,-0.319306957
TID2013,18,i18.png,i18_01_2.png,additive_gaussian_noise,2,MOS,5.41463,5.41463,-0.544721842,0.544721842,-0.544721842
TID2013,18,i18.png,i18_01_3.png,additive_gaussian_noise,3,MOS,4.85,4.85,-1.274311396,1.274311396,-1.274311396
TID2013,18,i18.png,i18_01_4.png,additive_gaussian_noise,4,MOS,4.46341,4.46341,-1.49070766,1.49070766,-1.49070766
TID2013,18,i18.png,i18_01_5.png,additive_gaussian_noise,5,MOS,4.0,4.0,-2.286826379,2.286826379,-2.286826379
TID2013,18,i18.png,i18_02_1.png,additive_noise_in_color_more_intensive_than_additive_noise_in_the_luminance,1,MOS,5.95122,5.95122,-0.162952235,0.162952235,-0.162952235
TID2013,18,i18.png,i18_02_2.png,additive_noise_in_color_more_intensive_than_additive_noise_in_the_luminance,2,MOS,5.88095,5.88095,-0.310055814,0.310055814,-0.310055814
TID2013,18,i18.png,i18_02_3.png,additive_noise_in_color_more_intensive_than_additive_noise_in_the_luminance,3,MOS,5.7381,5.7381,-0.4951313,0.4951313,-0.4951313
TID2013,18,i18.png,i18_02_4.png,additive_noise_in_color_more_intensive_than_additive_noise_in_the_luminance,4,MOS,4.63415,4.63415,-1.208847954,1.208847954,-1.208847954
TID2013,18,i18.png,i18_02_5.png,additive_noise_in_color_more_intensive_than_additive_noise_in_the_luminance,5,MOS,4.2439,4.2439,-1.643508202,1.643508202,-1.643508202
TID2013,18,i18.png,i18_03_1.png,spatially_correlated_noise,1,MOS,4.97619,4.97619,-1.076681359,1.076681359,-1.076681359
TID2013,18,i18.png,i18_03_2.png,spatially_correlated_noise,2,MOS,4.55,4.55,-1.566611024,1.566611024,-1.566611024
TID2013,18,i18.png,i18_03_3.png,spatially_correlated_noise,3,MOS,3.7381,3.7381,-2.322959164,2.322959164,-2.322959164
TID2013,18,i18.png,i18_03_4.png,spatially_correlated_noise,4,MOS,3.11905,3.11905,-3.030680191,3.030680191,-3.030680191
TID2013,18,i18.png,i18_03_5.png,spatially_correlated_noise,5,MOS,2.54762,2.54762,-3.819218406,3.819218406,-3.819218406
TID2013,18,i18.png,i18_04_1.png,masked_noise,1,MOS,6.175,6.175,-0.060447614,0.060447614,-0.060447614
TID2013,18,i18.png,i18_04_2.png,masked_noise,2,MOS,5.88095,5.88095,-0.305588335,0.305588335,-0.305588335
TID2013,18,i18.png,i18_04_3.png,masked_noise,3,MOS,5.87805,5.87805,-0.375166664,0.375166664,-0.375166664
TID2013,18,i18.png,i18_04_4.png,masked_noise,4,MOS,5.31707,5.31707,-0.83533557,0.83533557,-0.83533557
TID2013,18,i18.png,i18_04_5.png,masked_noise,5,MOS,4.34146,4.34146,-1.635022885,1.635022885,-1.635022885
TID2013,18,i18.png,i18_05_1.png,high_frequency_noise,1,MOS,6.2439,6.2439,-0.048499631,0.048499631,-0.048499631
TID2013,18,i18.png,i18_05_2.png,high_frequency_noise,2,MOS,5.60976,5.60976,-0.529648115,0.529648115,-0.529648115
TID2013,18,i18.png,i18_05_3.png,high_frequency_noise,3,MOS,5.17073,5.17073,-0.912365889,0.912365889,-0.912365889
TID2013,18,i18.png,i18_05_4.png,high_frequency_noise,4,MOS,4.0,4.0,-1.984893772,1.984893772,-1.984893772
TID2013,18,i18.png,i18_05_5.png,high_frequency_noise,5,MOS,3.125,3.125,-2.987011793,2.987011793,-2.987011793
TID2013,18,i18.png,i18_06_1.png,impulse_noise,1,MOS,4.57143,4.57143,-1.427509445,1.427509445,-1.427509445
TID2013,18,i18.png,i18_06_2.png,impulse_noise,2,MOS,4.15,4.15,-1.86898708,1.86898708,-1.86898708
TID2013,18,i18.png,i18_06_3.png,impulse_noise,3,MOS,3.80952,3.80952,-2.279462424,2.279462424,-2.279462424
TID2013,18,i18.png,i18_06_4.png,impulse_noise,4,MOS,3.73171,3.73171,-2.489392946,2.489392946,-2.489392946
TID2013,18,i18.png,i18_06_5.png,impulse_noise,5,MOS,3.19512,3.19512,-3.139061462,3.139061462,-3.139061462
TID2013,18,i18.png,i18_07_1.png,quantization_noise,1,MOS,5.57143,5.57143,-0.502343716,0.502343716,-0.502343716
TID2013,18,i18.png,i18_07_2.png,quantization_noise,2,MOS,4.92857,4.92857,-1.073220887,1.073220887,-1.073220887
TID2013,18,i18.png,i18_07_3.png,quantization_noise,3,MOS,4.21429,4.21429,-1.903656813,1.903656813,-1.903656813
TID2013,18,i18.png,i18_07_4.png,quantization_noise,4,MOS,3.40476,3.40476,-2.545442675,2.545442675,-2.545442675
TID2013,18,i18.png,i18_07_5.png,quantization_noise,5,MOS,3.0,3.0,-3.30083549,3.30083549,-3.30083549
TID2013,18,i18.png,i18_08_1.png,gaussian_blur,1,MOS,5.69048,5.69048,-0.401782261,0.401782261,-0.401782261
TID2013,18,i18.png,i18_08_2.png,gaussian_blur,2,MOS,4.65854,4.65854,-1.423103327,1.423103327,-1.423103327
TID2013,18,i18.png,i18_08_3.png,gaussian_blur,3,MOS,4.14286,4.14286,-2.023573056,2.023573056,-2.023573056
TID2013,18,i18.png,i18_08_4.png,gaussian_blur,4,MOS,3.04762,3.04762,-3.101277153,3.101277153,-3.101277153
TID2013,18,i18.png,i18_08_5.png,gaussian_blur,5,MOS,2.04878,2.04878,-4.462828094,4.462828094,-4.462828094
TID2013,18,i18.png,i18_09_1.png,image_denoising,1,MOS,6.02439,6.02439,-0.162047515,0.162047515,-0.162047515
TID2013,18,i18.png,i18_09_2.png,image_denoising,2,MOS,5.88095,5.88095,-0.298681958,0.298681958,-0.298681958
TID2013,18,i18.png,i18_09_3.png,image_denoising,3,MOS,4.2619,4.2619,-1.727549499,1.727549499,-1.727549499
TID2013,18,i18.png,i18_09_4.png,image_denoising,4,MOS,3.02439,3.02439,-3.334954384,3.334954384,-3.334954384
TID2013,18,i18.png,i18_09_5.png,image_denoising,5,MOS,1.70732,1.70732,-4.841608792,4.841608792,-4.841608792
TID2013,18,i18.png,i18_10_1.png,JPEG_compression,1,MOS,6.07317,6.07317,-0.132124997,0.132124997,-0.132124997
TID2013,18,i18.png,i18_10_2.png,JPEG_compression,2,MOS,5.78049,5.78049,-0.492243011,0.492243011,-0.492243011
TID2013,18,i18.png,i18_10_3.png,JPEG_compression,3,MOS,4.675,4.675,-1.208451433,1.208451433,-1.208451433
TID2013,18,i18.png,i18_10_4.png,JPEG_compression,4,MOS,3.5,3.5,-2.759612585,2.759612585,-2.759612585
TID2013,18,i18.png,i18_10_5.png,JPEG_compression,5,MOS,2.17073,2.17073,-4.278139447,4.278139447,-4.278139447
TID2013,18,i18.png,i18_11_1.png,JPEG2000_compression,1,MOS,5.80488,5.80488,-0.422641932,0.422641932,-0.422641932
TID2013,18,i18.png,i18_11_2.png,JPEG2000_compression,2,MOS,5.5,5.5,-0.55397507,0.55397507,-0.55397507
TID2013,18,i18.png,i18_11_3.png,JPEG2000_compression,3,MOS,4.5122,4.5122,-1.545722629,1.545722629,-1.545722629
TID2013,18,i18.png,i18_11_4.png,JPEG2000_compression,4,MOS,3.07143,3.07143,-3.269902631,3.269902631,-3.269902631
TID2013,18,i18.png,i18_11_5.png,JPEG2000_compression,5,MOS,1.0,1.0,-5.427196289,5.427196289,-5.427196289
TID2013,18,i18.png,i18_12_1.png,JPEG_transmission_errors,1,MOS,6.35714,6.35714,0.039387884,-0.039387884,0.039387884
TID2013,18,i18.png,i18_12_2.png,JPEG_transmission_errors,2,MOS,5.36585,5.36585,-0.603038871,0.603038871,-0.603038871
TID2013,18,i18.png,i18_12_3.png,JPEG_transmission_errors,3,MOS,5.56098,5.56098,-0.570131177,0.570131177,-0.570131177
TID2013,18,i18.png,i18_12_4.png,JPEG_transmission_errors,4,MOS,4.925,4.925,-1.19271965,1.19271965,-1.19271965
TID2013,18,i18.png,i18_12_5.png,JPEG_transmission_errors,5,MOS,2.65854,2.65854,-3.627094214,3.627094214,-3.627094214
TID2013,18,i18.png,i18_13_1.png,JPEG2000_transmission_errors,1,MOS,4.14634,4.14634,-1.812169361,1.812169361,-1.812169361
TID2013,18,i18.png,i18_13_2.png,JPEG2000_transmission_errors,2,MOS,4.35714,4.35714,-1.806310699,1.806310699,-1.806310699
TID2013,18,i18.png,i18_13_3.png,JPEG2000_transmission_errors,3,MOS,3.88095,3.88095,-2.191349581,2.191349581,-2.191349581
TID2013,18,i18.png,i18_13_4.png,JPEG2000_transmission_errors,4,MOS,2.90244,2.90244,-3.416951772,3.416951772,-3.416951772
TID2013,18,i18.png,i18_13_5.png,JPEG2000_transmission_errors,5,MOS,2.46341,2.46341,-3.884277177,3.884277177,-3.884277177
TID2013,18,i18.png,i18_14_1.png,non_eccentricity_pattern_noise,1,MOS,4.95122,4.95122,-1.115305448,1.115305448,-1.115305448
TID2013,18,i18.png,i18_14_2.png,non_eccentricity_pattern_noise,2,MOS,6.0,6.0,-0.209453813,0.209453813,-0.209453813
TID2013,18,i18.png,i18_14_3.png,non_eccentricity_pattern_noise,3,MOS,4.19512,4.19512,-1.870036363,1.870036363,-1.870036363
TID2013,18,i18.png,i18_14_4.png,non_eccentricity_pattern_noise,4,MOS,4.16667,4.16667,-1.982984572,1.982984572,-1.982984572
TID2013,18,i18.png,i18_14_5.png,non_eccentricity_pattern_noise,5,MOS,3.34146,3.34146,-2.858920815,2.858920815,-2.858920815
TID2013,18,i18.png,i18_15_1.png,local_block_wise_distortions_of_different_intensity,1,MOS,3.21951,3.21951,-3.11417214,3.11417214,-3.11417214
TID2013,18,i18.png,i18_15_2.png,local_block_wise_distortions_of_different_intensity,2,MOS,3.34146,3.34146,-2.968579069,2.968579069,-2.968579069
TID2013,18,i18.png,i18_15_3.png,local_block_wise_distortions_of_different_intensity,3,MOS,3.2,3.2,-2.896340533,2.896340533,-2.896340533
TID2013,18,i18.png,i18_15_4.png,local_block_wise_distortions_of_different_intensity,4,MOS,3.525,3.525,-2.647259705,2.647259705,-2.647259705
TID2013,18,i18.png,i18_15_5.png,local_block_wise_distortions_of_different_intensity,5,MOS,3.95238,3.95238,-2.11396479,2.11396479,-2.11396479
TID2013,18,i18.png,i18_16_1.png,intensity_shift,1,MOS,6.41463,6.41463,0.191440784,-0.191440784,0.191440784
TID2013,18,i18.png,i18_16_2.png,intensity_shift,2,MOS,5.95238,5.95238,-0.328799466,0.328799466,-0.328799466
TID2013,18,i18.png,i18_16_3.png,intensity_shift,3,MOS,5.69048,5.69048,-0.46696319,0.46696319,-0.46696319
TID2013,18,i18.png,i18_16_4.png,intensity_shift,4,MOS,5.0,5.0,-0.94098331,0.94098331,-0.94098331
TID2013,18,i18.png,i18_16_5.png,intensity_shift,5,MOS,4.25641,4.25641,-1.651572375,1.651572375,-1.651572375
TID2013,18,i18.png,i18_17_1.png,contrast_change,1,MOS,5.92857,5.92857,-0.280595985,0.280595985,-0.280595985
TID2013,18,i18.png,i18_17_2.png,contrast_change,2,MOS,6.09756,6.09756,-0.054603584,0.054603584,-0.054603584
TID2013,18,i18.png,i18_17_3.png,contrast_change,3,MOS,4.41463,4.41463,-1.502192461,1.502192461,-1.502192461
TID2013,18,i18.png,i18_17_4.png,contrast_change,4,MOS,5.90476,5.90476,-0.443820988,0.443820988,-0.443820988
TID2013,18,i18.png,i18_17_5.png,contrast_change,5,MOS,3.4878,3.4878,-2.58791339,2.58791339,-2.58791339
TID2013,18,i18.png,i18_18_1.png,change_of_color_saturation,1,MOS,5.02439,5.02439,-0.935536176,0.935536176,-0.935536176
TID2013,18,i18.png,i18_18_2.png,change_of_color_saturation,2,MOS,4.8,4.8,-1.351271904,1.351271904,-1.351271904
TID2013,18,i18.png,i18_18_3.png,change_of_color_saturation,3,MOS,4.35714,4.35714,-1.681780131,1.681780131,-1.681780131
TID2013,18,i18.png,i18_18_4.png,change_of_color_saturation,4,MOS,4.07143,4.07143,-1.947503489,1.947503489,-1.947503489
TID2013,18,i18.png,i18_18_5.png,change_of_color_saturation,5,MOS,4.09524,4.09524,-2.08268515,2.08268515,-2.08268515
TID2013,18,i18.png,i18_19_1.png,multiplicative_gaussian_noise,1,MOS,5.14286,5.14286,-0.935527135,0.935527135,-0.935527135
TID2013,18,i18.png,i18_19_2.png,multiplicative_gaussian_noise,2,MOS,5.07143,5.07143,-1.072545773,1.072545773,-1.072545773
TID2013,18,i18.png,i18_19_3.png,multiplicative_gaussian_noise,3,MOS,4.375,4.375,-1.687634393,1.687634393,-1.687634393
TID2013,18,i18.png,i18_19_4.png,multiplicative_gaussian_noise,4,MOS,3.85366,3.85366,-2.219858414,2.219858414,-2.219858414
TID2013,18,i18.png,i18_19_5.png,multiplicative_gaussian_noise,5,MOS,3.70732,3.70732,-2.561942928,2.561942928,-2.561942928
TID2013,18,i18.png,i18_20_1.png,comfort_noise,1,MOS,6.16667,6.16667,-0.153669018,0.153669018,-0.153669018
TID2013,18,i18.png,i18_20_2.png,comfort_noise,2,MOS,5.57143,5.57143,-0.537600473,0.537600473,-0.537600473
TID2013,18,i18.png,i18_20_3.png,comfort_noise,3,MOS,5.36585,5.36585,-0.752470965,0.752470965,-0.752470965
TID2013,18,i18.png,i18_20_4.png,comfort_noise,4,MOS,4.36585,4.36585,-1.744932045,1.744932045,-1.744932045
TID2013,18,i18.png,i18_20_5.png,comfort_noise,5,MOS,3.325,3.325,-2.661062568,2.661062568,-2.661062568
TID2013,18,i18.png,i18_21_1.png,lossy_compression_of_noisy_images,1,MOS,5.52381,5.52381,-0.573369252,0.573369252,-0.573369252
TID2013,18,i18.png,i18_21_2.png,lossy_compression_of_noisy_images,2,MOS,5.34146,5.34146,-0.838994268,0.838994268,-0.838994268
TID2013,18,i18.png,i18_21_3.png,lossy_compression_of_noisy_images,3,MOS,4.5,4.5,-1.580022412,1.580022412,-1.580022412
TID2013,18,i18.png,i18_21_4.png,lossy_compression_of_noisy_images,4,MOS,3.2619,3.2619,-2.870439451,2.870439451,-2.870439451
TID2013,18,i18.png,i18_21_5.png,lossy_compression_of_noisy_images,5,MOS,2.31707,2.31707,-4.10672033,4.10672033,-4.10672033
TID2013,18,i18.png,i18_22_1.png,image_color_quantization_with_dither,1,MOS,5.71429,5.71429,-0.456702123,0.456702123,-0.456702123
TID2013,18,i18.png,i18_22_2.png,image_color_quantization_with_dither,2,MOS,4.40476,4.40476,-1.545879256,1.545879256,-1.545879256
TID2013,18,i18.png,i18_22_3.png,image_color_quantization_with_dither,3,MOS,3.68293,3.68293,-2.175362799,2.175362799,-2.175362799
TID2013,18,i18.png,i18_22_4.png,image_color_quantization_with_dither,4,MOS,2.95238,2.95238,-3.384033547,3.384033547,-3.384033547
TID2013,18,i18.png,i18_22_5.png,image_color_quantization_with_dither,5,MOS,2.33333,2.33333,-4.196757265,4.196757265,-4.196757265
TID2013,18,i18.png,i18_23_1.png,chromatic_aberrations,1,MOS,6.30952,6.30952,0.024495431,-0.024495431,0.024495431
TID2013,18,i18.png,i18_23_2.png,chromatic_aberrations,2,MOS,6.19048,6.19048,-0.031510184,0.031510184,-0.031510184
TID2013,18,i18.png,i18_23_3.png,chromatic_aberrations,3,MOS,6.075,6.075,0.019432875,-0.019432875,0.019432875
TID2013,18,i18.png,i18_23_4.png,chromatic_aberrations,4,MOS,5.92857,5.92857,-0.383009975,0.383009975,-0.383009975
TID2013,18,i18.png,i18_23_5.png,chromatic_aberrations,5,MOS,4.0,4.0,-1.989098955,1.989098955,-1.989098955
TID2013,18,i18.png,i18_24_1.png,sparse_sampling_and_reconstruction,1,MOS,5.90244,5.90244,-0.127191942,0.127191942,-0.127191942
TID2013,18,i18.png,i18_24_2.png,sparse_sampling_and_reconstruction,2,MOS,5.59524,5.59524,-0.499057528,0.499057528,-0.499057528
TID2013,18,i18.png,i18_24_3.png,sparse_sampling_and_reconstruction,3,MOS,4.58537,4.58537,-1.508753138,1.508753138,-1.508753138
TID2013,18,i18.png,i18_24_4.png,sparse_sampling_and_reconstruction,4,MOS,3.21951,3.21951,-2.933479504,2.933479504,-2.933479504
TID2013,18,i18.png,i18_24_5.png,sparse_sampling_and_reconstruction,5,MOS,1.02381,1.02381,-5.425205391,5.425205391,-5.425205391
TID2013,19,i19.png,i19_01_1.png,additive_gaussian_noise,1,MOS,5.72973,5.72973,-0.363124178,0.363124178,-0.363124178
TID2013,19,i19.png,i19_01_2.png,additive_gaussian_noise,2,MOS,5.10811,5.10811,-0.684196976,0.684196976,-0.684196976
TID2013,19,i19.png,i19_01_3.png,additive_gaussian_noise,3,MOS,4.60526,4.60526,-1.186667641,1.186667641,-1.186667641
TID2013,19,i19.png,i19_01_4.png,additive_gaussian_noise,4,MOS,4.13514,4.13514,-1.568715376,1.568715376,-1.568715376
TID2013,19,i19.png,i19_01_5.png,additive_gaussian_noise,5,MOS,3.56757,3.56757,-2.104535636,2.104535636,-2.104535636
TID2013,19,i19.png,i19_02_1.png,additive_noise_in_color_more_intensive_than_additive_noise_in_the_luminance,1,MOS,6.08108,6.08108,-0.176515826,0.176515826,-0.176515826
TID2013,19,i19.png,i19_02_2.png,additive_noise_in_color_more_intensive_than_additive_noise_in_the_luminance,2,MOS,5.64865,5.64865,-0.225657588,0.225657588,-0.225657588
TID2013,19,i19.png,i19_02_3.png,additive_noise_in_color_more_intensive_than_additive_noise_in_the_luminance,3,MOS,5.57895,5.57895,-0.428750087,0.428750087,-0.428750087
TID2013,19,i19.png,i19_02_4.png,additive_noise_in_color_more_intensive_than_additive_noise_in_the_luminance,4,MOS,5.0,5.0,-0.755356128,0.755356128,-0.755356128
TID2013,19,i19.png,i19_02_5.png,additive_noise_in_color_more_intensive_than_additive_noise_in_the_luminance,5,MOS,4.47222,4.47222,-1.20415937,1.20415937,-1.20415937
TID2013,19,i19.png,i19_03_1.png,spatially_correlated_noise,1,MOS,4.66667,4.66667,-1.007119631,1.007119631,-1.007119631
TID2013,19,i19.png,i19_03_2.png,spatially_correlated_noise,2,MOS,4.05405,4.05405,-1.736348264,1.736348264,-1.736348264
TID2013,19,i19.png,i19_03_3.png,spatially_correlated_noise,3,MOS,3.63158,3.63158,-2.212112665,2.212112665,-2.212112665
TID2013,19,i19.png,i19_03_4.png,spatially_correlated_noise,4,MOS,3.0,3.0,-2.948274401,2.948274401,-2.948274401
TID2013,19,i19.png,i19_03_5.png,spatially_correlated_noise,5,MOS,2.52632,2.52632,-3.419962778,3.419962778,-3.419962778
TID2013,19,i19.png,i19_04_1.png,masked_noise,1,MOS,5.89474,5.89474,-0.127073512,0.127073512,-0.127073512
TID2013,19,i19.png,i19_04_2.png,masked_noise,2,MOS,5.94595,5.94595,-0.203186656,0.203186656,-0.203186656
TID2013,19,i19.png,i19_04_3.png,masked_noise,3,MOS,5.89474,5.89474,-0.247455555,0.247455555,-0.247455555
TID2013,19,i19.png,i19_04_4.png,masked_noise,4,MOS,5.24324,5.24324,-0.546205365,0.546205365,-0.546205365
TID2013,19,i19.png,i19_04_5.png,masked_noise,5,MOS,4.48649,4.48649,-1.192497936,1.192497936,-1.192497936
TID2013,19,i19.png,i19_05_1.png,high_frequency_noise,1,MOS,5.97368,5.97368,-0.150757178,0.150757178,-0.150757178
TID2013,19,i19.png,i19_05_2.png,high_frequency_noise,2,MOS,5.5,5.5,-0.447424608,0.447424608,-0.447424608
TID2013,19,i19.png,i19_05_3.png,high_frequency_noise,3,MOS,5.07895,5.07895,-0.798233494,0.798233494,-0.798233494
TID2013,19,i19.png,i19_05_4.png,high_frequency_noise,4,MOS,4.0,4.0,-1.671532775,1.671532775,-1.671532775
TID2013,19,i19.png,i19_05_5.png,high_frequency_noise,5,MOS,3.18421,3.18421,-2.651310027,2.651310027,-2.651310027
TID2013,19,i19.png,i19_06_1.png,impulse_noise,1,MOS,4.73684,4.73684,-0.970847999,0.970847999,-0.970847999
TID2013,19,i19.png,i19_06_2.png,impulse_noise,2,MOS,4.64865,4.64865,-1.209870777,1.209870777,-1.209870777
TID2013,19,i19.png,i19_06_3.png,impulse_noise,3,MOS,3.86842,3.86842,-1.824087469,1.824087469,-1.824087469
TID2013,19,i19.png,i19_06_4.png,impulse_noise,4,MOS,3.56757,3.56757,-2.033233689,2.033233689,-2.033233689
TID2013,19,i19.png,i19_06_5.png,impulse_noise,5,MOS,3.18919,3.18919,-2.569856916,2.569856916,-2.569856916
TID2013,19,i19.png,i19_07_1.png,quantization_noise,1,MOS,5.37838,5.37838,-0.65932687,0.65932687,-0.65932687
TID2013,19,i19.png,i19_07_2.png,quantization_noise,2,MOS,4.67568,4.67568,-1.167625152,1.167625152,-1.167625152
TID2013,19,i19.png,i19_07_3.png,quantization_noise,3,MOS,3.88889,3.88889,-1.822079647,1.822079647,-1.822079647
TID2013,19,i19.png,i19_07_4.png,quantization_noise,4,MOS,3.19444,3.19444,-2.539248079,2.539248079,-2.539248079
TID2013,19,i19.png,i19_07_5.png,quantization_noise,5,MOS,2.60526,2.60526,-3.381810151,3.381810151,-3.381810151
TID2013,19,i19.png,i19_08_1.png,gaussian_blur,1,MOS,5.35135,5.35135,-0.454398921,0.454398921,-0.454398921
TID2013,19,i19.png,i19_08_2.png,gaussian_blur,2,MOS,4.7027,4.7027,-0.924483879,0.924483879,-0.924483879
TID2013,19,i19.png,i19_08_3.png,gaussian_blur,3,MOS,3.76316,3.76316,-1.966213652,1.966213652,-1.966213652
TID2013,19,i19.png,i19_08_4.png,gaussian_blur,4,MOS,2.89189,2.89189,-3.15813539,3.15813539,-3.15813539
TID2013,19,i19.png,i19_08_5.png,gaussian_blur,5,MOS,2.27027,2.27027,-3.867078139,3.867078139,-3.867078139
TID2013,19,i19.png,i19_09_1.png,image_denoising,1,MOS,6.08108,6.08108,-0.065076092,0.065076092,-0.065076092
TID2013,19,i19.png,i19_09_2.png,image_denoising,2,MOS,5.89474,5.89474,-0.246824315,0.246824315,-0.246824315
TID2013,19,i19.png,i19_09_3.png,image_denoising,3,MOS,4.86842,4.86842,-1.059055361,1.059055361,-1.059055361
TID2013,19,i19.png,i19_09_4.png,image_denoising,4,MOS,3.27027,3.27027,-2.396046208,2.396046208,-2.396046208
TID2013,19,i19.png,i19_09_5.png,image_denoising,5,MOS,1.86486,1.86486,-4.242540638,4.242540638,-4.242540638
TID2013,19,i19.png,i19_10_1.png,JPEG_compression,1,MOS,5.73684,5.73684,-0.232253037,0.232253037,-0.232253037
TID2013,19,i19.png,i19_10_2.png,JPEG_compression,2,MOS,5.47222,5.47222,-0.411849294,0.411849294,-0.411849294
TID2013,19,i19.png,i19_10_3.png,JPEG_compression,3,MOS,4.86111,4.86111,-0.915101887,0.915101887,-0.915101887
TID2013,19,i19.png,i19_10_4.png,JPEG_compression,4,MOS,3.0,3.0,-2.782341179,2.782341179,-2.782341179
TID2013,19,i19.png,i19_10_5.png,JPEG_compression,5,MOS,1.65789,1.65789,-4.543014768,4.543014768,-4.543014768
TID2013,19,i19.png,i19_11_1.png,JPEG2000_compression,1,MOS,5.52632,5.52632,-0.489860927,0.489860927,-0.489860927
TID2013,19,i19.png,i19_11_2.png,JPEG2000_compression,2,MOS,4.97368,4.97368,-0.794598464,0.794598464,-0.794598464
TID2013,19,i19.png,i19_11_3.png,JPEG2000_compression,3,MOS,4.52632,4.52632,-1.253482874,1.253482874,-1.253482874
TID2013,19,i19.png,i19_11_4.png,JPEG2000_compression,4,MOS,2.94595,2.94595,-2.836365665,2.836365665,-2.836365665
TID2013,19,i19.png,i19_11_5.png,JPEG2000_compression,5,MOS,1.23684,1.23684,-5.007569689,5.007569689,-5.007569689
TID2013,19,i19.png,i19_12_1.png,JPEG_transmission_errors,1,MOS,6.13158,6.13158,-0.041135806,0.041135806,-0.041135806
TID2013,19,i19.png,i19_12_2.png,JPEG_transmission_errors,2,MOS,5.59459,5.59459,-0.282003158,0.282003158,-0.282003158
TID2013,19,i19.png,i19_12_3.png,JPEG_transmission_errors,3,MOS,5.18421,5.18421,-0.675943669,0.675943669,-0.675943669
TID2013,19,i19.png,i19_12_4.png,JPEG_transmission_errors,4,MOS,5.08108,5.08108,-0.931733121,0.931733121,-0.931733121
TID2013,19,i19.png,i19_12_5.png,JPEG_transmission_errors,5,MOS,4.52778,4.52778,-1.269973299,1.269973299,-1.269973299
TID2013,19,i19.png,i19_13_1.png,JPEG2000_transmission_errors,1,MOS,4.67568,4.67568,-1.06190243,1.06190243,-1.06190243
TID2013,19,i19.png,i19_13_2.png,JPEG2000_transmission_errors,2,MOS,4.05263,4.05263,-1.709818385,1.709818385,-1.709818385
TID2013,19,i19.png,i19_13_3.png,JPEG2000_transmission_errors,3,MOS,3.62162,3.62162,-2.108051784,2.108051784,-2.108051784
TID2013,19,i19.png,i19_13_4.png,JPEG2000_transmission_errors,4,MOS,3.07895,3.07895,-2.80780806,2.80780806,-2.80780806
TID2013,19,i19.png,i19_13_5.png,JPEG2000_transmission_errors,5,MOS,1.94737,1.94737,-4.102173967,4.102173967,-4.102173967
TID2013,19,i19.png,i19_14_1.png,non_eccentricity_pattern_noise,1,MOS,5.61111,5.61111,-0.283885413,0.283885413,-0.283885413
TID2013,19,i19.png,i19_14_2.png,non_eccentricity_pattern_noise,2,MOS,6.02632,6.02632,-0.062986025,0.062986025,-0.062986025
TID2013,19,i19.png,i19_14_3.png,non_eccentricity_pattern_noise,3,MOS,5.45946,5.45946,-0.435486603,0.435486603,-0.435486603
TID2013,19,i19.png,i19_14_4.png,non_eccentricity_pattern_noise,4,MOS,4.92105,4.92105,-0.872427665,0.872427665,-0.872427665
TID2013,19,i19.png,i19_14_5.png,non_eccentricity_pattern_noise,5,MOS,3.64865,3.64865,-1.839063118,1.839063118,-1.839063118
TID2013,19,i19.png,i19_15_1.png,local_block_wise_distortions_of_different_intensity,1,MOS,2.88889,2.88889,-2.629675053,2.629675053,-2.629675053
TID2013,19,i19.png,i19_15_2.png,local_block_wise_distortions_of_different_intensity,2,MOS,3.27778,3.27778,-2.464567219,2.464567219,-2.464567219
TID2013,19,i19.png,i19_15_3.png,local_block_wise_distortions_of_different_intensity,3,MOS,3.51351,3.51351,-2.183200931,2.183200931,-2.183200931
TID2013,19,i19.png,i19_15_4.png,local_block_wise_distortions_of_different_intensity,4,MOS,3.68421,3.68421,-1.821645448,1.821645448,-1.821645448
TID2013,19,i19.png,i19_15_5.png,local_block_wise_distortions_of_different_intensity,5,MOS,3.54054,3.54054,-2.127173621,2.127173621,-2.127173621
TID2013,19,i19.png,i19_16_1.png,intensity_shift,1,MOS,6.13158,6.13158,-0.090978471,0.090978471,-0.090978471
TID2013,19,i19.png,i19_16_2.png,intensity_shift,2,MOS,6.26316,6.26316,0.016864432,-0.016864432,0.016864432
TID2013,19,i19.png,i19_16_3.png,intensity_shift,3,MOS,5.28947,5.28947,-0.531597238,0.531597238,-0.531597238
TID2013,19,i19.png,i19_16_4.png,intensity_shift,4,MOS,5.84211,5.84211,-0.309522248,0.309522248,-0.309522248
TID2013,19,i19.png,i19_16_5.png,intensity_shift,5,MOS,4.41667,4.41667,-1.247148872,1.247148872,-1.247148872
TID2013,19,i19.png,i19_17_1.png,contrast_change,1,MOS,5.47368,5.47368,-0.379703265,0.379703265,-0.379703265
TID2013,19,i19.png,i19_17_2.png,contrast_change,2,MOS,6.18919,6.18919,0.121496146,-0.121496146,0.121496146
TID2013,19,i19.png,i19_17_3.png,contrast_change,3,MOS,4.43243,4.43243,-1.192821413,1.192821413,-1.192821413
TID2013,19,i19.png,i19_17_4.png,contrast_change,4,MOS,5.75676,5.75676,-0.438485978,0.438485978,-0.438485978
TID2013,19,i19.png,i19_17_5.png,contrast_change,5,MOS,3.34211,3.34211,-2.5858286,2.5858286,-2.5858286
TID2013,19,i19.png,i19_18_1.png,change_of_color_saturation,1,MOS,5.13514,5.13514,-0.619136087,0.619136087,-0.619136087
TID2013,19,i19.png,i19_18_2.png,change_of_color_saturation,2,MOS,4.38889,4.38889,-1.246788976,1.246788976,-1.246788976
TID2013,19,i19.png,i19_18_3.png,change_of_color_saturation,3,MOS,4.24324,4.24324,-1.5187736,1.5187736,-1.5187736
TID2013,19,i19.png,i19_18_4.png,change_of_color_saturation,4,MOS,4.08108,4.08108,-1.697760114,1.697760114,-1.697760114
TID2013,19,i19.png,i19_18_5.png,change_of_color_saturation,5,MOS,4.05405,4.05405,-1.738743349,1.738743349,-1.738743349
TID2013,19,i19.png,i19_19_1.png,multiplicative_gaussian_noise,1,MOS,5.54054,5.54054,-0.445122476,0.445122476,-0.445122476
TID2013,19,i19.png,i19_19_2.png,multiplicative_gaussian_noise,2,MOS,4.97297,4.97297,-0.711347014,0.711347014,-0.711347014
TID2013,19,i19.png,i19_19_3.png,multiplicative_gaussian_noise,3,MOS,4.55556,4.55556,-1.119837608,1.119837608,-1.119837608
TID2013,19,i19.png,i19_19_4.png,multiplicative_gaussian_noise,4,MOS,4.31429,4.31429,-1.366711598,1.366711598,-1.366711598
TID2013,19,i19.png,i19_19_5.png,multiplicative_gaussian_noise,5,MOS,3.55556,3.55556,-2.304833587,2.304833587,-2.304833587
TID2013,19,i19.png,i19_20_1.png,comfort_noise,1,MOS,5.7027,5.7027,-0.22848697,0.22848697,-0.22848697
TID2013,19,i19.png,i19_20_2.png,comfort_noise,2,MOS,5.71053,5.71053,-0.36098819,0.36098819,-0.36098819
TID2013,19,i19.png,i19_20_3.png,comfort_noise,3,MOS,5.18919,5.18919,-0.783870496,0.783870496,-0.783870496
TID2013,19,i19.png,i19_20_4.png,comfort_noise,4,MOS,4.13889,4.13889,-1.512092706,1.512092706,-1.512092706
TID2013,19,i19.png,i19_20_5.png,comfort_noise,5,MOS,3.05263,3.05263,-2.618540911,2.618540911,-2.618540911
TID2013,19,i19.png,i19_21_1.png,lossy_compression_of_noisy_images,1,MOS,5.40541,5.40541,-0.356981851,0.356981851,-0.356981851
TID2013,19,i19.png,i19_21_2.png,lossy_compression_of_noisy_images,2,MOS,5.16216,5.16216,-0.792541299,0.792541299,-0.792541299
TID2013,19,i19.png,i19_21_3.png,lossy_compression_of_noisy_images,3,MOS,4.08108,4.08108,-1.598734264,1.598734264,-1.598734264
TID2013,19,i19.png,i19_21_4.png,lossy_compression_of_noisy_images,4,MOS,3.56757,3.56757,-2.258808156,2.258808156,-2.258808156
TID2013,19,i19.png,i19_21_5.png,lossy_compression_of_noisy_images,5,MOS,2.25,2.25,-3.658680525,3.658680525,-3.658680525
TID2013,19,i19.png,i19_22_1.png,image_color_quantization_with_dither,1,MOS,5.73684,5.73684,-0.297378429,0.297378429,-0.297378429
TID2013,19,i19.png,i19_22_2.png,image_color_quantization_with_dither,2,MOS,5.32432,5.32432,-0.486555948,0.486555948,-0.486555948
TID2013,19,i19.png,i19_22_3.png,image_color_quantization_with_dither,3,MOS,4.4,4.4,-1.145879819,1.145879819,-1.145879819
TID2013,19,i19.png,i19_22_4.png,image_color_quantization_with_dither,4,MOS,3.94737,3.94737,-1.682107874,1.682107874,-1.682107874
TID2013,19,i19.png,i19_22_5.png,image_color_quantization_with_dither,5,MOS,2.75676,2.75676,-3.195499714,3.195499714,-3.195499714
TID2013,19,i19.png,i19_23_1.png,chromatic_aberrations,1,MOS,5.86842,5.86842,-0.216801845,0.216801845,-0.216801845
TID2013,19,i19.png,i19_23_2.png,chromatic_aberrations,2,MOS,6.28947,6.28947,0.029682588,-0.029682588,0.029682588
TID2013,19,i19.png,i19_23_3.png,chromatic_aberrations,3,MOS,5.75676,5.75676,-0.287486878,0.287486878,-0.287486878
TID2013,19,i19.png,i19_23_4.png,chromatic_aberrations,4,MOS,5.76316,5.76316,-0.289544571,0.289544571,-0.289544571
TID2013,19,i19.png,i19_23_5.png,chromatic_aberrations,5,MOS,5.21622,5.21622,-0.640299401,0.640299401,-0.640299401
TID2013,19,i19.png,i19_24_1.png,sparse_sampling_and_reconstruction,1,MOS,5.45946,5.45946,-0.389915097,0.389915097,-0.389915097
TID2013,19,i19.png,i19_24_2.png,sparse_sampling_and_reconstruction,2,MOS,4.7027,4.7027,-0.991219263,0.991219263,-0.991219263
TID2013,19,i19.png,i19_24_3.png,sparse_sampling_and_reconstruction,3,MOS,3.63889,3.63889,-1.981543281,1.981543281,-1.981543281
TID2013,19,i19.png,i19_24_4.png,sparse_sampling_and_reconstruction,4,MOS,2.5,2.5,-3.513332486,3.513332486,-3.513332486
TID2013,19,i19.png,i19_24_5.png,sparse_sampling_and_reconstruction,5,MOS,0.77778,0.77778,-5.02219877,5.02219877,-5.02219877
TID2013,20,i20.png,i20_01_1.png,additive_gaussian_noise,1,MOS,5.76923,5.76923,-0.392439957,0.392439957,-0.392439957
TID2013,20,i20.png,i20_01_2.png,additive_gaussian_noise,2,MOS,5.51282,5.51282,-0.498032572,0.498032572,-0.498032572
TID2013,20,i20.png,i20_01_3.png,additive_gaussian_noise,3,MOS,4.92105,4.92105,-1.031693246,1.031693246,-1.031693246
TID2013,20,i20.png,i20_01_4.png,additive_gaussian_noise,4,MOS,4.4359,4.4359,-1.574324632,1.574324632,-1.574324632
TID2013,20,i20.png,i20_01_5.png,additive_gaussian_noise,5,MOS,3.78378,3.78378,-2.155900268,2.155900268,-2.155900268
TID2013,20,i20.png,i20_02_1.png,additive_noise_in_color_more_intensive_than_additive_noise_in_the_luminance,1,MOS,5.84211,5.84211,-0.3610124,0.3610124,-0.3610124
TID2013,20,i20.png,i20_02_2.png,additive_noise_in_color_more_intensive_than_additive_noise_in_the_luminance,2,MOS,5.79487,5.79487,-0.443921504,0.443921504,-0.443921504
TID2013,20,i20.png,i20_02_3.png,additive_noise_in_color_more_intensive_than_additive_noise_in_the_luminance,3,MOS,5.51351,5.51351,-0.59575605,0.59575605,-0.59575605
TID2013,20,i20.png,i20_02_4.png,additive_noise_in_color_more_intensive_than_additive_noise_in_the_luminance,4,MOS,5.28205,5.28205,-0.800409358,0.800409358,-0.800409358
TID2013,20,i20.png,i20_02_5.png,additive_noise_in_color_more_intensive_than_additive_noise_in_the_luminance,5,MOS,4.48718,4.48718,-1.460406677,1.460406677,-1.460406677
TID2013,20,i20.png,i20_03_1.png,spatially_correlated_noise,1,MOS,4.94737,4.94737,-1.375596152,1.375596152,-1.375596152
TID2013,20,i20.png,i20_03_2.png,spatially_correlated_noise,2,MOS,4.21053,4.21053,-1.779697534,1.779697534,-1.779697534
TID2013,20,i20.png,i20_03_3.png,spatially_correlated_noise,3,MOS,3.81081,3.81081,-2.336697491,2.336697491,-2.336697491
TID2013,20,i20.png,i20_03_4.png,spatially_correlated_noise,4,MOS,3.12821,3.12821,-2.956316202,2.956316202,-2.956316202
TID2013,20,i20.png,i20_03_5.png,spatially_correlated_noise,5,MOS,2.65789,2.65789,-3.390340839,3.390340839,-3.390340839
TID2013,20,i20.png,i20_04_1.png,masked_noise,1,MOS,5.71053,5.71053,-0.397545627,0.397545627,-0.397545627
TID2013,20,i20.png,i20_04_2.png,masked_noise,2,MOS,5.47368,5.47368,-0.369350549,0.369350549,-0.369350549
TID2013,20,i20.png,i20_04_3.png,masked_noise,3,MOS,5.15789,5.15789,-0.906741738,0.906741738,-0.906741738
TID2013,20,i20.png,i20_04_4.png,masked_noise,4,MOS,4.72973,4.72973,-1.200999487,1.200999487,-1.200999487
TID2013,20,i20.png,i20_04_5.png,masked_noise,5,MOS,4.05405,4.05405,-1.794898462,1.794898462,-1.794898462
TID2013,20,i20.png,i20_05_1.png,high_frequency_noise,1,MOS,6.02632,6.02632,-0.281846982,0.281846982,-0.281846982
TID2013,20,i20.png,i20_05_2.png,high_frequency_noise,2,MOS,5.76316,5.76316,-0.445128562,0.445128562,-0.445128562
TID2013,20,i20.png,i20_05_3.png,high_frequency_noise,3,MOS,5.39474,5.39474,-0.790654761,0.790654761,-0.790654761
TID2013,20,i20.png,i20_05_4.png,high_frequency_noise,4,MOS,4.23077,4.23077,-1.732208352,1.732208352,-1.732208352
TID2013,20,i20.png,i20_05_5.png,high_frequency_noise,5,MOS,2.92105,2.92105,-2.971646016,2.971646016,-2.971646016
TID2013,20,i20.png,i20_06_1.png,impulse_noise,1,MOS,4.97368,4.97368,-1.096400315,1.096400315,-1.096400315
TID2013,20,i20.png,i20_06_2.png,impulse_noise,2,MOS,4.13889,4.13889,-1.749745735,1.749745735,-1.749745735
TID2013,20,i20.png,i20_06_3.png,impulse_noise,3,MOS,3.94737,3.94737,-2.150024547,2.150024547,-2.150024547
TID2013,20,i20.png,i20_06_4.png,impulse_noise,4,MOS,3.4359,3.4359,-2.570704339,2.570704339,-2.570704339
TID2013,20,i20.png,i20_06_5.png,impulse_noise,5,MOS,3.10256,3.10256,-2.988353861,2.988353861,-2.988353861
TID2013,20,i20.png,i20_07_1.png,quantization_noise,1,MOS,5.28205,5.28205,-0.720234759,0.720234759,-0.720234759
TID2013,20,i20.png,i20_07_2.png,quantization_noise,2,MOS,4.72973,4.72973,-1.108654526,1.108654526,-1.108654526
TID2013,20,i20.png,i20_07_3.png,quantization_noise,3,MOS,4.47368,4.47368,-1.503416414,1.503416414,-1.503416414
TID2013,20,i20.png,i20_07_4.png,quantization_noise,4,MOS,3.73684,3.73684,-2.07662474,2.07662474,-2.07662474
TID2013,20,i20.png,i20_07_5.png,quantization_noise,5,MOS,3.28205,3.28205,-2.640018794,2.640018794,-2.640018794
TID2013,20,i20.png,i20_08_1.png,gaussian_blur,1,MOS,5.65789,5.65789,-0.458888537,0.458888537,-0.458888537
TID2013,20,i20.png,i20_08_2.png,gaussian_blur,2,MOS,5.2973,5.2973,-0.789487511,0.789487511,-0.789487511
TID2013,20,i20.png,i20_08_3.png,gaussian_blur,3,MOS,4.02778,4.02778,-1.626001876,1.626001876,-1.626001876
TID2013,20,i20.png,i20_08_4.png,gaussian_blur,4,MOS,3.42105,3.42105,-2.409201369,2.409201369,-2.409201369
TID2013,20,i20.png,i20_08_5.png,gaussian_blur,5,MOS,2.58974,2.58974,-3.531783325,3.531783325,-3.531783325
TID2013,20,i20.png,i20_09_1.png,image_denoising,1,MOS,6.26316,6.26316,0.004518918,-0.004518918,0.004518918
TID2013,20,i20.png,i20_09_2.png,image_denoising,2,MOS,6.13158,6.13158,-0.321231206,0.321231206,-0.321231206
TID2013,20,i20.png,i20_09_3.png,image_denoising,3,MOS,5.33333,5.33333,-0.68585406,0.68585406,-0.68585406
TID2013,20,i20.png,i20_09_4.png,image_denoising,4,MOS,3.75676,3.75676,-2.194034131,2.194034131,-2.194034131
TID2013,20,i20.png,i20_09_5.png,image_denoising,5,MOS,2.21622,2.21622,-4.081345349,4.081345349,-4.081345349
TID2013,20,i20.png,i20_10_1.png,JPEG_compression,1,MOS,6.13158,6.13158,-0.179620152,0.179620152,-0.179620152
TID2013,20,i20.png,i20_10_2.png,JPEG_compression,2,MOS,5.73684,5.73684,-0.367878036,0.367878036,-0.367878036
TID2013,20,i20.png,i20_10_3.png,JPEG_compression,3,MOS,4.94444,4.94444,-0.980904644,0.980904644,-0.980904644
TID2013,20,i20.png,i20_10_4.png,JPEG_compression,4,MOS,3.57895,3.57895,-2.392484898,2.392484898,-2.392484898
TID2013,20,i20.png,i20_10_5.png,JPEG_compression,5,MOS,2.74359,2.74359,-3.602634498,3.602634498,-3.602634498
TID2013,20,i20.png,i20_11_1.png,JPEG2000_compression,1,MOS,5.57895,5.57895,-0.553289022,0.553289022,-0.553289022
TID2013,20,i20.png,i20_11_2.png,JPEG2000_compression,2,MOS,4.84211,4.84211,-0.980778018,0.980778018,-0.980778018
TID2013,20,i20.png,i20_11_3.png,JPEG2000_compression,3,MOS,3.43243,3.43243,-2.416843571,2.416843571,-2.416843571
TID2013,20,i20.png,i20_11_4.png,JPEG2000_compression,4,MOS,2.05263,2.05263,-4.053885907,4.053885907,-4.053885907
TID2013,20,i20.png,i20_11_5.png,JPEG2000_compression,5,MOS,0.74359,0.74359,-5.715351806,5.715351806,-5.715351806
TID2013,20,i20.png,i20_12_1.png,JPEG_transmission_errors,1,MOS,6.12821,6.12821,-0.139971441,0.139971441,-0.139971441
TID2013,20,i20.png,i20_12_2.png,JPEG_transmission_errors,2,MOS,5.30769,5.30769,-0.708874197,0.708874197,-0.708874197
TID2013,20,i20.png,i20_12_3.png,JPEG_transmission_errors,3,MOS,4.44737,4.44737,-1.426701569,1.426701569,-1.426701569
TID2013,20,i20.png,i20_12_4.png,JPEG_transmission_errors,4,MOS,4.25641,4.25641,-1.758325119,1.758325119,-1.758325119
TID2013,20,i20.png,i20_12_5.png,JPEG_transmission_errors,5,MOS,2.57895,2.57895,-3.707597029,3.707597029,-3.707597029
TID2013,20,i20.png,i20_13_1.png,JPEG2000_transmission_errors,1,MOS,5.15385,5.15385,-0.879358261,0.879358261,-0.879358261
TID2013,20,i20.png,i20_13_2.png,JPEG2000_transmission_errors,2,MOS,3.78947,3.78947,-2.159357638,2.159357638,-2.159357638
TID2013,20,i20.png,i20_13_3.png,JPEG2000_transmission_errors,3,MOS,3.82051,3.82051,-2.194263487,2.194263487,-2.194263487
TID2013,20,i20.png,i20_13_4.png,JPEG2000_transmission_errors,4,MOS,2.89189,2.89189,-3.203686018,3.203686018,-3.203686018
TID2013,20,i20.png,i20_13_5.png,JPEG2000_transmission_errors,5,MOS,2.02703,2.02703,-4.346940406,4.346940406,-4.346940406
TID2013,20,i20.png,i20_14_1.png,non_eccentricity_pattern_noise,1,MOS,6.02632,6.02632,-0.246499303,0.246499303,-0.246499303
TID2013,20,i20.png,i20_14_2.png,non_eccentricity_pattern_noise,2,MOS,5.84211,5.84211,-0.37684618,0.37684618,-0.37684618
TID2013,20,i20.png,i20_14_3.png,non_eccentricity_pattern_noise,3,MOS,4.55263,4.55263,-1.256950422,1.256950422,-1.256950422
TID2013,20,i20.png,i20_14_4.png,non_eccentricity_pattern_noise,4,MOS,4.12821,4.12821,-1.931180353,1.931180353,-1.931180353
TID2013,20,i20.png,i20_14_5.png,non_eccentricity_pattern_noise,5,MOS,3.36842,3.36842,-2.477564588,2.477564588,-2.477564588
TID2013,20,i20.png,i20_15_1.png,local_block_wise_distortions_of_different_intensity,1,MOS,3.23077,3.23077,-2.830692505,2.830692505,-2.830692505
TID2013,20,i20.png,i20_15_2.png,local_block_wise_distortions_of_different_intensity,2,MOS,3.34211,3.34211,-2.654481107,2.654481107,-2.654481107
TID2013,20,i20.png,i20_15_3.png,local_block_wise_distortions_of_different_intensity,3,MOS,3.69231,3.69231,-2.189152302,2.189152302,-2.189152302
TID2013,20,i20.png,i20_15_4.png,local_block_wise_distortions_of_different_intensity,4,MOS,3.89744,3.89744,-2.018847273,2.018847273,-2.018847273
TID2013,20,i20.png,i20_15_5.png,local_block_wise_distortions_of_different_intensity,5,MOS,4.05128,4.05128,-1.654762836,1.654762836,-1.654762836
TID2013,20,i20.png,i20_16_1.png,intensity_shift,1,MOS,6.05128,6.05128,-0.198784027,0.198784027,-0.198784027
TID2013,20,i20.png,i20_16_2.png,intensity_shift,2,MOS,6.05405,6.05405,-0.133557492,0.133557492,-0.133557492
TID2013,20,i20.png,i20_16_3.png,intensity_shift,3,MOS,5.40541,5.40541,-0.50206576,0.50206576,-0.50206576
TID2013,20,i20.png,i20_16_4.png,intensity_shift,4,MOS,5.13514,5.13514,-0.703425198,0.703425198,-0.703425198
TID2013,20,i20.png,i20_16_5.png,intensity_shift,5,MOS,4.71795,4.71795,-1.229228937,1.229228937,-1.229228937
TID2013,20,i20.png,i20_17_1.png,contrast_change,1,MOS,5.61538,5.61538,-0.567830718,0.567830718,-0.567830718
TID2013,20,i20.png,i20_17_2.png,contrast_change,2,MOS,6.33333,6.33333,0.033797052,-0.033797052,0.033797052
TID2013,20,i20.png,i20_17_3.png,contrast_change,3,MOS,4.32432,4.32432,-1.53865534,1.53865534,-1.53865534
TID2013,20,i20.png,i20_17_4.png,contrast_change,4,MOS,5.87179,5.87179,-0.419599968,0.419599968,-0.419599968
TID2013,20,i20.png,i20_17_5.png,contrast_change,5,MOS,3.53846,3.53846,-2.542399653,2.542399653,-2.542399653
TID2013,20,i20.png,i20_18_1.png,change_of_color_saturation,1,MOS,5.61538,5.61538,-0.484123086,0.484123086,-0.484123086
TID2013,20,i20.png,i20_18_2.png,change_of_color_saturation,2,MOS,5.23684,5.23684,-0.788449315,0.788449315,-0.788449315
TID2013,20,i20.png,i20_18_3.png,change_of_color_saturation,3,MOS,4.5,4.5,-1.300052451,1.300052451,-1.300052451
TID2013,20,i20.png,i20_18_4.png,change_of_color_saturation,4,MOS,4.13514,4.13514,-1.621790652,1.621790652,-1.621790652
TID2013,20,i20.png,i20_18_5.png,change_of_color_saturation,5,MOS,4.10526,4.10526,-1.889605115,1.889605115,-1.889605115
TID2013,20,i20.png,i20_19_1.png,multiplicative_gaussian_noise,1,MOS,5.82051,5.82051,-0.427546322,0.427546322,-0.427546322
TID2013,20,i20.png,i20_19_2.png,multiplicative_gaussian_noise,2,MOS,5.17949,5.17949,-0.80634021,0.80634021,-0.80634021
TID2013,20,i20.png,i20_19_3.png,multiplicative_gaussian_noise,3,MOS,4.79487,4.79487,-1.294592396,1.294592396,-1.294592396
TID2013,20,i20.png,i20_19_4.png,multiplicative_gaussian_noise,4,MOS,4.0,4.0,-1.913427874,1.913427874,-1.913427874
TID2013,20,i20.png,i20_19_5.png,multiplicative_gaussian_noise,5,MOS,3.46154,3.46154,-2.587491537,2.587491537,-2.587491537
TID2013,20,i20.png,i20_20_1.png,comfort_noise,1,MOS,6.15789,6.15789,-0.239639366,0.239639366,-0.239639366
TID2013,20,i20.png,i20_20_2.png,comfort_noise,2,MOS,5.46154,5.46154,-0.544767583,0.544767583,-0.544767583
TID2013,20,i20.png,i20_20_3.png,comfort_noise,3,MOS,4.78947,4.78947,-1.280044486,1.280044486,-1.280044486
TID2013,20,i20.png,i20_20_4.png,comfort_noise,4,MOS,3.52632,3.52632,-2.376958171,2.376958171,-2.376958171
TID2013,20,i20.png,i20_20_5.png,comfort_noise,5,MOS,2.71795,2.71795,-3.348420693,3.348420693,-3.348420693
TID2013,20,i20.png,i20_21_1.png,lossy_compression_of_noisy_images,1,MOS,5.55263,5.55263,-0.545165461,0.545165461,-0.545165461
TID2013,20,i20.png,i20_21_2.png,lossy_compression_of_noisy_images,2,MOS,4.76316,4.76316,-1.234179012,1.234179012,-1.234179012
TID2013,20,i20.png,i20_21_3.png,lossy_compression_of_noisy_images,3,MOS,4.0,4.0,-1.930431486,1.930431486,-1.930431486
TID2013,20,i20.png,i20_21_4.png,lossy_compression_of_noisy_images,4,MOS,3.24324,3.24324,-2.764333479,2.764333479,-2.764333479
TID2013,20,i20.png,i20_21_5.png,lossy_compression_of_noisy_images,5,MOS,2.57895,2.57895,-3.617779811,3.617779811,-3.617779811
TID2013,20,i20.png,i20_22_1.png,image_color_quantization_with_dither,1,MOS,6.0,6.0,-0.313930816,0.313930816,-0.313930816
TID2013,20,i20.png,i20_22_2.png,image_color_quantization_with_dither,2,MOS,5.10526,5.10526,-0.800568778,0.800568778,-0.800568778
TID2013,20,i20.png,i20_22_3.png,image_color_quantization_with_dither,3,MOS,4.52632,4.52632,-1.375248815,1.375248815,-1.375248815
TID2013,20,i20.png,i20_22_4.png,image_color_quantization_with_dither,4,MOS,4.10811,4.10811,-1.685915659,1.685915659,-1.685915659
TID2013,20,i20.png,i20_22_5.png,image_color_quantization_with_dither,5,MOS,3.72973,3.72973,-2.247085434,2.247085434,-2.247085434
TID2013,20,i20.png,i20_23_1.png,chromatic_aberrations,1,MOS,5.94872,5.94872,-0.245710395,0.245710395,-0.245710395
TID2013,20,i20.png,i20_23_2.png,chromatic_aberrations,2,MOS,6.25641,6.25641,-0.172495027,0.172495027,-0.172495027
TID2013,20,i20.png,i20_23_3.png,chromatic_aberrations,3,MOS,5.82051,5.82051,-0.351180471,0.351180471,-0.351180471
TID2013,20,i20.png,i20_23_4.png,chromatic_aberrations,4,MOS,4.72973,4.72973,-1.116344001,1.116344001,-1.116344001
TID2013,20,i20.png,i20_23_5.png,chromatic_aberrations,5,MOS,3.15385,3.15385,-3.055318704,3.055318704,-3.055318704
TID2013,20,i20.png,i20_24_1.png,sparse_sampling_and_reconstruction,1,MOS,6.18421,6.18421,-0.365893179,0.365893179,-0.365893179
TID2013,20,i20.png,i20_24_2.png,sparse_sampling_and_reconstruction,2,MOS,5.07895,5.07895,-0.895257997,0.895257997,-0.895257997
TID2013,20,i20.png,i20_24_3.png,sparse_sampling_and_reconstruction,3,MOS,3.43243,3.43243,-2.34339652,2.34339652,-2.34339652
TID2013,20,i20.png,i20_24_4.png,sparse_sampling_and_reconstruction,4,MOS,1.97436,1.97436,-4.236585369,4.236585369,-4.236585369
TID2013,20,i20.png,i20_24_5.png,sparse_sampling_and_reconstruction,5,MOS,0.84211,0.84211,-5.305409417,5.305409417,-5.305409417
TID2013,21,i21.png,i21_01_1.png,additive_gaussian_noise,1,MOS,5.51163,5.51163,-0.663503739,0.663503739,-0.663503739
TID2013,21,i21.png,i21_01_2.png,additive_gaussian_noise,2,MOS,5.06977,5.06977,-1.108465449,1.108465449,-1.108465449
TID2013,21,i21.png,i21_01_3.png,additive_gaussian_noise,3,MOS,4.48837,4.48837,-1.558846202,1.558846202,-1.558846202
TID2013,21,i21.png,i21_01_4.png,additive_gaussian_noise,4,MOS,3.90698,3.90698,-2.242689373,2.242689373,-2.242689373
TID2013,21,i21.png,i21_01_5.png,additive_gaussian_noise,5,MOS,3.48837,3.48837,-2.580167107,2.580167107,-2.580167107
TID2013,21,i21.png,i21_02_1.png,additive_noise_in_color_more_intensive_than_additive_noise_in_the_luminance,1,MOS,5.80952,5.80952,-0.365497071,0.365497071,-0.365497071
TID2013,21,i21.png,i21_02_2.png,additive_noise_in_color_more_intensive_than_additive_noise_in_the_luminance,2,MOS,5.53488,5.53488,-0.576647891,0.576647891,-0.576647891
TID2013,21,i21.png,i21_02_3.png,additive_noise_in_color_more_intensive_than_additive_noise_in_the_luminance,3,MOS,5.44186,5.44186,-0.634733726,0.634733726,-0.634733726
TID2013,21,i21.png,i21_02_4.png,additive_noise_in_color_more_intensive_than_additive_noise_in_the_luminance,4,MOS,4.81395,4.81395,-1.20707223,1.20707223,-1.20707223
TID2013,21,i21.png,i21_02_5.png,additive_noise_in_color_more_intensive_than_additive_noise_in_the_luminance,5,MOS,4.15,4.15,-1.779713749,1.779713749,-1.779713749
TID2013,21,i21.png,i21_03_1.png,spatially_correlated_noise,1,MOS,4.39535,4.39535,-1.735621726,1.735621726,-1.735621726
TID2013,21,i21.png,i21_03_2.png,spatially_correlated_noise,2,MOS,3.92683,3.92683,-2.229058629,2.229058629,-2.229058629
TID2013,21,i21.png,i21_03_3.png,spatially_correlated_noise,3,MOS,3.16667,3.16667,-2.937614352,2.937614352,-2.937614352
TID2013,21,i21.png,i21_03_4.png,spatially_correlated_noise,4,MOS,3.06977,3.06977,-3.266720481,3.266720481,-3.266720481
TID2013,21,i21.png,i21_03_5.png,spatially_correlated_noise,5,MOS,2.55814,2.55814,-3.875184638,3.875184638,-3.875184638
TID2013,21,i21.png,i21_04_1.png,masked_noise,1,MOS,5.93023,5.93023,-0.3077397,0.3077397,-0.3077397
TID2013,21,i21.png,i21_04_2.png,masked_noise,2,MOS,6.02326,6.02326,-0.222637147,0.222637147,-0.222637147
TID2013,21,i21.png,i21_04_3.png,masked_noise,3,MOS,5.46341,5.46341,-0.77460577,0.77460577,-0.77460577
TID2013,21,i21.png,i21_04_4.png,masked_noise,4,MOS,5.33333,5.33333,-0.756407583,0.756407583,-0.756407583
TID2013,21,i21.png,i21_04_5.png,masked_noise,5,MOS,4.65,4.65,-1.240774143,1.240774143,-1.240774143
TID2013,21,i21.png,i21_05_1.png,high_frequency_noise,1,MOS,5.69767,5.69767,-0.43509048,0.43509048,-0.43509048
TID2013,21,i21.png,i21_05_2.png,high_frequency_noise,2,MOS,5.90698,5.90698,-0.368973977,0.368973977,-0.368973977
TID2013,21,i21.png,i21_05_3.png,high_frequency_noise,3,MOS,5.11628,5.11628,-0.995215287,0.995215287,-0.995215287
TID2013,21,i21.png,i21_05_4.png,high_frequency_noise,4,MOS,3.92857,3.92857,-2.283445157,2.283445157,-2.283445157
TID2013,21,i21.png,i21_05_5.png,high_frequency_noise,5,MOS,3.0,3.0,-3.24224513,3.24224513,-3.24224513
TID2013,21,i21.png,i21_06_1.png,impulse_noise,1,MOS,4.92683,4.92683,-1.183700802,1.183700802,-1.183700802
TID2013,21,i21.png,i21_06_2.png,impulse_noise,2,MOS,4.38095,4.38095,-1.619848475,1.619848475,-1.619848475
TID2013,21,i21.png,i21_06_3.png,impulse_noise,3,MOS,4.02439,4.02439,-2.117190526,2.117190526,-2.117190526
TID2013,21,i21.png,i21_06_4.png,impulse_noise,4,MOS,3.5,3.5,-2.721229669,2.721229669,-2.721229669
TID2013,21,i21.png,i21_06_5.png,impulse_noise,5,MOS,3.04762,3.04762,-3.251320537,3.251320537,-3.251320537
TID2013,21,i21.png,i21_07_1.png,quantization_noise,1,MOS,5.02439,5.02439,-1.04315626,1.04315626,-1.04315626
TID2013,21,i21.png,i21_07_2.png,quantization_noise,2,MOS,4.45,4.45,-1.523726634,1.523726634,-1.523726634
TID2013,21,i21.png,i21_07_3.png,quantization_noise,3,MOS,4.16667,4.16667,-1.886951326,1.886951326,-1.886951326
TID2013,21,i21.png,i21_07_4.png,quantization_noise,4,MOS,3.59524,3.59524,-2.553112934,2.553112934,-2.553112934
TID2013,21,i21.png,i21_07_5.png,quantization_noise,5,MOS,3.16667,3.16667,-2.98212194,2.98212194,-2.98212194
TID2013,21,i21.png,i21_08_1.png,gaussian_blur,1,MOS,5.5,5.5,-0.611153853,0.611153853,-0.611153853
TID2013,21,i21.png,i21_08_2.png,gaussian_blur,2,MOS,4.85714,4.85714,-1.13809751,1.13809751,-1.13809751
TID2013,21,i21.png,i21_08_3.png,gaussian_blur,3,MOS,4.11628,4.11628,-2.121315154,2.121315154,-2.121315154
TID2013,21,i21.png,i21_08_4.png,gaussian_blur,4,MOS,3.23256,3.23256,-3.127410797,3.127410797,-3.127410797
TID2013,21,i21.png,i21_08_5.png,gaussian_blur,5,MOS,2.16279,2.16279,-4.369199396,4.369199396,-4.369199396
TID2013,21,i21.png,i21_09_1.png,image_denoising,1,MOS,6.075,6.075,-0.109363675,0.109363675,-0.109363675
TID2013,21,i21.png,i21_09_2.png,image_denoising,2,MOS,6.19048,6.19048,-0.241764038,0.241764038,-0.241764038
TID2013,21,i21.png,i21_09_3.png,image_denoising,3,MOS,5.30952,5.30952,-0.788890774,0.788890774,-0.788890774
TID2013,21,i21.png,i21_09_4.png,image_denoising,4,MOS,3.76744,3.76744,-2.455354842,2.455354842,-2.455354842
TID2013,21,i21.png,i21_09_5.png,image_denoising,5,MOS,2.09302,2.09302,-4.387879091,4.387879091,-4.387879091
TID2013,21,i21.png,i21_10_1.png,JPEG_compression,1,MOS,6.30952,6.30952,-0.153260396,0.153260396,-0.153260396
TID2013,21,i21.png,i21_10_2.png,JPEG_compression,2,MOS,5.88095,5.88095,-0.484127114,0.484127114,-0.484127114
TID2013,21,i21.png,i21_10_3.png,JPEG_compression,3,MOS,5.13953,5.13953,-1.198419772,1.198419772,-1.198419772
TID2013,21,i21.png,i21_10_4.png,JPEG_compression,4,MOS,3.2619,3.2619,-2.850936337,2.850936337,-2.850936337
TID2013,21,i21.png,i21_10_5.png,JPEG_compression,5,MOS,1.92683,1.92683,-4.651220068,4.651220068,-4.651220068
TID2013,21,i21.png,i21_11_1.png,JPEG2000_compression,1,MOS,6.12195,6.12195,-0.275681567,0.275681567,-0.275681567
TID2013,21,i21.png,i21_11_2.png,JPEG2000_compression,2,MOS,5.39535,5.39535,-0.70664651,0.70664651,-0.70664651
TID2013,21,i21.png,i21_11_3.png,JPEG2000_compression,3,MOS,4.69048,4.69048,-1.207308696,1.207308696,-1.207308696
TID2013,21,i21.png,i21_11_4.png,JPEG2000_compression,4,MOS,3.0,3.0,-2.911984692,2.911984692,-2.911984692
TID2013,21,i21.png,i21_11_5.png,JPEG2000_compression,5,MOS,1.04651,1.04651,-5.492051255,5.492051255,-5.492051255
TID2013,21,i21.png,i21_12_1.png,JPEG_transmission_errors,1,MOS,5.7907,5.7907,-0.371532006,0.371532006,-0.371532006
TID2013,21,i21.png,i21_12_2.png,JPEG_transmission_errors,2,MOS,4.76744,4.76744,-1.34711739,1.34711739,-1.34711739
TID2013,21,i21.png,i21_12_3.png,JPEG_transmission_errors,3,MOS,6.0,6.0,-0.227923294,0.227923294,-0.227923294
TID2013,21,i21.png,i21_12_4.png,JPEG_transmission_errors,4,MOS,5.61905,5.61905,-0.446243645,0.446243645,-0.446243645
TID2013,21,i21.png,i21_12_5.png,JPEG_transmission_errors,5,MOS,2.02381,2.02381,-4.475474196,4.475474196,-4.475474196
TID2013,21,i21.png,i21_13_1.png,JPEG2000_transmission_errors,1,MOS,4.45238,4.45238,-1.555606924,1.555606924,-1.555606924
TID2013,21,i21.png,i21_13_2.png,JPEG2000_transmission_errors,2,MOS,3.69048,3.69048,-2.406758372,2.406758372,-2.406758372
TID2013,21,i21.png,i21_13_3.png,JPEG2000_transmission_errors,3,MOS,3.17073,3.17073,-3.095601195,3.095601195,-3.095601195
TID2013,21,i21.png,i21_13_4.png,JPEG2000_transmission_errors,4,MOS,2.34884,2.34884,-3.995959072,3.995959072,-3.995959072
TID2013,21,i21.png,i21_13_5.png,JPEG2000_transmission_errors,5,MOS,2.55814,2.55814,-3.92393886,3.92393886,-3.92393886
TID2013,21,i21.png,i21_14_1.png,non_eccentricity_pattern_noise,1,MOS,5.90698,5.90698,-0.34776383,0.34776383,-0.34776383
TID2013,21,i21.png,i21_14_2.png,non_eccentricity_pattern_noise,2,MOS,6.17073,6.17073,-0.097424444,0.097424444,-0.097424444
TID2013,21,i21.png,i21_14_3.png,non_eccentricity_pattern_noise,3,MOS,5.95238,5.95238,-0.246872411,0.246872411,-0.246872411
TID2013,21,i21.png,i21_14_4.png,non_eccentricity_pattern_noise,4,MOS,4.33333,4.33333,-1.798436489,1.798436489,-1.798436489
TID2013,21,i21.png,i21_14_5.png,non_eccentricity_pattern_noise,5,MOS,3.65116,3.65116,-2.404276452,2.404276452,-2.404276452
TID2013,21,i21.png,i21_15_1.png,local_block_wise_distortions_of_different_intensity,1,MOS,2.85366,2.85366,-3.289622511,3.289622511,-3.289622511
TID2013,21,i21.png,i21_15_2.png,local_block_wise_distortions_of_different_intensity,2,MOS,3.26829,3.26829,-2.879105913,2.879105913,-2.879105913
TID2013,21,i21.png,i21_15_3.png,local_block_wise_distortions_of_different_intensity,3,MOS,3.57143,3.57143,-2.567483859,2.567483859,-2.567483859
TID2013,21,i21.png,i21_15_4.png,local_block_wise_distortions_of_different_intensity,4,MOS,3.7619,3.7619,-2.35593105,2.35593105,-2.35593105
TID2013,21,i21.png,i21_15_5.png,local_block_wise_distortions_of_different_intensity,5,MOS,3.71429,3.71429,-2.432159752,2.432159752,-2.432159752
TID2013,21,i21.png,i21_16_1.png,intensity_shift,1,MOS,6.12195,6.12195,-0.219469664,0.219469664,-0.219469664
TID2013,21,i21.png,i21_16_2.png,intensity_shift,2,MOS,5.93023,5.93023,-0.298793051,0.298793051,-0.298793051
TID2013,21,i21.png,i21_16_3.png,intensity_shift,3,MOS,5.71429,5.71429,-0.484046313,0.484046313,-0.484046313
TID2013,21,i21.png,i21_16_4.png,intensity_shift,4,MOS,5.16667,5.16667,-0.902840841,0.902840841,-0.902840841
TID2013,21,i21.png,i21_16_5.png,intensity_shift,5,MOS,4.67442,4.67442,-1.391619255,1.391619255,-1.391619255
TID2013,21,i21.png,i21_17_1.png,contrast_change,1,MOS,5.34146,5.34146,-0.671716259,0.671716259,-0.671716259
TID2013,21,i21.png,i21_17_2.png,contrast_change,2,MOS,6.2619,6.2619,-0.169314,0.169314,-0.169314
TID2013,21,i21.png,i21_17_3.png,contrast_change,3,MOS,4.35714,4.35714,-1.613886449,1.613886449,-1.613886449
TID2013,21,i21.png,i21_17_4.png,contrast_change,4,MOS,6.30233,6.30233,-0.274918288,0.274918288,-0.274918288
TID2013,21,i21.png,i21_17_5.png,contrast_change,5,MOS,3.55,3.55,-2.732354558,2.732354558,-2.732354558
TID2013,21,i21.png,i21_18_1.png,change_of_color_saturation,1,MOS,4.85714,4.85714,-1.230610495,1.230610495,-1.230610495
TID2013,21,i21.png,i21_18_2.png,change_of_color_saturation,2,MOS,4.31707,4.31707,-1.669223461,1.669223461,-1.669223461
TID2013,21,i21.png,i21_18_3.png,change_of_color_saturation,3,MOS,4.11905,4.11905,-1.889867778,1.889867778,-1.889867778
TID2013,21,i21.png,i21_18_4.png,change_of_color_saturation,4,MOS,3.60976,3.60976,-2.254805672,2.254805672,-2.254805672
TID2013,21,i21.png,i21_18_5.png,change_of_color_saturation,5,MOS,3.78571,3.78571,-2.392636105,2.392636105,-2.392636105
TID2013,21,i21.png,i21_19_1.png,multiplicative_gaussian_noise,1,MOS,5.38095,5.38095,-0.726818266,0.726818266,-0.726818266
TID2013,21,i21.png,i21_19_2.png,multiplicative_gaussian_noise,2,MOS,4.7907,4.7907,-1.2361759,1.2361759,-1.2361759
TID2013,21,i21.png,i21_19_3.png,multiplicative_gaussian_noise,3,MOS,4.07143,4.07143,-1.991917008,1.991917008,-1.991917008
TID2013,21,i21.png,i21_19_4.png,multiplicative_gaussian_noise,4,MOS,3.64286,3.64286,-2.413651925,2.413651925,-2.413651925
TID2013,21,i21.png,i21_19_5.png,multiplicative_gaussian_noise,5,MOS,3.4186,3.4186,-2.845147691,2.845147691,-2.845147691
TID2013,21,i21.png,i21_20_1.png,comfort_noise,1,MOS,5.975,5.975,-0.207896433,0.207896433,-0.207896433
TID2013,21,i21.png,i21_20_2.png,comfort_noise,2,MOS,5.67442,5.67442,-0.446893682,0.446893682,-0.446893682
TID2013,21,i21.png,i21_20_3.png,comfort_noise,3,MOS,5.69048,5.69048,-0.475670397,0.475670397,-0.475670397
TID2013,21,i21.png,i21_20_4.png,comfort_noise,4,MOS,4.88372,4.88372,-1.164920696,1.164920696,-1.164920696
TID2013,21,i21.png,i21_20_5.png,comfort_noise,5,MOS,3.83721,3.83721,-2.27357333,2.27357333,-2.27357333
TID2013,21,i21.png,i21_21_1.png,lossy_compression_of_noisy_images,1,MOS,5.53488,5.53488,-0.587897924,0.587897924,-0.587897924
TID2013,21,i21.png,i21_21_2.png,lossy_compression_of_noisy_images,2,MOS,5.14286,5.14286,-0.923540356,0.923540356,-0.923540356
TID2013,21,i21.png,i21_21_3.png,lossy_compression_of_noisy_images,3,MOS,4.30952,4.30952,-1.58607604,1.58607604,-1.58607604
TID2013,21,i21.png,i21_21_4.png,lossy_compression_of_noisy_images,4,MOS,3.61905,3.61905,-2.443657769,2.443657769,-2.443657769
TID2013,21,i21.png,i21_21_5.png,lossy_compression_of_noisy_images,5,MOS,2.73171,2.73171,-3.621231922,3.621231922,-3.621231922
TID2013,21,i21.png,i21_22_1.png,image_color_quantization_with_dither,1,MOS,5.35714,5.35714,-0.695981544,0.695981544,-0.695981544
TID2013,21,i21.png,i21_22_2.png,image_color_quantization_with_dither,2,MOS,5.47619,5.47619,-0.632726481,0.632726481,-0.632726481
TID2013,21,i21.png,i21_22_3.png,image_color_quantization_with_dither,3,MOS,4.44186,4.44186,-1.666594972,1.666594972,-1.666594972
TID2013,21,i21.png,i21_22_4.png,image_color_quantization_with_dither,4,MOS,3.37209,3.37209,-2.728330407,2.728330407,-2.728330407
TID2013,21,i21.png,i21_22_5.png,image_color_quantization_with_dither,5,MOS,3.0,3.0,-3.450419523,3.450419523,-3.450419523
TID2013,21,i21.png,i21_23_1.png,chromatic_aberrations,1,MOS,6.11628,6.11628,-0.24078632,0.24078632,-0.24078632
TID2013,21,i21.png,i21_23_2.png,chromatic_aberrations,2,MOS,5.90476,5.90476,-0.236405308,0.236405308,-0.236405308
TID2013,21,i21.png,i21_23_3.png,chromatic_aberrations,3,MOS,5.67442,5.67442,-0.587049246,0.587049246,-0.587049246
TID2013,21,i21.png,i21_23_4.png,chromatic_aberrations,4,MOS,5.2381,5.2381,-0.834771866,0.834771866,-0.834771866
TID2013,21,i21.png,i21_23_5.png,chromatic_aberrations,5,MOS,2.85714,2.85714,-3.443929542,3.443929542,-3.443929542
TID2013,21,i21.png,i21_24_1.png,sparse_sampling_and_reconstruction,1,MOS,5.88372,5.88372,-0.293472952,0.293472952,-0.293472952
TID2013,21,i21.png,i21_24_2.png,sparse_sampling_and_reconstruction,2,MOS,5.72093,5.72093,-0.46136221,0.46136221,-0.46136221
TID2013,21,i21.png,i21_24_3.png,sparse_sampling_and_reconstruction,3,MOS,5.0,5.0,-1.108087981,1.108087981,-1.108087981
TID2013,21,i21.png,i21_24_4.png,sparse_sampling_and_reconstruction,4,MOS,3.07317,3.07317,-2.974058565,2.974058565,-2.974058565
TID2013,21,i21.png,i21_24_5.png,sparse_sampling_and_reconstruction,5,MOS,0.52381,0.52381,-5.598966565,5.598966565,-5.598966565
TID2013,22,i22.png,i22_01_1.png,additive_gaussian_noise,1,MOS,5.81579,5.81579,-0.204891007,0.204891007,-0.204891007
TID2013,22,i22.png,i22_01_2.png,additive_gaussian_noise,2,MOS,5.23684,5.23684,-0.678450301,0.678450301,-0.678450301
TID2013,22,i22.png,i22_01_3.png,additive_gaussian_noise,3,MOS,4.84615,4.84615,-1.017884997,1.017884997,-1.017884997
TID2013,22,i22.png,i22_01_4.png,additive_gaussian_noise,4,MOS,4.15789,4.15789,-1.538436775,1.538436775,-1.538436775
TID2013,22,i22.png,i22_01_5.png,additive_gaussian_noise,5,MOS,3.71795,3.71795,-2.138869489,2.138869489,-2.138869489
TID2013,22,i22.png,i22_02_1.png,additive_noise_in_color_more_intensive_than_additive_noise_in_the_luminance,1,MOS,5.60526,5.60526,-0.361566869,0.361566869,-0.361566869
TID2013,22,i22.png,i22_02_2.png,additive_noise_in_color_more_intensive_than_additive_noise_in_the_luminance,2,MOS,5.82051,5.82051,-0.227370578,0.227370578,-0.227370578
TID2013,22,i22.png,i22_02_3.png,additive_noise_in_color_more_intensive_than_additive_noise_in_the_luminance,3,MOS,5.47368,5.47368,-0.456092265,0.456092265,-0.456092265
TID2013,22,i22.png,i22_02_4.png,additive_noise_in_color_more_intensive_than_additive_noise_in_the_luminance,4,MOS,5.13158,5.13158,-0.703138844,0.703138844,-0.703138844
TID2013,22,i22.png,i22_02_5.png,additive_noise_in_color_more_intensive_than_additive_noise_in_the_luminance,5,MOS,4.57895,4.57895,-1.120582652,1.120582652,-1.120582652
TID2013,22,i22.png,i22_03_1.png,spatially_correlated_noise,1,MOS,4.79487,4.79487,-1.022970052,1.022970052,-1.022970052
TID2013,22,i22.png,i22_03_2.png,spatially_correlated_noise,2,MOS,4.34211,4.34211,-1.615651187,1.615651187,-1.615651187
TID2013,22,i22.png,i22_03_3.png,spatially_correlated_noise,3,MOS,3.68421,3.68421,-2.175754019,2.175754019,-2.175754019
TID2013,22,i22.png,i22_03_4.png,spatially_correlated_noise,4,MOS,3.07692,3.07692,-2.888369651,2.888369651,-2.888369651
TID2013,22,i22.png,i22_03_5.png,spatially_correlated_noise,5,MOS,2.7027,2.7027,-3.598015135,3.598015135,-3.598015135
TID2013,22,i22.png,i22_04_1.png,masked_noise,1,MOS,5.76923,5.76923,-0.191649255,0.191649255,-0.191649255
TID2013,22,i22.png,i22_04_2.png,masked_noise,2,MOS,5.71795,5.71795,-0.279093573,0.279093573,-0.279093573
TID2013,22,i22.png,i22_04_3.png,masked_noise,3,MOS,5.4359,5.4359,-0.479493178,0.479493178,-0.479493178
TID2013,22,i22.png,i22_04_4.png,masked_noise,4,MOS,5.0,5.0,-0.778122426,0.778122426,-0.778122426
TID2013,22,i22.png,i22_04_5.png,masked_noise,5,MOS,4.30769,4.30769,-1.414502186,1.414502186,-1.414502186
TID2013,22,i22.png,i22_05_1.png,high_frequency_noise,1,MOS,5.86842,5.86842,-0.271854721,0.271854721,-0.271854721
TID2013,22,i22.png,i22_05_2.png,high_frequency_noise,2,MOS,5.68421,5.68421,-0.30004802,0.30004802,-0.30004802
TID2013,22,i22.png,i22_05_3.png,high_frequency_noise,3,MOS,4.87179,4.87179,-0.894833931,0.894833931,-0.894833931
TID2013,22,i22.png,i22_05_4.png,high_frequency_noise,4,MOS,4.18421,4.18421,-1.656223528,1.656223528,-1.656223528
TID2013,22,i22.png,i22_05_5.png,high_frequency_noise,5,MOS,3.18421,3.18421,-2.900258456,2.900258456,-2.900258456
TID2013,22,i22.png,i22_06_1.png,impulse_noise,1,MOS,4.7027,4.7027,-0.984026905,0.984026905,-0.984026905
TID2013,22,i22.png,i22_06_2.png,impulse_noise,2,MOS,4.24324,4.24324,-1.468014037,1.468014037,-1.468014037
TID2013,22,i22.png,i22_06_3.png,impulse_noise,3,MOS,3.76316,3.76316,-1.922272955,1.922272955,-1.922272955
TID2013,22,i22.png,i22_06_4.png,impulse_noise,4,MOS,3.56757,3.56757,-2.274098448,2.274098448,-2.274098448
TID2013,22,i22.png,i22_06_5.png,impulse_noise,5,MOS,3.24324,3.24324,-2.685452071,2.685452071,-2.685452071
TID2013,22,i22.png,i22_07_1.png,quantization_noise,1,MOS,5.58974,5.58974,-0.39478989,0.39478989,-0.39478989
TID2013,22,i22.png,i22_07_2.png,quantization_noise,2,MOS,5.08108,5.08108,-0.694390964,0.694390964,-0.694390964
TID2013,22,i22.png,i22_07_3.png,quantization_noise,3,MOS,4.57895,4.57895,-1.201804072,1.201804072,-1.201804072
TID2013,22,i22.png,i22_07_4.png,quantization_noise,4,MOS,3.89474,3.89474,-1.813576761,1.813576761,-1.813576761
TID2013,22,i22.png,i22_07_5.png,quantization_noise,5,MOS,2.74359,2.74359,-3.443648793,3.443648793,-3.443648793
TID2013,22,i22.png,i22_08_1.png,gaussian_blur,1,MOS,5.44737,5.44737,-0.407651283,0.407651283,-0.407651283
TID2013,22,i22.png,i22_08_2.png,gaussian_blur,2,MOS,4.63158,4.63158,-1.126927599,1.126927599,-1.126927599
TID2013,22,i22.png,i22_08_3.png,gaussian_blur,3,MOS,3.78378,3.78378,-1.838726439,1.838726439,-1.838726439
TID2013,22,i22.png,i22_08_4.png,gaussian_blur,4,MOS,3.12821,3.12821,-2.750896581,2.750896581,-2.750896581
TID2013,22,i22.png,i22_08_5.png,gaussian_blur,5,MOS,2.53846,2.53846,-3.879111358,3.879111358,-3.879111358
TID2013,22,i22.png,i22_09_1.png,image_denoising,1,MOS,5.84615,5.84615,-0.157934205,0.157934205,-0.157934205
TID2013,22,i22.png,i22_09_2.png,image_denoising,2,MOS,5.52632,5.52632,-0.444572007,0.444572007,-0.444572007
TID2013,22,i22.png,i22_09_3.png,image_denoising,3,MOS,4.62162,4.62162,-0.829552372,0.829552372,-0.829552372
TID2013,22,i22.png,i22_09_4.png,image_denoising,4,MOS,3.33333,3.33333,-2.503331969,2.503331969,-2.503331969
TID2013,22,i22.png,i22_09_5.png,image_denoising,5,MOS,2.05128,2.05128,-4.324539978,4.324539978,-4.324539978
TID2013,22,i22.png,i22_10_1.png,JPEG_compression,1,MOS,5.83784,5.83784,-0.383479326,0.383479326,-0.383479326
TID2013,22,i22.png,i22_10_2.png,JPEG_compression,2,MOS,5.58974,5.58974,-0.420349666,0.420349666,-0.420349666
TID2013,22,i22.png,i22_10_3.png,JPEG_compression,3,MOS,5.0,5.0,-0.802717499,0.802717499,-0.802717499
TID2013,22,i22.png,i22_10_4.png,JPEG_compression,4,MOS,3.58974,3.58974,-2.277712206,2.277712206,-2.277712206
TID2013,22,i22.png,i22_10_5.png,JPEG_compression,5,MOS,2.07895,2.07895,-4.300274043,4.300274043,-4.300274043
TID2013,22,i22.png,i22_11_1.png,JPEG2000_compression,1,MOS,5.35897,5.35897,-0.498262452,0.498262452,-0.498262452
TID2013,22,i22.png,i22_11_2.png,JPEG2000_compression,2,MOS,5.51282,5.51282,-0.488556355,0.488556355,-0.488556355
TID2013,22,i22.png,i22_11_3.png,JPEG2000_compression,3,MOS,4.26316,4.26316,-1.549586415,1.549586415,-1.549586415
TID2013,22,i22.png,i22_11_4.png,JPEG2000_compression,4,MOS,2.63158,2.63158,-3.821385577,3.821385577,-3.821385577
TID2013,22,i22.png,i22_11_5.png,JPEG2000_compression,5,MOS,0.86842,0.86842,-6.078514502,6.078514502,-6.078514502
TID2013,22,i22.png,i22_12_1.png,JPEG_transmission_errors,1,MOS,5.26316,5.26316,-0.545500561,0.545500561,-0.545500561
TID2013,22,i22.png,i22_12_2.png,JPEG_transmission_errors,2,MOS,5.76923,5.76923,-0.302335115,0.302335115,-0.302335115
TID2013,22,i22.png,i22_12_3.png,JPEG_transmission_errors,3,MOS,5.74359,5.74359,-0.322825607,0.322825607,-0.322825607
TID2013,22,i22.png,i22_12_4.png,JPEG_transmission_errors,4,MOS,4.36842,4.36842,-1.353987365,1.353987365,-1.353987365
TID2013,22,i22.png,i22_12_5.png,JPEG_transmission_errors,5,MOS,2.76316,2.76316,-3.435431349,3.435431349,-3.435431349
TID2013,22,i22.png,i22_13_1.png,JPEG2000_transmission_errors,1,MOS,5.25641,5.25641,-0.664449051,0.664449051,-0.664449051
TID2013,22,i22.png,i22_13_2.png,JPEG2000_transmission_errors,2,MOS,4.4359,4.4359,-1.448801017,1.448801017,-1.448801017
TID2013,22,i22.png,i22_13_3.png,JPEG2000_transmission_errors,3,MOS,3.68421,3.68421,-2.059619543,2.059619543,-2.059619543
TID2013,22,i22.png,i22_13_4.png,JPEG2000_transmission_errors,4,MOS,2.87179,2.87179,-3.248433536,3.248433536,-3.248433536
TID2013,22,i22.png,i22_13_5.png,JPEG2000_transmission_errors,5,MOS,2.51282,2.51282,-3.810245135,3.810245135,-3.810245135
TID2013,22,i22.png,i22_14_1.png,non_eccentricity_pattern_noise,1,MOS,5.76923,5.76923,-0.247176746,0.247176746,-0.247176746
TID2013,22,i22.png,i22_14_2.png,non_eccentricity_pattern_noise,2,MOS,5.86111,5.86111,-0.138380249,0.138380249,-0.138380249
TID2013,22,i22.png,i22_14_3.png,non_eccentricity_pattern_noise,3,MOS,5.76316,5.76316,-0.29976291,0.29976291,-0.29976291
TID2013,22,i22.png,i22_14_4.png,non_eccentricity_pattern_noise,4,MOS,4.62162,4.62162,-1.005893114,1.005893114,-1.005893114
TID2013,22,i22.png,i22_14_5.png,non_eccentricity_pattern_noise,5,MOS,4.10256,4.10256,-1.787306076,1.787306076,-1.787306076
TID2013,22,i22.png,i22_15_1.png,local_block_wise_distortions_of_different_intensity,1,MOS,3.05263,3.05263,-2.73825343,2.73825343,-2.73825343
TID2013,22,i22.png,i22_15_2.png,local_block_wise_distortions_of_different_intensity,2,MOS,3.02632,3.02632,-2.607632474,2.607632474,-2.607632474
TID2013,22,i22.png,i22_15_3.png,local_block_wise_distortions_of_different_intensity,3,MOS,3.21622,3.21622,-2.45247398,2.45247398,-2.45247398
TID2013,22,i22.png,i22_15_4.png,local_block_wise_distortions_of_different_intensity,4,MOS,3.39474,3.39474,-2.418696253,2.418696253,-2.418696253
TID2013,22,i22.png,i22_15_5.png,local_block_wise_distortions_of_different_intensity,5,MOS,3.73684,3.73684,-2.037220307,2.037220307,-2.037220307
TID2013,22,i22.png,i22_16_1.png,intensity_shift,1,MOS,5.86486,5.86486,-0.07128111,0.07128111,-0.07128111
TID2013,22,i22.png,i22_16_2.png,intensity_shift,2,MOS,5.41026,5.41026,-0.469421658,0.469421658,-0.469421658
TID2013,22,i22.png,i22_16_3.png,intensity_shift,3,MOS,6.05128,6.05128,-0.138956381,0.138956381,-0.138956381
TID2013,22,i22.png,i22_16_4.png,intensity_shift,4,MOS,4.60526,4.60526,-1.118101215,1.118101215,-1.118101215
TID2013,22,i22.png,i22_16_5.png,intensity_shift,5,MOS,5.25641,5.25641,-0.697592491,0.697592491,-0.697592491
TID2013,22,i22.png,i22_17_1.png,contrast_change,1,MOS,5.33333,5.33333,-0.5537756,0.5537756,-0.5537756
TID2013,22,i22.png,i22_17_2.png,contrast_change,2,MOS,6.0,6.0,-0.091862335,0.091862335,-0.091862335
TID2013,22,i22.png,i22_17_3.png,contrast_change,3,MOS,4.22222,4.22222,-1.305286534,1.305286534,-1.305286534
TID2013,22,i22.png,i22_17_4.png,contrast_change,4,MOS,6.23077,6.23077,-0.180417948,0.180417948,-0.180417948
TID2013,22,i22.png,i22_17_5.png,contrast_change,5,MOS,3.37838,3.37838,-2.598591533,2.598591533,-2.598591533
TID2013,22,i22.png,i22_18_1.png,change_of_color_saturation,1,MOS,5.15385,5.15385,-0.715125597,0.715125597,-0.715125597
TID2013,22,i22.png,i22_18_2.png,change_of_color_saturation,2,MOS,4.68421,4.68421,-1.220689217,1.220689217,-1.220689217
TID2013,22,i22.png,i22_18_3.png,change_of_color_saturation,3,MOS,4.23684,4.23684,-1.470384821,1.470384821,-1.470384821
TID2013,22,i22.png,i22_18_4.png,change_of_color_saturation,4,MOS,3.76316,3.76316,-1.925348754,1.925348754,-1.925348754
TID2013,22,i22.png,i22_18_5.png,change_of_color_saturation,5,MOS,3.25,3.25,-2.287575429,2.287575429,-2.287575429
TID2013,22,i22.png,i22_19_1.png,multiplicative_gaussian_noise,1,MOS,5.13158,5.13158,-0.681673128,0.681673128,-0.681673128
TID2013,22,i22.png,i22_19_2.png,multiplicative_gaussian_noise,2,MOS,5.13158,5.13158,-0.740484971,0.740484971,-0.740484971
TID2013,22,i22.png,i22_19_3.png,multiplicative_gaussian_noise,3,MOS,4.66667,4.66667,-1.106345027,1.106345027,-1.106345027
TID2013,22,i22.png,i22_19_4.png,multiplicative_gaussian_noise,4,MOS,4.0,4.0,-1.727422674,1.727422674,-1.727422674
TID2013,22,i22.png,i22_19_5.png,multiplicative_gaussian_noise,5,MOS,3.58974,3.58974,-2.275808642,2.275808642,-2.275808642
TID2013,22,i22.png,i22_20_1.png,comfort_noise,1,MOS,5.71053,5.71053,-0.288137287,0.288137287,-0.288137287
TID2013,22,i22.png,i22_20_2.png,comfort_noise,2,MOS,5.73684,5.73684,-0.28860462,0.28860462,-0.28860462
TID2013,22,i22.png,i22_20_3.png,comfort_noise,3,MOS,5.55263,5.55263,-0.426637057,0.426637057,-0.426637057
TID2013,22,i22.png,i22_20_4.png,comfort_noise,4,MOS,4.89744,4.89744,-0.985622674,0.985622674,-0.985622674
TID2013,22,i22.png,i22_20_5.png,comfort_noise,5,MOS,3.64865,3.64865,-1.93587192,1.93587192,-1.93587192
TID2013,22,i22.png,i22_21_1.png,lossy_compression_of_noisy_images,1,MOS,5.57895,5.57895,-0.434697875,0.434697875,-0.434697875
TID2013,22,i22.png,i22_21_2.png,lossy_compression_of_noisy_images,2,MOS,5.02632,5.02632,-0.691325443,0.691325443,-0.691325443
TID2013,22,i22.png,i22_21_3.png,lossy_compression_of_noisy_images,3,MOS,4.65789,4.65789,-1.041704439,1.041704439,-1.041704439
TID2013,22,i22.png,i22_21_4.png,lossy_compression_of_noisy_images,4,MOS,3.5641,3.5641,-2.09884372,2.09884372,-2.09884372
TID2013,22,i22.png,i22_21_5.png,lossy_compression_of_noisy_images,5,MOS,2.63158,2.63158,-3.648228752,3.648228752,-3.648228752
TID2013,22,i22.png,i22_22_1.png,image_color_quantization_with_dither,1,MOS,5.92308,5.92308,-0.164884934,0.164884934,-0.164884934
TID2013,22,i22.png,i22_22_2.png,image_color_quantization_with_dither,2,MOS,5.35135,5.35135,-0.578187769,0.578187769,-0.578187769
TID2013,22,i22.png,i22_22_3.png,image_color_quantization_with_dither,3,MOS,4.89744,4.89744,-0.896362287,0.896362287,-0.896362287
TID2013,22,i22.png,i22_22_4.png,image_color_quantization_with_dither,4,MOS,4.44737,4.44737,-1.44203757,1.44203757,-1.44203757
TID2013,22,i22.png,i22_22_5.png,image_color_quantization_with_dither,5,MOS,2.89474,2.89474,-3.164491682,3.164491682,-3.164491682
TID2013,22,i22.png,i22_23_1.png,chromatic_aberrations,1,MOS,6.32432,6.32432,0.098511383,-0.098511383,0.098511383
TID2013,22,i22.png,i22_23_2.png,chromatic_aberrations,2,MOS,6.13158,6.13158,-0.041819496,0.041819496,-0.041819496
TID2013,22,i22.png,i22_23_3.png,chromatic_aberrations,3,MOS,5.21053,5.21053,-0.521999811,0.521999811,-0.521999811
TID2013,22,i22.png,i22_23_4.png,chromatic_aberrations,4,MOS,4.4359,4.4359,-1.35835659,1.35835659,-1.35835659
TID2013,22,i22.png,i22_23_5.png,chromatic_aberrations,5,MOS,2.10256,2.10256,-4.40844323,4.40844323,-4.40844323
TID2013,22,i22.png,i22_24_1.png,sparse_sampling_and_reconstruction,1,MOS,5.82051,5.82051,-0.248006375,0.248006375,-0.248006375
TID2013,22,i22.png,i22_24_2.png,sparse_sampling_and_reconstruction,2,MOS,5.42105,5.42105,-0.471240921,0.471240921,-0.471240921
TID2013,22,i22.png,i22_24_3.png,sparse_sampling_and_reconstruction,3,MOS,4.21622,4.21622,-1.586558401,1.586558401,-1.586558401
TID2013,22,i22.png,i22_24_4.png,sparse_sampling_and_reconstruction,4,MOS,2.25641,2.25641,-4.003790638,4.003790638,-4.003790638
TID2013,22,i22.png,i22_24_5.png,sparse_sampling_and_reconstruction,5,MOS,0.36842,0.36842,-6.542412813,6.542412813,-6.542412813
TID2013,23,i23.png,i23_01_1.png,additive_gaussian_noise,1,MOS,5.68571,5.68571,-0.392840043,0.392840043,-0.392840043
TID2013,23,i23.png,i23_01_2.png,additive_gaussian_noise,2,MOS,5.05714,5.05714,-0.9183545,0.9183545,-0.9183545
TID2013,23,i23.png,i23_01_3.png,additive_gaussian_noise,3,MOS,4.76471,4.76471,-1.256274096,1.256274096,-1.256274096
TID2013,23,i23.png,i23_01_4.png,additive_gaussian_noise,4,MOS,4.08571,4.08571,-2.077401602,2.077401602,-2.077401602
TID2013,23,i23.png,i23_01_5.png,additive_gaussian_noise,5,MOS,3.73529,3.73529,-2.628580302,2.628580302,-2.628580302
TID2013,23,i23.png,i23_02_1.png,additive_noise_in_color_more_intensive_than_additive_noise_in_the_luminance,1,MOS,6.14706,6.14706,0.107811473,-0.107811473,0.107811473
TID2013,23,i23.png,i23_02_2.png,additive_noise_in_color_more_intensive_than_additive_noise_in_the_luminance,2,MOS,5.84848,5.84848,-0.312677835,0.312677835,-0.312677835
TID2013,23,i23.png,i23_02_3.png,additive_noise_in_color_more_intensive_than_additive_noise_in_the_luminance,3,MOS,5.45714,5.45714,-0.541780048,0.541780048,-0.541780048
TID2013,23,i23.png,i23_02_4.png,additive_noise_in_color_more_intensive_than_additive_noise_in_the_luminance,4,MOS,5.02857,5.02857,-0.940688524,0.940688524,-0.940688524
TID2013,23,i23.png,i23_02_5.png,additive_noise_in_color_more_intensive_than_additive_noise_in_the_luminance,5,MOS,4.32353,4.32353,-1.637659259,1.637659259,-1.637659259
TID2013,23,i23.png,i23_03_1.png,spatially_correlated_noise,1,MOS,4.61765,4.61765,-1.384794185,1.384794185,-1.384794185
TID2013,23,i23.png,i23_03_2.png,spatially_correlated_noise,2,MOS,4.17143,4.17143,-2.076100174,2.076100174,-2.076100174
TID2013,23,i23.png,i23_03_3.png,spatially_correlated_noise,3,MOS,3.55882,3.55882,-2.867090904,2.867090904,-2.867090904
TID2013,23,i23.png,i23_03_4.png,spatially_correlated_noise,4,MOS,3.26471,3.26471,-3.171107575,3.171107575,-3.171107575
TID2013,23,i23.png,i23_03_5.png,spatially_correlated_noise,5,MOS,2.67647,2.67647,-3.919228216,3.919228216,-3.919228216
TID2013,23,i23.png,i23_04_1.png,masked_noise,1,MOS,5.61765,5.61765,-0.230514787,0.230514787,-0.230514787
TID2013,23,i23.png,i23_04_2.png,masked_noise,2,MOS,5.64706,5.64706,-0.315046964,0.315046964,-0.315046964
TID2013,23,i23.png,i23_04_3.png,masked_noise,3,MOS,5.32353,5.32353,-0.580938449,0.580938449,-0.580938449
TID2013,23,i23.png,i23_04_4.png,masked_noise,4,MOS,4.79412,4.79412,-1.105057791,1.105057791,-1.105057791
TID2013,23,i23.png,i23_04_5.png,masked_noise,5,MOS,4.52941,4.52941,-1.525025421,1.525025421,-1.525025421
TID2013,23,i23.png,i23_05_1.png,high_frequency_noise,1,MOS,6.05714,6.05714,0.008396981,-0.008396981,0.008396981
TID2013,23,i23.png,i23_05_2.png,high_frequency_noise,2,MOS,5.5,5.5,-0.36580411,0.36580411,-0.36580411
TID2013,23,i23.png,i23_05_3.png,high_frequency_noise,3,MOS,5.09091,5.09091,-0.786411416,0.786411416,-0.786411416
TID2013,23,i23.png,i23_05_4.png,high_frequency_noise,4,MOS,4.31429,4.31429,-1.961606998,1.961606998,-1.961606998
TID2013,23,i23.png,i23_05_5.png,high_frequency_noise,5,MOS,3.35294,3.35294,-2.875199193,2.875199193,-2.875199193
TID2013,23,i23.png,i23_06_1.png,impulse_noise,1,MOS,4.61765,4.61765,-1.347567556,1.347567556,-1.347567556
TID2013,23,i23.png,i23_06_2.png,impulse_noise,2,MOS,4.35294,4.35294,-1.884477625,1.884477625,-1.884477625
TID2013,23,i23.png,i23_06_3.png,impulse_noise,3,MOS,4.02941,4.02941,-2.069240024,2.069240024,-2.069240024
TID2013,23,i23.png,i23_06_4.png,impulse_noise,4,MOS,3.61765,3.61765,-2.708727921,2.708727921,-2.708727921
TID2013,23,i23.png,i23_06_5.png,impulse_noise,5,MOS,3.29412,3.29412,-3.204384678,3.204384678,-3.204384678
TID2013,23,i23.png,i23_07_1.png,quantization_noise,1,MOS,4.97059,4.97059,-1.053624784,1.053624784,-1.053624784
TID2013,23,i23.png,i23_07_2.png,quantization_noise,2,MOS,3.84848,3.84848,-2.201970288,2.201970288,-2.201970288
TID2013,23,i23.png,i23_07_3.png,quantization_noise,3,MOS,3.68571,3.68571,-2.546981937,2.546981937,-2.546981937
TID2013,23,i23.png,i23_07_4.png,quantization_noise,4,MOS,3.44118,3.44118,-2.994978846,2.994978846,-2.994978846
TID2013,23,i23.png,i23_07_5.png,quantization_noise,5,MOS,2.78788,2.78788,-3.916955287,3.916955287,-3.916955287
TID2013,23,i23.png,i23_08_1.png,gaussian_blur,1,MOS,5.94286,5.94286,-0.178681609,0.178681609,-0.178681609
TID2013,23,i23.png,i23_08_2.png,gaussian_blur,2,MOS,5.52941,5.52941,-0.569207279,0.569207279,-0.569207279
TID2013,23,i23.png,i23_08_3.png,gaussian_blur,3,MOS,4.67647,4.67647,-1.205251188,1.205251188,-1.205251188
TID2013,23,i23.png,i23_08_4.png,gaussian_blur,4,MOS,3.94118,3.94118,-2.346140919,2.346140919,-2.346140919
TID2013,23,i23.png,i23_08_5.png,gaussian_blur,5,MOS,2.77143,2.77143,-3.724381296,3.724381296,-3.724381296
TID2013,23,i23.png,i23_09_1.png,image_denoising,1,MOS,6.69697,6.69697,0.36908181,-0.36908181,0.36908181
TID2013,23,i23.png,i23_09_2.png,image_denoising,2,MOS,6.05714,6.05714,0.003531182,-0.003531182,0.003531182
TID2013,23,i23.png,i23_09_3.png,image_denoising,3,MOS,5.70588,5.70588,-0.303704729,0.303704729,-0.303704729
TID2013,23,i23.png,i23_09_4.png,image_denoising,4,MOS,4.26471,4.26471,-1.703922811,1.703922811,-1.703922811
TID2013,23,i23.png,i23_09_5.png,image_denoising,5,MOS,2.64706,2.64706,-3.954715556,3.954715556,-3.954715556
TID2013,23,i23.png,i23_10_1.png,JPEG_compression,1,MOS,5.97143,5.97143,-0.011200096,0.011200096,-0.011200096
TID2013,23,i23.png,i23_10_2.png,JPEG_compression,2,MOS,5.79412,5.79412,-0.049710344,0.049710344,-0.049710344
TID2013,23,i23.png,i23_10_3.png,JPEG_compression,3,MOS,5.02941,5.02941,-0.832683663,0.832683663,-0.832683663
TID2013,23,i23.png,i23_10_4.png,JPEG_compression,4,MOS,3.64706,3.64706,-2.986374323,2.986374323,-2.986374323
TID2013,23,i23.png,i23_10_5.png,JPEG_compression,5,MOS,2.4,2.4,-4.512232051,4.512232051,-4.512232051
TID2013,23,i23.png,i23_11_1.png,JPEG2000_compression,1,MOS,5.25714,5.25714,-0.512423369,0.512423369,-0.512423369
TID2013,23,i23.png,i23_11_2.png,JPEG2000_compression,2,MOS,4.57143,4.57143,-1.483923522,1.483923522,-1.483923522
TID2013,23,i23.png,i23_11_3.png,JPEG2000_compression,3,MOS,3.11765,3.11765,-3.504264601,3.504264601,-3.504264601
TID2013,23,i23.png,i23_11_4.png,JPEG2000_compression,4,MOS,2.24242,2.24242,-4.521906924,4.521906924,-4.521906924
TID2013,23,i23.png,i23_11_5.png,JPEG2000_compression,5,MOS,0.82353,0.82353,-5.970568182,5.970568182,-5.970568182
TID2013,23,i23.png,i23_12_1.png,JPEG_transmission_errors,1,MOS,5.9697,5.9697,-0.175507926,0.175507926,-0.175507926
TID2013,23,i23.png,i23_12_2.png,JPEG_transmission_errors,2,MOS,5.74286,5.74286,-0.286160957,0.286160957,-0.286160957
TID2013,23,i23.png,i23_12_3.png,JPEG_transmission_errors,3,MOS,3.8,3.8,-2.341929544,2.341929544,-2.341929544
TID2013,23,i23.png,i23_12_4.png,JPEG_transmission_errors,4,MOS,2.88571,2.88571,-3.728845496,3.728845496,-3.728845496
TID2013,23,i23.png,i23_12_5.png,JPEG_transmission_errors,5,MOS,1.85714,1.85714,-5.030406683,5.030406683,-5.030406683
TID2013,23,i23.png,i23_13_1.png,JPEG2000_transmission_errors,1,MOS,4.54286,4.54286,-1.400176364,1.400176364,-1.400176364
TID2013,23,i23.png,i23_13_2.png,JPEG2000_transmission_errors,2,MOS,4.15152,4.15152,-2.181038177,2.181038177,-2.181038177
TID2013,23,i23.png,i23_13_3.png,JPEG2000_transmission_errors,3,MOS,3.34286,3.34286,-3.178367077,3.178367077,-3.178367077
TID2013,23,i23.png,i23_13_4.png,JPEG2000_transmission_errors,4,MOS,2.47059,2.47059,-4.230183001,4.230183001,-4.230183001
TID2013,23,i23.png,i23_13_5.png,JPEG2000_transmission_errors,5,MOS,2.58824,2.58824,-4.157767583,4.157767583,-4.157767583
TID2013,23,i23.png,i23_14_1.png,non_eccentricity_pattern_noise,1,MOS,6.08571,6.08571,-0.002404955,0.002404955,-0.002404955
TID2013,23,i23.png,i23_14_2.png,non_eccentricity_pattern_noise,2,MOS,6.29412,6.29412,0.149979927,-0.149979927,0.149979927
TID2013,23,i23.png,i23_14_3.png,non_eccentricity_pattern_noise,3,MOS,5.05882,5.05882,-0.898390369,0.898390369,-0.898390369
TID2013,23,i23.png,i23_14_4.png,non_eccentricity_pattern_noise,4,MOS,5.05882,5.05882,-0.938544434,0.938544434,-0.938544434
TID2013,23,i23.png,i23_14_5.png,non_eccentricity_pattern_noise,5,MOS,3.6,3.6,-2.521700507,2.521700507,-2.521700507
TID2013,23,i23.png,i23_15_1.png,local_block_wise_distortions_of_different_intensity,1,MOS,2.94286,2.94286,-3.721701473,3.721701473,-3.721701473
TID2013,23,i23.png,i23_15_2.png,local_block_wise_distortions_of_different_intensity,2,MOS,2.97143,2.97143,-3.599650124,3.599650124,-3.599650124
TID2013,23,i23.png,i23_15_3.png,local_block_wise_distortions_of_different_intensity,3,MOS,3.25714,3.25714,-3.334065003,3.334065003,-3.334065003
TID2013,23,i23.png,i23_15_4.png,local_block_wise_distortions_of_different_intensity,4,MOS,3.41176,3.41176,-2.85691764,2.85691764,-2.85691764
TID2013,23,i23.png,i23_15_5.png,local_block_wise_distortions_of_different_intensity,5,MOS,3.62857,3.62857,-2.659048149,2.659048149,-2.659048149
TID2013,23,i23.png,i23_16_1.png,intensity_shift,1,MOS,6.33333,6.33333,0.327598995,-0.327598995,0.327598995
TID2013,23,i23.png,i23_16_2.png,intensity_shift,2,MOS,5.82857,5.82857,-0.230287326,0.230287326,-0.230287326
TID2013,23,i23.png,i23_16_3.png,intensity_shift,3,MOS,5.82353,5.82353,-0.052899333,0.052899333,-0.052899333
TID2013,23,i23.png,i23_16_4.png,intensity_shift,4,MOS,5.2,5.2,-0.747785421,0.747785421,-0.747785421
TID2013,23,i23.png,i23_16_5.png,intensity_shift,5,MOS,5.71429,5.71429,-0.324356966,0.324356966,-0.324356966
TID2013,23,i23.png,i23_17_1.png,contrast_change,1,MOS,5.66667,5.66667,-0.235263019,0.235263019,-0.235263019
TID2013,23,i23.png,i23_17_2.png,contrast_change,2,MOS,6.8,6.8,0.60815888,-0.60815888,0.60815888
TID2013,23,i23.png,i23_17_3.png,contrast_change,3,MOS,4.82857,4.82857,-1.200720261,1.200720261,-1.200720261
TID2013,23,i23.png,i23_17_4.png,contrast_change,4,MOS,6.68571,6.68571,0.381689463,-0.381689463,0.381689463
TID2013,23,i23.png,i23_17_5.png,contrast_change,5,MOS,3.88235,3.88235,-2.279181914,2.279181914,-2.279181914
TID2013,23,i23.png,i23_18_1.png,change_of_color_saturation,1,MOS,5.76471,5.76471,-0.300937698,0.300937698,-0.300937698
TID2013,23,i23.png,i23_18_2.png,change_of_color_saturation,2,MOS,5.64706,5.64706,-0.313698546,0.313698546,-0.313698546
TID2013,23,i23.png,i23_18_3.png,change_of_color_saturation,3,MOS,5.44118,5.44118,-0.54598914,0.54598914,-0.54598914
TID2013,23,i23.png,i23_18_4.png,change_of_color_saturation,4,MOS,5.05714,5.05714,-0.9573667,0.9573667,-0.9573667
TID2013,23,i23.png,i23_18_5.png,change_of_color_saturation,5,MOS,4.38235,4.38235,-1.646544619,1.646544619,-1.646544619
TID2013,23,i23.png,i23_19_1.png,multiplicative_gaussian_noise,1,MOS,5.71429,5.71429,-0.374843512,0.374843512,-0.374843512
TID2013,23,i23.png,i23_19_2.png,multiplicative_gaussian_noise,2,MOS,4.97143,4.97143,-1.013643069,1.013643069,-1.013643069
TID2013,23,i23.png,i23_19_3.png,multiplicative_gaussian_noise,3,MOS,4.61765,4.61765,-1.577380911,1.577380911,-1.577380911
TID2013,23,i23.png,i23_19_4.png,multiplicative_gaussian_noise,4,MOS,3.88571,3.88571,-2.386181637,2.386181637,-2.386181637
TID2013,23,i23.png,i23_19_5.png,multiplicative_gaussian_noise,5,MOS,3.42857,3.42857,-2.82920501,2.82920501,-2.82920501
TID2013,23,i23.png,i23_20_1.png,comfort_noise,1,MOS,5.6,5.6,-0.343868361,0.343868361,-0.343868361
TID2013,23,i23.png,i23_20_2.png,comfort_noise,2,MOS,5.08824,5.08824,-0.664673236,0.664673236,-0.664673236
TID2013,23,i23.png,i23_20_3.png,comfort_noise,3,MOS,4.09375,4.09375,-1.735995623,1.735995623,-1.735995623
TID2013,23,i23.png,i23_20_4.png,comfort_noise,4,MOS,3.34286,3.34286,-3.055906849,3.055906849,-3.055906849
TID2013,23,i23.png,i23_20_5.png,comfort_noise,5,MOS,2.65714,2.65714,-4.003050244,4.003050244,-4.003050244
TID2013,23,i23.png,i23_21_1.png,lossy_compression_of_noisy_images,1,MOS,5.6,5.6,-0.411627014,0.411627014,-0.411627014
TID2013,23,i23.png,i23_21_2.png,lossy_compression_of_noisy_images,2,MOS,4.79412,4.79412,-1.307903477,1.307903477,-1.307903477
TID2013,23,i23.png,i23_21_3.png,lossy_compression_of_noisy_images,3,MOS,4.12121,4.12121,-2.140653691,2.140653691,-2.140653691
TID2013,23,i23.png,i23_21_4.png,lossy_compression_of_noisy_images,4,MOS,3.51429,3.51429,-3.021130971,3.021130971,-3.021130971
TID2013,23,i23.png,i23_21_5.png,lossy_compression_of_noisy_images,5,MOS,2.41176,2.41176,-4.649473039,4.649473039,-4.649473039
TID2013,23,i23.png,i23_22_1.png,image_color_quantization_with_dither,1,MOS,6.17647,6.17647,0.029526561,-0.029526561,0.029526561
TID2013,23,i23.png,i23_22_2.png,image_color_quantization_with_dither,2,MOS,5.88571,5.88571,-0.225850429,0.225850429,-0.225850429
TID2013,23,i23.png,i23_22_3.png,image_color_quantization_with_dither,3,MOS,5.02941,5.02941,-0.710684233,0.710684233,-0.710684233
TID2013,23,i23.png,i23_22_4.png,image_color_quantization_with_dither,4,MOS,4.64706,4.64706,-1.440298933,1.440298933,-1.440298933
TID2013,23,i23.png,i23_22_5.png,image_color_quantization_with_dither,5,MOS,4.0,4.0,-2.221012891,2.221012891,-2.221012891
TID2013,23,i23.png,i23_23_1.png,chromatic_aberrations,1,MOS,6.30303,6.30303,0.086323334,-0.086323334,0.086323334
TID2013,23,i23.png,i23_23_2.png,chromatic_aberrations,2,MOS,5.91176,5.91176,-0.122566105,0.122566105,-0.122566105
TID2013,23,i23.png,i23_23_3.png,chromatic_aberrations,3,MOS,5.17143,5.17143,-0.830001079,0.830001079,-0.830001079
TID2013,23,i23.png,i23_23_4.png,chromatic_aberrations,4,MOS,3.75758,3.75758,-2.114475474,2.114475474,-2.114475474
TID2013,23,i23.png,i23_23_5.png,chromatic_aberrations,5,MOS,3.0,3.0,-3.561593456,3.561593456,-3.561593456
TID2013,23,i23.png,i23_24_1.png,sparse_sampling_and_reconstruction,1,MOS,5.85294,5.85294,-0.136817788,0.136817788,-0.136817788
TID2013,23,i23.png,i23_24_2.png,sparse_sampling_and_reconstruction,2,MOS,4.73529,4.73529,-1.02076331,1.02076331,-1.02076331
TID2013,23,i23.png,i23_24_3.png,sparse_sampling_and_reconstruction,3,MOS,3.67647,3.67647,-2.786849188,2.786849188,-2.786849188
TID2013,23,i23.png,i23_24_4.png,sparse_sampling_and_reconstruction,4,MOS,1.72727,1.72727,-5.057419386,5.057419386,-5.057419386
TID2013,23,i23.png,i23_24_5.png,sparse_sampling_and_reconstruction,5,MOS,0.78788,0.78788,-6.085021382,6.085021382,-6.085021382
TID2013,24,i24.png,i24_01_1.png,additive_gaussian_noise,1,MOS,5.88571,5.88571,-0.215079193,0.215079193,-0.215079193
TID2013,24,i24.png,i24_01_2.png,additive_gaussian_noise,2,MOS,5.05556,5.05556,-0.722135253,0.722135253,-0.722135253
TID2013,24,i24.png,i24_01_3.png,additive_gaussian_noise,3,MOS,4.72222,4.72222,-1.133859476,1.133859476,-1.133859476
TID2013,24,i24.png,i24_01_4.png,additive_gaussian_noise,4,MOS,4.14286,4.14286,-1.590259144,1.590259144,-1.590259144
TID2013,24,i24.png,i24_01_5.png,additive_gaussian_noise,5,MOS,3.58333,3.58333,-2.209847239,2.209847239,-2.209847239
TID2013,24,i24.png,i24_02_1.png,additive_noise_in_color_more_intensive_than_additive_noise_in_the_luminance,1,MOS,6.44444,6.44444,0.219059278,-0.219059278,0.219059278
TID2013,24,i24.png,i24_02_2.png,additive_noise_in_color_more_intensive_than_additive_noise_in_the_luminance,2,MOS,5.91176,5.91176,0.011326837,-0.011326837,0.011326837
TID2013,24,i24.png,i24_02_3.png,additive_noise_in_color_more_intensive_than_additive_noise_in_the_luminance,3,MOS,5.13889,5.13889,-0.649367258,0.649367258,-0.649367258
TID2013,24,i24.png,i24_02_4.png,additive_noise_in_color_more_intensive_than_additive_noise_in_the_luminance,4,MOS,5.08571,5.08571,-0.756051839,0.756051839,-0.756051839
TID2013,24,i24.png,i24_02_5.png,additive_noise_in_color_more_intensive_than_additive_noise_in_the_luminance,5,MOS,4.52778,4.52778,-1.390111207,1.390111207,-1.390111207
TID2013,24,i24.png,i24_03_1.png,spatially_correlated_noise,1,MOS,4.8,4.8,-1.026717577,1.026717577,-1.026717577
TID2013,24,i24.png,i24_03_2.png,spatially_correlated_noise,2,MOS,4.25714,4.25714,-1.477141216,1.477141216,-1.477141216
TID2013,24,i24.png,i24_03_3.png,spatially_correlated_noise,3,MOS,3.82857,3.82857,-2.323119656,2.323119656,-2.323119656
TID2013,24,i24.png,i24_03_4.png,spatially_correlated_noise,4,MOS,3.28571,3.28571,-2.727553588,2.727553588,-2.727553588
TID2013,24,i24.png,i24_03_5.png,spatially_correlated_noise,5,MOS,2.69444,2.69444,-3.536884486,3.536884486,-3.536884486
TID2013,24,i24.png,i24_04_1.png,masked_noise,1,MOS,5.85714,5.85714,-0.176239942,0.176239942,-0.176239942
TID2013,24,i24.png,i24_04_2.png,masked_noise,2,MOS,5.83333,5.83333,-0.174049272,0.174049272,-0.174049272
TID2013,24,i24.png,i24_04_3.png,masked_noise,3,MOS,5.52941,5.52941,-0.268810326,0.268810326,-0.268810326
TID2013,24,i24.png,i24_04_4.png,masked_noise,4,MOS,5.16667,5.16667,-0.677463583,0.677463583,-0.677463583
TID2013,24,i24.png,i24_04_5.png,masked_noise,5,MOS,4.57143,4.57143,-1.13097885,1.13097885,-1.13097885
TID2013,24,i24.png,i24_05_1.png,high_frequency_noise,1,MOS,5.80556,5.80556,-0.135861048,0.135861048,-0.135861048
TID2013,24,i24.png,i24_05_2.png,high_frequency_noise,2,MOS,5.33333,5.33333,-0.486114191,0.486114191,-0.486114191
TID2013,24,i24.png,i24_05_3.png,high_frequency_noise,3,MOS,5.13889,5.13889,-0.778678191,0.778678191,-0.778678191
TID2013,24,i24.png,i24_05_4.png,high_frequency_noise,4,MOS,4.02857,4.02857,-1.826770014,1.826770014,-1.826770014
TID2013,24,i24.png,i24_05_5.png,high_frequency_noise,5,MOS,3.25,3.25,-2.862783771,2.862783771,-2.862783771
TID2013,24,i24.png,i24_06_1.png,impulse_noise,1,MOS,4.64706,4.64706,-1.025107942,1.025107942,-1.025107942
TID2013,24,i24.png,i24_06_2.png,impulse_noise,2,MOS,4.37143,4.37143,-1.512701112,1.512701112,-1.512701112
TID2013,24,i24.png,i24_06_3.png,impulse_noise,3,MOS,3.97143,3.97143,-1.796114958,1.796114958,-1.796114958
TID2013,24,i24.png,i24_06_4.png,impulse_noise,4,MOS,3.66667,3.66667,-2.248125482,2.248125482,-2.248125482
TID2013,24,i24.png,i24_06_5.png,impulse_noise,5,MOS,3.28571,3.28571,-2.902277264,2.902277264,-2.902277264
TID2013,24,i24.png,i24_07_1.png,quantization_noise,1,MOS,5.52778,5.52778,-0.33246388,0.33246388,-0.33246388
TID2013,24,i24.png,i24_07_2.png,quantization_noise,2,MOS,4.57143,4.57143,-1.123006108,1.123006108,-1.123006108
TID2013,24,i24.png,i24_07_3.png,quantization_noise,3,MOS,4.08824,4.08824,-1.704522149,1.704522149,-1.704522149
TID2013,24,i24.png,i24_07_4.png,quantization_noise,4,MOS,2.88571,2.88571,-3.208491375,3.208491375,-3.208491375
TID2013,24,i24.png,i24_07_5.png,quantization_noise,5,MOS,2.44444,2.44444,-3.99388444,3.99388444,-3.99388444
TID2013,24,i24.png,i24_08_1.png,gaussian_blur,1,MOS,5.94444,5.94444,-0.134820036,0.134820036,-0.134820036
TID2013,24,i24.png,i24_08_2.png,gaussian_blur,2,MOS,4.97143,4.97143,-0.857956629,0.857956629,-0.857956629
TID2013,24,i24.png,i24_08_3.png,gaussian_blur,3,MOS,4.05714,4.05714,-1.579707106,1.579707106,-1.579707106
TID2013,24,i24.png,i24_08_4.png,gaussian_blur,4,MOS,3.17647,3.17647,-2.600543061,2.600543061,-2.600543061
TID2013,24,i24.png,i24_08_5.png,gaussian_blur,5,MOS,2.61765,2.61765,-3.722125171,3.722125171,-3.722125171
TID2013,24,i24.png,i24_09_1.png,image_denoising,1,MOS,6.0,6.0,-0.007886585,0.007886585,-0.007886585
TID2013,24,i24.png,i24_09_2.png,image_denoising,2,MOS,5.29412,5.29412,-0.666223609,0.666223609,-0.666223609
TID2013,24,i24.png,i24_09_3.png,image_denoising,3,MOS,4.52778,4.52778,-1.387434738,1.387434738,-1.387434738
TID2013,24,i24.png,i24_09_4.png,image_denoising,4,MOS,3.38889,3.38889,-2.793573339,2.793573339,-2.793573339
TID2013,24,i24.png,i24_09_5.png,image_denoising,5,MOS,2.0,2.0,-4.491099387,4.491099387,-4.491099387
TID2013,24,i24.png,i24_10_1.png,JPEG_compression,1,MOS,5.88571,5.88571,-0.084104614,0.084104614,-0.084104614
TID2013,24,i24.png,i24_10_2.png,JPEG_compression,2,MOS,5.82857,5.82857,-0.183780498,0.183780498,-0.183780498
TID2013,24,i24.png,i24_10_3.png,JPEG_compression,3,MOS,4.65714,4.65714,-1.047144045,1.047144045,-1.047144045
TID2013,24,i24.png,i24_10_4.png,JPEG_compression,4,MOS,3.27778,3.27778,-2.776712039,2.776712039,-2.776712039
TID2013,24,i24.png,i24_10_5.png,JPEG_compression,5,MOS,1.85294,1.85294,-4.733354217,4.733354217,-4.733354217
TID2013,24,i24.png,i24_11_1.png,JPEG2000_compression,1,MOS,5.4,5.4,-0.430105855,0.430105855,-0.430105855
TID2013,24,i24.png,i24_11_2.png,JPEG2000_compression,2,MOS,4.69697,4.69697,-0.883895144,0.883895144,-0.883895144
TID2013,24,i24.png,i24_11_3.png,JPEG2000_compression,3,MOS,4.02941,4.02941,-1.768485471,1.768485471,-1.768485471
TID2013,24,i24.png,i24_11_4.png,JPEG2000_compression,4,MOS,2.57143,2.57143,-3.579674571,3.579674571,-3.579674571
TID2013,24,i24.png,i24_11_5.png,JPEG2000_compression,5,MOS,0.91667,0.91667,-6.118071941,6.118071941,-6.118071941
TID2013,24,i24.png,i24_12_1.png,JPEG_transmission_errors,1,MOS,5.68571,5.68571,-0.228698158,0.228698158,-0.228698158
TID2013,24,i24.png,i24_12_2.png,JPEG_transmission_errors,2,MOS,6.08571,6.08571,0.049533663,-0.049533663,0.049533663
TID2013,24,i24.png,i24_12_3.png,JPEG_transmission_errors,3,MOS,5.48485,5.48485,-0.431222971,0.431222971,-0.431222971
TID2013,24,i24.png,i24_12_4.png,JPEG_transmission_errors,4,MOS,3.5,3.5,-2.396236448,2.396236448,-2.396236448
TID2013,24,i24.png,i24_12_5.png,JPEG_transmission_errors,5,MOS,2.58333,2.58333,-3.475507939,3.475507939,-3.475507939
TID2013,24,i24.png,i24_13_1.png,JPEG2000_transmission_errors,1,MOS,4.05882,4.05882,-1.631520199,1.631520199,-1.631520199
TID2013,24,i24.png,i24_13_2.png,JPEG2000_transmission_errors,2,MOS,3.74286,3.74286,-2.191896254,2.191896254,-2.191896254
TID2013,24,i24.png,i24_13_3.png,JPEG2000_transmission_errors,3,MOS,3.31429,3.31429,-2.716026289,2.716026289,-2.716026289
TID2013,24,i24.png,i24_13_4.png,JPEG2000_transmission_errors,4,MOS,2.88889,2.88889,-3.29321446,3.29321446,-3.29321446
TID2013,24,i24.png,i24_13_5.png,JPEG2000_transmission_errors,5,MOS,2.5,2.5,-3.808138442,3.808138442,-3.808138442
TID2013,24,i24.png,i24_14_1.png,non_eccentricity_pattern_noise,1,MOS,6.0,6.0,-0.089227547,0.089227547,-0.089227547
TID2013,24,i24.png,i24_14_2.png,non_eccentricity_pattern_noise,2,MOS,5.97143,5.97143,-0.096614596,0.096614596,-0.096614596
TID2013,24,i24.png,i24_14_3.png,non_eccentricity_pattern_noise,3,MOS,5.34286,5.34286,-0.485463016,0.485463016,-0.485463016
TID2013,24,i24.png,i24_14_4.png,non_eccentricity_pattern_noise,4,MOS,5.13889,5.13889,-0.833005752,0.833005752,-0.833005752
TID2013,24,i24.png,i24_14_5.png,non_eccentricity_pattern_noise,5,MOS,4.63889,4.63889,-1.135016231,1.135016231,-1.135016231
TID2013,24,i24.png,i24_15_1.png,local_block_wise_distortions_of_different_intensity,1,MOS,4.02778,4.02778,-1.607142348,1.607142348,-1.607142348
TID2013,24,i24.png,i24_15_2.png,local_block_wise_distortions_of_different_intensity,2,MOS,4.4,4.4,-1.445661511,1.445661511,-1.445661511
TID2013,24,i24.png,i24_15_3.png,local_block_wise_distortions_of_different_intensity,3,MOS,3.88571,3.88571,-1.668092561,1.668092561,-1.668092561
TID2013,24,i24.png,i24_15_4.png,local_block_wise_distortions_of_different_intensity,4,MOS,3.66667,3.66667,-2.206700861,2.206700861,-2.206700861
TID2013,24,i24.png,i24_15_5.png,local_block_wise_distortions_of_different_intensity,5,MOS,3.38889,3.38889,-2.646245051,2.646245051,-2.646245051
TID2013,24,i24.png,i24_16_1.png,intensity_shift,1,MOS,5.97143,5.97143,-0.081800541,0.081800541,-0.081800541
TID2013,24,i24.png,i24_16_2.png,intensity_shift,2,MOS,6.11111,6.11111,0.011007559,-0.011007559,0.011007559
TID2013,24,i24.png,i24_16_3.png,intensity_shift,3,MOS,5.45714,5.45714,-0.362253487,0.362253487,-0.362253487
TID2013,24,i24.png,i24_16_4.png,intensity_shift,4,MOS,5.61111,5.61111,-0.358386276,0.358386276,-0.358386276
TID2013,24,i24.png,i24_16_5.png,intensity_shift,5,MOS,4.88571,4.88571,-0.86136274,0.86136274,-0.86136274
TID2013,24,i24.png,i24_17_1.png,contrast_change,1,MOS,5.75,5.75,-0.233083641,0.233083641,-0.233083641
TID2013,24,i24.png,i24_17_2.png,contrast_change,2,MOS,6.47222,6.47222,0.176585301,-0.176585301,0.176585301
TID2013,24,i24.png,i24_17_3.png,contrast_change,3,MOS,4.80556,4.80556,-0.916133346,0.916133346,-0.916133346
TID2013,24,i24.png,i24_17_4.png,contrast_change,4,MOS,6.72222,6.72222,0.442499174,-0.442499174,0.442499174
TID2013,24,i24.png,i24_17_5.png,contrast_change,5,MOS,3.6,3.6,-2.208158874,2.208158874,-2.208158874
TID2013,24,i24.png,i24_18_1.png,change_of_color_saturation,1,MOS,4.8,4.8,-0.920691269,0.920691269,-0.920691269
TID2013,24,i24.png,i24_18_2.png,change_of_color_saturation,2,MOS,4.39394,4.39394,-1.338666017,1.338666017,-1.338666017
TID2013,24,i24.png,i24_18_3.png,change_of_color_saturation,3,MOS,3.91176,3.91176,-1.653004072,1.653004072,-1.653004072
TID2013,24,i24.png,i24_18_4.png,change_of_color_saturation,4,MOS,4.11429,4.11429,-1.738491573,1.738491573,-1.738491573
TID2013,24,i24.png,i24_18_5.png,change_of_color_saturation,5,MOS,3.79412,3.79412,-2.245988456,2.245988456,-2.245988456
TID2013,24,i24.png,i24_19_1.png,multiplicative_gaussian_noise,1,MOS,5.57143,5.57143,-0.329904528,0.329904528,-0.329904528
TID2013,24,i24.png,i24_19_2.png,multiplicative_gaussian_noise,2,MOS,5.17647,5.17647,-0.725775984,0.725775984,-0.725775984
TID2013,24,i24.png,i24_19_3.png,multiplicative_gaussian_noise,3,MOS,4.77778,4.77778,-1.009018948,1.009018948,-1.009018948
TID2013,24,i24.png,i24_19_4.png,multiplicative_gaussian_noise,4,MOS,4.08824,4.08824,-1.619946436,1.619946436,-1.619946436
TID2013,24,i24.png,i24_19_5.png,multiplicative_gaussian_noise,5,MOS,3.85714,3.85714,-2.054773209,2.054773209,-2.054773209
TID2013,24,i24.png,i24_20_1.png,comfort_noise,1,MOS,6.14286,6.14286,-0.052320643,0.052320643,-0.052320643
TID2013,24,i24.png,i24_20_2.png,comfort_noise,2,MOS,5.61111,5.61111,-0.197175422,0.197175422,-0.197175422
TID2013,24,i24.png,i24_20_3.png,comfort_noise,3,MOS,5.17143,5.17143,-0.685146313,0.685146313,-0.685146313
TID2013,24,i24.png,i24_20_4.png,comfort_noise,4,MOS,4.02857,4.02857,-1.702311761,1.702311761,-1.702311761
TID2013,24,i24.png,i24_20_5.png,comfort_noise,5,MOS,3.51429,3.51429,-2.446096022,2.446096022,-2.446096022
TID2013,24,i24.png,i24_21_1.png,lossy_compression_of_noisy_images,1,MOS,5.77778,5.77778,-0.279928657,0.279928657,-0.279928657
TID2013,24,i24.png,i24_21_2.png,lossy_compression_of_noisy_images,2,MOS,4.82857,4.82857,-0.974604462,0.974604462,-0.974604462
TID2013,24,i24.png,i24_21_3.png,lossy_compression_of_noisy_images,3,MOS,4.14286,4.14286,-1.625688999,1.625688999,-1.625688999
TID2013,24,i24.png,i24_21_4.png,lossy_compression_of_noisy_images,4,MOS,3.36111,3.36111,-2.572713877,2.572713877,-2.572713877
TID2013,24,i24.png,i24_21_5.png,lossy_compression_of_noisy_images,5,MOS,2.68571,2.68571,-3.664167679,3.664167679,-3.664167679
TID2013,24,i24.png,i24_22_1.png,image_color_quantization_with_dither,1,MOS,5.77143,5.77143,-0.305127946,0.305127946,-0.305127946
TID2013,24,i24.png,i24_22_2.png,image_color_quantization_with_dither,2,MOS,5.02941,5.02941,-0.607352943,0.607352943,-0.607352943
TID2013,24,i24.png,i24_22_3.png,image_color_quantization_with_dither,3,MOS,4.61765,4.61765,-1.017435819,1.017435819,-1.017435819
TID2013,24,i24.png,i24_22_4.png,image_color_quantization_with_dither,4,MOS,3.33333,3.33333,-2.802426552,2.802426552,-2.802426552
TID2013,24,i24.png,i24_22_5.png,image_color_quantization_with_dither,5,MOS,2.74286,2.74286,-3.28655965,3.28655965,-3.28655965
TID2013,24,i24.png,i24_23_1.png,chromatic_aberrations,1,MOS,5.8,5.8,-0.081162693,0.081162693,-0.081162693
TID2013,24,i24.png,i24_23_2.png,chromatic_aberrations,2,MOS,6.02778,6.02778,-0.031456921,0.031456921,-0.031456921
TID2013,24,i24.png,i24_23_3.png,chromatic_aberrations,3,MOS,5.68571,5.68571,-0.358369888,0.358369888,-0.358369888
TID2013,24,i24.png,i24_23_4.png,chromatic_aberrations,4,MOS,5.08824,5.08824,-0.58886703,0.58886703,-0.58886703
TID2013,24,i24.png,i24_23_5.png,chromatic_aberrations,5,MOS,2.29412,2.29412,-3.772159088,3.772159088,-3.772159088
TID2013,24,i24.png,i24_24_1.png,sparse_sampling_and_reconstruction,1,MOS,5.70588,5.70588,-0.161647831,0.161647831,-0.161647831
TID2013,24,i24.png,i24_24_2.png,sparse_sampling_and_reconstruction,2,MOS,5.34286,5.34286,-0.642064501,0.642064501,-0.642064501
TID2013,24,i24.png,i24_24_3.png,sparse_sampling_and_reconstruction,3,MOS,4.34286,4.34286,-1.385838211,1.385838211,-1.385838211
TID2013,24,i24.png,i24_24_4.png,sparse_sampling_and_reconstruction,4,MOS,2.74286,2.74286,-3.259558956,3.259558956,-3.259558956
TID2013,24,i24.png,i24_24_5.png,sparse_sampling_and_reconstruction,5,MOS,0.41667,0.41667,-6.967959722,6.967959722,-6.967959722
TID2013,25,i25.png,i25_01_1.png,additive_gaussian_noise,1,MOS,5.14286,5.14286,-0.597128489,0.597128489,-0.597128489
TID2013,25,i25.png,i25_01_2.png,additive_gaussian_noise,2,MOS,4.67647,4.67647,-0.950103569,0.950103569,-0.950103569
TID2013,25,i25.png,i25_01_3.png,additive_gaussian_noise,3,MOS,4.4,4.4,-1.280780222,1.280780222,-1.280780222
TID2013,25,i25.png,i25_01_4.png,additive_gaussian_noise,4,MOS,3.88571,3.88571,-1.693525721,1.693525721,-1.693525721
TID2013,25,i25.png,i25_01_5.png,additive_gaussian_noise,5,MOS,3.44444,3.44444,-2.026977043,2.026977043,-2.026977043
TID2013,25,i25.png,i25_02_1.png,additive_noise_in_color_more_intensive_than_additive_noise_in_the_luminance,1,MOS,5.54286,5.54286,-0.190219432,0.190219432,-0.190219432
TID2013,25,i25.png,i25_02_2.png,additive_noise_in_color_more_intensive_than_additive_noise_in_the_luminance,2,MOS,5.27778,5.27778,-0.416178346,0.416178346,-0.416178346
TID2013,25,i25.png,i25_02_3.png,additive_noise_in_color_more_intensive_than_additive_noise_in_the_luminance,3,MOS,5.25,5.25,-0.585301235,0.585301235,-0.585301235
TID2013,25,i25.png,i25_02_4.png,additive_noise_in_color_more_intensive_than_additive_noise_in_the_luminance,4,MOS,4.45714,4.45714,-1.146936293,1.146936293,-1.146936293
TID2013,25,i25.png,i25_02_5.png,additive_noise_in_color_more_intensive_than_additive_noise_in_the_luminance,5,MOS,3.77143,3.77143,-1.756715815,1.756715815,-1.756715815
TID2013,25,i25.png,i25_03_1.png,spatially_correlated_noise,1,MOS,4.0,4.0,-1.507805419,1.507805419,-1.507805419
TID2013,25,i25.png,i25_03_2.png,spatially_correlated_noise,2,MOS,3.58333,3.58333,-1.955810649,1.955810649,-1.955810649
TID2013,25,i25.png,i25_03_3.png,spatially_correlated_noise,3,MOS,3.25,3.25,-2.291821976,2.291821976,-2.291821976
TID2013,25,i25.png,i25_03_4.png,spatially_correlated_noise,4,MOS,2.91429,2.91429,-2.717033815,2.717033815,-2.717033815
TID2013,25,i25.png,i25_03_5.png,spatially_correlated_noise,5,MOS,2.41667,2.41667,-2.991265568,2.991265568,-2.991265568
TID2013,25,i25.png,i25_04_1.png,masked_noise,1,MOS,6.39394,6.39394,0.307751442,-0.307751442,0.307751442
TID2013,25,i25.png,i25_04_2.png,masked_noise,2,MOS,6.16667,6.16667,0.190287811,-0.190287811,0.190287811
TID2013,25,i25.png,i25_04_3.png,masked_noise,3,MOS,5.88889,5.88889,-0.042580651,0.042580651,-0.042580651
TID2013,25,i25.png,i25_04_4.png,masked_noise,4,MOS,5.5,5.5,-0.268390268,0.268390268,-0.268390268
TID2013,25,i25.png,i25_04_5.png,masked_noise,5,MOS,5.23529,5.23529,-0.452978731,0.452978731,-0.452978731
TID2013,25,i25.png,i25_05_1.png,high_frequency_noise,1,MOS,5.33333,5.33333,-0.356488733,0.356488733,-0.356488733
TID2013,25,i25.png,i25_05_2.png,high_frequency_noise,2,MOS,5.25714,5.25714,-0.42384389,0.42384389,-0.42384389
TID2013,25,i25.png,i25_05_3.png,high_frequency_noise,3,MOS,4.61111,4.61111,-1.096348651,1.096348651,-1.096348651
TID2013,25,i25.png,i25_05_4.png,high_frequency_noise,4,MOS,3.85714,3.85714,-1.711585567,1.711585567,-1.711585567
TID2013,25,i25.png,i25_05_5.png,high_frequency_noise,5,MOS,2.75,2.75,-2.700893925,2.700893925,-2.700893925
TID2013,25,i25.png,i25_06_1.png,impulse_noise,1,MOS,4.4,4.4,-1.337720635,1.337720635,-1.337720635
TID2013,25,i25.png,i25_06_2.png,impulse_noise,2,MOS,4.28571,4.28571,-1.424668034,1.424668034,-1.424668034
TID2013,25,i25.png,i25_06_3.png,impulse_noise,3,MOS,3.70588,3.70588,-1.753973785,1.753973785,-1.753973785
TID2013,25,i25.png,i25_06_4.png,impulse_noise,4,MOS,3.47222,3.47222,-2.108993315,2.108993315,-2.108993315
TID2013,25,i25.png,i25_06_5.png,impulse_noise,5,MOS,3.02778,3.02778,-2.579984864,2.579984864,-2.579984864
TID2013,25,i25.png,i25_07_1.png,quantization_noise,1,MOS,3.5,3.5,-1.946120098,1.946120098,-1.946120098
TID2013,25,i25.png,i25_07_2.png,quantization_noise,2,MOS,3.14286,3.14286,-2.118544134,2.118544134,-2.118544134
TID2013,25,i25.png,i25_07_3.png,quantization_noise,3,MOS,3.0303,3.0303,-2.40682851,2.40682851,-2.40682851
TID2013,25,i25.png,i25_07_4.png,quantization_noise,4,MOS,2.71429,2.71429,-2.591891272,2.591891272,-2.591891272
TID2013,25,i25.png,i25_07_5.png,quantization_noise,5,MOS,2.74286,2.74286,-2.781170705,2.781170705,-2.781170705
TID2013,25,i25.png,i25_08_1.png,gaussian_blur,1,MOS,5.52941,5.52941,-0.212797337,0.212797337,-0.212797337
TID2013,25,i25.png,i25_08_2.png,gaussian_blur,2,MOS,5.05556,5.05556,-0.703738455,0.703738455,-0.703738455
TID2013,25,i25.png,i25_08_3.png,gaussian_blur,3,MOS,4.29412,4.29412,-1.339037823,1.339037823,-1.339037823
TID2013,25,i25.png,i25_08_4.png,gaussian_blur,4,MOS,3.17647,3.17647,-2.440758147,2.440758147,-2.440758147
TID2013,25,i25.png,i25_08_5.png,gaussian_blur,5,MOS,1.94444,1.94444,-3.714928399,3.714928399,-3.714928399
TID2013,25,i25.png,i25_09_1.png,image_denoising,1,MOS,5.83333,5.83333,-0.035329322,0.035329322,-0.035329322
TID2013,25,i25.png,i25_09_2.png,image_denoising,2,MOS,5.2,5.2,-0.486690787,0.486690787,-0.486690787
TID2013,25,i25.png,i25_09_3.png,image_denoising,3,MOS,4.22857,4.22857,-1.191601978,1.191601978,-1.191601978
TID2013,25,i25.png,i25_09_4.png,image_denoising,4,MOS,3.11765,3.11765,-2.253454668,2.253454668,-2.253454668
TID2013,25,i25.png,i25_09_5.png,image_denoising,5,MOS,1.33333,1.33333,-4.040320397,4.040320397,-4.040320397
TID2013,25,i25.png,i25_10_1.png,JPEG_compression,1,MOS,5.85714,5.85714,-0.023979137,0.023979137,-0.023979137
TID2013,25,i25.png,i25_10_2.png,JPEG_compression,2,MOS,5.57143,5.57143,-0.258046249,0.258046249,-0.258046249
TID2013,25,i25.png,i25_10_3.png,JPEG_compression,3,MOS,4.25714,4.25714,-1.15284718,1.15284718,-1.15284718
TID2013,25,i25.png,i25_10_4.png,JPEG_compression,4,MOS,2.14706,2.14706,-3.155757143,3.155757143,-3.155757143
TID2013,25,i25.png,i25_10_5.png,JPEG_compression,5,MOS,1.47222,1.47222,-3.772182902,3.772182902,-3.772182902
TID2013,25,i25.png,i25_11_1.png,JPEG2000_compression,1,MOS,6.08571,6.08571,0.24509034,-0.24509034,0.24509034
TID2013,25,i25.png,i25_11_2.png,JPEG2000_compression,2,MOS,5.86111,5.86111,0.012667378,-0.012667378,0.012667378
TID2013,25,i25.png,i25_11_3.png,JPEG2000_compression,3,MOS,5.36111,5.36111,-0.377841774,0.377841774,-0.377841774
TID2013,25,i25.png,i25_11_4.png,JPEG2000_compression,4,MOS,4.97222,4.97222,-0.626141774,0.626141774,-0.626141774
TID2013,25,i25.png,i25_11_5.png,JPEG2000_compression,5,MOS,4.6,4.6,-1.08705264,1.08705264,-1.08705264
TID2013,25,i25.png,i25_12_1.png,JPEG_transmission_errors,1,MOS,6.02778,6.02778,0.109969457,-0.109969457,0.109969457
TID2013,25,i25.png,i25_12_2.png,JPEG_transmission_errors,2,MOS,5.8,5.8,-0.136072773,0.136072773,-0.136072773
TID2013,25,i25.png,i25_12_3.png,JPEG_transmission_errors,3,MOS,4.83333,4.83333,-0.92511962,0.92511962,-0.92511962
TID2013,25,i25.png,i25_12_4.png,JPEG_transmission_errors,4,MOS,5.0303,5.0303,-0.857659793,0.857659793,-0.857659793
TID2013,25,i25.png,i25_12_5.png,JPEG_transmission_errors,5,MOS,4.66667,4.66667,-1.050512636,1.050512636,-1.050512636
TID2013,25,i25.png,i25_13_1.png,JPEG2000_transmission_errors,1,MOS,4.82857,4.82857,-0.644864971,0.644864971,-0.644864971
TID2013,25,i25.png,i25_13_2.png,JPEG2000_transmission_errors,2,MOS,5.71429,5.71429,-0.176285143,0.176285143,-0.176285143
TID2013,25,i25.png,i25_13_3.png,JPEG2000_transmission_errors,3,MOS,3.68571,3.68571,-1.926743302,1.926743302,-1.926743302
TID2013,25,i25.png,i25_13_4.png,JPEG2000_transmission_errors,4,MOS,4.57143,4.57143,-1.112680612,1.112680612,-1.112680612
TID2013,25,i25.png,i25_13_5.png,JPEG2000_transmission_errors,5,MOS,3.02857,3.02857,-2.539582813,2.539582813,-2.539582813
TID2013,25,i25.png,i25_14_1.png,non_eccentricity_pattern_noise,1,MOS,5.71429,5.71429,-0.269876185,0.269876185,-0.269876185
TID2013,25,i25.png,i25_14_2.png,non_eccentricity_pattern_noise,2,MOS,5.14286,5.14286,-0.47252746,0.47252746,-0.47252746
TID2013,25,i25.png,i25_14_3.png,non_eccentricity_pattern_noise,3,MOS,5.08824,5.08824,-0.707812763,0.707812763,-0.707812763
TID2013,25,i25.png,i25_14_4.png,non_eccentricity_pattern_noise,4,MOS,3.82857,3.82857,-1.88317617,1.88317617,-1.88317617
TID2013,25,i25.png,i25_14_5.png,non_eccentricity_pattern_noise,5,MOS,3.11111,3.11111,-2.32059659,2.32059659,-2.32059659
TID2013,25,i25.png,i25_15_1.png,local_block_wise_distortions_of_different_intensity,1,MOS,3.27778,3.27778,-2.18652647,2.18652647,-2.18652647
TID2013,25,i25.png,i25_15_2.png,local_block_wise_distortions_of_different_intensity,2,MOS,2.93939,2.93939,-2.359147499,2.359147499,-2.359147499
TID2013,25,i25.png,i25_15_3.png,local_block_wise_distortions_of_different_intensity,3,MOS,3.52778,3.52778,-1.94089054,1.94089054,-1.94089054
TID2013,25,i25.png,i25_15_4.png,local_block_wise_distortions_of_different_intensity,4,MOS,3.97059,3.97059,-1.397604877,1.397604877,-1.397604877
TID2013,25,i25.png,i25_15_5.png,local_block_wise_distortions_of_different_intensity,5,MOS,4.14286,4.14286,-1.26966708,1.26966708,-1.26966708
TID2013,25,i25.png,i25_16_1.png,intensity_shift,1,MOS,5.91667,5.91667,0.046307018,-0.046307018,0.046307018
TID2013,25,i25.png,i25_16_2.png,intensity_shift,2,MOS,6.41667,6.41667,0.318539204,-0.318539204,0.318539204
TID2013,25,i25.png,i25_16_3.png,intensity_shift,3,MOS,5.77143,5.77143,-0.130000669,0.130000669,-0.130000669
TID2013,25,i25.png,i25_16_4.png,intensity_shift,4,MOS,5.55556,5.55556,-0.163024811,0.163024811,-0.163024811
TID2013,25,i25.png,i25_16_5.png,intensity_shift,5,MOS,4.47059,4.47059,-1.167102785,1.167102785,-1.167102785
TID2013,25,i25.png,i25_17_1.png,contrast_change,1,MOS,5.61111,5.61111,-0.08899303,0.08899303,-0.08899303
TID2013,25,i25.png,i25_17_2.png,contrast_change,2,MOS,6.85714,6.85714,0.617638042,-0.617638042,0.617638042
TID2013,25,i25.png,i25_17_3.png,contrast_change,3,MOS,4.48571,4.48571,-0.913863885,0.913863885,-0.913863885
TID2013,25,i25.png,i25_17_4.png,contrast_change,4,MOS,6.38889,6.38889,0.292597333,-0.292597333,0.292597333
TID2013,25,i25.png,i25_17_5.png,contrast_change,5,MOS,3.28571,3.28571,-2.293305541,2.293305541,-2.293305541
TID2013,25,i25.png,i25_18_1.png,change_of_color_saturation,1,MOS,5.61111,5.61111,-0.234162868,0.234162868,-0.234162868
TID2013,25,i25.png,i25_18_2.png,change_of_color_saturation,2,MOS,5.05882,5.05882,-0.52384095,0.52384095,-0.52384095
TID2013,25,i25.png,i25_18_3.png,change_of_color_saturation,3,MOS,4.44444,4.44444,-1.05092395,1.05092395,-1.05092395
TID2013,25,i25.png,i25_18_4.png,change_of_color_saturation,4,MOS,4.0,4.0,-1.645572327,1.645572327,-1.645572327
TID2013,25,i25.png,i25_18_5.png,change_of_color_saturation,5,MOS,2.67647,2.67647,-2.61068674,2.61068674,-2.61068674
TID2013,25,i25.png,i25_19_1.png,multiplicative_gaussian_noise,1,MOS,5.16667,5.16667,-0.661114431,0.661114431,-0.661114431
TID2013,25,i25.png,i25_19_2.png,multiplicative_gaussian_noise,2,MOS,4.28571,4.28571,-1.203389716,1.203389716,-1.203389716
TID2013,25,i25.png,i25_19_3.png,multiplicative_gaussian_noise,3,MOS,3.83333,3.83333,-1.756869054,1.756869054,-1.756869054
TID2013,25,i25.png,i25_19_4.png,multiplicative_gaussian_noise,4,MOS,3.79412,3.79412,-1.948319589,1.948319589,-1.948319589
TID2013,25,i25.png,i25_19_5.png,multiplicative_gaussian_noise,5,MOS,3.34286,3.34286,-2.205241058,2.205241058,-2.205241058
TID2013,25,i25.png,i25_20_1.png,comfort_noise,1,MOS,5.67647,5.67647,-0.098183754,0.098183754,-0.098183754
TID2013,25,i25.png,i25_20_2.png,comfort_noise,2,MOS,5.54286,5.54286,-0.460083504,0.460083504,-0.460083504
TID2013,25,i25.png,i25_20_3.png,comfort_noise,3,MOS,5.0,5.0,-0.728675396,0.728675396,-0.728675396
TID2013,25,i25.png,i25_20_4.png,comfort_noise,4,MOS,4.97222,4.97222,-0.79268349,0.79268349,-0.79268349
TID2013,25,i25.png,i25_20_5.png,comfort_noise,5,MOS,4.05714,4.05714,-1.384373426,1.384373426,-1.384373426
TID2013,25,i25.png,i25_21_1.png,lossy_compression_of_noisy_images,1,MOS,5.17143,5.17143,-0.627579663,0.627579663,-0.627579663
TID2013,25,i25.png,i25_21_2.png,lossy_compression_of_noisy_images,2,MOS,4.45714,4.45714,-1.172151594,1.172151594,-1.172151594
TID2013,25,i25.png,i25_21_3.png,lossy_compression_of_noisy_images,3,MOS,4.88571,4.88571,-0.745510924,0.745510924,-0.745510924
TID2013,25,i25.png,i25_21_4.png,lossy_compression_of_noisy_images,4,MOS,3.42857,3.42857,-2.065806504,2.065806504,-2.065806504
TID2013,25,i25.png,i25_21_5.png,lossy_compression_of_noisy_images,5,MOS,2.91429,2.91429,-2.625163854,2.625163854,-2.625163854
TID2013,25,i25.png,i25_22_1.png,image_color_quantization_with_dither,1,MOS,4.80556,4.80556,-0.906908165,0.906908165,-0.906908165
TID2013,25,i25.png,i25_22_2.png,image_color_quantization_with_dither,2,MOS,4.25,4.25,-1.330524578,1.330524578,-1.330524578
TID2013,25,i25.png,i25_22_3.png,image_color_quantization_with_dither,3,MOS,3.79412,3.79412,-1.587213537,1.587213537,-1.587213537
TID2013,25,i25.png,i25_22_4.png,image_color_quantization_with_dither,4,MOS,3.4,3.4,-2.075123587,2.075123587,-2.075123587
TID2013,25,i25.png,i25_22_5.png,image_color_quantization_with_dither,5,MOS,2.79412,2.79412,-2.580274409,2.580274409,-2.580274409
TID2013,25,i25.png,i25_23_1.png,chromatic_aberrations,1,MOS,6.30556,6.30556,0.229189261,-0.229189261,0.229189261
TID2013,25,i25.png,i25_23_2.png,chromatic_aberrations,2,MOS,6.27778,6.27778,0.215491469,-0.215491469,0.215491469
TID2013,25,i25.png,i25_23_3.png,chromatic_aberrations,3,MOS,6.17143,6.17143,0.11388563,-0.11388563,0.11388563
TID2013,25,i25.png,i25_23_4.png,chromatic_aberrations,4,MOS,6.14286,6.14286,0.211066717,-0.211066717,0.211066717
TID2013,25,i25.png,i25_23_5.png,chromatic_aberrations,5,MOS,5.97143,5.97143,0.069033355,-0.069033355,0.069033355
TID2013,25,i25.png,i25_24_1.png,sparse_sampling_and_reconstruction,1,MOS,5.65714,5.65714,-0.086674151,0.086674151,-0.086674151
TID2013,25,i25.png,i25_24_2.png,sparse_sampling_and_reconstruction,2,MOS,5.44444,5.44444,-0.359249517,0.359249517,-0.359249517
TID2013,25,i25.png,i25_24_3.png,sparse_sampling_and_reconstruction,3,MOS,4.62857,4.62857,-0.907353585,0.907353585,-0.907353585
TID2013,25,i25.png,i25_24_4.png,sparse_sampling_and_reconstruction,4,MOS,4.02778,4.02778,-1.538016366,1.538016366,-1.538016366
TID2013,25,i25.png,i25_24_5.png,sparse_sampling_and_reconstruction,5,MOS,2.77143,2.77143,-2.669750888,2.669750888,-2.669750888
