reference_file,distorted_file,distortion_type,distortion_level,mlds_curve_value,mlds_sigma,percept_scale,estimated_mos,jod_distortion,jod_quality
img_01.png,rot_img_01_level_01.png,rotation,1,0.0,0.2207109,0.0,5.4356243992662,0.0,-0.0
img_01.png,rot_img_01_level_02.png,rotation,2,0.1139236,0.2207109,0.5161664,5.16712431010986,0.76526944975805,-0.76526944975805
img_01.png,rot_img_01_level_03.png,rotation,3,0.1854712,0.2207109,0.8403355,4.99849761869459,1.2458832765890142,-1.2458832765890142
img_01.png,rot_img_01_level_04.png,rotation,4,0.34635,0.2207109,1.569247,4.6193315150174,2.3265690835832604,-2.3265690835832604
img_01.png,rot_img_01_level_05.png,rotation,5,0.417098,0.2207109,1.889793,4.4525894923311,2.801811294316357,-2.801811294316357
img_01.png,rot_img_01_level_06.png,rotation,6,0.5548205,0.2207109,2.513788,4.12799898598835,3.72694766565276,-3.72694766565276
img_01.png,rot_img_01_level_07.png,rotation,7,0.6558334,0.2207109,2.971458,3.88992762798407,4.405490222996219,-4.405490222996219
img_01.png,rot_img_01_level_08.png,rotation,8,0.7881048,0.2207109,3.570755,3.57818455844075,5.294009284739971,-5.294009284739971
img_01.png,rot_img_01_level_09.png,rotation,9,0.8539165,0.2207109,3.868936,3.42307638967051,5.73609309685619,-5.73609309685619
img_01.png,rot_img_01_level_10.png,rotation,10,1.0,0.2207109,4.530813,3.07878037677519,6.717393405434022,-6.717393405434022
img_02.png,rot_img_02_level_01.png,rotation,1,0.0,0.3025799,0.0,5.4356243992662,0.0,-0.0
img_02.png,rot_img_02_level_02.png,rotation,2,0.03787288,0.3025799,0.1251665,5.37051513138401,0.1855721305825814,-0.1855721305825814
img_02.png,rot_img_02_level_03.png,rotation,3,0.152223,0.3025799,0.5030835,5.17392978953747,0.7458727131935631,-0.7458727131935631
img_02.png,rot_img_02_level_04.png,rotation,4,0.2446505,0.3025799,0.8085482,5.01503277651199,1.1987553550887111,-1.1987553550887111
img_02.png,rot_img_02_level_05.png,rotation,5,0.3890724,0.3025799,1.28585,4.76674932401589,1.906404062665428,-1.906404062665428
img_02.png,rot_img_02_level_06.png,rotation,6,0.49332,0.3025799,1.630379,4.58753179413223,2.417203522404945,-2.417203522404945
img_02.png,rot_img_02_level_07.png,rotation,7,0.64588,0.3025799,2.134577,4.32525744238742,3.1647285957710327,-3.1647285957710327
img_02.png,rot_img_02_level_08.png,rotation,8,0.7434033,0.3025799,2.456882,4.15760042086194,3.64257870380648,-3.64257870380648
img_02.png,rot_img_02_level_09.png,rotation,9,0.874687,0.3025799,2.890764,3.931903134709,4.285853119576128,-4.285853119576128
img_02.png,rot_img_02_level_10.png,rotation,10,1.0,0.3025799,3.304912,3.71647110557281,4.899869863165786,-4.899869863165786
img_03.png,rot_img_03_level_01.png,rotation,1,0.0,0.5101987,0.0,5.4356243992662,0.0,-0.0
img_03.png,rot_img_03_level_02.png,rotation,2,0.1140353,0.5101987,0.2235116,5.31935785319215,0.3313787940217367,-0.3313787940217367
img_03.png,rot_img_03_level_03.png,rotation,3,0.3017437,0.5101987,0.591424,5.12797671679559,0.8768465344774571,-0.8768465344774571
img_03.png,rot_img_03_level_04.png,rotation,4,0.3697524,0.5101987,0.7247224,5.05863738691205,1.0744750380407042,-1.0744750380407042
img_03.png,rot_img_03_level_05.png,rotation,5,0.5653545,0.5101987,1.108107,4.8592079019995,1.642881896541587,-1.642881896541587
img_03.png,rot_img_03_level_06.png,rotation,6,0.6692613,0.5101987,1.311766,4.75326830643983,1.9448271817602192,-1.9448271817602192
img_03.png,rot_img_03_level_07.png,rotation,7,0.7230474,0.5101987,1.417188,4.69842975747763,2.101126072839517,-2.101126072839517
img_03.png,rot_img_03_level_08.png,rotation,8,0.8203215,0.5101987,1.607847,4.59925251831898,2.383797529217577,-2.383797529217577
img_03.png,rot_img_03_level_09.png,rotation,9,0.82315,0.5101987,1.613391,4.59636863340458,2.392017075916971,-2.392017075916971
img_03.png,rot_img_03_level_10.png,rotation,10,1.0,0.5101987,1.960021,4.41605820269025,2.9059314829175684,-2.9059314829175684
img_04.png,rot_img_04_level_01.png,rotation,1,0.0,0.2313753,0.0,5.4356243992662,0.0,-0.0
img_04.png,rot_img_04_level_02.png,rotation,2,0.174229,0.2313753,0.7530149,5.04392015856775,1.116421561307774,-1.116421561307774
img_04.png,rot_img_04_level_03.png,rotation,3,0.2738267,0.2313753,1.183474,4.8200034008552,1.7546211779436989,-1.7546211779436989
img_04.png,rot_img_04_level_04.png,rotation,4,0.4527904,0.2313753,1.956952,4.41765463898216,2.901381376708975,-2.901381376708975
img_04.png,rot_img_04_level_05.png,rotation,5,0.5300549,0.2313753,2.290888,4.2439473892028,3.396475631147861,-3.396475631147861
img_04.png,rot_img_04_level_06.png,rotation,6,0.6178269,0.2313753,2.670237,4.04661714778963,3.958899300135743,-3.958899300135743
img_04.png,rot_img_04_level_07.png,rotation,7,0.7448958,0.2313753,3.219426,3.76093932090341,4.773128129914616,-4.773128129914616
img_04.png,rot_img_04_level_08.png,rotation,8,0.7469838,0.2313753,3.228451,3.75624468501732,4.786508614936629,-4.786508614936629
img_04.png,rot_img_04_level_09.png,rotation,9,0.8325225,0.2313753,3.598148,3.56393523314127,5.334622207311495,-5.334622207311495
img_04.png,rot_img_04_level_10.png,rotation,10,1.0,0.2313753,4.321982,3.18741034981994,6.407780101541279,-6.407780101541279
img_05.png,rot_img_05_level_01.png,rotation,1,0.0,0.5353575,0.0,5.4356243992662,0.0,-0.0
img_05.png,rot_img_05_level_02.png,rotation,2,0.1272727,0.5353575,0.237734,5.31195962721693,0.3524649558142108,-0.3524649558142108
img_05.png,rot_img_05_level_03.png,rotation,3,0.202252,0.5353575,0.3777886,5.23910584869366,0.5601102164861255,-0.5601102164861255
img_05.png,rot_img_05_level_04.png,rotation,4,0.2954605,0.5353575,0.5518938,5.14853958610356,0.8182389722594869,-0.8182389722594869
img_05.png,rot_img_05_level_05.png,rotation,5,0.1972463,0.5353575,0.3684384,5.24396964752603,0.5462475892226544,-0.5462475892226544
img_05.png,rot_img_05_level_06.png,rotation,6,0.5082414,0.5353575,0.9493494,4.94179063065879,1.407507526576962,-1.407507526576962
img_05.png,rot_img_05_level_07.png,rotation,7,0.5513894,0.5353575,1.029946,4.89986578958875,1.5270002245409708,-1.5270002245409708
img_05.png,rot_img_05_level_08.png,rotation,8,0.6847736,0.5353575,1.279096,4.77026262825686,1.8963905672816417,-1.8963905672816417
img_05.png,rot_img_05_level_09.png,rotation,9,0.9163268,0.5353575,1.711617,4.54527330880098,2.5376471614319027,-2.5376471614319027
img_05.png,rot_img_05_level_10.png,rotation,10,1.0,0.5353575,1.867911,4.4639720986978,2.7693689925710174,-2.7693689925710174
img_06.png,rot_img_06_level_01.png,rotation,1,0.0,0.3117372,0.0,5.4356243992662,0.0,-0.0
img_06.png,rot_img_06_level_02.png,rotation,2,0.1273373,0.3117372,0.4084763,5.22314268219153,0.6056078685869598,-0.6056078685869598
img_06.png,rot_img_06_level_03.png,rotation,3,0.07906796,0.3117372,0.2536366,5.30368739268594,0.3760421858542179,-0.3760421858542179
img_06.png,rot_img_06_level_04.png,rotation,4,0.1826956,0.3117372,0.5860563,5.13076889375357,0.8688883705491846,-0.8688883705491846
img_06.png,rot_img_06_level_05.png,rotation,5,0.426649,0.3117372,1.368617,4.72369548153563,2.0291146004844816,-2.0291146004844816
img_06.png,rot_img_06_level_06.png,rotation,6,0.3959727,0.3117372,1.270213,4.7748833984038,1.883220611774656,-1.883220611774656
img_06.png,rot_img_06_level_07.png,rotation,7,0.6223018,0.3117372,1.996238,4.39721879793827,2.959626887465186,-2.959626887465186
img_06.png,rot_img_06_level_08.png,rotation,8,0.7545425,0.3117372,2.420444,4.17655478567274,3.588555644168573,-3.588555644168573
img_06.png,rot_img_06_level_09.png,rotation,9,0.8618937,0.3117372,2.764808,3.99742308569724,4.099110474542036,-4.099110474542036
img_06.png,rot_img_06_level_10.png,rotation,10,1.0,0.3117372,3.20783,3.76697134281312,4.755935874588825,-4.755935874588825
img_07.png,rot_img_07_level_01.png,rotation,1,0.0,0.4523838,0.0,5.4356243992662,0.0,-0.0
img_07.png,rot_img_07_level_02.png,rotation,2,0.09682067,0.4523838,0.2140233,5.32429348905675,0.31731141939189,-0.31731141939189
img_07.png,rot_img_07_level_03.png,rotation,3,0.09693222,0.4523838,0.2142699,5.32416521235764,0.3176770290989735,-0.3176770290989735
img_07.png,rot_img_07_level_04.png,rotation,4,0.1707032,0.4523838,0.3773416,5.2393383697176,0.5594474932944534,-0.5594474932944534
img_07.png,rot_img_07_level_05.png,rotation,5,0.291016,0.4523838,0.6432945,5.10099465466488,0.953749852852452,-0.953749852852452
img_07.png,rot_img_07_level_06.png,rotation,6,0.4880948,0.4523838,1.07894,4.87438002885708,1.5996388376344342,-1.5996388376344342
img_07.png,rot_img_07_level_07.png,rotation,7,0.5418786,0.4523838,1.197829,4.81253619884469,1.7759039327903468,-1.7759039327903468
img_07.png,rot_img_07_level_08.png,rotation,8,0.6286358,0.4523838,1.389607,4.71277687685429,2.060234421050914,-2.060234421050914
img_07.png,rot_img_07_level_09.png,rotation,9,0.7617134,0.4523838,1.683777,4.5597551551244,2.496371515668707,-2.496371515668707
img_07.png,rot_img_07_level_10.png,rotation,10,1.0,0.4523838,2.210512,4.28575747828653,3.277309995233255,-3.277309995233255
img_08.png,rot_img_08_level_01.png,rotation,1,0.0,0.2434009,0.0,5.4356243992662,0.0,-0.0
img_08.png,rot_img_08_level_02.png,rotation,2,0.1579175,0.2434009,0.6487961,5.09813282543597,0.9619065372177824,-0.9619065372177824
img_08.png,rot_img_08_level_03.png,rotation,3,0.2334086,0.2434009,0.9589473,4.93679798292792,1.421737394409957,-1.421737394409957
img_08.png,rot_img_08_level_04.png,rotation,4,0.325144,0.2434009,1.335838,4.74074650311018,1.9805163823640863,-1.9805163823640863
img_08.png,rot_img_08_level_05.png,rotation,5,0.4724199,0.2434009,1.940913,4.42599782623723,2.8776019197263634,-2.8776019197263634
img_08.png,rot_img_08_level_06.png,rotation,6,0.60225,0.2434009,2.474313,4.14853314129069,3.6684219430772513,-3.6684219430772513
img_08.png,rot_img_08_level_07.png,rotation,7,0.6794095,0.2434009,2.791319,3.98363256027051,4.138415741956838,-4.138415741956838
img_08.png,rot_img_08_level_08.png,rotation,8,0.7927656,0.2434009,3.257037,3.74137478347273,4.8288902819548305,-4.8288902819548305
img_08.png,rot_img_08_level_09.png,rotation,9,0.8728245,0.2434009,3.585955,3.57027780326417,5.3165448384612555,-5.3165448384612555
img_08.png,rot_img_08_level_10.png,rotation,10,1.0,0.2434009,4.108449,3.29848621515682,6.091195602017122,-6.091195602017122
img_09.png,rot_img_09_level_01.png,rotation,1,0.0,0.3137157,0.0,5.4356243992662,0.0,-0.0
img_09.png,rot_img_09_level_02.png,rotation,2,0.1023224,0.3137157,0.326163,5.26596051843339,0.4835699873944426,-0.4835699873944426
img_09.png,rot_img_09_level_03.png,rotation,3,0.1786125,0.3137157,0.5693451,5.13946174685271,0.8441123083552938,-0.8441123083552938
img_09.png,rot_img_09_level_04.png,rotation,4,0.3069946,0.3137157,0.9785758,4.92658760503427,1.4508386520558942,-1.4508386520558942
img_09.png,rot_img_09_level_05.png,rotation,5,0.4263845,0.3137157,1.359143,4.72862367880819,2.0150684270663595,-2.0150684270663595
img_09.png,rot_img_09_level_06.png,rotation,6,0.5327838,0.3137157,1.698302,4.55219952229941,2.5179063128925008,-2.5179063128925008
img_09.png,rot_img_09_level_07.png,rotation,7,0.6377615,0.3137157,2.032928,4.37813334744954,3.0140235628621563,-3.0140235628621563
img_09.png,rot_img_09_level_08.png,rotation,8,0.7271408,0.3137157,2.317834,4.22993058492727,3.436425830527713,-3.436425830527713
img_09.png,rot_img_09_level_09.png,rotation,9,0.8858032,0.3137157,2.823586,3.96684787150191,4.186254867741359,-4.186254867741359
img_09.png,rot_img_09_level_10.png,rotation,10,1.0,0.3137157,3.1876,3.77749460973563,4.725942831708457,-4.725942831708457
img_10.png,rot_img_10_level_01.png,rotation,1,0.0,0.2422612,0.0,5.4356243992662,0.0,-0.0
img_10.png,rot_img_10_level_02.png,rotation,2,0.1861442,0.2422612,0.7683613,5.03593724885447,1.1391741679938483,-1.1391741679938483
img_10.png,rot_img_10_level_03.png,rotation,3,0.2952371,0.2422612,1.218673,4.80169354062754,1.8068072934328776,-1.8068072934328776
img_10.png,rot_img_10_level_04.png,rotation,4,0.3842877,0.2422612,1.586254,4.61048479230108,2.351783699513385,-2.351783699513385
img_10.png,rot_img_10_level_05.png,rotation,5,0.4186979,0.2422612,1.728291,4.53659980644478,2.5623680708232652,-2.5623680708232652
img_10.png,rot_img_10_level_06.png,rotation,6,0.5034448,0.2422612,2.078107,4.35463207823094,3.081006048492021,-3.081006048492021
img_10.png,rot_img_10_level_07.png,rotation,7,0.6160053,0.2422612,2.542732,4.11294285955211,3.7698601042651863,-3.7698601042651863
img_10.png,rot_img_10_level_08.png,rotation,8,0.7175942,0.2422612,2.962068,3.89481213003066,4.391568588164451,-4.391568588164451
img_10.png,rot_img_10_level_09.png,rotation,9,0.8221575,0.2422612,3.393682,3.67029461497907,5.031480462102528,-5.031480462102528
img_10.png,rot_img_10_level_10.png,rotation,10,1.0,0.2422612,4.127776,3.28843267191355,6.11984985509418,-6.11984985509418
img_11.png,rot_img_11_level_01.png,rotation,1,0.0,0.3331434,0.0,5.4356243992662,0.0,-0.0
img_11.png,rot_img_11_level_02.png,rotation,2,0.02568962,0.3331434,0.07711279,5.39551177087719,0.1143275935291566,-0.1143275935291566
img_11.png,rot_img_11_level_03.png,rotation,3,0.07520743,0.3331434,0.2257509,5.31819301129301,0.3346987851696363,-0.3346987851696363
img_11.png,rot_img_11_level_04.png,rotation,4,0.2000136,0.3331434,0.6003829,5.12331646489089,0.8901290194928271,-0.8901290194928271
img_11.png,rot_img_11_level_05.png,rotation,5,0.3277279,0.3331434,0.9837441,4.92389915221985,1.4585011851017968,-1.4585011851017968
img_11.png,rot_img_11_level_06.png,rotation,6,0.4427352,0.3331434,1.328963,4.7443227492838,1.97032349211186,-1.97032349211186
img_11.png,rot_img_11_level_07.png,rotation,7,0.5758179,0.3331434,1.728438,4.53652333979932,2.5625860133493856,-2.5625860133493856
img_11.png,rot_img_11_level_08.png,rotation,8,0.7458415,0.3331434,2.2388,4.27104259075791,3.3192498467903415,-3.3192498467903415
img_11.png,rot_img_11_level_09.png,rotation,9,0.8268757,0.3331434,2.482041,4.14451318050091,3.679879493021863,-3.679879493021863
img_11.png,rot_img_11_level_10.png,rotation,10,1.0,0.3331434,3.00171,3.87419110445763,4.4503419053104505,-4.4503419053104505
img_12.png,rot_img_12_level_01.png,rotation,1,0.0,0.350564,0.0,5.4356243992662,0.0,-0.0
img_12.png,rot_img_12_level_02.png,rotation,2,0.1079535,0.350564,0.3079425,5.27543848111069,0.4565562336721613,-0.4565562336721613
img_12.png,rot_img_12_level_03.png,rotation,3,0.1380951,0.350564,0.3939227,5.2307131922006,0.5840306689397167,-0.5840306689397167
img_12.png,rot_img_12_level_04.png,rotation,4,0.2345436,0.350564,0.6690464,5.08759899883384,0.9919296769231865,-0.9919296769231865
img_12.png,rot_img_12_level_05.png,rotation,5,0.3868035,0.350564,1.103375,4.86166939972947,1.6358662228436185,-1.6358662228436185
img_12.png,rot_img_12_level_06.png,rotation,6,0.5359811,0.350564,1.528911,4.64031354638599,2.2667668404976182,-2.2667668404976182
img_12.png,rot_img_12_level_07.png,rotation,7,0.607628,0.350564,1.733287,4.53400098086174,2.5697751515069194,-2.5697751515069194
img_12.png,rot_img_12_level_08.png,rotation,8,0.7055436,0.350564,2.012596,4.38870967286074,2.9838792945555004,-2.9838792945555004
img_12.png,rot_img_12_level_09.png,rotation,9,0.9356551,0.350564,2.669,4.04726061201025,3.957065321191452,-3.957065321191452
img_12.png,rot_img_12_level_10.png,rotation,10,1.0,0.350564,2.852546,3.95178342216548,4.22919102798928,-4.22919102798928
img_13.png,rot_img_13_level_01.png,rotation,1,0.0,0.327,0.0,5.4356243992662,0.0,-0.0
img_13.png,rot_img_13_level_02.png,rotation,2,0.05596567,0.327,0.1711489,5.34659594853983,0.2537457388347934,-0.2537457388347934
img_13.png,rot_img_13_level_03.png,rotation,3,0.1690591,0.327,0.5170003,5.1666905309558,0.7665057917480617,-0.7665057917480617
img_13.png,rot_img_13_level_04.png,rotation,4,0.2247461,0.327,0.6872969,5.0781054307187,1.0189879087120228,-1.0189879087120228
img_13.png,rot_img_13_level_05.png,rotation,5,0.396914,0.327,1.213804,4.80422630319036,1.7995885032309735,-1.7995885032309735
img_13.png,rot_img_13_level_06.png,rotation,6,0.5939578,0.327,1.816385,4.49077495838388,2.6929764306602975,-2.6929764306602975
img_13.png,rot_img_13_level_07.png,rotation,7,0.6350195,0.327,1.941956,4.42545527718137,2.879148273840265,-2.879148273840265
img_13.png,rot_img_13_level_08.png,rotation,8,0.7940609,0.327,2.428321,4.17245731787498,3.600234101843742,-3.600234101843742
img_13.png,rot_img_13_level_09.png,rotation,9,0.91535,0.327,2.799236,3.97951428522229,4.150153503720747,-4.150153503720747
img_13.png,rot_img_13_level_10.png,rotation,10,1.0,0.327,3.058104,3.84485600239,4.5339517748208555,-4.5339517748208555
img_14.png,rot_img_14_level_01.png,rotation,1,0.0,0.3203142,0.0,5.4356243992662,0.0,-0.0
img_14.png,rot_img_14_level_02.png,rotation,2,0.2144053,0.3203142,0.6693592,5.08743628613521,0.9923934348971348,-0.9923934348971348
img_14.png,rot_img_14_level_03.png,rotation,3,0.4108473,0.3203142,1.282638,4.76842014622821,1.901641944339588,-1.901641944339588
img_14.png,rot_img_14_level_04.png,rotation,4,0.4678721,0.3203142,1.460666,4.67581331658504,2.165586652095703,-2.165586652095703
img_14.png,rot_img_14_level_05.png,rotation,5,0.6719923,0.3203142,2.097916,4.34432780761957,3.110374915838398,-3.110374915838398
img_14.png,rot_img_14_level_06.png,rotation,6,0.6908329,0.3203142,2.156735,4.31373126599251,3.197580095728679,-3.197580095728679
img_14.png,rot_img_14_level_07.png,rotation,7,0.7934896,0.3203142,2.477223,4.14701941381938,3.6727363155331023,-3.6727363155331023
img_14.png,rot_img_14_level_08.png,rotation,8,0.8181103,0.3203142,2.554087,4.10703620132645,3.7866950524563174,-3.7866950524563174
img_14.png,rot_img_14_level_09.png,rotation,9,0.9034073,0.3203142,2.820378,3.96851661298918,4.181498679824393,-4.181498679824393
img_14.png,rot_img_14_level_10.png,rotation,10,1.0,0.3203142,3.121934,3.81165283246098,4.628586274428068,-4.628586274428068
img_15.png,rot_img_15_level_01.png,rotation,1,0.0,0.301386,0.0,5.4356243992662,0.0,-0.0
img_15.png,rot_img_15_level_02.png,rotation,2,0.08182729,0.301386,0.2715033,5.294393470139,0.402531394911592,-0.402531394911592
img_15.png,rot_img_15_level_03.png,rotation,3,0.1724086,0.301386,0.5720523,5.13805351214126,0.8481260090812321,-0.8481260090812321
img_15.png,rot_img_15_level_04.png,rotation,4,0.2550502,0.301386,0.8462575,4.99541710526329,1.2546632469270045,-1.2546632469270045
img_15.png,rot_img_15_level_05.png,rotation,5,0.3528818,0.301386,1.170863,4.82656340674546,1.7359240813661243,-1.7359240813661243
img_15.png,rot_img_15_level_06.png,rotation,6,0.497252,0.301386,1.649884,4.57738565862439,2.446121678676896,-2.446121678676896
img_15.png,rot_img_15_level_07.png,rotation,7,0.6570582,0.301386,2.180122,4.30156578682707,3.2322537138128697,-3.2322537138128697
img_15.png,rot_img_15_level_08.png,rotation,8,0.7625617,0.301386,2.530183,4.11947061420414,3.7512549290251593,-3.7512549290251593
img_15.png,rot_img_15_level_09.png,rotation,9,0.9181067,0.301386,3.046282,3.85100558526484,4.516424451393682,-4.516424451393682
img_15.png,rot_img_15_level_10.png,rotation,10,1.0,0.301386,3.318004,3.70966089249572,4.919280091410462,-4.919280091410462
img_16.png,rot_img_16_level_01.png,rotation,1,0.0,0.204938,0.0,5.4356243992662,0.0,-0.0
img_16.png,rot_img_16_level_02.png,rotation,2,0.1256808,0.204938,0.6132627,5.11661663427751,0.9092246395467356,-0.9092246395467356
img_16.png,rot_img_16_level_03.png,rotation,3,0.2800775,0.204938,1.366645,4.72472127898354,2.0261909089095886,-2.0261909089095886
img_16.png,rot_img_16_level_04.png,rotation,4,0.3374489,0.204938,1.64659,4.57909913570015,2.441237986969139,-2.441237986969139
img_16.png,rot_img_16_level_05.png,rotation,5,0.4246869,0.204938,2.07227,4.357668376255,3.072352099342604,-3.072352099342604
img_16.png,rot_img_16_level_06.png,rotation,6,0.5577739,0.204938,2.721672,4.01986162459835,4.035156945244578,-4.035156945244578
img_16.png,rot_img_16_level_07.png,rotation,7,0.7558605,0.204938,3.68824,3.51707106291967,5.468192806381102,-5.468192806381102
img_16.png,rot_img_16_level_08.png,rotation,8,0.8082554,0.204938,3.943902,3.38408048121212,5.8472378547686805,-5.8472378547686805
img_16.png,rot_img_16_level_09.png,rotation,9,0.9592453,0.204938,4.680661,3.00083225508439,6.939558382672649,-6.939558382672649
img_16.png,rot_img_16_level_10.png,rotation,10,1.0,0.204938,4.879525,2.89738692867418,7.234394590253547,-7.234394590253547
img_17.png,rot_img_17_level_01.png,rotation,1,0.0,0.373313,0.0,5.4356243992662,0.0,-0.0
img_17.png,rot_img_17_level_02.png,rotation,2,0.06890345,0.373313,0.1845729,5.33961303528388,0.2736481910160126,-0.2736481910160126
img_17.png,rot_img_17_level_03.png,rotation,3,0.1346494,0.373313,0.3606877,5.24800141643044,0.534756384207683,-0.534756384207683
img_17.png,rot_img_17_level_04.png,rotation,4,0.1921766,0.373313,0.5147867,5.16784200419651,0.7632239034771778,-0.7632239034771778
img_17.png,rot_img_17_level_05.png,rotation,5,0.4127147,0.373313,1.105546,4.8605400862105,1.6390849522599942,-1.6390849522599942
img_17.png,rot_img_17_level_06.png,rotation,6,0.4490469,0.373313,1.20287,4.80991396510488,1.7833777305738336,-1.7833777305738336
img_17.png,rot_img_17_level_07.png,rotation,7,0.5862914,0.373313,1.570509,4.61867504626524,2.3284401275830144,-2.3284401275830144
img_17.png,rot_img_17_level_08.png,rotation,8,0.7479053,0.373313,2.003427,4.3934792148485,2.9702853148140225,-2.9702853148140225
img_17.png,rot_img_17_level_09.png,rotation,9,0.8855635,0.373313,2.372174,4.20166393517099,3.5169904350813073,-3.5169904350813073
img_17.png,rot_img_17_level_10.png,rotation,10,1.0,0.373313,2.678717,4.04220601069111,3.97147176694867,-3.97147176694867
img_18.png,rot_img_18_level_01.png,rotation,1,0.0,0.3417954,0.0,5.4356243992662,0.0,-0.0
img_18.png,rot_img_18_level_02.png,rotation,2,0.09663401,0.3417954,0.2827248,5.28855625611177,0.4191684157065526,-0.4191684157065526
img_18.png,rot_img_18_level_03.png,rotation,3,0.181436,0.3417954,0.5308323,5.15949538374511,0.7870131456344313,-0.7870131456344313
img_18.png,rot_img_18_level_04.png,rotation,4,0.2465891,0.3417954,0.7214525,5.06033832761941,1.069627077046413,-1.069627077046413
img_18.png,rot_img_18_level_05.png,rotation,5,0.4739996,0.3417954,1.386793,4.71424066692448,2.056062378408039,-2.056062378408039
img_18.png,rot_img_18_level_06.png,rotation,6,0.4860075,0.3417954,1.421926,4.69596513866009,2.1081506421507967,-2.1081506421507967
img_18.png,rot_img_18_level_07.png,rotation,7,0.612148,0.3417954,1.790978,4.50399120369779,2.6553079560947257,-2.6553079560947257
img_18.png,rot_img_18_level_08.png,rotation,8,0.7234713,0.3417954,2.11668,4.33456712642659,3.1381944638664376,-3.1381944638664376
img_18.png,rot_img_18_level_09.png,rotation,9,0.8168582,0.3417954,2.389904,4.19244112140252,3.5432769724154123,-3.5432769724154123
img_18.png,rot_img_18_level_10.png,rotation,10,1.0,0.3417954,2.925727,3.91371603725908,4.33768934094174,-4.33768934094174
img_19.png,rot_img_19_level_01.png,rotation,1,0.0,0.4367337,0.0,5.4356243992662,0.0,-0.0
img_19.png,rot_img_19_level_02.png,rotation,2,0.09968784,0.4367337,0.2282577,5.31688902090639,0.3384153724109861,-0.3384153724109861
img_19.png,rot_img_19_level_03.png,rotation,3,0.160691,0.4367337,0.3679382,5.24422984219309,0.5455059915929579,-0.5455059915929579
img_19.png,rot_img_19_level_04.png,rotation,4,0.2504802,0.4367337,0.5735307,5.13728447616408,0.8503178882010708,-0.8503178882010708
img_19.png,rot_img_19_level_05.png,rotation,5,0.4553014,0.4367337,1.042515,4.89332763131148,1.5456350518253676,-1.5456350518253676
img_19.png,rot_img_19_level_06.png,rotation,6,0.5687155,0.4367337,1.302202,4.75824332002593,1.930647574142432,-1.930647574142432
img_19.png,rot_img_19_level_07.png,rotation,7,0.586539,0.4367337,1.343013,4.73701420255808,1.991154053281864,-1.991154053281864
img_19.png,rot_img_19_level_08.png,rotation,8,0.7892611,0.4367337,1.807191,4.49555750490319,2.679345385863358,-2.679345385863358
img_19.png,rot_img_19_level_09.png,rotation,9,0.8931139,0.4367337,2.044985,4.37186152197822,3.0318992978106785,-3.0318992978106785
img_19.png,rot_img_19_level_10.png,rotation,10,1.0,0.4367337,2.289725,4.24455236001006,3.394751364767739,-3.394751364767739
img_20.png,rot_img_20_level_01.png,rotation,1,0.0,0.3153567,0.0,5.4356243992662,0.0,-0.0
img_20.png,rot_img_20_level_02.png,rotation,2,0.172719,0.3153567,0.547694,5.1507242433661,0.8120123394622072,-0.8120123394622072
img_20.png,rot_img_20_level_03.png,rotation,3,0.1540456,0.3153567,0.4884804,5.18152604851899,0.7242221247365038,-0.7242221247365038
img_20.png,rot_img_20_level_04.png,rotation,4,0.3201471,0.3153567,1.01519,4.90754158428517,1.505122946204702,-1.505122946204702
img_20.png,rot_img_20_level_05.png,rotation,5,0.3664635,0.3153567,1.16206,4.83114256239147,1.72287273403662,-1.72287273403662
img_20.png,rot_img_20_level_06.png,rotation,6,0.5843901,0.3153567,1.853108,4.47167234191352,2.747422031930479,-2.747422031930479
img_20.png,rot_img_20_level_07.png,rotation,7,0.632457,0.3153567,2.005529,4.39238579383658,2.9734017446773215,-2.9734017446773215
img_20.png,rot_img_20_level_08.png,rotation,8,0.8033086,0.3153567,2.547301,4.11056615136778,3.7766341138015385,-3.7766341138015385
img_20.png,rot_img_20_level_09.png,rotation,9,0.8247874,0.3153567,2.615411,4.07513660563904,3.8776141509039546,-3.8776141509039546
img_20.png,rot_img_20_level_10.png,rotation,10,1.0,0.3153567,3.171012,3.78612337650334,4.701349426107886,-4.701349426107886
img_21.png,rot_img_21_level_01.png,rotation,1,0.0,0.2233707,0.0,5.4356243992662,0.0,-0.0
img_21.png,rot_img_21_level_02.png,rotation,2,0.05436919,0.2233707,0.2434034,5.30901051157232,0.3608704208318064,-0.3608704208318064
img_21.png,rot_img_21_level_03.png,rotation,3,0.1287179,0.2233707,0.5762522,5.13586880286059,0.8543527901387338,-0.8543527901387338
img_21.png,rot_img_21_level_04.png,rotation,4,0.2801493,0.2233707,1.25419,4.78321826275869,1.8594648764275408,-1.8594648764275408
img_21.png,rot_img_21_level_05.png,rotation,5,0.3943843,0.2233707,1.765604,4.51719028303006,2.6176884074023645,-2.6176884074023645
img_21.png,rot_img_21_level_06.png,rotation,6,0.5075569,0.2233707,2.272263,4.25363576520042,3.3688621648281947,-3.3688621648281947
img_21.png,rot_img_21_level_07.png,rotation,7,0.6111585,0.2233707,2.736073,4.0123704942498,4.056507899793278,-4.056507899793278
img_21.png,rot_img_21_level_08.png,rotation,8,0.7609953,0.2233707,3.406872,3.66343342413834,5.051035985364617,-5.051035985364617
img_21.png,rot_img_21_level_09.png,rotation,9,0.8408614,0.2233707,3.764421,3.47744313422842,5.581138925989077,-5.581138925989077
img_21.png,rot_img_21_level_10.png,rotation,10,1.0,0.2233707,4.476862,3.10684467602069,6.637405533143426,-6.637405533143426
img_22.png,rot_img_22_level_01.png,rotation,1,0.0,0.2800229,0.0,5.4356243992662,0.0,-0.0
img_22.png,rot_img_22_level_02.png,rotation,2,0.06643689,0.2800229,0.2372552,5.31220869000499,0.3517550858719903,-0.3517550858719903
img_22.png,rot_img_22_level_03.png,rotation,3,0.2391036,0.2800229,0.8538718,4.99145628908296,1.2659522249993715,-1.2659522249993715
img_22.png,rot_img_22_level_04.png,rotation,4,0.364883,0.2800229,1.303047,4.75780376685987,1.9319003730170692,-1.9319003730170692
img_22.png,rot_img_22_level_05.png,rotation,5,0.4551954,0.2800229,1.625565,4.59003594672565,2.410066275325059,-2.410066275325059
img_22.png,rot_img_22_level_06.png,rotation,6,0.5282269,0.2800229,1.88637,4.45437007278961,2.7967363469224127,-2.7967363469224127
img_22.png,rot_img_22_level_07.png,rotation,7,0.6589823,0.2800229,2.353316,4.21147351340257,3.489031522444729,-3.489031522444729
img_22.png,rot_img_22_level_08.png,rotation,8,0.7863318,0.2800229,2.808098,3.97490443888184,4.163292324581144,-4.163292324581144
img_22.png,rot_img_22_level_09.png,rotation,9,0.8926736,0.2800229,3.187859,3.77735988278888,4.726326825683049,-4.726326825683049
img_22.png,rot_img_22_level_10.png,rotation,10,1.0,0.2800229,3.571137,3.57798584919881,5.29457563878744,-5.29457563878744
img_23.png,rot_img_23_level_01.png,rotation,1,0.0,0.5288193,0.0,5.4356243992662,0.0,-0.0
img_23.png,rot_img_23_level_02.png,rotation,2,0.0697058,0.5288193,0.131814,5.36705722644741,0.1954277288300974,-0.1954277288300974
img_23.png,rot_img_23_level_03.png,rotation,3,0.2880313,0.5288193,0.5446686,5.152297999755,0.8075268747103402,-0.8075268747103402
img_23.png,rot_img_23_level_04.png,rotation,4,0.2853988,0.5288193,0.5396907,5.1548874100572,0.8001466291268412,-0.8001466291268412
img_23.png,rot_img_23_level_05.png,rotation,5,0.4718739,0.5288193,0.8923159,4.97145838864323,1.322949532947823,-1.322949532947823
img_23.png,rot_img_23_level_06.png,rotation,6,0.4697443,0.5288193,0.8882888,4.97355321060189,1.316978945553679,-1.316978945553679
img_23.png,rot_img_23_level_07.png,rotation,7,0.5769891,0.5288193,1.091089,4.8680603467097,1.6176509719870589,-1.6176509719870589
img_23.png,rot_img_23_level_08.png,rotation,8,0.6879361,0.5288193,1.300891,4.75892527765991,1.928703882633971,-1.928703882633971
img_23.png,rot_img_23_level_09.png,rotation,9,0.8928229,0.5288193,1.688333,4.55738520929647,2.5031262513762185,-2.5031262513762185
img_23.png,rot_img_23_level_10.png,rotation,10,1.0,0.5288193,1.891005,4.45195903264202,2.803608208205186,-2.803608208205186
img_24.png,rot_img_24_level_01.png,rotation,1,0.0,0.2984238,0.0,5.4356243992662,0.0,-0.0
img_24.png,rot_img_24_level_02.png,rotation,2,0.05623417,0.2984238,0.1884373,5.33760284681649,0.2793775590292057,-0.2793775590292057
img_24.png,rot_img_24_level_03.png,rotation,3,0.201561,0.2984238,0.6754189,5.08428414374419,1.0013775595606134,-1.0013775595606134
img_24.png,rot_img_24_level_04.png,rotation,4,0.3111078,0.2984238,1.042503,4.89333387348662,1.5456172605987455,-1.5456172605987455
img_24.png,rot_img_24_level_05.png,rotation,5,0.4029625,0.2984238,1.350303,4.73322208116089,2.00196222345477,-2.00196222345477
img_24.png,rot_img_24_level_06.png,rotation,6,0.4856808,0.2984238,1.627487,4.58903615834082,2.4129158367890264,-2.4129158367890264
img_24.png,rot_img_24_level_07.png,rotation,7,0.6435489,0.2984238,2.156493,4.31385714985782,3.1972213059918015,-3.1972213059918015
img_24.png,rot_img_24_level_08.png,rotation,8,0.7383027,0.2984238,2.474008,4.14869179657548,3.667969749400607,-3.667969749400607
img_24.png,rot_img_24_level_09.png,rotation,9,0.8279966,0.2984238,2.774566,3.99234715694638,4.113577706990214,-4.113577706990214
img_24.png,rot_img_24_level_10.png,rotation,10,1.0,0.2984238,3.35094,3.6925282024631,4.968111078079162,-4.968111078079162
img_01.png,trans_img_01_level_01.png,translation,1,0.0,0.2821443,0.0,5.4356243992662,0.0,-0.0
img_01.png,trans_img_01_level_02.png,translation,2,0.02153664,0.2821443,0.076332,5.39591792320445,0.1131699925429696,-0.1131699925429696
img_01.png,trans_img_01_level_03.png,translation,3,0.1301747,0.2821443,0.4613762,5.19562514547011,0.6840373776856843,-0.6840373776856843
img_01.png,trans_img_01_level_04.png,translation,4,0.3114363,0.2821443,1.103819,4.86143843924931,1.636524498228635,-1.636524498228635
img_01.png,trans_img_01_level_05.png,translation,5,0.4204806,0.2821443,1.490303,4.6603967045345,2.209526534045554,-2.209526534045554
img_01.png,trans_img_01_level_06.png,translation,6,0.4951613,0.2821443,1.754993,4.52270992639708,2.601956515261802,-2.601956515261802
img_01.png,trans_img_01_level_07.png,translation,7,0.6474649,0.2821443,2.294801,4.24191191992609,3.402277053628874,-3.402277053628874
img_01.png,trans_img_01_level_08.png,translation,8,0.7857293,0.2821443,2.784849,3.98699813303317,4.128823305603107,-4.128823305603107
img_01.png,trans_img_01_level_09.png,translation,9,0.9011705,0.2821443,3.194005,3.77416284875498,4.735438898917986,-4.735438898917986
img_01.png,trans_img_01_level_10.png,translation,10,1.0,0.2821443,3.544286,3.59195323625449,5.254766286618346,-5.254766286618346
img_02.png,trans_img_02_level_01.png,translation,1,0.0,0.3196554,0.0,5.4356243992662,0.0,-0.0
img_02.png,trans_img_02_level_02.png,translation,2,0.09836368,0.3196554,0.3077179,5.27555531382205,0.4562232412138849,-0.4562232412138849
img_02.png,trans_img_02_level_03.png,translation,3,0.2517748,0.3196554,0.7876444,5.02590654156858,1.1677633348335137,-1.1677633348335137
img_02.png,trans_img_02_level_04.png,translation,4,0.3341256,0.3196554,1.045268,4.89189557229825,1.5497166557329136,-1.5497166557329136
img_02.png,trans_img_02_level_05.png,translation,5,0.4483687,0.3196554,1.402663,4.70598539030262,2.0795912756157233,-2.0795912756157233
img_02.png,trans_img_02_level_06.png,translation,6,0.5265256,0.3196554,1.647166,4.57879951129346,2.4420919658469984,-2.4420919658469984
img_02.png,trans_img_02_level_07.png,translation,7,0.6979405,0.3196554,2.183415,4.29985282993257,3.237135922918409,-3.237135922918409
img_02.png,trans_img_02_level_08.png,translation,8,0.7692834,0.3196554,2.406602,4.18375513469604,3.5680334642600187,-3.5680334642600187
img_02.png,trans_img_02_level_09.png,translation,9,0.9425073,0.3196554,2.94851,3.90186474757566,4.371467467285953,-4.371467467285953
img_02.png,trans_img_02_level_10.png,translation,10,1.0,0.3196554,3.128369,3.80830546604247,4.638126819704151,-4.638126819704151
img_03.png,trans_img_03_level_01.png,translation,1,0.0,0.230963,0.0,5.4356243992662,0.0,-0.0
img_03.png,trans_img_03_level_02.png,translation,2,0.1155973,0.230963,0.5005015,5.17527289755497,0.7420446342653816,-0.7420446342653816
img_03.png,trans_img_03_level_03.png,translation,3,0.2230873,0.230963,0.9659008,4.93318090252527,1.4320466689363358,-1.4320466689363358
img_03.png,trans_img_03_level_04.png,translation,4,0.2874226,0.230963,1.244453,4.78828326770306,1.845028778625952,-1.845028778625952
img_03.png,trans_img_03_level_05.png,translation,5,0.3886604,0.230963,1.682782,4.56027273547971,2.494896326461294,-2.494896326461294
img_03.png,trans_img_03_level_06.png,translation,6,0.4873995,0.230963,2.110293,4.33788952414453,3.128725083496842,-3.128725083496842
img_03.png,trans_img_03_level_07.png,translation,7,0.6085322,0.230963,2.634761,4.06507109822675,3.9063025038320385,-3.9063025038320385
img_03.png,trans_img_03_level_08.png,translation,8,0.7424294,0.230963,3.214495,3.76350433470444,4.765817418375165,-4.765817418375165
img_03.png,trans_img_03_level_09.png,translation,9,0.8354028,0.230963,3.617043,3.55410640820302,5.362635976230158,-5.362635976230158
img_03.png,trans_img_03_level_10.png,translation,10,1.0,0.230963,4.329699,3.18339611102404,6.419221342861486,-6.419221342861486
img_04.png,trans_img_04_level_01.png,translation,1,0.0,0.3403764,0.0,5.4356243992662,0.0,-0.0
img_04.png,trans_img_04_level_02.png,translation,2,0.07432761,0.3403764,0.2183688,5.3220330413844,0.3237540673324061,-0.3237540673324061
img_04.png,trans_img_04_level_03.png,translation,3,0.219606,0.3403764,0.6451855,5.10001099189916,0.956553453647646,-0.956553453647646
img_04.png,trans_img_04_level_04.png,translation,4,0.3188191,0.3403764,0.9366663,4.94838814161801,1.3887035343794336,-1.3887035343794336
img_04.png,trans_img_04_level_05.png,translation,5,0.4040042,0.3403764,1.186933,4.81820409387127,1.7597494990175095,-1.7597494990175095
img_04.png,trans_img_04_level_06.png,translation,6,0.5453842,0.3403764,1.602297,4.60213952432096,2.3755690869048705,-2.3755690869048705
img_04.png,trans_img_04_level_07.png,translation,7,0.653264,0.3403764,1.91924,4.43727171472026,2.8454694818446917,-2.8454694818446917
img_04.png,trans_img_04_level_08.png,translation,8,0.7524971,0.3403764,2.210779,4.28561858988968,3.277705850025596,-3.277705850025596
img_04.png,trans_img_04_level_09.png,translation,9,0.8084406,0.3403764,2.375137,4.20012263809282,3.52138338545474,-3.52138338545474
img_04.png,trans_img_04_level_10.png,translation,10,1.0,0.3403764,2.937924,3.90737138641114,4.355772640200852,-4.355772640200852
img_05.png,trans_img_05_level_01.png,translation,1,0.0,0.3206511,0.0,5.4356243992662,0.0,-0.0
img_05.png,trans_img_05_level_02.png,translation,2,0.1093946,0.3206511,0.3411641,5.25815722730975,0.505810651534467,-0.505810651534467
img_05.png,trans_img_05_level_03.png,translation,3,0.2400655,0.3206511,0.7486814,5.04617436406497,1.10999670459388,-1.10999670459388
img_05.png,trans_img_05_level_04.png,translation,4,0.3830284,0.3206511,1.194533,4.81425071628298,1.7710172758781524,-1.7710172758781524
img_05.png,trans_img_05_level_05.png,translation,5,0.3897273,0.3206511,1.215425,4.80338308936528,1.8019918014271712,-1.8019918014271712
img_05.png,trans_img_05_level_06.png,translation,6,0.5948178,0.3206511,1.855031,4.47067203334743,2.750273075996666,-2.750273075996666
img_05.png,trans_img_05_level_07.png,translation,7,0.6662489,0.3206511,2.0778,4.35479177387826,3.0805508896109397,-3.0805508896109397
img_05.png,trans_img_05_level_08.png,translation,8,0.7580161,0.3206511,2.363991,4.20592057843481,3.5048583011272765,-3.5048583011272765
img_05.png,trans_img_05_level_09.png,translation,9,0.9604752,0.3206511,2.99539,3.87747865003105,4.440971859289495,-4.440971859289495
img_05.png,trans_img_05_level_10.png,translation,10,1.0,0.3206511,3.118655,3.81335850681782,4.623724821753588,-4.623724821753588
img_06.png,trans_img_06_level_01.png,translation,1,0.0,0.2898348,0.0,5.4356243992662,0.0,-0.0
img_06.png,trans_img_06_level_02.png,translation,2,0.1112544,0.2898348,0.3838545,5.23595048117881,0.5691035332833586,-0.5691035332833586
img_06.png,trans_img_06_level_03.png,translation,3,0.2528186,0.2898348,0.8722849,4.98187813949468,1.2932515279089372,-1.2932515279089372
img_06.png,trans_img_06_level_04.png,translation,4,0.3337771,0.2898348,1.151611,4.83657793639411,1.7073810234554547,-1.7073810234554547
img_06.png,trans_img_06_level_05.png,translation,5,0.4268796,0.2898348,1.472837,4.6694821904499,2.1836314036971354,-2.1836314036971354
img_06.png,trans_img_06_level_06.png,translation,6,0.5175363,0.2898348,1.785625,4.50677573399122,2.6473715864190654,-2.6473715864190654
img_06.png,trans_img_06_level_07.png,translation,7,0.5588132,0.2898348,1.92804,4.43269411961803,2.858516381367541,-2.858516381367541
img_06.png,trans_img_06_level_08.png,translation,8,0.7537363,0.2898348,2.600572,4.08285557538018,3.8556138165835505,-3.8556138165835505
img_06.png,trans_img_06_level_09.png,translation,9,0.7577866,0.2898348,2.614546,4.07558656243034,3.8763316999849473,-3.8763316999849473
img_06.png,trans_img_06_level_10.png,translation,10,1.0,0.2898348,3.450241,3.64087368300327,5.115334960978987,-5.115334960978987
img_07.png,trans_img_07_level_01.png,translation,1,0.0,0.3742314,0.0,5.4356243992662,0.0,-0.0
img_07.png,trans_img_07_level_02.png,translation,2,0.1469724,0.3742314,0.3927314,5.23133288413756,0.582264444916811,-0.582264444916811
img_07.png,trans_img_07_level_03.png,translation,3,0.1895417,0.3742314,0.5064828,5.17216153737486,0.7509125229149292,-0.7509125229149292
img_07.png,trans_img_07_level_04.png,translation,4,0.3243153,0.3742314,0.866617,4.9848264748674,1.2848482867946691,-1.2848482867946691
img_07.png,trans_img_07_level_05.png,translation,5,0.4472688,0.3742314,1.195166,4.81392144154438,1.7719557630824665,-1.7719557630824665
img_07.png,trans_img_07_level_06.png,translation,6,0.5935478,0.3742314,1.586045,4.61059351018476,2.3514738356497173,-2.3514738356497173
img_07.png,trans_img_07_level_07.png,translation,7,0.6960866,0.3742314,1.860044,4.46806436468294,2.7577053609180338,-2.7577053609180338
img_07.png,trans_img_07_level_08.png,translation,8,0.8390904,0.3742314,2.24217,4.26928957990626,3.324246216266706,-3.324246216266706
img_07.png,trans_img_07_level_09.png,translation,9,0.8927076,0.3742314,2.385443,4.1947616500106,3.5366630839186586,-3.5366630839186586
img_07.png,trans_img_07_level_10.png,translation,10,1.0,0.3742314,2.672144,4.04562516212372,3.961726622566433,-3.961726622566433
img_08.png,trans_img_08_level_01.png,translation,1,0.0,0.2552722,0.0,5.4356243992662,0.0,-0.0
img_08.png,trans_img_08_level_02.png,translation,2,0.09895837,0.2552722,0.3876583,5.23397181569587,0.5747430556021103,-0.5747430556021103
img_08.png,trans_img_08_level_03.png,translation,3,0.2475096,0.2552722,0.9695911,4.93126127761552,1.437517915903287,-1.437517915903287
img_08.png,trans_img_08_level_04.png,translation,4,0.3252541,0.2552722,1.274147,4.7728370053206,1.8890531689022572,-1.8890531689022572
img_08.png,trans_img_08_level_05.png,translation,5,0.4296264,0.2552722,1.683013,4.56015257360827,2.495238807573769,-2.495238807573769
img_08.png,trans_img_08_level_06.png,translation,6,0.4970521,0.2552722,1.947146,4.42275553643357,2.886842979354309,-2.886842979354309
img_08.png,trans_img_08_level_07.png,translation,7,0.6591226,0.2552722,2.582039,4.09249609470173,3.828136749667986,-3.828136749667986
img_08.png,trans_img_08_level_08.png,translation,8,0.7717342,0.2552722,3.023182,3.86302177240819,4.482176340146203,-4.482176340146203
img_08.png,trans_img_08_level_09.png,translation,9,0.8319225,0.2552722,3.258963,3.74037291436286,4.831745773827672,-4.831745773827672
img_08.png,trans_img_08_level_10.png,translation,10,1.0,0.2552722,3.917388,3.39787256718264,5.807928139547223,-5.807928139547223
img_09.png,trans_img_09_level_01.png,translation,1,0.0,0.2369632,0.0,5.4356243992662,0.0,-0.0
img_09.png,trans_img_09_level_02.png,translation,2,0.1466932,0.2369632,0.6190546,5.11360379642835,0.917811723336098,-0.917811723336098
img_09.png,trans_img_09_level_03.png,translation,3,0.1639532,0.2369632,0.691893,5.07571462562218,1.0258020967684964,-1.0258020967684964
img_09.png,trans_img_09_level_04.png,translation,4,0.3126528,0.2369632,1.319415,4.74928943996972,1.9561676061295687,-1.9561676061295687
img_09.png,trans_img_09_level_05.png,translation,5,0.4367104,0.2369632,1.842946,4.47695842389407,2.732355828186025,-2.732355828186025
img_09.png,trans_img_09_level_06.png,translation,6,0.5880008,0.2369632,2.481401,4.14484609650835,3.678930627602019,-3.678930627602019
img_09.png,trans_img_09_level_07.png,translation,7,0.6381787,0.2369632,2.693155,4.03469563363589,3.9928775777794545,-3.9928775777794545
img_09.png,trans_img_09_level_08.png,translation,8,0.814157,0.2369632,3.435795,3.64838822150859,5.093917289330455,-5.093917289330455
img_09.png,trans_img_09_level_09.png,translation,9,0.9067451,0.2369632,3.826522,3.44513935770073,5.6732100063604936,-5.6732100063604936
img_09.png,trans_img_09_level_10.png,translation,10,1.0,0.2369632,4.220064,3.24042618364143,6.256676248635625,-6.256676248635625
img_10.png,trans_img_10_level_01.png,translation,1,0.0,0.3464161,0.0,5.4356243992662,0.0,-0.0
img_10.png,trans_img_10_level_02.png,translation,2,0.1615445,0.3464161,0.4663307,5.19304790740943,0.6913829303772703,-0.6913829303772703
img_10.png,trans_img_10_level_03.png,translation,3,0.1777447,0.3464161,0.513096,5.16872147465553,0.7607172679063503,-0.7607172679063503
img_10.png,trans_img_10_level_04.png,translation,4,0.3124467,0.3464161,0.9019405,4.96645185207267,1.337218986260052,-1.337218986260052
img_10.png,trans_img_10_level_05.png,translation,5,0.5267189,0.3464161,1.52048,4.64469919460268,2.2542670211933977,-2.2542670211933977
img_10.png,trans_img_10_level_06.png,translation,6,0.5988983,0.3464161,1.728841,4.53631370675089,2.5631835020434437,-2.5631835020434437
img_10.png,trans_img_10_level_07.png,translation,7,0.6533263,0.3464161,1.885958,4.4545843874694,2.796125514808388,-2.796125514808388
img_10.png,trans_img_10_level_08.png,translation,8,0.8156946,0.3464161,2.354667,4.21077074851812,3.49103451804193,-3.49103451804193
img_10.png,trans_img_10_level_09.png,translation,9,0.8885268,0.3464161,2.564912,4.10140523916944,3.8027442214716407,-3.8027442214716407
img_10.png,trans_img_10_level_10.png,translation,10,1.0,0.3464161,2.886702,3.93401611099369,4.279830789364558,-4.279830789364558
img_11.png,trans_img_11_level_01.png,translation,1,0.0,0.2966235,0.0,5.4356243992662,0.0,-0.0
img_11.png,trans_img_11_level_02.png,translation,2,0.1329762,0.2966235,0.4482996,5.20242734775577,0.664649981515174,-0.664649981515174
img_11.png,trans_img_11_level_03.png,translation,3,0.2195632,0.2966235,0.7402084,5.05058185989465,1.097434615996482,-1.097434615996482
img_11.png,trans_img_11_level_04.png,translation,4,0.3577562,0.2966235,1.206095,4.80823638053616,1.788159122728514,-1.788159122728514
img_11.png,trans_img_11_level_05.png,translation,5,0.514303,0.2966235,1.733858,4.53370395736135,2.570621717373686,-2.570621717373686
img_11.png,trans_img_11_level_06.png,translation,6,0.5459669,0.2966235,1.840605,4.47817616822752,2.7288850563925036,-2.7288850563925036
img_11.png,trans_img_11_level_07.png,translation,7,0.6928231,0.2966235,2.335698,4.22063806686974,3.462911036559097,-3.462911036559097
img_11.png,trans_img_11_level_08.png,translation,8,0.8264293,0.2966235,2.786122,3.98633594228713,4.130710658227265,-4.130710658227265
img_11.png,trans_img_11_level_09.png,translation,9,0.9191848,0.2966235,3.098826,3.82367318105443,4.59432630236284,-4.59432630236284
img_11.png,trans_img_11_level_10.png,translation,10,1.0,0.2966235,3.371277,3.6819492761456,4.99826275939691,-4.99826275939691
img_12.png,trans_img_12_level_01.png,translation,1,0.0,0.2689603,0.0,5.4356243992662,0.0,-0.0
img_12.png,trans_img_12_level_02.png,translation,2,0.223711,0.2689603,0.8317621,5.00295734072294,1.2331723347288783,-1.2331723347288783
img_12.png,trans_img_12_level_03.png,translation,3,0.249685,0.2689603,0.9283338,4.95272255198043,1.3763497513937355,-1.3763497513937355
img_12.png,trans_img_12_level_04.png,translation,4,0.4499809,0.2689603,1.673038,4.5653413816929,2.480449850444175,-2.480449850444175
img_12.png,trans_img_12_level_05.png,translation,5,0.4821926,0.2689603,1.792802,4.5030423930766,2.6580122225412803,-2.6580122225412803
img_12.png,trans_img_12_level_06.png,translation,6,0.6429025,0.2689603,2.390325,4.19222212509138,3.5439011479494025,-3.5439011479494025
img_12.png,trans_img_12_level_07.png,translation,7,0.7285426,0.2689603,2.708736,4.02659068939863,4.015978002945991,-4.015978002945991
img_12.png,trans_img_12_level_08.png,translation,8,0.7885618,0.2689603,2.931889,3.910510680325,4.34682513581217,-4.34682513581217
img_12.png,trans_img_12_level_09.png,translation,9,0.9713317,0.2689603,3.611431,3.55702566544321,5.354315612579905,-5.354315612579905
img_12.png,trans_img_12_level_10.png,translation,10,1.0,0.2689603,3.71802,3.50158006494871,5.512344700448199,-5.512344700448199
img_13.png,trans_img_13_level_01.png,translation,1,0.0,0.4073601,0.0,5.4356243992662,0.0,-0.0
img_13.png,trans_img_13_level_02.png,translation,2,0.1251812,0.4073601,0.3072987,5.27577337380692,0.4556017343638874,-0.4556017343638874
img_13.png,trans_img_13_level_03.png,translation,3,0.2595342,0.4073601,0.6371124,5.10421046724232,0.9445842576774284,-0.9445842576774284
img_13.png,trans_img_13_level_04.png,translation,4,0.2787133,0.4073601,0.684194,5.07971950115537,1.0143875422882218,-1.0143875422882218
img_13.png,trans_img_13_level_05.png,translation,5,0.3921241,0.4073601,0.962598,4.93489895719613,1.4271499303290551,-1.4271499303290551
img_13.png,trans_img_13_level_06.png,translation,6,0.6096227,0.4073601,1.49652,4.65716273763103,2.2187438720380035,-2.2187438720380035
img_13.png,trans_img_13_level_07.png,translation,7,0.7384959,0.4073601,1.812882,4.49259715334333,2.687782875088873,-2.687782875088873
img_13.png,trans_img_13_level_08.png,translation,8,0.7902687,0.4073601,1.939976,4.42648523607937,2.8762127214476236,-2.8762127214476236
img_13.png,trans_img_13_level_09.png,translation,9,0.8970003,0.4073601,2.201983,4.29019410426686,3.2646648809116208,-3.2646648809116208
img_13.png,trans_img_13_level_10.png,translation,10,1.0,0.4073601,2.45483,4.15866783281077,3.6395364040541063,-3.6395364040541063
img_14.png,trans_img_14_level_01.png,translation,1,0.0,0.3031756,0.0,5.4356243992662,0.0,-0.0
img_14.png,trans_img_14_level_02.png,translation,2,0.1172852,0.3031756,0.3868558,5.23438926115832,0.5735532673217595,-0.5735532673217595
img_14.png,trans_img_14_level_03.png,translation,3,0.2186131,0.3031756,0.7210776,5.06053334357439,1.069071249474695,-1.069071249474695
img_14.png,trans_img_14_level_04.png,translation,4,0.2889778,0.3031756,0.9531699,4.93980327814879,1.413171808352763,-1.413171808352763
img_14.png,trans_img_14_level_05.png,translation,5,0.4368457,0.3031756,1.4409,4.68609521940217,2.136281536644722,-2.136281536644722
img_14.png,trans_img_14_level_06.png,translation,6,0.5710959,0.3031756,1.883714,4.45575167422047,2.792798555430062,-2.792798555430062
img_14.png,trans_img_14_level_07.png,translation,7,0.7000574,0.3031756,2.309083,4.23448269114768,3.4234515785135713,-3.4234515785135713
img_14.png,trans_img_14_level_08.png,translation,8,0.7727585,0.3031756,2.548881,4.10974426497443,3.7789766253067776,-3.7789766253067776
img_14.png,trans_img_14_level_09.png,translation,9,0.8805462,0.3031756,2.90441,3.92480474121297,4.306084709449856,-4.306084709449856
img_14.png,trans_img_14_level_10.png,translation,10,1.0,0.3031756,3.298419,3.71984864250449,4.890243326961029,-4.890243326961029
img_15.png,trans_img_15_level_01.png,translation,1,0.0,0.3559839,0.0,5.4356243992662,0.0,-0.0
img_15.png,trans_img_15_level_02.png,translation,2,0.1078788,0.3559839,0.3030441,5.27798653700259,0.4492938549650334,-0.4492938549650334
img_15.png,trans_img_15_level_03.png,translation,3,0.2135726,0.3559839,0.5999502,5.12354154732279,0.8894874975128796,-0.8894874975128796
img_15.png,trans_img_15_level_04.png,translation,4,0.3991019,0.3559839,1.121124,4.85243670251703,1.6621809296198744,-1.6621809296198744
img_15.png,trans_img_15_level_05.png,translation,5,0.4529201,0.3559839,1.272305,4.7737951792045,1.88632221561577,-1.88632221561577
img_15.png,trans_img_15_level_06.png,translation,6,0.5089372,0.3559839,1.429664,4.6919399760577,2.119623018117593,-2.119623018117593
img_15.png,trans_img_15_level_07.png,translation,7,0.6635042,0.3559839,1.86386,4.46607935298861,2.7633629709838514,-2.7633629709838514
img_15.png,trans_img_15_level_08.png,translation,8,0.7838174,0.3559839,2.201834,4.29027161127485,3.2644439731810633,-3.2644439731810633
img_15.png,trans_img_15_level_09.png,translation,9,0.8280941,0.3559839,2.326213,4.22557198613618,3.448848554516572,-3.448848554516572
img_15.png,trans_img_15_level_10.png,translation,10,1.0,0.3559839,2.809116,3.97437489435751,4.1648016136395825,-4.1648016136395825
img_16.png,trans_img_16_level_01.png,translation,1,0.0,0.2383492,0.0,5.4356243992662,0.0,-0.0
img_16.png,trans_img_16_level_02.png,translation,2,0.1396535,0.2383492,0.5859197,5.13083995051391,0.8686858470861368,-0.8686858470861368
img_16.png,trans_img_16_level_03.png,translation,3,0.2015417,0.2383492,0.8455732,4.99577306530062,1.2536487022288811,-1.2536487022288811
img_16.png,trans_img_16_level_04.png,translation,4,0.3585909,0.2383492,1.504477,4.65302365533234,2.2305409378906527,-2.2305409378906527
img_16.png,trans_img_16_level_05.png,translation,5,0.4386888,0.2383492,1.84053,4.47821518182214,2.7287738612261156,-2.7287738612261156
img_16.png,trans_img_16_level_06.png,translation,6,0.5859386,0.2383492,2.45832,4.15685240020773,3.6447106857966913,-3.6447106857966913
img_16.png,trans_img_16_level_07.png,translation,7,0.6263471,0.2383492,2.627854,4.06866399020074,3.89606217030882,-3.89606217030882
img_16.png,trans_img_16_level_08.png,translation,8,0.7849753,0.2383492,3.293383,3.722468275338,4.8827769421886345,-4.8827769421886345
img_16.png,trans_img_16_level_09.png,translation,9,0.8664578,0.2383492,3.635244,3.54463858906032,5.389620819209179,-5.389620819209179
img_16.png,trans_img_16_level_10.png,translation,10,1.0,0.2383492,4.195524,3.25319143180151,6.220293190193497,-6.220293190193497
img_17.png,trans_img_17_level_01.png,translation,1,0.0,0.3932853,0.0,5.4356243992662,0.0,-0.0
img_17.png,trans_img_17_level_02.png,translation,2,0.08103256,0.3932853,0.2060402,5.32844614808637,0.3054756576213379,-0.3054756576213379
img_17.png,trans_img_17_level_03.png,translation,3,0.2515013,0.3932853,0.6394883,5.10297456858285,0.948106772288376,-0.948106772288376
img_17.png,trans_img_17_level_04.png,translation,4,0.3200898,0.3932853,0.8138869,5.0122556848106,1.206670523552647,-1.206670523552647
img_17.png,trans_img_17_level_05.png,translation,5,0.3867472,0.3932853,0.9833758,4.92409073497851,1.457955142704721,-1.457955142704721
img_17.png,trans_img_17_level_06.png,translation,6,0.4731582,0.3932853,1.203092,4.8097984848648,1.7837068682663415,-1.7837068682663415
img_17.png,trans_img_17_level_07.png,translation,7,0.6371135,0.3932853,1.619978,4.59294219943431,2.401782976730268,-2.401782976730268
img_17.png,trans_img_17_level_08.png,translation,8,0.7554449,0.3932853,1.920857,4.43643058162022,2.847866849632015,-2.847866849632015
img_17.png,trans_img_17_level_09.png,translation,9,0.8985878,0.3932853,2.284824,4.24710176837324,3.3874851312948433,-3.3874851312948433
img_17.png,trans_img_17_level_10.png,translation,10,1.0,0.3932853,2.542684,4.11296782825267,3.769788939358698,-3.769788939358698
img_18.png,trans_img_18_level_01.png,translation,1,0.0,0.2507264,0.0,5.4356243992662,0.0,-0.0
img_18.png,trans_img_18_level_02.png,translation,2,0.08834369,0.2507264,0.3523509,5.25233806357229,0.5223962260324455,-0.5223962260324455
img_18.png,trans_img_18_level_03.png,translation,3,0.1996118,0.2507264,0.7961338,5.02149051476621,1.1803497381072952,-1.1803497381072952
img_18.png,trans_img_18_level_04.png,translation,4,0.2835389,0.2507264,1.13087,4.84736701594131,1.67663037084143,-1.67663037084143
img_18.png,trans_img_18_level_05.png,translation,5,0.3846631,0.2507264,1.534194,4.63756542878086,2.2745994280179835,-2.2745994280179835
img_18.png,trans_img_18_level_06.png,translation,6,0.519913,0.2507264,2.073627,4.35696249028299,3.074363990553116,-3.074363990553116
img_18.png,trans_img_18_level_07.png,translation,7,0.698535,0.2507264,2.786044,3.98637651642554,4.1305950152542215,-4.1305950152542215
img_18.png,trans_img_18_level_08.png,translation,8,0.7292839,0.2507264,2.908684,3.92258148650082,4.312421351331748,-4.312421351331748
img_18.png,trans_img_18_level_09.png,translation,9,0.9078057,0.2507264,3.620702,3.55220306496676,5.36806081774767,-5.36806081774767
img_18.png,trans_img_18_level_10.png,translation,10,1.0,0.2507264,3.988411,3.36092773343881,5.9132269969121465,-5.9132269969121465
img_19.png,trans_img_19_level_01.png,translation,1,0.0,0.3055258,0.0,5.4356243992662,0.0,-0.0
img_19.png,trans_img_19_level_02.png,translation,2,0.08314123,0.3055258,0.2721251,5.29407002143053,0.4034532769710588,-0.4034532769710588
img_19.png,trans_img_19_level_03.png,translation,3,0.2472158,0.3055258,0.8091488,5.01472035564626,1.1996458059811457,-1.1996458059811457
img_19.png,trans_img_19_level_04.png,translation,4,0.370997,0.3055258,1.21429,4.80397349509721,1.8003090479091677,-1.8003090479091677
img_19.png,trans_img_19_level_05.png,translation,5,0.4378868,0.3055258,1.433224,4.69008813076634,2.124901082015473,-2.124901082015473
img_19.png,trans_img_19_level_06.png,translation,6,0.5934606,0.3055258,1.942424,4.42521183235093,2.8798421316785254,-2.8798421316785254
img_19.png,trans_img_19_level_07.png,translation,7,0.6545452,0.3055258,2.142357,4.32121043217204,3.176263241031006,-3.176263241031006
img_19.png,trans_img_19_level_08.png,translation,8,0.7392608,0.3055258,2.419635,4.17697561231339,3.587356218973802,-3.587356218973802
img_19.png,trans_img_19_level_09.png,translation,9,0.917435,0.3055258,3.002807,3.87362046561364,4.451968319944151,-4.451968319944151
img_19.png,trans_img_19_level_10.png,translation,10,1.0,0.3055258,3.273046,3.7330472016555,4.852625260870886,-4.852625260870886
img_20.png,trans_img_20_level_01.png,translation,1,0.0,0.2746125,0.0,5.4356243992662,0.0,-0.0
img_20.png,trans_img_20_level_02.png,translation,2,0.1365731,0.2746125,0.4973303,5.17692249637181,0.7373430061100565,-0.7373430061100565
img_20.png,trans_img_20_level_03.png,translation,3,0.2119908,0.2746125,0.7719635,5.03406345191387,1.1445147977053494,-1.1445147977053494
img_20.png,trans_img_20_level_04.png,translation,4,0.3682702,0.2746125,1.341054,4.73803323764959,1.9882496355358117,-1.9882496355358117
img_20.png,trans_img_20_level_05.png,translation,5,0.5368614,0.2746125,1.954978,4.41868147679259,2.898454719929645,-2.898454719929645
img_20.png,trans_img_20_level_06.png,translation,6,0.6245868,0.2746125,2.27443,4.25250853240649,3.3720749638356966,-3.3720749638356966
img_20.png,trans_img_20_level_07.png,translation,7,0.7057794,0.2746125,2.570092,4.09871070023427,3.810424100963499,-3.810424100963499
img_20.png,trans_img_20_level_08.png,translation,8,0.8243342,0.2746125,3.001809,3.87413960651273,4.450488682930083,-4.450488682930083
img_20.png,trans_img_20_level_09.png,translation,9,0.9162268,0.2746125,3.336435,3.70007343166286,4.946605932899738,-4.946605932899738
img_20.png,trans_img_20_level_10.png,translation,10,1.0,0.2746125,3.641495,3.54138693599396,5.398888565677057,-5.398888565677057
img_21.png,trans_img_21_level_01.png,translation,1,0.0,0.2426695,0.0,5.4356243992662,0.0,-0.0
img_21.png,trans_img_21_level_02.png,translation,2,0.1544013,0.2426695,0.6362616,5.10465303745971,0.943322859709924,-0.943322859709924
img_21.png,trans_img_21_level_03.png,translation,3,0.189725,0.2426695,0.7818246,5.02893389247494,1.1591348864422548,-1.1591348864422548
img_21.png,trans_img_21_level_04.png,translation,4,0.4046458,0.2426695,1.667477,4.56823410968876,2.472205099507066,-2.472205099507066
img_21.png,trans_img_21_level_05.png,translation,5,0.4927186,0.2426695,2.03041,4.37944316386629,3.010290370475959,-3.010290370475959
img_21.png,trans_img_21_level_06.png,translation,6,0.5303752,0.2426695,2.185586,4.2987235164136,3.2403546523347844,-3.2403546523347844
img_21.png,trans_img_21_level_07.png,translation,7,0.6535608,0.2426695,2.693213,4.03466546312271,3.992963568708128,-3.992963568708128
img_21.png,trans_img_21_level_08.png,translation,8,0.7517622,0.2426695,3.097884,3.82416319180287,4.592929691073008,-4.592929691073008
img_21.png,trans_img_21_level_09.png,translation,9,0.9258228,0.2426695,3.815159,3.45105017737649,5.656363197351614,-5.656363197351614
img_21.png,trans_img_21_level_10.png,translation,10,1.0,0.2426695,4.120831,3.29204533077548,6.109553182686658,-6.109553182686658
img_22.png,trans_img_22_level_01.png,translation,1,0.0,0.2594991,0.0,5.4356243992662,0.0,-0.0
img_22.png,trans_img_22_level_02.png,translation,2,0.09391037,0.2594991,0.361891,5.24737548231834,0.5365403994572108,-0.5365403994572108
img_22.png,trans_img_22_level_03.png,translation,3,0.1870037,0.2594991,0.7206332,5.06076451212706,1.068412381048791,-1.068412381048791
img_22.png,trans_img_22_level_04.png,translation,4,0.3420376,0.2594991,1.318069,4.74998960394785,1.95417202354346,-1.95417202354346
img_22.png,trans_img_22_level_05.png,translation,5,0.4829934,0.2594991,1.861253,4.46743546553765,2.759497827000207,-2.759497827000207
img_22.png,trans_img_22_level_06.png,translation,6,0.5093886,0.2594991,1.962969,4.41452470833101,2.910302194257723,-2.910302194257723
img_22.png,trans_img_22_level_07.png,translation,7,0.6799588,0.2594991,2.620274,4.0726069641638,3.884824045492548,-3.884824045492548
img_22.png,trans_img_22_level_08.png,translation,8,0.7673629,0.2594991,2.957093,3.8974000318072,4.384192642127386,-4.384192642127386
img_22.png,trans_img_22_level_09.png,translation,9,0.8595964,0.2594991,3.312522,3.71251252617191,4.911152466048613,-4.911152466048613
img_22.png,trans_img_22_level_10.png,translation,10,1.0,0.2594991,3.853578,3.43106533348642,5.713323291984381,-5.713323291984381
img_23.png,trans_img_23_level_01.png,translation,1,0.0,0.1787698,0.0,5.4356243992662,0.0,-0.0
img_23.png,trans_img_23_level_02.png,translation,2,0.06420513,0.1787698,0.3591498,5.24880140319268,0.5324762902558433,-0.5324762902558433
img_23.png,trans_img_23_level_03.png,translation,3,0.2003439,0.1787698,1.120681,4.85266714281592,1.6615241368370766,-1.6615241368370766
img_23.png,trans_img_23_level_04.png,translation,4,0.2665582,0.1787698,1.49107,4.65999772550684,2.2106636899471477,-2.2106636899471477
img_23.png,trans_img_23_level_05.png,translation,5,0.3939479,0.1787698,2.20366,4.28932176029113,3.267151204832055,-3.267151204832055
img_23.png,trans_img_23_level_06.png,translation,6,0.4819709,0.1787698,2.696042,4.0331938703336,3.99715785038428,-3.99715785038428
img_23.png,trans_img_23_level_07.png,translation,7,0.612146,0.1787698,3.424214,3.65441244069937,5.076747273037942,-5.076747273037942
img_23.png,trans_img_23_level_08.png,translation,8,0.7473424,0.1787698,4.180474,3.26102015978885,6.197980026804988,-6.197980026804988
img_23.png,trans_img_23_level_09.png,translation,9,0.8596103,0.1787698,4.808476,2.93434528713081,7.129057185230942,-7.129057185230942
img_23.png,trans_img_23_level_10.png,translation,10,1.0,0.1787698,5.593787,2.52584122038905,8.293361016047795,-8.293361016047795
img_24.png,trans_img_24_level_01.png,translation,1,0.0,0.2438493,0.0,5.4356243992662,0.0,-0.0
img_24.png,trans_img_24_level_02.png,translation,2,0.1512174,0.2438493,0.6201264,5.11304626615215,0.9194007763938924,-0.9194007763938924
img_24.png,trans_img_24_level_03.png,translation,3,0.260997,0.2438493,1.070321,4.87886347115096,1.5868602891131345,-1.5868602891131345
img_24.png,trans_img_24_level_04.png,translation,4,0.2762349,0.2438493,1.13281,4.84635786429377,1.6795066191453312,-1.6795066191453312
img_24.png,trans_img_24_level_05.png,translation,5,0.4218261,0.2438493,1.729864,4.53578156132025,2.5647002041129747,-2.5647002041129747
img_24.png,trans_img_24_level_06.png,translation,6,0.5294815,0.2438493,2.171347,4.30613037739777,3.219243879345483,-3.219243879345483
img_24.png,trans_img_24_level_07.png,translation,7,0.6214526,0.2438493,2.548511,4.10993673204123,3.77842806248593,-3.77842806248593
img_24.png,trans_img_24_level_08.png,translation,8,0.7421945,0.2438493,3.043661,3.85236898035153,4.512538550978979,-4.512538550978979
img_24.png,trans_img_24_level_09.png,translation,9,0.8890386,0.2438493,3.645853,3.53911998605583,5.405349746145304,-5.405349746145304
img_24.png,trans_img_24_level_10.png,translation,10,1.0,0.2438493,4.100893,3.3024167047696,6.079993059654094,-6.079993059654094
img_01.png,scale_img_01_level_01.png,scaling,1,0.0,0.2977859,0.0,5.4356243992662,0.0,-0.0
img_01.png,scale_img_01_level_02.png,scaling,2,0.08628307,0.2977859,0.2897486,5.28490260696642,0.4295819171688922,-0.4295819171688922
img_01.png,scale_img_01_level_03.png,scaling,3,0.1811861,0.2977859,0.608444,5.11912323172287,0.9020804242364224,-0.9020804242364224
img_01.png,scale_img_01_level_04.png,scaling,4,0.3214594,0.2977859,1.079498,4.8740897677131,1.6004661296723603,-1.6004661296723603
img_01.png,scale_img_01_level_05.png,scaling,5,0.3852659,0.2977859,1.293768,4.76263052878641,1.9181433070315557,-1.9181433070315557
img_01.png,scale_img_01_level_06.png,scaling,6,0.4487302,0.2977859,1.506889,4.65176897812932,2.234116974441688,-2.234116974441688
img_01.png,scale_img_01_level_07.png,scaling,7,0.5613555,0.2977859,1.885098,4.45503174335439,2.794850476900473,-2.794850476900473
img_01.png,scale_img_01_level_08.png,scaling,8,0.7441425,0.2977859,2.498918,4.1357340813486,3.704901370663582,-3.704901370663582
img_01.png,scale_img_01_level_09.png,scaling,9,0.8638141,0.2977859,2.900789,3.92668831756129,4.300716206816647,-4.300716206816647
img_01.png,scale_img_01_level_10.png,scaling,10,1.0,0.2977859,3.358117,3.68879486154848,4.978751714201376,-4.978751714201376
img_02.png,scale_img_02_level_01.png,scaling,1,0.0,0.3046404,0.0,5.4356243992662,0.0,-0.0
img_02.png,scale_img_02_level_02.png,scaling,2,0.07887369,0.3046404,0.2589075,5.30094556927408,0.3838568338877391,-0.3838568338877391
img_02.png,scale_img_02_level_03.png,scaling,3,0.2348454,0.3046404,0.7708938,5.03461988980943,1.1429288581122137,-1.1429288581122137
img_02.png,scale_img_02_level_04.png,scaling,4,0.2950063,0.3046404,0.9683757,4.93189350592089,1.4357159611669152,-1.4357159611669152
img_02.png,scale_img_02_level_05.png,scaling,5,0.3877075,0.3046404,1.272673,4.77360375250022,1.88686781323218,-1.88686781323218
img_02.png,scale_img_02_level_06.png,scaling,6,0.4834857,0.3046404,1.58707,4.6100603243916,2.3529935029236855,-2.3529935029236855
img_02.png,scale_img_02_level_07.png,scaling,7,0.6228248,0.3046404,2.044459,4.37213513732183,3.0311194490437443,-3.0311194490437443
img_02.png,scale_img_02_level_08.png,scaling,8,0.7394395,0.3046404,2.427254,4.17301235128113,3.5986521652765964,-3.5986521652765964
img_02.png,scale_img_02_level_09.png,scaling,9,0.8658143,0.3046404,2.842087,3.95722399798073,4.213684491385931,-4.213684491385931
img_02.png,scale_img_02_level_10.png,scaling,10,1.0,0.3046404,3.282559,3.72809871731374,4.86672925577553,-4.86672925577553
img_03.png,scale_img_03_level_01.png,scaling,1,0.0,0.3141037,0.0,5.4356243992662,0.0,-0.0
img_03.png,scale_img_03_level_02.png,scaling,2,0.1079577,0.3141037,0.3437009,5.25683763148528,0.509571716842372,-0.509571716842372
img_03.png,scale_img_03_level_03.png,scaling,3,0.2775012,0.3141037,0.88347,4.97605986006537,1.309834581983144,-1.309834581983144
img_03.png,scale_img_03_level_04.png,scaling,4,0.2925807,0.3141037,0.931478,4.95108699805766,1.3810113492891611,-1.3810113492891611
img_03.png,scale_img_03_level_05.png,scaling,5,0.4361002,0.3141037,1.388396,4.71340681636211,2.0584389897643036,-2.0584389897643036
img_03.png,scale_img_03_level_06.png,scaling,6,0.5108799,0.3141037,1.626469,4.58956570286515,2.411406547730588,-2.411406547730588
img_03.png,scale_img_03_level_07.png,scaling,7,0.6086494,0.3141037,1.937734,4.42765148246791,2.8728887272737342,-2.8728887272737342
img_03.png,scale_img_03_level_08.png,scaling,8,0.792216,0.3141037,2.522148,4.12365027064124,3.739342220199467,-3.739342220199467
img_03.png,scale_img_03_level_09.png,scaling,9,0.894696,0.3141037,2.84841,3.95393489186353,4.223058985213542,-4.223058985213542
img_03.png,scale_img_03_level_10.png,scaling,10,1.0,0.3141037,3.183662,3.77954308354388,4.720104344171982,-4.720104344171982
img_04.png,scale_img_04_level_01.png,scaling,1,0.0,0.3660077,0.0,5.4356243992662,0.0,-0.0
img_04.png,scale_img_04_level_02.png,scaling,2,0.08694815,0.3660077,0.2375582,5.31205107508272,0.3522043143441974,-0.3522043143441974
img_04.png,scale_img_04_level_03.png,scaling,3,0.1716214,0.3660077,0.468901,5.1917108855127,0.6951936628594952,-0.6951936628594952
img_04.png,scale_img_04_level_04.png,scaling,4,0.2089459,0.3660077,0.5708784,5.13866415292427,0.8463855823369284,-0.8463855823369284
img_04.png,scale_img_04_level_05.png,scaling,5,0.3468687,0.3660077,0.9477086,4.94264414407286,1.405074872856838,-1.405074872856838
img_04.png,scale_img_04_level_06.png,scaling,6,0.4948753,0.3660077,1.35209,4.73229251724638,2.004611633619239,-2.004611633619239
img_04.png,scale_img_04_level_07.png,scaling,7,0.5668475,0.3660077,1.548731,4.63000355378074,2.2961520164683997,-2.2961520164683997
img_04.png,scale_img_04_level_08.png,scaling,8,0.7163343,0.3660077,1.957156,4.41754852200479,2.9016838275615497,-2.9016838275615497
img_04.png,scale_img_04_level_09.png,scaling,9,0.9536013,0.3660077,2.605413,4.08033737789269,3.862791093923336,-3.862791093923336
img_04.png,scale_img_04_level_10.png,scaling,10,1.0,0.3660077,2.732183,4.01439399935749,4.050740577163291,-4.050740577163291
img_05.png,scale_img_05_level_01.png,scaling,1,0.0,0.3853223,0.0,5.4356243992662,0.0,-0.0
img_05.png,scale_img_05_level_02.png,scaling,2,0.170752,0.3853223,0.4431407,5.20511091086633,0.6570013849301254,-0.6570013849301254
img_05.png,scale_img_05_level_03.png,scaling,3,0.2206687,0.3853223,0.572686,5.13772387327577,0.8490655341070992,-0.8490655341070992
img_05.png,scale_img_05_level_04.png,scaling,4,0.3068442,0.3853223,0.7963314,5.02138772694892,1.180642700305672,-1.180642700305672
img_05.png,scale_img_05_level_05.png,scaling,5,0.4343503,0.3853223,1.127239,4.84925579410224,1.6712470421860364,-1.6712470421860364
img_05.png,scale_img_05_level_06.png,scaling,6,0.4704667,0.3853223,1.220969,4.80049920445087,1.8102113481265665,-1.8102113481265665
img_05.png,scale_img_05_level_07.png,scaling,7,0.606143,0.3853223,1.573081,4.61733714006036,2.3322533804890107,-2.3322533804890107
img_05.png,scale_img_05_level_08.png,scaling,8,0.7376672,0.3853223,1.914416,4.4397810691263,2.83831740874262,-2.83831740874262
img_05.png,scale_img_05_level_09.png,scaling,9,0.7798425,0.3853223,2.023871,4.382844629136,3.0005956345691516,-3.0005956345691516
img_05.png,scale_img_05_level_10.png,scaling,10,1.0,0.3853223,2.59523,4.08563438367974,3.847693755532293,-3.847693755532293
img_06.png,scale_img_06_level_01.png,scaling,1,0.0,0.3799679,0.0,5.4356243992662,0.0,-0.0
img_06.png,scale_img_06_level_02.png,scaling,2,0.08919139,0.3799679,0.234734,5.31352017100178,0.348017149158694,-0.348017149158694
img_06.png,scale_img_06_level_03.png,scaling,3,0.1368197,0.3799679,0.3600823,5.24831633416623,0.5338588168245998,-0.5338588168245998
img_06.png,scale_img_06_level_04.png,scaling,4,0.2321979,0.3799679,0.6110987,5.11774230652765,0.9060162883458892,-0.9060162883458892
img_06.png,scale_img_06_level_05.png,scaling,5,0.3981864,0.3799679,1.047947,4.89050200669838,1.55368854707629,-1.55368854707629
img_06.png,scale_img_06_level_06.png,scaling,6,0.5332935,0.3799679,1.403522,4.70553855459889,2.0808648309214193,-2.0808648309214193
img_06.png,scale_img_06_level_07.png,scaling,7,0.5894518,0.3799679,1.55132,4.62865680449441,2.2999904736121106,-2.2999904736121106
img_06.png,scale_img_06_level_08.png,scaling,8,0.7502492,0.3799679,1.974507,4.40852285693447,2.927408458654841,-2.927408458654841
img_06.png,scale_img_06_level_09.png,scaling,9,0.8668793,0.3799679,2.281454,4.24885477922489,3.38248876181848,-3.38248876181848
img_06.png,scale_img_06_level_10.png,scaling,10,1.0,0.3799679,2.631801,4.06661083476114,3.9019140012652618,-3.9019140012652618
img_07.png,scale_img_07_level_01.png,scaling,1,0.0,0.3702988,0.0,5.4356243992662,0.0,-0.0
img_07.png,scale_img_07_level_02.png,scaling,2,0.06361179,0.3702988,0.171785,5.34626506123931,0.2546888221059848,-0.2546888221059848
img_07.png,scale_img_07_level_03.png,scaling,3,0.2061165,0.3702988,0.5566221,5.14608001304426,0.825249160329247,-0.825249160329247
img_07.png,scale_img_07_level_04.png,scaling,4,0.3298283,0.3702988,0.8907085,4.97229452800315,1.320566398141797,-1.320566398141797
img_07.png,scale_img_07_level_05.png,scaling,5,0.4356726,0.3702988,1.176543,4.82360877717947,1.7443452619672362,-1.7443452619672362
img_07.png,scale_img_07_level_06.png,scaling,6,0.5264443,0.3702988,1.421674,4.69609622433802,2.1077770263917333,-2.1077770263917333
img_07.png,scale_img_07_level_07.png,scaling,7,0.6202965,0.3702988,1.675124,4.56425628358117,2.483542558671978,-2.483542558671978
img_07.png,scale_img_07_level_08.png,scaling,8,0.7217968,0.3702988,1.949228,4.42167251904689,2.8899297571732374,-2.8899297571732374
img_07.png,scale_img_07_level_09.png,scaling,9,0.8356056,0.3702988,2.256571,4.26179844955771,3.3455971708154046,-3.3455971708154046
img_07.png,scale_img_07_level_10.png,scaling,10,1.0,0.3702988,2.700522,4.03086345828155,4.0037999083231846,-4.0037999083231846
img_08.png,scale_img_08_level_01.png,scaling,1,0.0,0.3613217,0.0,5.4356243992662,0.0,-0.0
img_08.png,scale_img_08_level_02.png,scaling,2,0.06715339,0.3613217,0.1858548,5.33894621492461,0.2755487387999149,-0.2755487387999149
img_08.png,scale_img_08_level_03.png,scaling,3,0.1600702,0.3613217,0.443013,5.20517733801344,0.6568120566268222,-0.6568120566268222
img_08.png,scale_img_08_level_04.png,scaling,4,0.2223001,0.3613217,0.6152414,5.11558735161515,0.9121582645564924,-0.9121582645564924
img_08.png,scale_img_08_level_05.png,scaling,5,0.3753297,0.3613217,1.038769,4.8952762303175,1.5400812239148458,-1.5400812239148458
img_08.png,scale_img_08_level_06.png,scaling,6,0.5379325,0.3613217,1.488791,4.66118321860206,2.2072848394911735,-2.2072848394911735
img_08.png,scale_img_08_level_07.png,scaling,7,0.6652334,0.3613217,1.841111,4.47791295650914,2.729635253115067,-2.729635253115067
img_08.png,scale_img_08_level_08.png,scaling,8,0.6968876,0.3613217,1.928718,4.43234143672265,2.8595215856716876,-2.8595215856716876
img_08.png,scale_img_08_level_09.png,scaling,9,0.8598424,0.3613217,2.379714,4.1977417684584,3.52816925580884,-3.52816925580884
img_08.png,scale_img_08_level_10.png,scaling,10,1.0,0.3613217,2.767617,3.99596189653336,4.103275104173819,-4.103275104173819
img_09.png,scale_img_09_level_01.png,scaling,1,0.0,0.3300747,0.0,5.4356243992662,0.0,-0.0
img_09.png,scale_img_09_level_02.png,scaling,2,0.07132694,0.3300747,0.2160933,5.32321671384521,0.3203804059841966,-0.3203804059841966
img_09.png,scale_img_09_level_03.png,scaling,3,0.1947282,0.3300747,0.5899519,5.12874247563081,0.874663995751595,-0.874663995751595
img_09.png,scale_img_09_level_04.png,scaling,4,0.2513987,0.3300747,0.7616417,5.03943265886003,1.129211674126378,-1.129211674126378
img_09.png,scale_img_09_level_05.png,scaling,5,0.4601636,0.3300747,1.394119,4.71042981900188,2.0669239222608113,-2.0669239222608113
img_09.png,scale_img_09_level_06.png,scaling,6,0.5106712,0.3300747,1.547138,4.63083220253049,2.2937902311343197,-2.2937902311343197
img_09.png,scale_img_09_level_07.png,scaling,7,0.7004783,0.3300747,2.122181,4.33170560930643,3.1463502586704366,-3.1463502586704366
img_09.png,scale_img_09_level_08.png,scaling,8,0.7241235,0.3300747,2.193817,4.29444190444923,3.252557951195304,-3.252557951195304
img_09.png,scale_img_09_level_09.png,scaling,9,0.9323381,0.3300747,2.824627,3.96630636280857,4.187798256650823,-4.187798256650823
img_09.png,scale_img_09_level_10.png,scaling,10,1.0,0.3300747,3.029617,3.85967440598968,4.491716885422286,-4.491716885422286
img_10.png,scale_img_10_level_01.png,scaling,1,0.0,0.4246915,0.0,5.4356243992662,0.0,-0.0
img_10.png,scale_img_10_level_02.png,scaling,2,0.0973599,0.4246915,0.2292485,5.31637362531238,0.3398843346890814,-0.3398843346890814
img_10.png,scale_img_10_level_03.png,scaling,3,0.1267076,0.4246915,0.2983521,5.2804272274821,0.4423374853558052,-0.4423374853558052
img_10.png,scale_img_10_level_04.png,scaling,4,0.2013726,0.4246915,0.474162,5.18897421189533,0.7029936331310532,-0.7029936331310532
img_10.png,scale_img_10_level_05.png,scaling,5,0.4022819,0.4246915,0.9472331,4.94289149026275,1.4043698955019388,-1.4043698955019388
img_10.png,scale_img_10_level_06.png,scaling,6,0.5114675,0.4246915,1.204327,4.8091560610067,1.785537882006196,-1.785537882006196
img_10.png,scale_img_10_level_07.png,scaling,7,0.6176098,0.4246915,1.454255,4.67914819865327,2.1560816892728645,-2.1560816892728645
img_10.png,scale_img_10_level_08.png,scaling,8,0.6718001,0.4246915,1.581854,4.6127735898522,2.345260249751961,-2.345260249751961
img_10.png,scale_img_10_level_09.png,scaling,9,0.8536657,0.4246915,2.010084,4.39001636818992,2.9801549977826145,-2.9801549977826145
img_10.png,scale_img_10_level_10.png,scaling,10,1.0,0.4246915,2.35465,4.21077959159957,3.4910093138042155,-3.4910093138042155
img_11.png,scale_img_11_level_01.png,scaling,1,0.0,0.3900441,0.0,5.4356243992662,0.0,-0.0
img_11.png,scale_img_11_level_02.png,scaling,2,0.03781606,0.3900441,0.0969533,5.38519110935426,0.1437431776714391,-0.1437431776714391
img_11.png,scale_img_11_level_03.png,scaling,3,0.1631763,0.3900441,0.4183534,5.21800479985241,0.6202516789593615,-0.6202516789593615
img_11.png,scale_img_11_level_04.png,scaling,4,0.2846271,0.3900441,0.7297305,5.05603226713575,1.0819000582112022,-1.0819000582112022
img_11.png,scale_img_11_level_05.png,scaling,5,0.469938,0.3900441,1.204833,4.80889284928832,1.78628807872876,-1.78628807872876
img_11.png,scale_img_11_level_06.png,scaling,6,0.4779089,0.3900441,1.225269,4.79826242502592,1.8165865376661403,-1.8165865376661403
img_11.png,scale_img_11_level_07.png,scaling,7,0.6944683,0.3900441,1.780487,4.50944842531341,2.639753976220383,-2.639753976220383
img_11.png,scale_img_11_level_08.png,scaling,8,0.7421128,0.3900441,1.902638,4.44590776402563,2.8208553198130617,-2.8208553198130617
img_11.png,scale_img_11_level_09.png,scaling,9,0.8984572,0.3900441,2.303476,4.23739934748156,3.4151386278744096,-3.4151386278744096
img_11.png,scale_img_11_level_10.png,scaling,10,1.0,0.3900441,2.563813,4.10197691837596,3.801114841633503,-3.801114841633503
img_12.png,scale_img_12_level_01.png,scaling,1,0.0,0.2745456,0.0,5.4356243992662,0.0,-0.0
img_12.png,scale_img_12_level_02.png,scaling,2,0.08758372,0.2745456,0.3190133,5.26967965839958,0.4729698263127931,-0.4729698263127931
img_12.png,scale_img_12_level_03.png,scaling,3,0.2096225,0.2745456,0.7635251,5.0384529494719,1.1320040071447115,-1.1320040071447115
img_12.png,scale_img_12_level_04.png,scaling,4,0.2596783,0.2745456,0.9458474,4.94361230543698,1.4023154536077556,-1.4023154536077556
img_12.png,scale_img_12_level_05.png,scaling,5,0.3968553,0.2745456,1.445498,4.68370342596125,2.1430985416454105,-2.1430985416454105
img_12.png,scale_img_12_level_06.png,scaling,6,0.460532,0.2745456,1.677433,4.5630551850481,2.4869658871945073,-2.4869658871945073
img_12.png,scale_img_12_level_07.png,scaling,7,0.5693384,0.2745456,2.073748,4.35689954835033,3.0745433854215554,-3.0745433854215554
img_12.png,scale_img_12_level_08.png,scaling,8,0.7468495,0.2745456,2.720311,4.02056959129541,4.033139123625193,-4.033139123625193
img_12.png,scale_img_12_level_09.png,scaling,9,0.8111159,0.2745456,2.954394,3.8988040010323,4.3801910987396395,-4.3801910987396395
img_12.png,scale_img_12_level_10.png,scaling,10,1.0,0.2745456,3.642382,3.5409255352149,5.400203633844871,-5.400203633844871
img_13.png,scale_img_13_level_01.png,scaling,1,0.0,0.4130298,0.0,5.4356243992662,0.0,-0.0
img_13.png,scale_img_13_level_02.png,scaling,2,0.06531627,0.4130298,0.1581394,5.35336324666283,0.2344578252731448,-0.2344578252731448
img_13.png,scale_img_13_level_03.png,scaling,3,0.1524488,0.4130298,0.3690988,5.24362611982086,0.5472266997277555,-0.5472266997277555
img_13.png,scale_img_13_level_04.png,scaling,4,0.3110929,0.4130298,0.7531973,5.04382527750563,1.1166919879524293,-1.1166919879524293
img_13.png,scale_img_13_level_05.png,scaling,5,0.463554,0.4130298,1.122326,4.85181144464056,1.663963017486518,-1.663963017486518
img_13.png,scale_img_13_level_06.png,scaling,6,0.5311523,0.4130298,1.28599,4.76667649863927,1.906611626976019,-1.906611626976019
img_13.png,scale_img_13_level_07.png,scaling,7,0.6826121,0.4130298,1.652695,4.57592342909798,2.450289273513116,-2.450289273513116
img_13.png,scale_img_13_level_08.png,scaling,8,0.7259851,0.4130298,1.757706,4.52129867463431,2.6059788150806074,-2.6059788150806074
img_13.png,scale_img_13_level_09.png,scaling,9,0.83924,0.4130298,2.031911,4.3786623717926,3.012515756405936,-3.012515756405936
img_13.png,scale_img_13_level_10.png,scaling,10,1.0,0.4130298,2.421133,4.17619638078348,3.589577157097124,-3.589577157097124
img_14.png,scale_img_14_level_01.png,scaling,1,0.0,0.4418833,0.0,5.4356243992662,0.0,-0.0
img_14.png,scale_img_14_level_02.png,scaling,2,0.03289346,0.4418833,0.07443925,5.39690249628737,0.1103637971938931,-0.1103637971938931
img_14.png,scale_img_14_level_03.png,scaling,3,0.1554376,0.4418833,0.3517617,5.25264455437164,0.5215226768053021,-0.5215226768053021
img_14.png,scale_img_14_level_04.png,scaling,4,0.2923199,0.4418833,0.6615319,5.09150790092426,0.980788662552226,-0.980788662552226
img_14.png,scale_img_14_level_05.png,scaling,5,0.4211549,0.4418833,0.9530908,4.93984442448658,1.413054534517279,-1.413054534517279
img_14.png,scale_img_14_level_06.png,scaling,6,0.5410535,0.4418833,1.224426,4.79870093782946,1.8153367039959405,-1.8153367039959405
img_14.png,scale_img_14_level_07.png,scaling,7,0.6572312,0.4418833,1.487341,4.66193748143141,2.2051350662743405,-2.2051350662743405
img_14.png,scale_img_14_level_08.png,scaling,8,0.7448075,0.4418833,1.68553,4.55884327737278,2.4989705173577472,-2.4989705173577472
img_14.png,scale_img_14_level_09.png,scaling,9,0.8567125,0.4418833,1.938775,4.42710997377457,2.8744321161831983,-2.8744321161831983
img_14.png,scale_img_14_level_10.png,scaling,10,1.0,0.4418833,2.263041,4.25843287679505,3.3551896071691356,-3.3551896071691356
img_15.png,scale_img_15_level_01.png,scaling,1,0.0,0.3784289,0.0,5.4356243992662,0.0,-0.0
img_15.png,scale_img_15_level_02.png,scaling,2,0.08806796,0.3784289,0.23272,5.31456781606268,0.3450311882906237,-0.3450311882906237
img_15.png,scale_img_15_level_03.png,scaling,3,0.2361299,0.3784289,0.6239742,5.1110447126937,0.9251055332102582,-0.9251055332102582
img_15.png,scale_img_15_level_04.png,scaling,4,0.3221663,0.3784289,0.8513258,4.99278067057504,1.2621775197510563,-1.2621775197510563
img_15.png,scale_img_15_level_05.png,scaling,5,0.411553,0.3784289,1.08753,4.86991167181979,1.6123743906913974,-1.6123743906913974
img_15.png,scale_img_15_level_06.png,scaling,6,0.534171,0.3784289,1.411549,4.70136305961189,2.092765678929364,-2.092765678929364
img_15.png,scale_img_15_level_07.png,scaling,7,0.6181002,0.3784289,1.633332,4.58599569886667,2.421581646756192,-2.421581646756192
img_15.png,scale_img_15_level_08.png,scaling,8,0.730787,0.3784289,1.931108,4.43109820350739,2.863065004973916,-2.863065004973916
img_15.png,scale_img_15_level_09.png,scaling,9,0.8846743,0.3784289,2.337755,4.21956805401459,3.4659607493225635,-3.4659607493225635
img_15.png,scale_img_15_level_10.png,scaling,10,1.0,0.3784289,2.642504,4.06104333471805,3.9177822928099273,-3.9177822928099273
img_16.png,scale_img_16_level_01.png,scaling,1,0.0,0.482215,0.0,5.4356243992662,0.0,-0.0
img_16.png,scale_img_16_level_02.png,scaling,2,0.09663941,0.482215,0.2004073,5.33137627711493,0.2971243075847177,-0.2971243075847177
img_16.png,scale_img_16_level_03.png,scaling,3,0.1786595,0.482215,0.3704977,5.24289843825398,0.549300711971223,-0.549300711971223
img_16.png,scale_img_16_level_04.png,scaling,4,0.3508849,0.482215,0.7276524,5.05711325581551,1.0788190625409255,-1.0788190625409255
img_16.png,scale_img_16_level_05.png,scaling,5,0.4451311,0.482215,0.9230967,4.95544679326565,1.3685852153152,-1.3685852153152
img_16.png,scale_img_16_level_06.png,scaling,6,0.5576068,0.482215,1.156345,4.83411539830161,1.71439966235786,-1.71439966235786
img_16.png,scale_img_16_level_07.png,scaling,7,0.65529,0.482215,1.358917,4.72874123977332,2.014733358964977,-2.014733358964977
img_16.png,scale_img_16_level_08.png,scaling,8,0.7509084,0.482215,1.557207,4.62559449740727,2.308718552872453,-2.308718552872453
img_16.png,scale_img_16_level_09.png,scaling,9,0.9072438,0.482215,1.881409,4.45695069202849,2.7893811573164062,-2.7893811573164062
img_16.png,scale_img_16_level_10.png,scaling,10,1.0,0.482215,2.073764,4.35689122545014,3.0745671070570513,-3.0745671070570513
img_17.png,scale_img_17_level_01.png,scaling,1,0.0,0.4031634,0.0,5.4356243992662,0.0,-0.0
img_17.png,scale_img_17_level_02.png,scaling,2,0.1608013,0.4031634,0.3988489,5.22815067526962,0.591334263988519,-0.591334263988519
img_17.png,scale_img_17_level_03.png,scaling,3,0.2109386,0.4031634,0.5232087,5.16346103761118,0.775710379361432,-0.775710379361432
img_17.png,scale_img_17_level_04.png,scaling,4,0.3359445,0.4031634,0.8332713,5.00217228316291,1.235409877997047,-1.235409877997047
img_17.png,scale_img_17_level_05.png,scaling,5,0.3335499,0.4031634,0.8273318,5.00526189976628,1.226603962120233,-1.226603962120233
img_17.png,scale_img_17_level_06.png,scaling,6,0.5245214,0.4031634,1.301014,4.75886129536473,1.928886242706847,-1.928886242706847
img_17.png,scale_img_17_level_07.png,scaling,7,0.6204593,0.4031634,1.538977,4.63507740180655,2.2816907144290957,-2.2816907144290957
img_17.png,scale_img_17_level_08.png,scaling,8,0.7473321,0.4031634,1.85367,4.47138000004449,2.748255254377279,-2.748255254377279
img_17.png,scale_img_17_level_09.png,scaling,9,0.7979039,0.4031634,1.979108,4.40612950294977,2.934229911462185,-2.934229911462185
img_17.png,scale_img_17_level_10.png,scaling,10,1.0,0.4031634,2.480384,4.14537512085141,3.677422821145799,-3.677422821145799
img_18.png,scale_img_18_level_01.png,scaling,1,0.0,0.2651302,0.0,5.4356243992662,0.0,-0.0
img_18.png,scale_img_18_level_02.png,scaling,2,0.1223744,0.2651302,0.4615635,5.19552771551981,0.6843150690812104,-0.6843150690812104
img_18.png,scale_img_18_level_03.png,scaling,3,0.2521629,0.2651302,0.951091,4.94088468297356,1.4100896266007117,-1.4100896266007117
img_18.png,scale_img_18_level_04.png,scaling,4,0.341328,0.2651302,1.287398,4.76594408342291,1.908699130899675,-1.908699130899675
img_18.png,scale_img_18_level_05.png,scaling,5,0.4442219,0.2651302,1.675486,4.56406797796447,2.484079260675077,-2.484079260675077
img_18.png,scale_img_18_level_06.png,scaling,6,0.5927995,0.2651302,2.235881,4.27256099986057,3.314922130914524,-3.314922130914524
img_18.png,scale_img_18_level_07.png,scaling,7,0.670162,0.2651302,2.527671,4.12077730953332,3.747530632252273,-3.747530632252273
img_18.png,scale_img_18_level_08.png,scaling,8,0.7477446,0.2651302,2.820292,3.96856134857768,4.1813711760336005,-4.1813711760336005
img_18.png,scale_img_18_level_09.png,scaling,9,0.8732843,0.2651302,3.293794,3.72225448083947,4.8833862917004405,-4.8833862917004405
img_18.png,scale_img_18_level_10.png,scaling,10,1.0,0.2651302,3.771732,3.47364008902473,5.5919782308085715,-5.5919782308085715
img_19.png,scale_img_19_level_01.png,scaling,1,0.0,0.2699133,0.0,5.4356243992662,0.0,-0.0
img_19.png,scale_img_19_level_02.png,scaling,2,0.09145186,0.2699133,0.3388194,5.25937689631386,0.502334394112737,-0.502334394112737
img_19.png,scale_img_19_level_03.png,scaling,3,0.2147219,0.2699133,0.7955217,5.02180891771645,1.1794422372893478,-1.1794422372893478
img_19.png,scale_img_19_level_04.png,scaling,4,0.3000911,0.2699133,1.111805,4.85728427169404,1.6483645595456209,-1.6483645595456209
img_19.png,scale_img_19_level_05.png,scaling,5,0.4815915,0.2699133,1.784245,4.50749358413226,2.645325595357528,-2.645325595357528
img_19.png,scale_img_19_level_06.png,scaling,6,0.5634124,0.2699133,2.087383,4.34980687684818,3.094758666670879,-3.094758666670879
img_19.png,scale_img_19_level_07.png,scaling,7,0.7241482,0.2699133,2.682892,4.04003425392386,3.977661631210931,-3.977661631210931
img_19.png,scale_img_19_level_08.png,scaling,8,0.7616471,0.2699133,2.821821,3.96776599142866,4.183638074825696,-4.183638074825696
img_19.png,scale_img_19_level_09.png,scaling,9,0.9502791,0.2699133,3.520683,3.60423107457244,5.219772426454958,-5.219772426454958
img_19.png,scale_img_19_level_10.png,scaling,10,1.0,0.2699133,3.704893,3.50840848436996,5.492882581125875,-5.492882581125875
img_20.png,scale_img_20_level_01.png,scaling,1,0.0,0.371283,0.0,5.4356243992662,0.0,-0.0
img_20.png,scale_img_20_level_02.png,scaling,2,0.1186701,0.371283,0.3196217,5.26936318012001,0.473871841502532,-0.473871841502532
img_20.png,scale_img_20_level_03.png,scaling,3,0.1495251,0.371283,0.4027255,5.22613414059084,0.5970817197487778,-0.5970817197487778
img_20.png,scale_img_20_level_04.png,scaling,4,0.2840951,0.371283,0.7651713,5.03759662707903,1.1344446669168156,-1.1344446669168156
img_20.png,scale_img_20_level_05.png,scaling,5,0.4377858,0.371283,1.179116,4.82227035079333,1.7481599974754514,-1.7481599974754514
img_20.png,scale_img_20_level_06.png,scaling,6,0.5576152,0.371283,1.50186,4.65438496969399,2.2266609678848233,-2.2266609678848233
img_20.png,scale_img_20_level_07.png,scaling,7,0.6062462,0.371283,1.632841,4.58625110786613,2.4208536890669055,-2.4208536890669055
img_20.png,scale_img_20_level_08.png,scaling,8,0.740334,0.371283,1.993988,4.39838920577691,2.9562910324735485,-2.9562910324735485
img_20.png,scale_img_20_level_09.png,scaling,9,0.8840817,0.371283,2.381153,4.19699322762293,3.5303027204012696,-3.5303027204012696
img_20.png,scale_img_20_level_10.png,scaling,10,1.0,0.371283,2.693363,4.03458743593347,3.993185959040904,-3.993185959040904
img_21.png,scale_img_21_level_01.png,scaling,1,0.0,0.399777,0.0,5.4356243992662,0.0,-0.0
img_21.png,scale_img_21_level_02.png,scaling,2,0.10425,0.399777,0.2607705,5.29997647158369,0.3866189218208151,-0.3866189218208151
img_21.png,scale_img_21_level_03.png,scaling,3,0.1759852,0.399777,0.4402085,5.20663618636164,0.6526540987050232,-0.6526540987050232
img_21.png,scale_img_21_level_04.png,scaling,4,0.3296689,0.399777,0.8246322,5.00666618110014,1.2226015291711554,-1.2226015291711554
img_21.png,scale_img_21_level_05.png,scaling,5,0.5103592,0.399777,1.27661,4.77155579887324,1.8927048181664363,-1.8927048181664363
img_21.png,scale_img_21_level_06.png,scaling,6,0.4942628,0.399777,1.236346,4.79250037719099,1.8330093224405268,-1.8330093224405268
img_21.png,scale_img_21_level_07.png,scaling,7,0.6604451,0.399777,1.652034,4.57626726891191,2.4493092734466835,-2.4493092734466835
img_21.png,scale_img_21_level_08.png,scaling,8,0.7935302,0.399777,1.984932,4.40309996728211,2.942864586782761,-2.942864586782761
img_21.png,scale_img_21_level_09.png,scaling,9,0.8933808,0.399777,2.234698,4.27317637429306,3.3131682124900315,-3.3131682124900315
img_21.png,scale_img_21_level_10.png,scaling,10,1.0,0.399777,2.501395,4.13444559236357,3.70857377635882,-3.70857377635882
img_22.png,scale_img_22_level_01.png,scaling,1,0.0,0.3397445,0.0,5.4356243992662,0.0,-0.0
img_22.png,scale_img_22_level_02.png,scaling,2,0.1340664,0.3397445,0.3946096,5.23035587969199,0.5850490684036082,-0.5850490684036082
img_22.png,scale_img_22_level_03.png,scaling,3,0.2072151,0.3397445,0.6099146,5.11835825315953,0.9042607390589568,-0.9042607390589568
img_22.png,scale_img_22_level_04.png,scaling,4,0.3133484,0.3397445,0.9223059,4.95585815260734,1.367412773480806,-1.367412773480806
img_22.png,scale_img_22_level_05.png,scaling,5,0.4006409,0.3397445,1.179242,4.82220480795437,1.7483468053549829,-1.7483468053549829
img_22.png,scale_img_22_level_06.png,scaling,6,0.5245233,0.3397445,1.543876,4.63252903380589,2.2889539826975547,-2.2889539826975547
img_22.png,scale_img_22_level_07.png,scaling,7,0.6546093,0.3397445,1.92677,4.43335474982028,2.856633476550039,-2.856633476550039
img_22.png,scale_img_22_level_08.png,scaling,8,0.7985589,0.3397445,2.350469,4.21295446945439,3.4848105539286434,-3.4848105539286434
img_22.png,scale_img_22_level_09.png,scaling,9,0.8343937,0.3397445,2.455945,4.15808783070407,3.64118950552774,-3.64118950552774
img_22.png,scale_img_22_level_10.png,scaling,10,1.0,0.3397445,2.943388,3.90452911599766,4.3638735787227665,-4.3638735787227665
img_23.png,scale_img_23_level_01.png,scaling,1,0.0,0.4302099,0.0,5.4356243992662,0.0,-0.0
img_23.png,scale_img_23_level_02.png,scaling,2,0.1071344,0.4302099,0.2490283,5.30608454399385,0.3692099100506786,-0.3692099100506786
img_23.png,scale_img_23_level_03.png,scaling,3,0.08395654,0.4302099,0.1951525,5.33410972560848,0.2893335294469145,-0.2893335294469145
img_23.png,scale_img_23_level_04.png,scaling,4,0.3483362,0.4302099,0.809689,5.01443935372874,1.2004467076995824,-1.2004467076995824
img_23.png,scale_img_23_level_05.png,scaling,5,0.5191968,0.4302099,1.206845,4.80784624458995,1.7892710743923932,-1.7892710743923932
img_23.png,scale_img_23_level_06.png,scaling,6,0.4743319,0.4302099,1.102559,4.86209386763895,1.634656419433318,-1.634656419433318
img_23.png,scale_img_23_level_07.png,scaling,7,0.6107374,0.4302099,1.419627,4.69716103538055,2.104742139650452,-2.104742139650452
img_23.png,scale_img_23_level_08.png,scaling,8,0.8883423,0.4302099,2.064904,4.36150003142807,3.0614312514010913,-3.0614312514010913
img_23.png,scale_img_23_level_09.png,scaling,9,0.9233286,0.4302099,2.146228,4.31919681050832,3.182002394218841,-3.182002394218841
img_23.png,scale_img_23_level_10.png,scaling,10,1.0,0.4302099,2.324446,4.22649114642545,3.4462287963964724,-3.4462287963964724
img_24.png,scale_img_24_level_01.png,scaling,1,0.0,0.33412,0.0,5.4356243992662,0.0,-0.0
img_24.png,scale_img_24_level_02.png,scaling,2,0.1148759,0.33412,0.3438164,5.25677755054956,0.5097429573986094,-0.5097429573986094
img_24.png,scale_img_24_level_03.png,scaling,3,0.200468,0.33412,0.599988,5.1235218844711,0.8895435398767391,-0.8895435398767391
img_24.png,scale_img_24_level_04.png,scaling,4,0.3048647,0.33412,0.9124407,4.96098984478944,1.3527866060748044,-1.3527866060748044
img_24.png,scale_img_24_level_05.png,scaling,5,0.4466847,0.33412,1.336899,4.7401945907916,1.982089423317921,-1.982089423317921
img_24.png,scale_img_24_level_06.png,scaling,6,0.5004797,0.33412,1.497904,4.65644280676495,2.220795793508415,-2.220795793508415
img_24.png,scale_img_24_level_07.png,scaling,7,0.6228636,0.33412,1.864191,4.46590717299102,2.763853712318177,-2.763853712318177
img_24.png,scale_img_24_level_08.png,scaling,8,0.7862609,0.33412,2.353229,4.21151876917233,3.488902536051719,-3.488902536051719
img_24.png,scale_img_24_level_09.png,scaling,9,0.8615862,0.33412,2.578673,4.09424702482833,3.823146310600496,-3.823146310600496
img_24.png,scale_img_24_level_10.png,scaling,10,1.0,0.33412,2.992937,3.8787546546658,4.437335036047501,-4.437335036047501
img_01.png,gn_img_01_level_01.png,additive_gaussian_noise,1,0.0,0.391271,0.0,5.4356243992662,0.0,-0.0
img_01.png,gn_img_01_level_02.png,additive_gaussian_noise,2,0.1718711,0.391271,0.4392636,5.20712770563575,0.6512531878687573,-0.6512531878687573
img_01.png,gn_img_01_level_03.png,additive_gaussian_noise,3,0.4590375,0.391271,1.173196,4.8253498238621,1.739382992341898,-1.739382992341898
img_01.png,gn_img_01_level_04.png,additive_gaussian_noise,4,0.6256237,0.391271,1.598952,4.60387953064107,2.370609782483969,-2.370609782483969
img_01.png,gn_img_01_level_05.png,additive_gaussian_noise,5,0.6713191,0.391271,1.715739,4.54312912164059,2.543758447776583,-2.543758447776583
img_01.png,gn_img_01_level_06.png,additive_gaussian_noise,6,0.852572,0.391271,2.178981,4.30215931364658,3.2305620646815547,-3.2305620646815547
img_01.png,gn_img_01_level_07.png,additive_gaussian_noise,7,0.7974979,0.391271,2.038224,4.37537846748801,3.021875424211362,-3.021875424211362
img_01.png,gn_img_01_level_08.png,additive_gaussian_noise,8,0.9761683,0.391271,2.494865,4.13784237600193,3.6988923838719785,-3.6988923838719785
img_01.png,gn_img_01_level_09.png,additive_gaussian_noise,9,0.9915568,0.391271,2.534194,4.1173841671638,3.757201646523585,-3.757201646523585
img_01.png,gn_img_01_level_10.png,additive_gaussian_noise,10,1.0,0.391271,2.555773,4.10615917571936,3.7891947197967175,-3.7891947197967175
img_02.png,gn_img_02_level_01.png,additive_gaussian_noise,1,0.0,0.3453103,0.0,5.4356243992662,0.0,-0.0
img_02.png,gn_img_02_level_02.png,additive_gaussian_noise,2,0.1368735,0.3453103,0.3963782,5.2294358871127,0.5876711986872573,-0.5876711986872573
img_02.png,gn_img_02_level_03.png,additive_gaussian_noise,3,0.3634701,0.3453103,1.05259,4.88808680510069,1.5605722691768114,-1.5605722691768114
img_02.png,gn_img_02_level_04.png,additive_gaussian_noise,4,0.4449459,0.3453103,1.288539,4.76535055660341,1.91039078003099,-1.91039078003099
img_02.png,gn_img_02_level_05.png,additive_gaussian_noise,5,0.6389849,0.3453103,1.850466,4.47304666080671,2.743504996869187,-2.743504996869187
img_02.png,gn_img_02_level_06.png,additive_gaussian_noise,6,0.7318413,0.3453103,2.119373,4.33316627828905,3.142187111640873,-3.142187111640873
img_02.png,gn_img_02_level_07.png,additive_gaussian_noise,7,0.7730009,0.3453103,2.238569,4.27116275262934,3.318907365677867,-3.318907365677867
img_02.png,gn_img_02_level_08.png,additive_gaussian_noise,8,0.863741,0.3453103,2.501348,4.13447004088287,3.7085040940545504,-3.7085040940545504
img_02.png,gn_img_02_level_09.png,additive_gaussian_noise,9,0.9190497,0.3453103,2.661519,4.0511520880284,3.945973973994811,-3.945973973994811
img_02.png,gn_img_02_level_10.png,additive_gaussian_noise,10,1.0,0.3453103,2.895946,3.9292075554113,4.293535964272424,-4.293535964272424
img_03.png,gn_img_03_level_01.png,additive_gaussian_noise,1,0.0,0.3353733,0.0,5.4356243992662,0.0,-0.0
img_03.png,gn_img_03_level_02.png,additive_gaussian_noise,2,0.2645268,0.3353733,0.7887532,5.0253297645857,1.169407244173393,-1.169407244173393
img_03.png,gn_img_03_level_03.png,additive_gaussian_noise,3,0.4305225,0.3353733,1.283711,4.76786199173449,1.9032327765200447,-1.9032327765200447
img_03.png,gn_img_03_level_04.png,additive_gaussian_noise,4,0.5690429,0.3353733,1.696745,4.55300944452375,2.5155979012382876,-2.5155979012382876
img_03.png,gn_img_03_level_05.png,additive_gaussian_noise,5,0.7005135,0.3353733,2.088757,4.34909214779472,3.096795762119106,-3.096795762119106
img_03.png,gn_img_03_level_06.png,additive_gaussian_noise,6,0.7919963,0.3353733,2.361536,4.20719762343208,3.5012185126808455,-3.5012185126808455
img_03.png,gn_img_03_level_07.png,additive_gaussian_noise,7,0.8430303,0.3353733,2.513707,4.12804112067055,3.7268275748730617,-3.7268275748730617
img_03.png,gn_img_03_level_08.png,additive_gaussian_noise,8,0.8700678,0.3353733,2.594326,4.08610462754024,3.846353483126765,-3.846353483126765
img_03.png,gn_img_03_level_09.png,additive_gaussian_noise,9,0.8853732,0.3353733,2.639963,4.06236511530382,3.914015000572704,-3.914015000572704
img_03.png,gn_img_03_level_10.png,additive_gaussian_noise,10,1.0,0.3353733,2.981752,3.88457288207698,4.420752130233516,-4.420752130233516
img_04.png,gn_img_04_level_01.png,additive_gaussian_noise,1,0.0,0.2373147,0.0,5.4356243992662,0.0,-0.0
img_04.png,gn_img_04_level_02.png,additive_gaussian_noise,2,0.2404129,0.2373147,1.013055,4.90865217127872,1.5019575904681923,-1.5019575904681923
img_04.png,gn_img_04_level_03.png,additive_gaussian_noise,3,0.4817743,0.2373147,2.030107,4.37960077878856,3.009841142003752,-3.009841142003752
img_04.png,gn_img_04_level_04.png,additive_gaussian_noise,4,0.625653,0.2373147,2.636385,4.06422632385789,3.908710249834891,-3.908710249834891
img_04.png,gn_img_04_level_05.png,additive_gaussian_noise,5,0.7645984,0.2373147,3.221875,3.75966539699371,4.776759022747736,-4.776759022747736
img_04.png,gn_img_04_level_06.png,additive_gaussian_noise,6,0.8574121,0.2373147,3.612975,3.55622250557527,5.356604750405277,-5.356604750405277
img_04.png,gn_img_04_level_07.png,additive_gaussian_noise,7,0.8864613,0.2373147,3.735383,3.49254815770325,5.538087122768111,-5.538087122768111
img_04.png,gn_img_04_level_08.png,additive_gaussian_noise,8,0.9315078,0.2373147,3.9252,3.39380891116688,5.8195102280781885,-5.8195102280781885
img_04.png,gn_img_04_level_09.png,additive_gaussian_noise,9,0.988814,0.2373147,4.166678,3.26819658047412,6.1775260465984845,-6.1775260465984845
img_04.png,gn_img_04_level_10.png,additive_gaussian_noise,10,1.0,0.2373147,4.213814,3.24367731652654,6.2474099847699645,-6.2474099847699645
img_05.png,gn_img_05_level_01.png,additive_gaussian_noise,1,0.0,0.4014648,0.0,5.4356243992662,0.0,-0.0
img_05.png,gn_img_05_level_02.png,additive_gaussian_noise,2,0.04790172,0.4014648,0.1193174,5.37355772360133,0.1769002419463203,-0.1769002419463203
img_05.png,gn_img_05_level_03.png,additive_gaussian_noise,3,0.2737165,0.4014648,0.6817946,5.0809676240745,1.0108301865251397,-1.0108301865251397
img_05.png,gn_img_05_level_04.png,additive_gaussian_noise,4,0.4675383,0.4014648,1.164581,4.82983118543093,1.7266103742294725,-1.7266103742294725
img_05.png,gn_img_05_level_05.png,additive_gaussian_noise,5,0.5694947,0.4014648,1.418542,4.6977254320494,2.1031335162433735,-2.1031335162433735
img_05.png,gn_img_05_level_06.png,additive_gaussian_noise,6,0.764045,0.4014648,1.903143,4.44564507248851,2.821604033933407,-2.821604033933407
img_05.png,gn_img_05_level_07.png,additive_gaussian_noise,7,0.8649557,0.4014648,2.154499,4.31489439129349,3.194264997168101,-3.194264997168101
img_05.png,gn_img_05_level_08.png,additive_gaussian_noise,8,0.9056072,0.4014648,2.255757,4.26222187710467,3.344390332609541,-3.344390332609541
img_05.png,gn_img_05_level_09.png,additive_gaussian_noise,9,0.8865932,0.4014648,2.208396,4.28685818183611,3.2741728089388973,-3.2741728089388973
img_05.png,gn_img_05_level_10.png,additive_gaussian_noise,10,1.0,0.4014648,2.490878,4.139916338692,3.692981248826797,-3.692981248826797
img_06.png,gn_img_06_level_01.png,additive_gaussian_noise,1,0.0,0.4580899,0.0,5.4356243992662,0.0,-0.0
img_06.png,gn_img_06_level_02.png,additive_gaussian_noise,2,0.1491885,0.4580899,0.3256752,5.26621426285281,0.4828467740322556,-0.4828467740322556
img_06.png,gn_img_06_level_03.png,additive_gaussian_noise,3,0.3636127,0.4580899,0.7937583,5.02272620535318,1.1768278165372352,-1.1768278165372352
img_06.png,gn_img_06_level_04.png,additive_gaussian_noise,4,0.6061324,0.4580899,1.323173,4.74733459878856,1.9617392252667127,-1.9617392252667127
img_06.png,gn_img_06_level_05.png,additive_gaussian_noise,5,0.6677687,0.4580899,1.457724,4.67734368985672,2.16122483636886,-2.16122483636886
img_06.png,gn_img_06_level_06.png,additive_gaussian_noise,6,0.7601315,0.4580899,1.65935,4.57246162280192,2.460155991277271,-2.460155991277271
img_06.png,gn_img_06_level_07.png,additive_gaussian_noise,7,0.8696079,0.4580899,1.898334,4.44814662417563,2.8144741998646134,-2.8144741998646134
img_06.png,gn_img_06_level_08.png,additive_gaussian_noise,8,0.9358423,0.4580899,2.042923,4.37293413573968,3.02884217203612,-3.02884217203612
img_06.png,gn_img_06_level_09.png,additive_gaussian_noise,9,0.9393713,0.4580899,2.050627,4.36892665930018,3.040264139527487,-3.040264139527487
img_06.png,gn_img_06_level_10.png,additive_gaussian_noise,10,1.0,0.4580899,2.182977,4.30008066932516,3.236486543146704,-3.236486543146704
img_07.png,gn_img_07_level_01.png,additive_gaussian_noise,1,0.0,0.4419227,0.0,5.4356243992662,0.0,-0.0
img_07.png,gn_img_07_level_02.png,additive_gaussian_noise,2,0.1641291,0.4419227,0.3713978,5.2424302231004,0.5506352022280998,-0.5506352022280998
img_07.png,gn_img_07_level_03.png,additive_gaussian_noise,3,0.5229278,0.4419227,1.183301,4.82009339221346,1.7543646877598973,-1.7543646877598973
img_07.png,gn_img_07_level_04.png,additive_gaussian_noise,4,0.4986602,0.4419227,1.128388,4.84865810583264,1.6729505521350991,-1.6729505521350991
img_07.png,gn_img_07_level_05.png,additive_gaussian_noise,5,0.6635085,0.4419227,1.501413,4.65461749071793,2.2259982446931517,-2.2259982446931517
img_07.png,gn_img_07_level_06.png,additive_gaussian_noise,6,0.8192172,0.4419227,1.853757,4.47133474427473,2.748384240770289,-2.748384240770289
img_07.png,gn_img_07_level_07.png,additive_gaussian_noise,7,0.9358924,0.4419227,2.117774,4.33399804812638,3.1398164306934824,-3.1398164306934824
img_07.png,gn_img_07_level_08.png,additive_gaussian_noise,8,0.8755438,0.4419227,1.981215,4.40503348103154,2.937353754336576,-2.937353754336576
img_07.png,gn_img_07_level_09.png,additive_gaussian_noise,9,0.9903318,0.4419227,2.240962,4.26991795887029,3.322455232786751,-3.322455232786751
img_07.png,gn_img_07_level_10.png,additive_gaussian_noise,10,1.0,0.4419227,2.262839,4.2585379534099,3.354890121520998,-3.354890121520998
img_08.png,gn_img_08_level_01.png,additive_gaussian_noise,1,0.0,0.4304162,0.0,5.4356243992662,0.0,-0.0
img_08.png,gn_img_08_level_02.png,additive_gaussian_noise,2,0.159219,0.4304162,0.3699187,5.24319962320446,0.5484422852867082,-0.5484422852867082
img_08.png,gn_img_08_level_03.png,additive_gaussian_noise,3,0.2871572,0.4304162,0.6671617,5.08857938445761,0.9891354165219688,-0.9891354165219688
img_08.png,gn_img_08_level_04.png,additive_gaussian_noise,4,0.5187334,0.4304162,1.20519,4.80870714457793,1.7868173677207664,-1.7868173677207664
img_08.png,gn_img_08_level_05.png,additive_gaussian_noise,5,0.686549,0.4304162,1.595082,4.60589263212352,2.364872111898353,-2.364872111898353
img_08.png,gn_img_08_level_06.png,additive_gaussian_noise,6,0.7413423,0.4304162,1.722385,4.53967199697589,2.553611822120771,-2.553611822120771
img_08.png,gn_img_08_level_07.png,additive_gaussian_noise,7,0.7949229,0.4304162,1.84687,4.47491723262349,2.738173559291441,-2.738173559291441
img_08.png,gn_img_08_level_08.png,additive_gaussian_noise,8,0.870573,0.4304162,2.022631,4.38348965390041,2.9987572078182043,-2.9987572078182043
img_08.png,gn_img_08_level_09.png,additive_gaussian_noise,9,0.9401229,0.4304162,2.184218,4.29943512437949,3.238326452499869,-3.238326452499869
img_08.png,gn_img_08_level_10.png,additive_gaussian_noise,10,1.0,0.4304162,2.323333,4.22707010816963,3.444578660127275,-3.444578660127275
img_09.png,gn_img_09_level_01.png,additive_gaussian_noise,1,0.0,0.3422246,0.0,5.4356243992662,0.0,-0.0
img_09.png,gn_img_09_level_02.png,additive_gaussian_noise,2,0.2522138,0.3422246,0.7369832,5.05225954849962,1.0926529273213577,-1.0926529273213577
img_09.png,gn_img_09_level_03.png,additive_gaussian_noise,3,0.4696831,0.3422246,1.372441,4.72170630839121,2.0347840713680467,-2.0347840713680467
img_09.png,gn_img_09_level_04.png,additive_gaussian_noise,4,0.6762049,0.3422246,1.97591,4.40779304262442,2.929488549567404,-2.929488549567404
img_09.png,gn_img_09_level_05.png,additive_gaussian_noise,5,0.7879894,0.3422246,2.302551,4.23788051514856,3.413767220822292,-3.413767220822292
img_09.png,gn_img_09_level_06.png,additive_gaussian_noise,6,0.7791044,0.3422246,2.276588,4.25138598124392,3.375274419423231,-3.375274419423231
img_09.png,gn_img_09_level_07.png,additive_gaussian_noise,7,0.8665712,0.3422246,2.532171,4.11843649385605,3.7542023422355486,-3.7542023422355486
img_09.png,gn_img_09_level_08.png,additive_gaussian_noise,8,0.9445672,0.3422246,2.76008,3.99988250270216,4.092100731252942,-4.092100731252942
img_09.png,gn_img_09_level_09.png,additive_gaussian_noise,9,0.8957028,0.3422246,2.617296,4.07415606396089,3.880408856085838,-3.880408856085838
img_09.png,gn_img_09_level_10.png,additive_gaussian_noise,10,1.0,0.3422246,2.922058,3.91562458230795,4.332249673402042,-4.332249673402042
img_10.png,gn_img_10_level_01.png,additive_gaussian_noise,1,0.0,0.3353752,0.0,5.4356243992662,0.0,-0.0
img_10.png,gn_img_10_level_02.png,additive_gaussian_noise,2,0.2798516,0.3353752,0.8344434,5.00156257870617,1.2371476360573572,-1.2371476360573572
img_10.png,gn_img_10_level_03.png,additive_gaussian_noise,3,0.4544296,0.3353752,1.354989,4.73078451176895,2.008909697450687,-2.008909697450687
img_10.png,gn_img_10_level_04.png,additive_gaussian_noise,4,0.6591011,0.3353752,1.965265,4.41333037215433,2.913706248951412,-2.913706248951412
img_10.png,gn_img_10_level_05.png,additive_gaussian_noise,5,0.7438511,0.3353752,2.217967,4.28187952698118,3.288362794772214,-3.288362794772214
img_10.png,gn_img_10_level_06.png,additive_gaussian_noise,6,0.8231683,0.3353752,2.45447,4.15885509806496,3.639002667255445,-3.639002667255445
img_10.png,gn_img_10_level_07.png,additive_gaussian_noise,7,0.9405174,0.3353752,2.804374,3.9768415939001,4.157771113919429,-4.157771113919429
img_10.png,gn_img_10_level_08.png,additive_gaussian_noise,8,0.8703319,0.3353752,2.5951,4.08570200724375,3.847501017243887,-3.847501017243887
img_10.png,gn_img_10_level_09.png,additive_gaussian_noise,9,0.9232025,0.3353752,2.752745,4.00369803225612,4.081225843980203,-4.081225843980203
img_10.png,gn_img_10_level_10.png,additive_gaussian_noise,10,1.0,0.3353752,2.981735,3.88458172515843,4.420726925995801,-4.420726925995801
img_11.png,gn_img_11_level_01.png,additive_gaussian_noise,1,0.0,0.282761,0.0,5.4356243992662,0.0,-0.0
img_11.png,gn_img_11_level_02.png,additive_gaussian_noise,2,0.2244869,0.282761,0.7939104,5.02264708578329,1.1770533203346698,-1.1770533203346698
img_11.png,gn_img_11_level_03.png,additive_gaussian_noise,3,0.3987871,0.282761,1.410333,4.70199560002602,2.0909628346316613,-2.0909628346316613
img_11.png,gn_img_11_level_04.png,additive_gaussian_noise,4,0.6092332,0.282761,2.154587,4.31484861534247,3.194395466163329,-3.194395466163329
img_11.png,gn_img_11_level_05.png,additive_gaussian_noise,5,0.7423859,0.282761,2.625489,4.06989421888447,3.892555816062054,-3.892555816062054
img_11.png,gn_img_11_level_06.png,additive_gaussian_noise,6,0.8026863,0.282761,2.838745,3.95896244375706,4.208729634771685,-4.208729634771685
img_11.png,gn_img_11_level_07.png,additive_gaussian_noise,7,0.8532869,0.282761,3.017697,3.86587496662816,4.4740442669777,-4.4740442669777
img_11.png,gn_img_11_level_08.png,additive_gaussian_noise,8,0.8806413,0.282761,3.114437,3.81555263137932,4.6174712055959315,-4.6174712055959315
img_11.png,gn_img_11_level_09.png,additive_gaussian_noise,9,0.9327835,0.282761,3.298841,3.71962912601209,4.890868985097239,-4.890868985097239
img_11.png,gn_img_11_level_10.png,additive_gaussian_noise,10,1.0,0.282761,3.536556,3.59597423740679,5.243305771469298,-5.243305771469298
img_12.png,gn_img_12_level_01.png,additive_gaussian_noise,1,0.0,0.3173139,0.0,5.4356243992662,0.0,-0.0
img_12.png,gn_img_12_level_02.png,additive_gaussian_noise,2,0.2265933,0.3173139,0.7140983,5.0641638446536,1.058723723811079,-1.058723723811079
img_12.png,gn_img_12_level_03.png,additive_gaussian_noise,3,0.4207536,0.3173139,1.325985,4.74587184908089,1.9659083027051505,-1.9659083027051505
img_12.png,gn_img_12_level_04.png,additive_gaussian_noise,4,0.5306448,0.3173139,1.672302,4.56572423510146,2.479358655211355,-2.479358655211355
img_12.png,gn_img_12_level_05.png,additive_gaussian_noise,5,0.6496039,0.3173139,2.047197,4.37071088102752,3.035178813918013,-3.035178813918013
img_12.png,gn_img_12_level_06.png,additive_gaussian_noise,6,0.8027406,0.3173139,2.5298,4.11966984362734,3.7506870923754714,-3.7506870923754714
img_12.png,gn_img_12_level_07.png,additive_gaussian_noise,7,0.8902491,0.3173139,2.805579,3.97621477547985,4.159557649592728,-4.159557649592728
img_12.png,gn_img_12_level_08.png,additive_gaussian_noise,8,0.9147905,0.3173139,2.88292,3.93598343652512,4.27422358777417,-4.27422358777417
img_12.png,gn_img_12_level_09.png,additive_gaussian_noise,9,0.9417369,0.3173139,2.96784,3.8918096437886,4.400126168169665,-4.400126168169665
img_12.png,gn_img_12_level_10.png,additive_gaussian_noise,10,1.0,0.3173139,3.151454,3.79629708161804,4.672352691918354,-4.672352691918354
img_13.png,gn_img_13_level_01.png,additive_gaussian_noise,1,0.0,0.5623547,0.0,5.4356243992662,0.0,-0.0
img_13.png,gn_img_13_level_02.png,additive_gaussian_noise,2,0.1345089,0.5623547,0.2391887,5.31120291953565,0.3546216972614708,-0.3546216972614708
img_13.png,gn_img_13_level_03.png,additive_gaussian_noise,3,0.2575374,0.5623547,0.4579625,5.19740088824289,0.6789762184923718,-0.6789762184923718
img_13.png,gn_img_13_level_04.png,additive_gaussian_noise,4,0.4923334,0.5623547,0.8754856,4.98021319533063,1.297996892829708,-1.297996892829708
img_13.png,gn_img_13_level_05.png,additive_gaussian_noise,5,0.4884343,0.5623547,0.868552,4.98381992412617,1.2877171220874777,-1.2877171220874777
img_13.png,gn_img_13_level_06.png,additive_gaussian_noise,6,0.5767194,0.5623547,1.025544,4.90215562750239,1.5204738095751091,-1.5204738095751091
img_13.png,gn_img_13_level_07.png,additive_gaussian_noise,7,0.6982263,0.5623547,1.241612,4.78976110266731,1.8408167057231772,-1.8408167057231772
img_13.png,gn_img_13_level_08.png,additive_gaussian_noise,8,0.7254232,0.5623547,1.289974,4.76460409649299,1.9125183142145452,-1.9125183142145452
img_13.png,gn_img_13_level_09.png,additive_gaussian_noise,9,0.9231382,0.5623547,1.641559,4.58171616762735,2.4337790152078376,-2.4337790152078376
img_13.png,gn_img_13_level_10.png,additive_gaussian_noise,10,1.0,0.5623547,1.778237,4.51061883315205,2.636418121228746,-2.636418121228746
img_14.png,gn_img_14_level_01.png,additive_gaussian_noise,1,0.0,0.3715998,0.0,5.4356243992662,0.0,-0.0
img_14.png,gn_img_14_level_02.png,additive_gaussian_noise,2,0.1843415,0.3715998,0.4960754,5.17757527183701,0.7354824885860539,-0.7354824885860539
img_14.png,gn_img_14_level_03.png,additive_gaussian_noise,3,0.304592,0.3715998,0.8196774,5.0092435752152,1.2152555316989038,-1.2152555316989038
img_14.png,gn_img_14_level_04.png,additive_gaussian_noise,4,0.5680689,0.3715998,1.528711,4.64041758263831,2.266470320053917,-2.266470320053917
img_14.png,gn_img_14_level_05.png,additive_gaussian_noise,5,0.6974233,0.3715998,1.876813,4.45934144510689,2.7825671175201543,-2.7825671175201543
img_14.png,gn_img_14_level_06.png,additive_gaussian_noise,6,0.7347006,0.3715998,1.977128,4.40715946184777,2.9312943590695437,-2.9312943590695437
img_14.png,gn_img_14_level_07.png,additive_gaussian_noise,7,0.8358994,0.3715998,2.249461,4.26549693832781,3.33505586904183,-3.33505586904183
img_14.png,gn_img_14_level_08.png,additive_gaussian_noise,8,0.9054852,0.3715998,2.436721,4.1680877952774,3.612687960479189,-3.612687960479189
img_14.png,gn_img_14_level_09.png,additive_gaussian_noise,9,0.9577764,0.3715998,2.577441,4.09488788814264,3.821319744667297,-3.821319744667297
img_14.png,gn_img_14_level_10.png,additive_gaussian_noise,10,1.0,0.3715998,2.691067,4.03578177211014,3.9897819043472142,-3.9897819043472142
img_15.png,gn_img_15_level_01.png,additive_gaussian_noise,1,0.0,0.2719882,0.0,5.4356243992662,0.0,-0.0
img_15.png,gn_img_15_level_02.png,additive_gaussian_noise,2,0.2620741,0.2719882,0.9635495,4.93440400472571,1.4285606263399635,-1.4285606263399635
img_15.png,gn_img_15_level_03.png,additive_gaussian_noise,3,0.4906022,0.2719882,1.803763,4.49734068626801,2.67426302545832,-2.67426302545832
img_15.png,gn_img_15_level_04.png,additive_gaussian_noise,4,0.6487665,0.2719882,2.385274,4.19484956064381,3.536412524143731,-3.536412524143731
img_15.png,gn_img_15_level_05.png,additive_gaussian_noise,5,0.6958332,0.2719882,2.558321,4.10483375386476,3.79297239024947,-3.79297239024947
img_15.png,gn_img_15_level_06.png,additive_gaussian_noise,6,0.8493444,0.2719882,3.122725,3.81124136908304,4.629759012782905,-4.629759012782905
img_15.png,gn_img_15_level_07.png,additive_gaussian_noise,7,0.8755713,0.2719882,3.219152,3.76108185056909,4.772721896906745,-4.772721896906745
img_15.png,gn_img_15_level_08.png,additive_gaussian_noise,8,0.9130015,0.2719882,3.356769,3.68949606588914,4.97675316641083,-4.97675316641083
img_15.png,gn_img_15_level_09.png,additive_gaussian_noise,9,0.9667441,0.2719882,3.55436,3.58671293022496,5.269702021367571,-5.269702021367571
img_15.png,gn_img_15_level_10.png,additive_gaussian_noise,10,1.0,0.2719882,3.67663,3.52311036736704,5.450979794624251,-5.450979794624251
img_16.png,gn_img_16_level_01.png,additive_gaussian_noise,1,0.0,0.2644944,0.0,5.4356243992662,0.0,-0.0
img_16.png,gn_img_16_level_02.png,additive_gaussian_noise,2,0.310577,0.2644944,1.174229,4.82481247661885,1.7409145204336145,-1.7409145204336145
img_16.png,gn_img_16_level_03.png,additive_gaussian_noise,3,0.5022106,0.2644944,1.898757,4.44792658750196,2.815101340603041,-2.815101340603041
img_16.png,gn_img_16_level_04.png,additive_gaussian_noise,4,0.7162229,0.2644944,2.707895,4.02702816183965,4.014731134480227,-4.014731134480227
img_16.png,gn_img_16_level_05.png,additive_gaussian_noise,5,0.7814143,0.2644944,2.95437,3.89881648538258,4.380155516286395,-4.380155516286395
img_16.png,gn_img_16_level_06.png,additive_gaussian_noise,6,0.8162674,0.2644944,3.086143,3.83027063999552,4.575522458425533,-4.575522458425533
img_16.png,gn_img_16_level_07.png,additive_gaussian_noise,7,0.8826581,0.2644944,3.337153,3.69969994151702,4.947670441292625,-4.947670441292625
img_16.png,gn_img_16_level_08.png,additive_gaussian_noise,8,0.8818113,0.2644944,3.333951,3.70136556191671,4.94292314898897,-4.94292314898897
img_16.png,gn_img_16_level_09.png,additive_gaussian_noise,9,0.9482951,0.2644944,3.585313,3.57061175963413,5.315593007836975,-5.315593007836975
img_16.png,gn_img_16_level_10.png,additive_gaussian_noise,10,1.0,0.2644944,3.780799,3.46892360552565,5.605420985123762,-5.605420985123762
img_17.png,gn_img_17_level_01.png,additive_gaussian_noise,1,0.0,0.3020652,0.0,5.4356243992662,0.0,-0.0
img_17.png,gn_img_17_level_02.png,additive_gaussian_noise,2,0.1283841,0.3020652,0.4250212,5.2145363352362,0.6301373740319132,-0.6301373740319132
img_17.png,gn_img_17_level_03.png,additive_gaussian_noise,3,0.4011322,0.3020652,1.327965,4.74484189018289,1.968843855097792,-1.968843855097792
img_17.png,gn_img_17_level_04.png,additive_gaussian_noise,4,0.505079,0.3020652,1.672086,4.56583659425396,2.479038413132158,-2.479038413132158
img_17.png,gn_img_17_level_05.png,additive_gaussian_noise,5,0.7361823,0.3020652,2.437164,4.1678573549785,3.613344753261987,-3.613344753261987
img_17.png,gn_img_17_level_06.png,additive_gaussian_noise,6,0.7746716,0.3020652,2.564584,4.10157585862325,3.8022579279439706,-3.8022579279439706
img_17.png,gn_img_17_level_07.png,additive_gaussian_noise,7,0.8392464,0.3020652,2.778362,3.99037254887728,4.119205665011661,-4.119205665011661
img_17.png,gn_img_17_level_08.png,additive_gaussian_noise,8,0.8978493,0.3020652,2.972369,3.88945374285474,4.406840873617278,-4.406840873617278
img_17.png,gn_img_17_level_09.png,additive_gaussian_noise,9,0.9481152,0.3020652,3.138777,3.80289141947156,4.653557743594358,-4.653557743594358
img_17.png,gn_img_17_level_10.png,additive_gaussian_noise,10,1.0,0.3020652,3.310544,3.71354144470739,4.90821987886041,-4.90821987886041
img_18.png,gn_img_18_level_01.png,additive_gaussian_noise,1,0.0,0.3029829,0.0,5.4356243992662,0.0,-0.0
img_18.png,gn_img_18_level_02.png,additive_gaussian_noise,2,0.1558817,0.3029829,0.5144901,5.16799628995871,0.7627841636591689,-0.7627841636591689
img_18.png,gn_img_18_level_03.png,additive_gaussian_noise,3,0.3664088,0.3029829,1.209338,4.80654943270474,1.7929672017231275,-1.7929672017231275
img_18.png,gn_img_18_level_04.png,additive_gaussian_noise,4,0.4949048,0.3029829,1.633441,4.58593899910916,2.4217432503980088,-2.4217432503980088
img_18.png,gn_img_18_level_05.png,additive_gaussian_noise,5,0.6215472,0.3029829,2.051427,4.36851051429088,3.0414502213022914,-3.0414502213022914
img_18.png,gn_img_18_level_06.png,additive_gaussian_noise,6,0.7079903,0.3029829,2.336734,4.2200991590827,3.464447012457469,-3.464447012457469
img_18.png,gn_img_18_level_07.png,additive_gaussian_noise,7,0.757137,0.3029829,2.498943,4.13572107681706,3.7049384357190447,-3.7049384357190447
img_18.png,gn_img_18_level_08.png,additive_gaussian_noise,8,0.8820977,0.3029829,2.911378,3.92118011818202,4.316415481708402,-4.316415481708402
img_18.png,gn_img_18_level_09.png,additive_gaussian_noise,9,0.8827196,0.3029829,2.913431,3.92011218605192,4.319459264062995,-4.319459264062995
img_18.png,gn_img_18_level_10.png,additive_gaussian_noise,10,1.0,0.3029829,3.300517,3.71875730221762,4.893353826415454,-4.893353826415454
img_19.png,gn_img_19_level_01.png,additive_gaussian_noise,1,0.0,0.3149067,0.0,5.4356243992662,0.0,-0.0
img_19.png,gn_img_19_level_02.png,additive_gaussian_noise,2,0.2792719,0.3149067,0.88684,4.97430684921372,1.314830951459508,-1.314830951459508
img_19.png,gn_img_19_level_03.png,additive_gaussian_noise,3,0.5008254,0.3149067,1.590393,4.60833176205925,2.3579201900957796,-2.3579201900957796
img_19.png,gn_img_19_level_04.png,additive_gaussian_noise,4,0.5615205,0.3149067,1.783133,4.50807202569517,2.6436769416905497,-2.6436769416905497
img_19.png,gn_img_19_level_05.png,additive_gaussian_noise,5,0.7416551,0.3149067,2.355158,4.21051533951867,3.491762475731216,-3.491762475731216
img_19.png,gn_img_19_level_06.png,additive_gaussian_noise,6,0.8095523,0.3149067,2.570768,4.09835905770141,3.8114263400632096,-3.8114263400632096
img_19.png,gn_img_19_level_07.png,additive_gaussian_noise,7,0.8939181,0.3149067,2.838675,3.95899885644537,4.2086258526163896,-4.2086258526163896
img_19.png,gn_img_19_level_08.png,additive_gaussian_noise,8,0.9553905,0.3149067,3.033884,3.85745479254636,4.49804314908865,-4.49804314908865
img_19.png,gn_img_19_level_09.png,additive_gaussian_noise,9,0.9513975,0.3149067,3.021204,3.86405069094367,4.4792437529579985,-4.4792437529579985
img_19.png,gn_img_19_level_10.png,additive_gaussian_noise,10,1.0,0.3149067,3.175543,3.78376643520695,4.708067096759934,-4.708067096759934
img_20.png,gn_img_20_level_01.png,additive_gaussian_noise,1,0.0,0.3470655,0.0,5.4356243992662,0.0,-0.0
img_20.png,gn_img_20_level_02.png,additive_gaussian_noise,2,0.211424,0.3470655,0.6091762,5.11874235500311,0.9031659855808122,-0.9031659855808122
img_20.png,gn_img_20_level_03.png,additive_gaussian_noise,3,0.4504006,0.3470655,1.29774,4.76056436881527,1.92403220304346,-1.92403220304346
img_20.png,gn_img_20_level_04.png,additive_gaussian_noise,4,0.611564,0.3470655,1.7621,4.51901299817077,2.612493369228721,-2.612493369228721
img_20.png,gn_img_20_level_05.png,additive_gaussian_noise,5,0.7063747,0.3470655,2.035278,4.37691092148474,3.017507678075644,-3.017507678075644
img_20.png,gn_img_20_level_06.png,additive_gaussian_noise,6,0.8524147,0.3470655,2.456063,4.1580264493152,3.641364452589524,-3.641364452589524
img_20.png,gn_img_20_level_07.png,additive_gaussian_noise,7,0.8222762,0.3470655,2.369225,4.2031979497115,3.512618241138935,-3.512618241138935
img_20.png,gn_img_20_level_08.png,additive_gaussian_noise,8,0.8921806,0.3470655,2.570641,4.09842512072164,3.8112380495814593,-3.8112380495814593
img_20.png,gn_img_20_level_09.png,additive_gaussian_noise,9,0.9301957,0.3470655,2.680174,4.04144810659294,3.973631918381033,-3.973631918381033
img_20.png,gn_img_20_level_10.png,additive_gaussian_noise,10,1.0,0.3470655,2.881301,3.93682560998768,4.27182325478241,-4.27182325478241
img_21.png,gn_img_21_level_01.png,additive_gaussian_noise,1,0.0,0.4004449,0.0,5.4356243992662,0.0,-0.0
img_21.png,gn_img_21_level_02.png,additive_gaussian_noise,2,0.2056871,0.4004449,0.5136465,5.16843511487101,0.7615334404276377,-0.7615334404276377
img_21.png,gn_img_21_level_03.png,additive_gaussian_noise,3,0.4679615,0.4004449,1.168604,4.82773849621545,1.7325748829545204,-1.7325748829545204
img_21.png,gn_img_21_level_04.png,additive_gaussian_noise,4,0.5981613,0.4004449,1.493742,4.6586078011758,2.214625203074995,-2.214625203074995
img_21.png,gn_img_21_level_05.png,additive_gaussian_noise,5,0.7395107,0.4004449,1.846723,4.47499369926894,2.7379556167653205,-2.7379556167653205
img_21.png,gn_img_21_level_06.png,additive_gaussian_noise,6,0.858108,0.4004449,2.142887,4.32093473610339,3.177049020206814,-3.177049020206814
img_21.png,gn_img_21_level_07.png,additive_gaussian_noise,7,0.8900569,0.4004449,2.22267,4.27943311450779,3.295335473005846,-3.295335473005846
img_21.png,gn_img_21_level_08.png,additive_gaussian_noise,8,0.9684326,0.4004449,2.418392,4.17762219762158,3.5855133444161993,-3.5855133444161993
img_21.png,gn_img_21_level_09.png,additive_gaussian_noise,9,0.966099,0.4004449,2.412564,4.18065381401428,3.57687273868675,-3.57687273868675
img_21.png,gn_img_21_level_10.png,additive_gaussian_noise,10,1.0,0.4004449,2.497223,4.13661578858704,3.702388359903215,-3.702388359903215
img_22.png,gn_img_22_level_01.png,additive_gaussian_noise,1,0.0,0.3318796,0.0,5.4356243992662,0.0,-0.0
img_22.png,gn_img_22_level_02.png,additive_gaussian_noise,2,0.2003474,0.3318796,0.6036749,5.12160402817764,0.8950097459961475,-0.8950097459961475
img_22.png,gn_img_22_level_03.png,additive_gaussian_noise,3,0.4397981,0.3318796,1.325173,4.74629423626533,1.964704429703724,-1.964704429703724
img_22.png,gn_img_22_level_04.png,additive_gaussian_noise,4,0.6154195,0.3318796,1.854345,4.4710288776929,2.7492560108747703,-2.7492560108747703
img_22.png,gn_img_22_level_05.png,additive_gaussian_noise,5,0.7176148,0.3318796,2.162274,4.31084998198442,3.205792229416982,-3.205792229416982
img_22.png,gn_img_22_level_06.png,additive_gaussian_noise,6,0.9031701,0.3318796,2.721378,4.02001455788927,4.0347210601923384,-4.0347210601923384
img_22.png,gn_img_22_level_07.png,additive_gaussian_noise,7,0.8388664,0.3318796,2.527622,4.12080279841514,3.7474579847435665,-3.7474579847435665
img_22.png,gn_img_22_level_08.png,additive_gaussian_noise,8,0.8003041,0.3318796,2.411428,4.18124473992748,3.5751885025665264,-3.5751885025665264
img_22.png,gn_img_22_level_09.png,additive_gaussian_noise,9,0.9879861,0.3318796,2.976941,3.88707547412662,4.413619330960286,-4.413619330960286
img_22.png,gn_img_22_level_10.png,additive_gaussian_noise,10,1.0,0.3318796,3.01314,3.86824543263735,4.467288048667969,-4.467288048667969
img_23.png,gn_img_23_level_01.png,additive_gaussian_noise,1,0.0,0.3577454,0.0,5.4356243992662,0.0,-0.0
img_23.png,gn_img_23_level_02.png,additive_gaussian_noise,2,0.3017203,0.3577454,0.843394,4.99690664430594,1.2504178154743135,-1.2504178154743135
img_23.png,gn_img_23_level_03.png,additive_gaussian_noise,3,0.4570586,0.3577454,1.277609,4.77103613779288,1.8941859377827237,-1.8941859377827237
img_23.png,gn_img_23_level_04.png,additive_gaussian_noise,4,0.6505481,0.3577454,1.818467,4.4896919409972,2.6960632084792264,-2.6960632084792264
img_23.png,gn_img_23_level_05.png,additive_gaussian_noise,5,0.7086944,0.3577454,1.981002,4.40514427964027,2.937037960064034,-2.937037960064034
img_23.png,gn_img_23_level_06.png,additive_gaussian_noise,6,0.7896024,0.3577454,2.207163,4.28749956533169,3.27234476040348,-3.27234476040348
img_23.png,gn_img_23_level_07.png,additive_gaussian_noise,7,0.8132917,0.3577454,2.273381,4.25305420254993,3.370519714108484,-3.370519714108484
img_23.png,gn_img_23_level_08.png,additive_gaussian_noise,8,0.8820031,0.3577454,2.465449,4.15314402799366,3.6552801570124176,-3.6552801570124176
img_23.png,gn_img_23_level_09.png,additive_gaussian_noise,9,0.9564028,0.3577454,2.673418,4.04496245119642,3.9636154577928098,-3.9636154577928098
img_23.png,gn_img_23_level_10.png,additive_gaussian_noise,10,1.0,0.3577454,2.795284,3.9815700415682,4.144294259753213,-4.144294259753213
img_24.png,gn_img_24_level_01.png,additive_gaussian_noise,1,0.0,0.3039196,0.0,5.4356243992662,0.0,-0.0
img_24.png,gn_img_24_level_02.png,additive_gaussian_noise,2,0.2110125,0.3039196,0.6943039,5.07446052061855,1.0293765024570916,-1.0293765024570916
img_24.png,gn_img_24_level_03.png,additive_gaussian_noise,3,0.4614591,0.3039196,1.518359,4.64580249905857,2.2511224218879473,-2.2511224218879473
img_24.png,gn_img_24_level_04.png,additive_gaussian_noise,4,0.6042959,0.3039196,1.988342,4.40132614918,2.947920260347866,-2.947920260347866
img_24.png,gn_img_24_level_05.png,additive_gaussian_noise,5,0.6757646,0.3039196,2.223498,4.27900240442317,3.296563067642769,-3.296563067642769
img_24.png,gn_img_24_level_06.png,additive_gaussian_noise,6,0.7836663,0.3039196,2.578532,4.09432037038622,3.822937263687687,-3.822937263687687
img_24.png,gn_img_24_level_07.png,additive_gaussian_noise,7,0.8229624,0.3039196,2.70783,4.02706197362166,4.014634765336024,-4.014634765336024
img_24.png,gn_img_24_level_08.png,additive_gaussian_noise,8,0.941609,0.3039196,3.098218,3.82398945126149,4.593424880213989,-4.593424880213989
img_24.png,gn_img_24_level_09.png,additive_gaussian_noise,9,0.9403054,0.3039196,3.093928,3.82622102887383,4.5870645166966,-4.5870645166966
img_24.png,gn_img_24_level_10.png,additive_gaussian_noise,10,1.0,0.3039196,3.290344,3.72404910619205,4.8782713140465965,-4.8782713140465965
