reference,direction,shift_px,ssim,ssim_distance_d,predicted_jod
I01,right,1,0.6781379888651793,0.3218620111348207,1.8227230989312089
I01,right,2,0.41711886457434066,0.5828811354256593,2.6553362479883242
I01,right,3,0.3942657653057265,0.6057342346942736,2.7037629118845468
I01,right,4,0.3724575700670062,0.6275424299329938,2.7469562386622774
I01,right,5,0.353321715528653,0.646678284471347,2.782546718633064
I01,right,6,0.33733116731668533,0.6626688326833147,2.8107064238082664
I01,right,7,0.32583092205535114,0.6741690779446489,2.830103011893967
I01,right,8,0.3210436719661435,0.6789563280338565,2.8379720560980104
I01,right,9,0.31824326723156193,0.6817567327684381,2.8425202112169403
I01,right,10,0.31243084399154586,0.6875691560084541,2.851832110740693
I01,right,11,0.30774384016381623,0.6922561598361838,2.8592165610850167
I01,right,12,0.30464034018703023,0.6953596598129698,2.8640457652082585
I01,right,13,0.29887527959824267,0.7011247204017573,2.872890282157023
I01,right,14,0.2910954584966082,0.7089045415033919,2.8845694934552455
I01,right,15,0.28511577700264085,0.7148842229973591,2.893349715321648
I01,right,16,0.2795296888401078,0.7204703111598922,2.9014003421216694
I01,right,17,0.27516738372833915,0.7248326162716608,2.907586867071023
I01,right,18,0.27065231242202054,0.7293476875779794,2.91389854936332
I01,right,19,0.2660379658873351,0.7339620341126649,2.9202540496450995
I01,right,20,0.26315319802973414,0.7368468019702659,2.924179120117853
I01,right,21,0.26420058544190156,0.7357994145580984,2.922758288469276
I01,right,22,0.2602668601805658,0.7397331398194342,2.9280695571872535
I01,right,23,0.24916789146664425,0.7508321085333558,2.942692394901779
I01,right,24,0.24114469260314694,0.758855307396853,2.952936479007774
I01,right,25,0.2370319599797342,0.7629680400202659,2.9580837851335886
I01,right,26,0.2325011659802102,0.7674988340197898,2.9636741216061484
I01,right,27,0.22644896770651032,0.7735510322934896,2.9710123373503645
I01,right,28,0.21917609786693804,0.780823902133062,2.979638315329656
I01,right,29,0.2154079948547543,0.7845920051452457,2.9840262902039827
I01,right,30,0.21363911684494993,0.78636088315505,2.9860672856803925
I01,right,31,0.20974931024065582,0.7902506897593442,2.9905134656721124
I01,right,32,0.20758346212602352,0.7924165378739765,2.9929642578954505
I01,right,33,0.2036153019941926,0.7963846980058074,2.9974088250569526
I01,right,34,0.19846348993817203,0.8015365100618279,3.003092008280274
I01,right,35,0.19530121204787207,0.8046987879521279,3.006532282181178
I01,right,36,0.19162143716665328,0.8083785628333467,3.010489968308957
I01,right,37,0.18769571673732302,0.812304283262677,3.014658705510872
I01,right,38,0.1842942301684739,0.8157057698315261,3.0182266144275998
I01,right,39,0.18052497461250921,0.8194750253874907,3.022132948278288
I01,right,40,0.17822968010506038,0.8217703198949396,3.0244875697387483
I01,right,41,0.1776827937516507,0.8223172062483493,3.025045913241338
I01,right,42,0.179130841853443,0.820869158146557,3.023565283482667
I01,right,43,0.17882833612482443,0.8211716638751756,3.023875192347104
I01,right,44,0.17591010798126702,0.824089892018733,3.0268486842396713
I01,right,45,0.17305747918496017,0.8269425208150398,3.0297272159797366
I01,right,46,0.169873254877534,0.830126745122466,3.0329078182771285
I01,right,47,0.1688831468853393,0.8311168531146607,3.0338898544910062
I01,right,48,0.16777872366068253,0.8322212763393175,3.034981407498778
I01,right,49,0.16345524756325663,0.8365447524367433,3.039215532377459
I01,right,50,0.15765842292351373,0.8423415770764863,3.0447962538533746
I01,right,51,0.15417957463404727,0.8458204253659527,3.048093176545218
I01,right,52,0.15049905575893524,0.8495009442410648,3.0515391346557967
I01,right,53,0.14662610405646628,0.8533738959435337,3.0551190640820316
I01,right,54,0.14501723914736267,0.8549827608526374,3.0565924084837945
I01,right,55,0.1426355859071007,0.8573644140928993,3.058758700580568
I01,right,56,0.14166222058918387,0.8583377794108161,3.0596390085531118
I01,right,57,0.1399932271091213,0.8600067728908787,3.061141668336762
I01,right,58,0.13776013041740745,0.8622398695825926,3.0631388999213938
I01,right,59,0.1376587569529114,0.8623412430470886,3.063229206036972
I01,right,60,0.1394423942211058,0.8605576057788942,3.0616357333088056
I01,right,61,0.138789678151517,0.861210321848483,3.0622199828927315
I01,right,62,0.13465241409647782,0.8653475859035222,3.0658931993960747
I01,right,63,0.13219292744982822,0.8678070725501718,3.0680523897574288
I01,right,64,0.13119692403140085,0.8688030759685992,3.068921642102141
I01,right,65,0.12959556988873322,0.8704044301112668,3.0703130272371384
I01,right,66,0.12923486803711107,0.870765131962889,3.070625385489709
I01,right,67,0.12805323758759424,0.8719467624124058,3.0716459550413955
I01,right,68,0.1268101606927608,0.8731898393072393,3.072715157891489
I01,right,69,0.12896101518028516,0.8710389848197149,3.070862277965327
I01,right,70,0.12928089861883352,0.8707191013811665,3.0705855456407303
I01,right,71,0.12966629703964128,0.8703337029603587,3.070251734263092
I01,right,72,0.12916914953608472,0.8708308504639153,3.0706822545420485
I01,right,73,0.1250836633946078,0.8749163366053923,3.074192647471806
I01,right,74,0.12092039447993673,0.8790796055200633,3.077719782905387
I01,right,75,0.11742368753855852,0.8825763124614415,3.0806436165845854
I01,right,76,0.1169616075824838,0.8830383924175162,3.0810273800493873
I01,right,77,0.11526055912753574,0.8847394408724643,3.0824348985837764
I01,right,78,0.11046086082093244,0.8895391391790676,3.0863623919641796
I01,right,79,0.10749037890308698,0.892509621096913,3.0887608681780927
I01,right,80,0.1058831988614271,0.894116801138573,3.090048399967981
I01,right,81,0.10404243099026338,0.8959575690097367,3.0915143527951345
I01,right,82,0.10528734159551871,0.8947126584044813,3.0905239449463044
I01,right,83,0.10580565141836885,0.8941943485816312,3.0901103445763196
I01,right,84,0.1039752362805838,0.8960247637194162,3.0915676901311837
I01,right,85,0.10330152311975273,0.8966984768802473,3.092101784837202
I01,right,86,0.10464915747584845,0.8953508425241515,3.091032191547444
I01,right,87,0.10591411345882941,0.8940858865411706,3.0900237009009475
I01,right,88,0.10517307094307626,0.8948269290569237,3.090615031463508
I01,right,89,0.10517488191196805,0.894825118088032,3.0906135881972627
I01,right,90,0.10958599986763536,0.8904140001323646,3.0870713297489045
I01,right,91,0.11579914845632013,0.8842008515436799,3.081990134715511
I01,right,92,0.11674445462689521,0.8832555453731048,3.0812075186723984
I01,right,93,0.1145159686706925,0.8854840313293075,3.083048426183284
I01,right,94,0.1119111885550974,0.8880888114449026,3.0851824291001737
I01,right,95,0.10899647870571551,0.8910035212942845,3.087547845023008
I01,right,96,0.10931900241344451,0.8906809975865555,3.087287265685827
I01,right,97,0.10888611945600175,0.8911138805439982,3.0876369422778414
I01,right,98,0.10903097378280704,0.890969026217193,3.087519988898335
I01,right,99,0.10905340874684254,0.8909465912531574,3.0875018700162498
I01,right,100,0.10699339508173639,0.8930066049182637,3.089159767535744
I01,left,1,0.6781379888651793,0.3218620111348207,1.8227230989312089
I01,left,2,0.41711886457434066,0.5828811354256593,2.6553362479883242
I01,left,3,0.3942657653057265,0.6057342346942736,2.7037629118845468
I01,left,4,0.3724575700670062,0.6275424299329938,2.7469562386622774
I01,left,5,0.353321715528653,0.646678284471347,2.782546718633064
I01,left,6,0.33733116731668533,0.6626688326833147,2.8107064238082664
I01,left,7,0.32583092205535114,0.6741690779446489,2.830103011893967
I01,left,8,0.3210436719661435,0.6789563280338565,2.8379720560980104
I01,left,9,0.31824326723156193,0.6817567327684381,2.8425202112169403
I01,left,10,0.31243084399154586,0.6875691560084541,2.851832110740693
I01,left,11,0.30774384016381623,0.6922561598361838,2.8592165610850167
I01,left,12,0.30464034018703023,0.6953596598129698,2.8640457652082585
I01,left,13,0.29887527959824267,0.7011247204017573,2.872890282157023
I01,left,14,0.2910954584966082,0.7089045415033919,2.8845694934552455
I01,left,15,0.28511577700264085,0.7148842229973591,2.893349715321648
I01,left,16,0.2795296888401078,0.7204703111598922,2.9014003421216694
I01,left,17,0.27516738372833915,0.7248326162716608,2.907586867071023
I01,left,18,0.27065231242202054,0.7293476875779794,2.91389854936332
I01,left,19,0.2660379658873351,0.7339620341126649,2.9202540496450995
I01,left,20,0.26315319802973414,0.7368468019702659,2.924179120117853
I01,left,21,0.26420058544190156,0.7357994145580984,2.922758288469276
I01,left,22,0.2602668601805658,0.7397331398194342,2.9280695571872535
I01,left,23,0.24916789146664425,0.7508321085333558,2.942692394901779
I01,left,24,0.24114469260314694,0.758855307396853,2.952936479007774
I01,left,25,0.2370319599797342,0.7629680400202659,2.9580837851335886
I01,left,26,0.2325011659802102,0.7674988340197898,2.9636741216061484
I01,left,27,0.22644896770651032,0.7735510322934896,2.9710123373503645
I01,left,28,0.21917609786693804,0.780823902133062,2.979638315329656
I01,left,29,0.2154079948547543,0.7845920051452457,2.9840262902039827
I01,left,30,0.21363911684494993,0.78636088315505,2.9860672856803925
I01,left,31,0.20974931024065582,0.7902506897593442,2.9905134656721124
I01,left,32,0.20758346212602352,0.7924165378739765,2.9929642578954505
I01,left,33,0.2036153019941926,0.7963846980058074,2.9974088250569526
I01,left,34,0.19846348993817203,0.8015365100618279,3.003092008280274
I01,left,35,0.19530121204787207,0.8046987879521279,3.006532282181178
I01,left,36,0.19162143716665328,0.8083785628333467,3.010489968308957
I01,left,37,0.18769571673732302,0.812304283262677,3.014658705510872
I01,left,38,0.1842942301684739,0.8157057698315261,3.0182266144275998
I01,left,39,0.18052497461250921,0.8194750253874907,3.022132948278288
I01,left,40,0.17822968010506038,0.8217703198949396,3.0244875697387483
I01,left,41,0.1776827937516507,0.8223172062483493,3.025045913241338
I01,left,42,0.179130841853443,0.820869158146557,3.023565283482667
I01,left,43,0.17882833612482443,0.8211716638751756,3.023875192347104
I01,left,44,0.17591010798126702,0.824089892018733,3.0268486842396713
I01,left,45,0.17305747918496017,0.8269425208150398,3.0297272159797366
I01,left,46,0.169873254877534,0.830126745122466,3.0329078182771285
I01,left,47,0.1688831468853393,0.8311168531146607,3.0338898544910062
I01,left,48,0.16777872366068253,0.8322212763393175,3.034981407498778
I01,left,49,0.16345524756325663,0.8365447524367433,3.039215532377459
I01,left,50,0.15765842292351373,0.8423415770764863,3.0447962538533746
I01,left,51,0.15417957463404727,0.8458204253659527,3.048093176545218
I01,left,52,0.15049905575893524,0.8495009442410648,3.0515391346557967
I01,left,53,0.14662610405646628,0.8533738959435337,3.0551190640820316
I01,left,54,0.14501723914736267,0.8549827608526374,3.0565924084837945
I01,left,55,0.1426355859071007,0.8573644140928993,3.058758700580568
I01,left,56,0.14166222058918387,0.8583377794108161,3.0596390085531118
I01,left,57,0.1399932271091213,0.8600067728908787,3.061141668336762
I01,left,58,0.13776013041740745,0.8622398695825926,3.0631388999213938
I01,left,59,0.1376587569529114,0.8623412430470886,3.063229206036972
I01,left,60,0.1394423942211058,0.8605576057788942,3.0616357333088056
I01,left,61,0.138789678151517,0.861210321848483,3.0622199828927315
I01,left,62,0.13465241409647782,0.8653475859035222,3.0658931993960747
I01,left,63,0.13219292744982822,0.8678070725501718,3.0680523897574288
I01,left,64,0.13119692403140085,0.8688030759685992,3.068921642102141
I01,left,65,0.12959556988873322,0.8704044301112668,3.0703130272371384
I01,left,66,0.12923486803711107,0.870765131962889,3.070625385489709
I01,left,67,0.12805323758759424,0.8719467624124058,3.0716459550413955
I01,left,68,0.1268101606927608,0.8731898393072393,3.072715157891489
I01,left,69,0.12896101518028516,0.8710389848197149,3.070862277965327
I01,left,70,0.12928089861883352,0.8707191013811665,3.0705855456407303
I01,left,71,0.12966629703964128,0.8703337029603587,3.070251734263092
I01,left,72,0.12916914953608472,0.8708308504639153,3.0706822545420485
I01,left,73,0.1250836633946078,0.8749163366053923,3.074192647471806
I01,left,74,0.12092039447993673,0.8790796055200633,3.077719782905387
I01,left,75,0.11742368753855852,0.8825763124614415,3.0806436165845854
I01,left,76,0.1169616075824838,0.8830383924175162,3.0810273800493873
I01,left,77,0.11526055912753574,0.8847394408724643,3.0824348985837764
I01,left,78,0.11046086082093244,0.8895391391790676,3.0863623919641796
I01,left,79,0.10749037890308698,0.892509621096913,3.0887608681780927
I01,left,80,0.1058831988614271,0.894116801138573,3.090048399967981
I01,left,81,0.10404243099026338,0.8959575690097367,3.0915143527951345
I01,left,82,0.10528734159551871,0.8947126584044813,3.0905239449463044
I01,left,83,0.10580565141836885,0.8941943485816312,3.0901103445763196
I01,left,84,0.1039752362805838,0.8960247637194162,3.0915676901311837
I01,left,85,0.10330152311975273,0.8966984768802473,3.092101784837202
I01,left,86,0.10464915747584845,0.8953508425241515,3.091032191547444
I01,left,87,0.10591411345882941,0.8940858865411706,3.0900237009009475
I01,left,88,0.10517307094307626,0.8948269290569237,3.090615031463508
I01,left,89,0.10517488191196805,0.894825118088032,3.0906135881972627
I01,left,90,0.10958599986763536,0.8904140001323646,3.0870713297489045
I01,left,91,0.11579914845632013,0.8842008515436799,3.081990134715511
I01,left,92,0.11674445462689521,0.8832555453731048,3.0812075186723984
I01,left,93,0.1145159686706925,0.8854840313293075,3.083048426183284
I01,left,94,0.1119111885550974,0.8880888114449026,3.0851824291001737
I01,left,95,0.10899647870571551,0.8910035212942845,3.087547845023008
I01,left,96,0.10931900241344451,0.8906809975865555,3.087287265685827
I01,left,97,0.10888611945600175,0.8911138805439982,3.0876369422778414
I01,left,98,0.10903097378280704,0.890969026217193,3.087519988898335
I01,left,99,0.10905340874684254,0.8909465912531574,3.0875018700162498
I01,left,100,0.10699339508173639,0.8930066049182637,3.089159767535744
I01,up,1,0.5325110204082673,0.46748897959173275,2.355355535929748
I01,up,2,0.22148271604546443,0.7785172839545356,2.9769250390318707
I01,up,3,0.23951291271095224,0.7604870872890478,2.9549870857555174
I01,up,4,0.23148811679692086,0.7685118832030792,2.964912682101759
I01,up,5,0.2200606129010068,0.7799393870989932,2.9786003134141383
I01,up,6,0.2101644796925968,0.7898355203074032,2.9900416526466973
I01,up,7,0.21802813032322663,0.7819718696767733,2.9809809499338344
I01,up,8,0.21196562474481037,0.7880343752551896,2.98798719999321
I01,up,9,0.21292563062563666,0.7870743693743634,2.986887140191662
I01,up,10,0.20605099911171373,0.7939490008882862,2.9946876796850947
I01,up,11,0.20210433057943045,0.7978956694205696,2.999085789466668
I01,up,12,0.19749492943299826,0.8025050705670017,3.0041495840467656
I01,up,13,0.19876962760757103,0.801230372392429,3.002757022059069
I01,up,14,0.20204242751244034,0.7979575724875596,2.9991543128679927
I01,up,15,0.18414373646691792,0.815856263533082,3.018383531599678
I01,up,16,0.18092204351386248,0.8190779564861375,3.0217237680838718
I01,up,17,0.175661628443838,0.824338371556162,3.0271005217650115
I01,up,18,0.16627495494308245,0.8337250450569176,3.036461120713259
I01,up,19,0.18854970985964026,0.8114502901403597,3.0137565130140596
I01,up,20,0.24131130159170538,0.7586886984082946,2.952726486418994
I01,up,21,0.23187898402126383,0.7681210159787362,2.9644352962156555
I01,up,22,0.17489271781105395,0.825107282188946,3.0278784891831343
I01,up,23,0.15940303405187484,0.8405969659481252,3.043128186619005
I01,up,24,0.15568431134823035,0.8443156886517696,3.04667189989848
I01,up,25,0.16347229651428313,0.8365277034857168,3.039198957011366
I01,up,26,0.16715766057035622,0.8328423394296438,3.035593446904631
I01,up,27,0.17274288259047002,0.82725711740953,3.030042977815312
I01,up,28,0.17502246015276218,0.8249775398472379,3.0277473599682585
I01,up,29,0.1671616788371003,0.8328383211628997,3.0355894911464913
I01,up,30,0.16885593242567964,0.8311440675743204,3.0339168007602515
I01,up,31,0.16442558575781863,0.8355744142421814,3.038270625914568
I01,up,32,0.16066049581169345,0.8393395041883065,3.041919769263303
I01,up,33,0.15964708807404906,0.840352911925951,3.0428940535457265
I01,up,34,0.16596272193629932,0.8340372780637006,3.0367674175429036
I01,up,35,0.16389606379966162,0.8361039362003384,3.0387866538611696
I01,up,36,0.15570685464741346,0.8442931453525866,3.0466505517831424
I01,up,37,0.15594094619184948,0.8440590538081505,3.046428774676045
I01,up,38,0.15840717517237152,0.8415928248276285,3.0440815599570668
I01,up,39,0.17169528747958177,0.8283047125204183,3.0310920411009032
I01,up,40,0.18759040393027565,0.8124095960697244,3.014769783202399
I01,up,41,0.1893968736853842,0.8106031263146158,3.0128589775833
I01,up,42,0.18103304296567568,0.8189669570343243,3.021609285182545
I01,up,43,0.1588402832669684,0.8411597167330316,3.043667324303928
I01,up,44,0.13937194584623883,0.8606280541537612,3.061698854568321
I01,up,45,0.13911183510535488,0.8608881648946451,3.0619317808503297
I01,up,46,0.14564341661612512,0.8543565833838749,3.056019933910612
I01,up,47,0.14821382098938948,0.8517861790106105,3.053657166085153
I01,up,48,0.14924548584966385,0.8507545141503361,3.0527030200704095
I01,up,49,0.14871984114310935,0.8512801588568907,3.053189585878215
I01,up,50,0.14618187398839697,0.853818126011603,3.0555266807185744
I01,up,51,0.14384110531597305,0.856158894684027,3.057664383833864
I01,up,52,0.14420157196352826,0.8557984280364718,3.0573362957404333
I01,up,53,0.15042492301546434,0.8495750769845356,3.051608101612298
I01,up,54,0.14892738744801343,0.8510726125519865,3.052997573323011
I01,up,55,0.15095036454352107,0.8490496354564789,3.0511188996923115
I01,up,56,0.1440672442343263,0.8559327557656737,3.057458604640936
I01,up,57,0.1400325446579493,0.8599674553420507,3.061106367338491
I01,up,58,0.1420107772625717,0.8579892227374283,3.059324110301615
I01,up,59,0.14541087503500583,0.8545891249649942,3.0562326743013726
I01,up,60,0.1560586708253903,0.8439413291746097,3.046317176450291
I01,up,61,0.15070122364711783,0.8492987763528822,3.0513509661788687
I01,up,62,0.15686930943694288,0.8431306905630571,3.0455475134111696
I01,up,63,0.1584715608117237,0.8415284391882762,3.044020018332386
I01,up,64,0.14143673781092514,0.8585632621890749,3.059842518637466
I01,up,65,0.1266971474682359,0.8733028525317641,3.072812138469253
I01,up,66,0.12801397169891726,0.8719860283010827,3.0716797981621635
I01,up,67,0.13378593771245595,0.866214062287544,3.0666559492745966
I01,up,68,0.13179659958605808,0.868203400413942,3.068398635082997
I01,up,69,0.13180389893682612,0.8681961010631739,3.0683922623576327
I01,up,70,0.13385648306813336,0.8661435169318666,3.06659393321514
I01,up,71,0.13396379369783026,0.8660362063021697,3.066499568371426
I01,up,72,0.12841677850387076,0.8715832214961292,3.0713324048115567
I01,up,73,0.13300155198314073,0.8669984480168593,3.067344494130136
I01,up,74,0.13867072453611487,0.8613292754638852,3.0623263190310768
I01,up,75,0.1426836587734416,0.8573163412265584,3.058715148049025
I01,up,76,0.13830865145196666,0.8616913485480333,3.0626497217487794
I01,up,77,0.12680321043545667,0.8731967895645434,3.0727211232300053
I01,up,78,0.12741367823872563,0.8725863217612744,3.072196623926434
I01,up,79,0.1312119863464657,0.8687880136535343,3.068908518607384
I01,up,80,0.13399101611703573,0.8660089838829643,3.0664756245290166
I01,up,81,0.130774051409168,0.869225948590832,3.0692898073133827
I01,up,82,0.1291784844795649,0.8708215155204351,3.0706741773907673
I01,up,83,0.1438945101675688,0.8561054898324312,3.057615801400531
I01,up,84,0.14072814814274934,0.8592718518572506,3.060481042315905
I01,up,85,0.12468701281961832,0.8753129871803816,3.0745308601110066
I01,up,86,0.11100399261171842,0.8889960073882816,3.085921196507087
I01,up,87,0.11673000447122989,0.8832699955287702,3.0812195010025194
I01,up,88,0.12222645550584207,0.8777735444941579,3.0766186870143883
I01,up,89,0.12115438984340898,0.878845610156591,3.0775228710625715
I01,up,90,0.12118819140774362,0.8788118085922564,3.0774944133222384
I01,up,91,0.11959583812318361,0.8804041618768164,3.078831455339972
I01,up,92,0.11650695967652118,0.8834930403234789,3.081404378535823
I01,up,93,0.11586985604588065,0.8841301439541194,3.0819316838129476
I01,up,94,0.12727828968006868,0.8727217103199313,3.072313040973059
I01,up,95,0.13723889429369526,0.8627611057063047,3.0636028986085053
I01,up,96,0.13331995804954308,0.8666800419504569,3.067065214941027
I01,up,97,0.12150861540166674,0.8784913845983333,3.077224482842257
I01,up,98,0.11517506497974606,0.8848249350202539,3.082505423658226
I01,up,99,0.11136036461070671,0.8886396353892932,3.085631262179052
I01,up,100,0.11317987180581703,0.886820128194183,3.0841454237914068
I01,down,1,0.5325110204082673,0.46748897959173275,2.355355535929748
I01,down,2,0.22148271604546443,0.7785172839545356,2.9769250390318707
I01,down,3,0.23951291271095224,0.7604870872890478,2.9549870857555174
I01,down,4,0.23148811679692086,0.7685118832030792,2.964912682101759
I01,down,5,0.2200606129010068,0.7799393870989932,2.9786003134141383
I01,down,6,0.2101644796925968,0.7898355203074032,2.9900416526466973
I01,down,7,0.21802813032322663,0.7819718696767733,2.9809809499338344
I01,down,8,0.21196562474481037,0.7880343752551896,2.98798719999321
I01,down,9,0.21292563062563666,0.7870743693743634,2.986887140191662
I01,down,10,0.20605099911171373,0.7939490008882862,2.9946876796850947
I01,down,11,0.20210433057943045,0.7978956694205696,2.999085789466668
I01,down,12,0.19749492943299826,0.8025050705670017,3.0041495840467656
I01,down,13,0.19876962760757103,0.801230372392429,3.002757022059069
I01,down,14,0.20204242751244034,0.7979575724875596,2.9991543128679927
I01,down,15,0.18414373646691792,0.815856263533082,3.018383531599678
I01,down,16,0.18092204351386248,0.8190779564861375,3.0217237680838718
I01,down,17,0.175661628443838,0.824338371556162,3.0271005217650115
I01,down,18,0.16627495494308245,0.8337250450569176,3.036461120713259
I01,down,19,0.18854970985964026,0.8114502901403597,3.0137565130140596
I01,down,20,0.24131130159170538,0.7586886984082946,2.952726486418994
I01,down,21,0.23187898402126383,0.7681210159787362,2.9644352962156555
I01,down,22,0.17489271781105395,0.825107282188946,3.0278784891831343
I01,down,23,0.15940303405187484,0.8405969659481252,3.043128186619005
I01,down,24,0.15568431134823035,0.8443156886517696,3.04667189989848
I01,down,25,0.16347229651428313,0.8365277034857168,3.039198957011366
I01,down,26,0.16715766057035622,0.8328423394296438,3.035593446904631
I01,down,27,0.17274288259047002,0.82725711740953,3.030042977815312
I01,down,28,0.17502246015276218,0.8249775398472379,3.0277473599682585
I01,down,29,0.1671616788371003,0.8328383211628997,3.0355894911464913
I01,down,30,0.16885593242567964,0.8311440675743204,3.0339168007602515
I01,down,31,0.16442558575781863,0.8355744142421814,3.038270625914568
I01,down,32,0.16066049581169345,0.8393395041883065,3.041919769263303
I01,down,33,0.15964708807404906,0.840352911925951,3.0428940535457265
I01,down,34,0.16596272193629932,0.8340372780637006,3.0367674175429036
I01,down,35,0.16389606379966162,0.8361039362003384,3.0387866538611696
I01,down,36,0.15570685464741346,0.8442931453525866,3.0466505517831424
I01,down,37,0.15594094619184948,0.8440590538081505,3.046428774676045
I01,down,38,0.15840717517237152,0.8415928248276285,3.0440815599570668
I01,down,39,0.17169528747958177,0.8283047125204183,3.0310920411009032
I01,down,40,0.18759040393027565,0.8124095960697244,3.014769783202399
I01,down,41,0.1893968736853842,0.8106031263146158,3.0128589775833
I01,down,42,0.18103304296567568,0.8189669570343243,3.021609285182545
I01,down,43,0.1588402832669684,0.8411597167330316,3.043667324303928
I01,down,44,0.13937194584623883,0.8606280541537612,3.061698854568321
I01,down,45,0.13911183510535488,0.8608881648946451,3.0619317808503297
I01,down,46,0.14564341661612512,0.8543565833838749,3.056019933910612
I01,down,47,0.14821382098938948,0.8517861790106105,3.053657166085153
I01,down,48,0.14924548584966385,0.8507545141503361,3.0527030200704095
I01,down,49,0.14871984114310935,0.8512801588568907,3.053189585878215
I01,down,50,0.14618187398839697,0.853818126011603,3.0555266807185744
I01,down,51,0.14384110531597305,0.856158894684027,3.057664383833864
I01,down,52,0.14420157196352826,0.8557984280364718,3.0573362957404333
I01,down,53,0.15042492301546434,0.8495750769845356,3.051608101612298
I01,down,54,0.14892738744801343,0.8510726125519865,3.052997573323011
I01,down,55,0.15095036454352107,0.8490496354564789,3.0511188996923115
I01,down,56,0.1440672442343263,0.8559327557656737,3.057458604640936
I01,down,57,0.1400325446579493,0.8599674553420507,3.061106367338491
I01,down,58,0.1420107772625717,0.8579892227374283,3.059324110301615
I01,down,59,0.14541087503500583,0.8545891249649942,3.0562326743013726
I01,down,60,0.1560586708253903,0.8439413291746097,3.046317176450291
I01,down,61,0.15070122364711783,0.8492987763528822,3.0513509661788687
I01,down,62,0.15686930943694288,0.8431306905630571,3.0455475134111696
I01,down,63,0.1584715608117237,0.8415284391882762,3.044020018332386
I01,down,64,0.14143673781092514,0.8585632621890749,3.059842518637466
I01,down,65,0.1266971474682359,0.8733028525317641,3.072812138469253
I01,down,66,0.12801397169891726,0.8719860283010827,3.0716797981621635
I01,down,67,0.13378593771245595,0.866214062287544,3.0666559492745966
I01,down,68,0.13179659958605808,0.868203400413942,3.068398635082997
I01,down,69,0.13180389893682612,0.8681961010631739,3.0683922623576327
I01,down,70,0.13385648306813336,0.8661435169318666,3.06659393321514
I01,down,71,0.13396379369783026,0.8660362063021697,3.066499568371426
I01,down,72,0.12841677850387076,0.8715832214961292,3.0713324048115567
I01,down,73,0.13300155198314073,0.8669984480168593,3.067344494130136
I01,down,74,0.13867072453611487,0.8613292754638852,3.0623263190310768
I01,down,75,0.1426836587734416,0.8573163412265584,3.058715148049025
I01,down,76,0.13830865145196666,0.8616913485480333,3.0626497217487794
I01,down,77,0.12680321043545667,0.8731967895645434,3.0727211232300053
I01,down,78,0.12741367823872563,0.8725863217612744,3.072196623926434
I01,down,79,0.1312119863464657,0.8687880136535343,3.068908518607384
I01,down,80,0.13399101611703573,0.8660089838829643,3.0664756245290166
I01,down,81,0.130774051409168,0.869225948590832,3.0692898073133827
I01,down,82,0.1291784844795649,0.8708215155204351,3.0706741773907673
I01,down,83,0.1438945101675688,0.8561054898324312,3.057615801400531
I01,down,84,0.14072814814274934,0.8592718518572506,3.060481042315905
I01,down,85,0.12468701281961832,0.8753129871803816,3.0745308601110066
I01,down,86,0.11100399261171842,0.8889960073882816,3.085921196507087
I01,down,87,0.11673000447122989,0.8832699955287702,3.0812195010025194
I01,down,88,0.12222645550584207,0.8777735444941579,3.0766186870143883
I01,down,89,0.12115438984340898,0.878845610156591,3.0775228710625715
I01,down,90,0.12118819140774362,0.8788118085922564,3.0774944133222384
I01,down,91,0.11959583812318361,0.8804041618768164,3.078831455339972
I01,down,92,0.11650695967652118,0.8834930403234789,3.081404378535823
I01,down,93,0.11586985604588065,0.8841301439541194,3.0819316838129476
I01,down,94,0.12727828968006868,0.8727217103199313,3.072313040973059
I01,down,95,0.13723889429369526,0.8627611057063047,3.0636028986085053
I01,down,96,0.13331995804954308,0.8666800419504569,3.067065214941027
I01,down,97,0.12150861540166674,0.8784913845983333,3.077224482842257
I01,down,98,0.11517506497974606,0.8848249350202539,3.082505423658226
I01,down,99,0.11136036461070671,0.8886396353892932,3.085631262179052
I01,down,100,0.11317987180581703,0.886820128194183,3.0841454237914068
I02,right,1,0.7474608616941509,0.25253913830584906,1.503104194612595
I02,right,2,0.5706381184765419,0.4293618815234581,2.2335995763256804
I02,right,3,0.5582087484796718,0.44179125152032817,2.274617633806037
I02,right,4,0.5352887537712424,0.4647112462287576,2.346888594474902
I02,right,5,0.5172505915738983,0.4827494084261017,2.4007680051229014
I02,right,6,0.5039481636868228,0.4960518363131772,2.438854535105998
I02,right,7,0.4951086603981634,0.5048913396018366,2.463406088883583
I02,right,8,0.48618198203077223,0.5138180179692278,2.4875969266097764
I02,right,9,0.478223437214854,0.5217765627851461,2.5086609661957553
I02,right,10,0.4765677801427937,0.5234322198572063,2.512984079451173
I02,right,11,0.4714641654674648,0.5285358345325353,2.5261836069196946
I02,right,12,0.46400628940945887,0.5359937105905411,2.5451311977726956
I02,right,13,0.4589769882123364,0.5410230117876635,2.5576827945388345
I02,right,14,0.45654498845769537,0.5434550115423047,2.563687669118898
I02,right,15,0.4537759765815092,0.5462240234184907,2.5704736932831995
I02,right,16,0.4486400952825719,0.551359904717428,2.582917501287768
I02,right,17,0.44665966153082776,0.5533403384691722,2.587666711196201
I02,right,18,0.4427662374292856,0.5572337625707144,2.5969241272375836
I02,right,19,0.43824091381214575,0.5617590861878543,2.6075528921798803
I02,right,20,0.4341297219001688,0.5658702780998313,2.6170878187582183
I02,right,21,0.4331687711642811,0.5668312288357189,2.6192999934726604
I02,right,22,0.432185255712435,0.567814744287565,2.621557658993374
I02,right,23,0.43023255617690676,0.5697674438230933,2.6260207935465028
I02,right,24,0.42756402974553287,0.5724359702544671,2.632078694045907
I02,right,25,0.4257402556686678,0.5742597443313322,2.636191554693313
I02,right,26,0.4229604354324226,0.5770395645675774,2.6424179431939177
I02,right,27,0.41969988190247787,0.5803001180975221,2.649656083555996
I02,right,28,0.42073100560492,0.57926899439508,2.6473746419657056
I02,right,29,0.420332245131623,0.5796677548683771,2.648257758494549
I02,right,30,0.41741132336764564,0.5825886766323544,2.654694807410743
I02,right,31,0.4149258468131532,0.5850741531868469,2.660128375428047
I02,right,32,0.412483771897585,0.587516228102415,2.6654280112036606
I02,right,33,0.41112542591588114,0.5888745740841188,2.6683591321422098
I02,right,34,0.40994727495469024,0.5900527250453098,2.670891799844398
I02,right,35,0.41088301036718566,0.5891169896328143,2.668880981310605
I02,right,36,0.41191549840209296,0.588084501597907,2.6666557131084057
I02,right,37,0.41150183256194384,0.5884981674380562,2.6675480900526845
I02,right,38,0.4093838486696087,0.5906161513303914,2.6720998449745244
I02,right,39,0.41043294327424984,0.5895670567257502,2.6698488407967194
I02,right,40,0.41095576300291575,0.5890442369970843,2.6687244060541424
I02,right,41,0.41112168426080037,0.5888783157391997,2.6683671896950454
I02,right,42,0.4090129022102635,0.5909870977897365,2.6728940819762244
I02,right,43,0.4071018030969515,0.5928981969030485,2.6769720025722368
I02,right,44,0.4068336582826905,0.5931663417173094,2.6775423065603734
I02,right,45,0.4080832307904297,0.5919167692095704,2.674880739311188
I02,right,46,0.4107831520288854,0.5892168479711146,2.6690958369204463
I02,right,47,0.4107212228710713,0.5892787771289287,2.669229051732584
I02,right,48,0.40613098185312163,0.5938690181468784,2.6790346209269584
I02,right,49,0.4053926136279743,0.5946073863720257,2.680599350237271
I02,right,50,0.40557420059080623,0.5944257994091937,2.6802148576352334
I02,right,51,0.4041695330383014,0.5958304669616986,2.683183649911376
I02,right,52,0.4033172981863702,0.5966827018136298,2.684978768801612
I02,right,53,0.401982120037273,0.5980178799627269,2.68778191171321
I02,right,54,0.39889833178610623,0.6011016682138938,2.694213276204053
I02,right,55,0.39666905357849247,0.6033309464215075,2.698825424328307
I02,right,56,0.39747284535547955,0.6025271546445204,2.697166038307781
I02,right,57,0.40006330556847697,0.599936694431523,2.6917906967024727
I02,right,58,0.3967694307749353,0.6032305692250647,2.6986184209161523
I02,right,59,0.39355141721364123,0.6064485827863588,2.705223613000374
I02,right,60,0.3946900242082626,0.6053099757917374,2.7028938901777657
I02,right,61,0.3952411354424712,0.6047588645575288,2.701763366515592
I02,right,62,0.39473806187102933,0.6052619381289707,2.702795422933301
I02,right,63,0.39257128034450894,0.6074287196554911,2.707222665348799
I02,right,64,0.3934203914774199,0.6065796085225801,2.7054911921610003
I02,right,65,0.39377702146017746,0.6062229785398225,2.704762637956433
I02,right,66,0.39186106265894877,0.6081389373410513,2.708667495583274
I02,right,67,0.3907874747653639,0.6092125252346361,2.710845650557774
I02,right,68,0.3885735779994444,0.6114264220005556,2.7153149862153505
I02,right,69,0.38662989829707595,0.613370101702924,2.719214111943221
I02,right,70,0.38699985156097977,0.6130001484390202,2.718473740536121
I02,right,71,0.3871289922170638,0.6128710077829362,2.7182151007016504
I02,right,72,0.38663493331334625,0.6133650666866537,2.7192040411759413
I02,right,73,0.3850529987035021,0.6149470012964979,2.7223605603831915
I02,right,74,0.3825006419753918,0.6174993580246082,2.7274214508829964
I02,right,75,0.381096052815354,0.618903947184646,2.730189750444077
I02,right,76,0.385279789615069,0.614720210384931,2.7219089652716395
I02,right,77,0.3848055539379226,0.6151944460620774,2.7228529265460573
I02,right,78,0.380468948093055,0.619531051906945,2.7314218800550742
I02,right,79,0.3825362376608565,0.6174637623391435,2.7273511411722904
I02,right,80,0.3834195789805225,0.6165804210194775,2.7256038899719446
I02,right,81,0.38090492381100316,0.6190950761889968,2.7305655290526962
I02,right,82,0.38065256276444837,0.6193474372355516,2.7310613599838556
I02,right,83,0.3808812962946809,0.6191187037053191,2.730611967862721
I02,right,84,0.38068340854835486,0.6193165914516452,2.7310007756756782
I02,right,85,0.3796595852655477,0.6203404147344522,2.7330086227548884
I02,right,86,0.379939266633149,0.6200607333668511,2.732460755745487
I02,right,87,0.37973921098048213,0.6202607890195179,2.732852691867146
I02,right,88,0.38064940123616653,0.6193505987638335,2.7310675692296504
I02,right,89,0.38138823261811466,0.6186117673818854,2.729614871794478
I02,right,90,0.38404238051643447,0.6159576194835655,2.724369154987598
I02,right,91,0.38672422175703036,0.6132757782429696,2.7190254256314628
I02,right,92,0.38561696869363205,0.614383031306368,2.72123698402212
I02,right,93,0.3841668277943558,0.6158331722056443,2.724122150952658
I02,right,94,0.38059242327666437,0.6194075767233356,2.731179463738992
I02,right,95,0.3779463224040626,0.6220536775959373,2.7363545204228314
I02,right,96,0.3788796496110493,0.6211203503889506,2.734533963855582
I02,right,97,0.3781813999460059,0.621818600053994,2.735896465763508
I02,right,98,0.3766519521857969,0.623348047814203,2.738870738080154
I02,right,99,0.3739781244494412,0.6260218755505589,2.7440370852647993
I02,right,100,0.37297431002920367,0.6270256899707963,2.7459657321094344
I02,left,1,0.7474608616941509,0.25253913830584906,1.503104194612595
I02,left,2,0.5706381184765419,0.4293618815234581,2.2335995763256804
I02,left,3,0.5582087484796718,0.44179125152032817,2.274617633806037
I02,left,4,0.5352887537712424,0.4647112462287576,2.346888594474902
I02,left,5,0.5172505915738983,0.4827494084261017,2.4007680051229014
I02,left,6,0.5039481636868228,0.4960518363131772,2.438854535105998
I02,left,7,0.4951086603981634,0.5048913396018366,2.463406088883583
I02,left,8,0.48618198203077223,0.5138180179692278,2.4875969266097764
I02,left,9,0.478223437214854,0.5217765627851461,2.5086609661957553
I02,left,10,0.4765677801427937,0.5234322198572063,2.512984079451173
I02,left,11,0.4714641654674648,0.5285358345325353,2.5261836069196946
I02,left,12,0.46400628940945887,0.5359937105905411,2.5451311977726956
I02,left,13,0.4589769882123364,0.5410230117876635,2.5576827945388345
I02,left,14,0.45654498845769537,0.5434550115423047,2.563687669118898
I02,left,15,0.4537759765815092,0.5462240234184907,2.5704736932831995
I02,left,16,0.4486400952825719,0.551359904717428,2.582917501287768
I02,left,17,0.44665966153082776,0.5533403384691722,2.587666711196201
I02,left,18,0.4427662374292856,0.5572337625707144,2.5969241272375836
I02,left,19,0.43824091381214575,0.5617590861878543,2.6075528921798803
I02,left,20,0.4341297219001688,0.5658702780998313,2.6170878187582183
I02,left,21,0.4331687711642811,0.5668312288357189,2.6192999934726604
I02,left,22,0.432185255712435,0.567814744287565,2.621557658993374
I02,left,23,0.43023255617690676,0.5697674438230933,2.6260207935465028
I02,left,24,0.42756402974553287,0.5724359702544671,2.632078694045907
I02,left,25,0.4257402556686678,0.5742597443313322,2.636191554693313
I02,left,26,0.4229604354324226,0.5770395645675774,2.6424179431939177
I02,left,27,0.41969988190247787,0.5803001180975221,2.649656083555996
I02,left,28,0.42073100560492,0.57926899439508,2.6473746419657056
I02,left,29,0.420332245131623,0.5796677548683771,2.648257758494549
I02,left,30,0.41741132336764564,0.5825886766323544,2.654694807410743
I02,left,31,0.4149258468131532,0.5850741531868469,2.660128375428047
I02,left,32,0.412483771897585,0.587516228102415,2.6654280112036606
I02,left,33,0.41112542591588114,0.5888745740841188,2.6683591321422098
I02,left,34,0.40994727495469024,0.5900527250453098,2.670891799844398
I02,left,35,0.41088301036718566,0.5891169896328143,2.668880981310605
I02,left,36,0.41191549840209296,0.588084501597907,2.6666557131084057
I02,left,37,0.41150183256194384,0.5884981674380562,2.6675480900526845
I02,left,38,0.4093838486696087,0.5906161513303914,2.6720998449745244
I02,left,39,0.41043294327424984,0.5895670567257502,2.6698488407967194
I02,left,40,0.41095576300291575,0.5890442369970843,2.6687244060541424
I02,left,41,0.41112168426080037,0.5888783157391997,2.6683671896950454
I02,left,42,0.4090129022102635,0.5909870977897365,2.6728940819762244
I02,left,43,0.4071018030969515,0.5928981969030485,2.6769720025722368
I02,left,44,0.4068336582826905,0.5931663417173094,2.6775423065603734
I02,left,45,0.4080832307904297,0.5919167692095704,2.674880739311188
I02,left,46,0.4107831520288854,0.5892168479711146,2.6690958369204463
I02,left,47,0.4107212228710713,0.5892787771289287,2.669229051732584
I02,left,48,0.40613098185312163,0.5938690181468784,2.6790346209269584
I02,left,49,0.4053926136279743,0.5946073863720257,2.680599350237271
I02,left,50,0.40557420059080623,0.5944257994091937,2.6802148576352334
I02,left,51,0.4041695330383014,0.5958304669616986,2.683183649911376
I02,left,52,0.4033172981863702,0.5966827018136298,2.684978768801612
I02,left,53,0.401982120037273,0.5980178799627269,2.68778191171321
I02,left,54,0.39889833178610623,0.6011016682138938,2.694213276204053
I02,left,55,0.39666905357849247,0.6033309464215075,2.698825424328307
I02,left,56,0.39747284535547955,0.6025271546445204,2.697166038307781
I02,left,57,0.40006330556847697,0.599936694431523,2.6917906967024727
I02,left,58,0.3967694307749353,0.6032305692250647,2.6986184209161523
I02,left,59,0.39355141721364123,0.6064485827863588,2.705223613000374
I02,left,60,0.3946900242082626,0.6053099757917374,2.7028938901777657
I02,left,61,0.3952411354424712,0.6047588645575288,2.701763366515592
I02,left,62,0.39473806187102933,0.6052619381289707,2.702795422933301
I02,left,63,0.39257128034450894,0.6074287196554911,2.707222665348799
I02,left,64,0.3934203914774199,0.6065796085225801,2.7054911921610003
I02,left,65,0.39377702146017746,0.6062229785398225,2.704762637956433
I02,left,66,0.39186106265894877,0.6081389373410513,2.708667495583274
I02,left,67,0.3907874747653639,0.6092125252346361,2.710845650557774
I02,left,68,0.3885735779994444,0.6114264220005556,2.7153149862153505
I02,left,69,0.38662989829707595,0.613370101702924,2.719214111943221
I02,left,70,0.38699985156097977,0.6130001484390202,2.718473740536121
I02,left,71,0.3871289922170638,0.6128710077829362,2.7182151007016504
I02,left,72,0.38663493331334625,0.6133650666866537,2.7192040411759413
I02,left,73,0.3850529987035021,0.6149470012964979,2.7223605603831915
I02,left,74,0.3825006419753918,0.6174993580246082,2.7274214508829964
I02,left,75,0.381096052815354,0.618903947184646,2.730189750444077
I02,left,76,0.385279789615069,0.614720210384931,2.7219089652716395
I02,left,77,0.3848055539379226,0.6151944460620774,2.7228529265460573
I02,left,78,0.380468948093055,0.619531051906945,2.7314218800550742
I02,left,79,0.3825362376608565,0.6174637623391435,2.7273511411722904
I02,left,80,0.3834195789805225,0.6165804210194775,2.7256038899719446
I02,left,81,0.38090492381100316,0.6190950761889968,2.7305655290526962
I02,left,82,0.38065256276444837,0.6193474372355516,2.7310613599838556
I02,left,83,0.3808812962946809,0.6191187037053191,2.730611967862721
I02,left,84,0.38068340854835486,0.6193165914516452,2.7310007756756782
I02,left,85,0.3796595852655477,0.6203404147344522,2.7330086227548884
I02,left,86,0.379939266633149,0.6200607333668511,2.732460755745487
I02,left,87,0.37973921098048213,0.6202607890195179,2.732852691867146
I02,left,88,0.38064940123616653,0.6193505987638335,2.7310675692296504
I02,left,89,0.38138823261811466,0.6186117673818854,2.729614871794478
I02,left,90,0.38404238051643447,0.6159576194835655,2.724369154987598
I02,left,91,0.38672422175703036,0.6132757782429696,2.7190254256314628
I02,left,92,0.38561696869363205,0.614383031306368,2.72123698402212
I02,left,93,0.3841668277943558,0.6158331722056443,2.724122150952658
I02,left,94,0.38059242327666437,0.6194075767233356,2.731179463738992
I02,left,95,0.3779463224040626,0.6220536775959373,2.7363545204228314
I02,left,96,0.3788796496110493,0.6211203503889506,2.734533963855582
I02,left,97,0.3781813999460059,0.621818600053994,2.735896465763508
I02,left,98,0.3766519521857969,0.623348047814203,2.738870738080154
I02,left,99,0.3739781244494412,0.6260218755505589,2.7440370852647993
I02,left,100,0.37297431002920367,0.6270256899707963,2.7459657321094344
I02,up,1,0.7236044547865046,0.2763955452134954,1.6178973431433281
I02,up,2,0.5272786734306457,0.4727213265693543,2.3711356470978364
I02,up,3,0.523578665724562,0.476421334275438,2.382162019601524
I02,up,4,0.4989930395111146,0.5010069604888854,2.452690999250107
I02,up,5,0.4808871708141997,0.5191128291858003,2.501663176365404
I02,up,6,0.4686172809069222,0.5313827190930778,2.5334639574734172
I02,up,7,0.4598674881996141,0.5401325118003859,2.5554735389926986
I02,up,8,0.4488478261278792,0.5511521738721208,2.582417767060159
I02,up,9,0.4416497149174478,0.5583502850825521,2.599559591935149
I02,up,10,0.43491139922103084,0.5650886007789692,2.6152837374163074
I02,up,11,0.42649935676716366,0.5735006432328363,2.634482367669202
I02,up,12,0.42180789853801015,0.5781921014619898,2.644984471250126
I02,up,13,0.4159388019432936,0.5840611980567064,2.657918779412391
I02,up,14,0.4106286977394683,0.5893713022605317,2.669428035106118
I02,up,15,0.4066581137410083,0.5933418862589916,2.6779154153360167
I02,up,16,0.402451869705871,0.597548130294129,2.686796977993448
I02,up,17,0.3968486602705742,0.6031513397294258,2.6984549851351973
I02,up,18,0.3926289708711397,0.6073710291288603,2.7071051661108045
I02,up,19,0.3906808689306056,0.6093191310693944,2.7110615515753356
I02,up,20,0.38966144174538325,0.6103385582546168,2.7131225996112622
I02,up,21,0.38940443298784017,0.6105955670121599,2.7136412065232394
I02,up,22,0.38795345624128175,0.6120465437587183,2.7165614874508073
I02,up,23,0.383561323448712,0.6164386765512879,2.725323080558433
I02,up,24,0.3815760660810337,0.6184239339189663,2.7292450289386148
I02,up,25,0.38336602512849943,0.6166339748715006,2.7257099537131495
I02,up,26,0.38233656747093453,0.6176634325290655,2.7277454372665533
I02,up,27,0.38020162733943036,0.6197983726605696,2.731946392210486
I02,up,28,0.3775574886513333,0.6224425113486667,2.737111449969838
I02,up,29,0.37601902423013117,0.6239809757698689,2.740097504574215
I02,up,30,0.37871010250501186,0.6212898974949881,2.7348650705187074
I02,up,31,0.3807963551747169,0.6192036448252831,2.730778888095027
I02,up,32,0.3809986589560104,0.6190013410439896,2.730381263857484
I02,up,33,0.379653716140612,0.6203462838593881,2.7330201147492756
I02,up,34,0.37792014326858553,0.6220798567314145,2.7364055107533467
I02,up,35,0.3761950985413753,0.6238049014586247,2.73975646907403
I02,up,36,0.37282019640431396,0.627179803595686,2.7462613074141364
I02,up,37,0.3707458701424476,0.6292541298575525,2.7502260785529815
I02,up,38,0.3664547883954465,0.6335452116045535,2.758347971960597
I02,up,39,0.3615228889140221,0.6384771110859779,2.7675509501798574
I02,up,40,0.36184040006892676,0.6381595999310732,2.7669626859354874
I02,up,41,0.36346519885726974,0.6365348011427303,2.7639433062627052
I02,up,42,0.36039292612840285,0.6396070738715971,2.769639790371026
I02,up,43,0.36065808058062354,0.6393419194193765,2.7691502837643185
I02,up,44,0.36256599221869906,0.637434007781301,2.7656161849423384
I02,up,45,0.3597832914606663,0.6402167085393338,2.7707637253480097
I02,up,46,0.35849853683552646,0.6415014631644735,2.7731253870741455
I02,up,47,0.3612009733801969,0.6387990266198031,2.768146784925862
I02,up,48,0.36276665269428365,0.6372333473057163,2.7652432803108153
I02,up,49,0.361448488842304,0.638551511157696,2.7676887103041654
I02,up,50,0.3574744880619651,0.6425255119380349,2.7750010901157083
I02,up,51,0.353265940234829,0.646734059765171,2.7826474017492577
I02,up,52,0.34978637829853426,0.6502136217014658,2.788894127385868
I02,up,53,0.34956708936495456,0.6504329106350455,2.7892855455770382
I02,up,54,0.3478207542690969,0.652179245730903,2.792393120589291
I02,up,55,0.3457636872832279,0.6542363127167721,2.796031982625335
I02,up,56,0.3431280935949179,0.6568719064050821,2.800660185225496
I02,up,57,0.3409816853896607,0.6590183146103392,2.804401265715801
I02,up,58,0.34028928059723984,0.6597107194027602,2.8056027369327703
I02,up,59,0.3415915309179332,0.6584084690820668,2.8033408917256057
I02,up,60,0.34349237297867663,0.6565076270213234,2.8000227662472783
I02,up,61,0.3422757433243232,0.6577242566756768,2.8021487985445352
I02,up,62,0.34170478011275635,0.6582952198872436,2.8031437556644176
I02,up,63,0.3429485721594918,0.6570514278405082,2.800974046132316
I02,up,64,0.3426016003495053,0.6573983996504946,2.8015801643682305
I02,up,65,0.3444321082929802,0.6555678917070198,2.798375052435145
I02,up,66,0.3468404288953,0.6531595711047,2.7941301884944396
I02,up,67,0.34662394011569436,0.6533760598843057,2.794513075429064
I02,up,68,0.34241432708445296,0.657585672915547,2.8019070349512605
I02,up,69,0.33761176446646274,0.6623882355335373,2.8102243354188934
I02,up,70,0.33775071931962125,0.6622492806803788,2.8099854425873607
I02,up,71,0.33805989352490246,0.6619401064750976,2.8094535326621255
I02,up,72,0.33958855165400614,0.6604114483459939,2.806816000698052
I02,up,73,0.3434263824754598,0.6565736175245402,2.8001382908427406
I02,up,74,0.3442802365244306,0.6557197634755694,2.798641669620178
I02,up,75,0.34045498478769715,0.6595450152123028,2.8053154417681068
I02,up,76,0.3400482825901482,0.6599517174098518,2.8060203090442153
I02,up,77,0.3409893383155863,0.6590106616844137,2.8043879716738758
I02,up,78,0.339176720341127,0.660823279658873,2.8075278155196033
I02,up,79,0.3396575027138801,0.6603424972861198,2.806696734892668
I02,up,80,0.34085995174249123,0.6591400482575087,2.80461268867494
I02,up,81,0.3408208597841195,0.6591791402158804,2.8046805651878435
I02,up,82,0.3399786330432078,0.6600213669567923,2.8061409305867677
I02,up,83,0.33944545097062745,0.6605545490293725,2.8070634420788547
I02,up,84,0.33842758048295757,0.6615724195170425,2.808820283935022
I02,up,85,0.33789055559282893,0.6621094444071711,2.8097449291972065
I02,up,86,0.3378427229937656,0.6621572770062344,2.8098272114362706
I02,up,87,0.33525381454212516,0.6647461854578749,2.8142622975276046
I02,up,88,0.3339024724850132,0.6660975275149867,2.816563002430062
I02,up,89,0.3361606759097785,0.6638393240902215,2.812712846459897
I02,up,90,0.33626573760518025,0.6637342623948197,2.812533053914671
I02,up,91,0.33487462119330996,0.66512537880669,2.814908873880359
I02,up,92,0.33495513549512934,0.6650448645048707,2.8147716504675975
I02,up,93,0.3361962250752567,0.6638037749247433,2.81265201765797
I02,up,94,0.3345962033898811,0.665403796610119,2.8153831236626727
I02,up,95,0.333207326086512,0.666792673913488,2.8177427086649187
I02,up,96,0.3326404083448775,0.6673595916551225,2.818702894235974
I02,up,97,0.3339116124893323,0.6660883875106677,2.816547474088501
I02,up,98,0.3371350421589869,0.6628649578410131,2.8110431304736023
I02,up,99,0.34176683975482014,0.6582331602451799,2.8030356970411665
I02,up,100,0.3442106706618784,0.6557893293381216,2.7987637531033727
I02,down,1,0.7236044547865046,0.2763955452134954,1.6178973431433281
I02,down,2,0.5272786734306457,0.4727213265693543,2.3711356470978364
I02,down,3,0.523578665724562,0.476421334275438,2.382162019601524
I02,down,4,0.4989930395111146,0.5010069604888854,2.452690999250107
I02,down,5,0.4808871708141997,0.5191128291858003,2.501663176365404
I02,down,6,0.4686172809069222,0.5313827190930778,2.5334639574734172
I02,down,7,0.4598674881996141,0.5401325118003859,2.5554735389926986
I02,down,8,0.4488478261278792,0.5511521738721208,2.582417767060159
I02,down,9,0.4416497149174478,0.5583502850825521,2.599559591935149
I02,down,10,0.43491139922103084,0.5650886007789692,2.6152837374163074
I02,down,11,0.42649935676716366,0.5735006432328363,2.634482367669202
I02,down,12,0.42180789853801015,0.5781921014619898,2.644984471250126
I02,down,13,0.4159388019432936,0.5840611980567064,2.657918779412391
I02,down,14,0.4106286977394683,0.5893713022605317,2.669428035106118
I02,down,15,0.4066581137410083,0.5933418862589916,2.6779154153360167
I02,down,16,0.402451869705871,0.597548130294129,2.686796977993448
I02,down,17,0.3968486602705742,0.6031513397294258,2.6984549851351973
I02,down,18,0.3926289708711397,0.6073710291288603,2.7071051661108045
I02,down,19,0.3906808689306056,0.6093191310693944,2.7110615515753356
I02,down,20,0.38966144174538325,0.6103385582546168,2.7131225996112622
I02,down,21,0.38940443298784017,0.6105955670121599,2.7136412065232394
I02,down,22,0.38795345624128175,0.6120465437587183,2.7165614874508073
I02,down,23,0.383561323448712,0.6164386765512879,2.725323080558433
I02,down,24,0.3815760660810337,0.6184239339189663,2.7292450289386148
I02,down,25,0.38336602512849943,0.6166339748715006,2.7257099537131495
I02,down,26,0.38233656747093453,0.6176634325290655,2.7277454372665533
I02,down,27,0.38020162733943036,0.6197983726605696,2.731946392210486
I02,down,28,0.3775574886513333,0.6224425113486667,2.737111449969838
I02,down,29,0.37601902423013117,0.6239809757698689,2.740097504574215
I02,down,30,0.37871010250501186,0.6212898974949881,2.7348650705187074
I02,down,31,0.3807963551747169,0.6192036448252831,2.730778888095027
I02,down,32,0.3809986589560104,0.6190013410439896,2.730381263857484
I02,down,33,0.379653716140612,0.6203462838593881,2.7330201147492756
I02,down,34,0.37792014326858553,0.6220798567314145,2.7364055107533467
I02,down,35,0.3761950985413753,0.6238049014586247,2.73975646907403
I02,down,36,0.37282019640431396,0.627179803595686,2.7462613074141364
I02,down,37,0.3707458701424476,0.6292541298575525,2.7502260785529815
I02,down,38,0.3664547883954465,0.6335452116045535,2.758347971960597
I02,down,39,0.3615228889140221,0.6384771110859779,2.7675509501798574
I02,down,40,0.36184040006892676,0.6381595999310732,2.7669626859354874
I02,down,41,0.36346519885726974,0.6365348011427303,2.7639433062627052
I02,down,42,0.36039292612840285,0.6396070738715971,2.769639790371026
I02,down,43,0.36065808058062354,0.6393419194193765,2.7691502837643185
I02,down,44,0.36256599221869906,0.637434007781301,2.7656161849423384
I02,down,45,0.3597832914606663,0.6402167085393338,2.7707637253480097
I02,down,46,0.35849853683552646,0.6415014631644735,2.7731253870741455
I02,down,47,0.3612009733801969,0.6387990266198031,2.768146784925862
I02,down,48,0.36276665269428365,0.6372333473057163,2.7652432803108153
I02,down,49,0.361448488842304,0.638551511157696,2.7676887103041654
I02,down,50,0.3574744880619651,0.6425255119380349,2.7750010901157083
I02,down,51,0.353265940234829,0.646734059765171,2.7826474017492577
I02,down,52,0.34978637829853426,0.6502136217014658,2.788894127385868
I02,down,53,0.34956708936495456,0.6504329106350455,2.7892855455770382
I02,down,54,0.3478207542690969,0.652179245730903,2.792393120589291
I02,down,55,0.3457636872832279,0.6542363127167721,2.796031982625335
I02,down,56,0.3431280935949179,0.6568719064050821,2.800660185225496
I02,down,57,0.3409816853896607,0.6590183146103392,2.804401265715801
I02,down,58,0.34028928059723984,0.6597107194027602,2.8056027369327703
I02,down,59,0.3415915309179332,0.6584084690820668,2.8033408917256057
I02,down,60,0.34349237297867663,0.6565076270213234,2.8000227662472783
I02,down,61,0.3422757433243232,0.6577242566756768,2.8021487985445352
I02,down,62,0.34170478011275635,0.6582952198872436,2.8031437556644176
I02,down,63,0.3429485721594918,0.6570514278405082,2.800974046132316
I02,down,64,0.3426016003495053,0.6573983996504946,2.8015801643682305
I02,down,65,0.3444321082929802,0.6555678917070198,2.798375052435145
I02,down,66,0.3468404288953,0.6531595711047,2.7941301884944396
I02,down,67,0.34662394011569436,0.6533760598843057,2.794513075429064
I02,down,68,0.34241432708445296,0.657585672915547,2.8019070349512605
I02,down,69,0.33761176446646274,0.6623882355335373,2.8102243354188934
I02,down,70,0.33775071931962125,0.6622492806803788,2.8099854425873607
I02,down,71,0.33805989352490246,0.6619401064750976,2.8094535326621255
I02,down,72,0.33958855165400614,0.6604114483459939,2.806816000698052
I02,down,73,0.3434263824754598,0.6565736175245402,2.8001382908427406
I02,down,74,0.3442802365244306,0.6557197634755694,2.798641669620178
I02,down,75,0.34045498478769715,0.6595450152123028,2.8053154417681068
I02,down,76,0.3400482825901482,0.6599517174098518,2.8060203090442153
I02,down,77,0.3409893383155863,0.6590106616844137,2.8043879716738758
I02,down,78,0.339176720341127,0.660823279658873,2.8075278155196033
I02,down,79,0.3396575027138801,0.6603424972861198,2.806696734892668
I02,down,80,0.34085995174249123,0.6591400482575087,2.80461268867494
I02,down,81,0.3408208597841195,0.6591791402158804,2.8046805651878435
I02,down,82,0.3399786330432078,0.6600213669567923,2.8061409305867677
I02,down,83,0.33944545097062745,0.6605545490293725,2.8070634420788547
I02,down,84,0.33842758048295757,0.6615724195170425,2.808820283935022
I02,down,85,0.33789055559282893,0.6621094444071711,2.8097449291972065
I02,down,86,0.3378427229937656,0.6621572770062344,2.8098272114362706
I02,down,87,0.33525381454212516,0.6647461854578749,2.8142622975276046
I02,down,88,0.3339024724850132,0.6660975275149867,2.816563002430062
I02,down,89,0.3361606759097785,0.6638393240902215,2.812712846459897
I02,down,90,0.33626573760518025,0.6637342623948197,2.812533053914671
I02,down,91,0.33487462119330996,0.66512537880669,2.814908873880359
I02,down,92,0.33495513549512934,0.6650448645048707,2.8147716504675975
I02,down,93,0.3361962250752567,0.6638037749247433,2.81265201765797
I02,down,94,0.3345962033898811,0.665403796610119,2.8153831236626727
I02,down,95,0.333207326086512,0.666792673913488,2.8177427086649187
I02,down,96,0.3326404083448775,0.6673595916551225,2.818702894235974
I02,down,97,0.3339116124893323,0.6660883875106677,2.816547474088501
I02,down,98,0.3371350421589869,0.6628649578410131,2.8110431304736023
I02,down,99,0.34176683975482014,0.6582331602451799,2.8030356970411665
I02,down,100,0.3442106706618784,0.6557893293381216,2.7987637531033727
I03,right,1,0.8855656470189761,0.11443435298102389,0.7491478637394566
I03,right,2,0.7557559704534115,0.24424402954658853,1.4620344964600553
I03,right,3,0.6986159198198766,0.3013840801801234,1.7327576587250002
I03,right,4,0.6681531278894625,0.33184687211053754,1.865222435642826
I03,right,5,0.6462934751146444,0.3537065248853556,1.9551357134655003
I03,right,6,0.6286880295641917,0.3713119704358083,2.024437516253701
I03,right,7,0.614785815384987,0.385214184615013,2.0772134055437785
I03,right,8,0.6037797735408346,0.39622022645916544,2.117785373576848
I03,right,9,0.5949597006610139,0.4050402993389861,2.1495339577086163
I03,right,10,0.5885581469612973,0.41144185303870273,2.1721535941002896
I03,right,11,0.5833737661524162,0.4166262338475838,2.1902130839684775
I03,right,12,0.5770727135520065,0.4229272864479935,2.2118518128563016
I03,right,13,0.5700944896542879,0.4299055103457121,2.2354208378053917
I03,right,14,0.5652972817078435,0.43470271829215645,2.251384114421371
I03,right,15,0.5624622182631864,0.43753778173681357,2.2607269497518896
I03,right,16,0.5591533214848173,0.44084667851518267,2.2715459892622025
I03,right,17,0.5549167061398026,0.4450832938601974,2.285264813163315
I03,right,18,0.5505946320578243,0.44940536794217567,2.2991065736177116
I03,right,19,0.5481554099642955,0.45184459003570454,2.3068501141088875
I03,right,20,0.5476476923739745,0.4523523076260255,2.3084557393323744
I03,right,21,0.5454148975680878,0.4545851024319122,2.315491629133424
I03,right,22,0.541931991548754,0.45806800845124596,2.3263851096686006
I03,right,23,0.539757143751897,0.460242856248103,2.333137053858364
I03,right,24,0.5385727604583814,0.4614272395416186,2.336797821112402
I03,right,25,0.5367358391766428,0.4632641608233572,2.342452921443984
I03,right,26,0.5345538465000751,0.4654461534999249,2.349134770013981
I03,right,27,0.5318327405496808,0.46816725945031923,2.3574135681195116
I03,right,28,0.5296165231305106,0.47038347686948945,2.364112169540272
I03,right,29,0.5283467420189741,0.47165325798102586,2.367932343296679
I03,right,30,0.5274409907129068,0.47255900928709316,2.370649421181392
I03,right,31,0.5259399523980488,0.4740600476019512,2.3751377840745116
I03,right,32,0.52359115749881,0.47640884250119,2.382124976643505
I03,right,33,0.5212525135868616,0.47874748641313836,2.389038333280407
I03,right,34,0.519763874602406,0.48023612539759397,2.393416347498219
I03,right,35,0.51900014510369,0.48099985489631003,2.395655628069443
I03,right,36,0.5181640018072096,0.48183599819279044,2.3981019405855584
I03,right,37,0.5162555303280434,0.4837444696719566,2.4036649067643365
I03,right,38,0.513881374694329,0.48611862530567096,2.410545275844867
I03,right,39,0.5116279962792315,0.4883720037207685,2.41703473627419
I03,right,40,0.50982316549551,0.49017683450449,2.4222038077523864
I03,right,41,0.5083404885591625,0.4916595114408375,2.426431230699884
I03,right,42,0.5075164229220764,0.49248357707792356,2.4287734239460947
I03,right,43,0.5065716414772593,0.4934283585227407,2.4314522345514247
I03,right,44,0.5049730903072185,0.4950269096927815,2.4359689777139213
I03,right,45,0.5029655039042467,0.49703449609575334,2.441613482822781
I03,right,46,0.5013936672707477,0.49860633272925226,2.446011159484889
I03,right,47,0.4999702503930143,0.5000297496069857,2.4499772051968156
I03,right,48,0.4984878345225904,0.5015121654774096,2.454091127844144
I03,right,49,0.49742882743251093,0.5025711725674891,2.457019735722503
I03,right,50,0.49682892860805433,0.5031710713919457,2.4586749135435824
I03,right,51,0.4958810849531909,0.5041189150468091,2.46128451198099
I03,right,52,0.49523952359159906,0.5047604764084009,2.4630469733275824
I03,right,53,0.4946476982052741,0.5053523017947259,2.464670027199123
I03,right,54,0.49423585772848594,0.505764142271514,2.465797910483033
I03,right,55,0.49418722384612424,0.5058127761538758,2.465931016212598
I03,right,56,0.49421249800569245,0.5057875019943076,2.4658618457844845
I03,right,57,0.493633958772904,0.506366041227096,2.4674439799331678
I03,right,58,0.49141650615987503,0.508583493840125,2.473484571760692
I03,right,59,0.4889364353076445,0.5110635646923555,2.480196566642796
I03,right,60,0.48913228481933396,0.510867715180666,2.479668210068228
I03,right,61,0.48928877709261226,0.5107112229073878,2.4792458227629837
I03,right,62,0.48800467742403536,0.5119953225759646,2.482706283739228
I03,right,63,0.4870339457179774,0.5129660542820226,2.485314043998951
I03,right,64,0.48703392342779717,0.5129660765722028,2.4853141037978324
I03,right,65,0.48678772549372823,0.5132122745062717,2.4859743630254245
I03,right,66,0.486089203899439,0.513910796100561,2.487845202426702
I03,right,67,0.48560968797994075,0.5143903120200592,2.489127368339086
I03,right,68,0.48539638095707843,0.5146036190429215,2.489697172171521
I03,right,69,0.48458678530536964,0.5154132146946304,2.49185673893421
I03,right,70,0.48290397769053217,0.5170960223094678,2.496329922440238
I03,right,71,0.48234061639231113,0.5176593836076888,2.4978227195599754
I03,right,72,0.4824412778163888,0.5175587221836112,2.4975561596824214
I03,right,73,0.48199990394630327,0.5180000960536968,2.498724395777634
I03,right,74,0.48106686897635437,0.5189331310236456,2.50118920708685
I03,right,75,0.48033994219549536,0.5196600578045046,2.5031050643522104
I03,right,76,0.4798789818815162,0.5201210181184839,2.504317923550608
I03,right,77,0.4795885323764663,0.5204114676235336,2.505081334299179
I03,right,78,0.47946807000001995,0.52053192999998,2.5053977717355407
I03,right,79,0.479958401622461,0.520041598377539,2.5041090698630954
I03,right,80,0.4803620872792066,0.5196379127207934,2.503046757539024
I03,right,81,0.4799595387469212,0.5200404612530788,2.504106079176445
I03,right,82,0.4792272632986608,0.5207727367013393,2.506030014861037
I03,right,83,0.4798218124083967,0.5201781875916033,2.5044682358070096
I03,right,84,0.48059127186917316,0.5194087281308268,2.5024431134998046
I03,right,85,0.4805223139731187,0.5194776860268813,2.502624781051294
I03,right,86,0.4796340342214592,0.5203659657785408,2.5049617795322456
I03,right,87,0.47920760619296005,0.52079239380704,2.5060816060857
I03,right,88,0.47929618392759005,0.52070381607241,2.505849106072448
I03,right,89,0.4784622557880361,0.521537744211964,2.5080357154919373
I03,right,90,0.47633368984914526,0.5236663101508547,2.5135936880457086
I03,right,91,0.4744166214072108,0.5255833785927893,2.518570896219024
I03,right,92,0.47313240271229184,0.5268675972877082,2.5218899958797065
I03,right,93,0.47200842704006823,0.5279915729599318,2.5247850501433664
I03,right,94,0.4714308706069854,0.5285691293930146,2.5262690926759657
I03,right,95,0.4708306941877623,0.5291693058122378,2.52780868279649
I03,right,96,0.4703554000518025,0.5296445999481976,2.529026061081204
I03,right,97,0.47001451693879603,0.529985483061204,2.52989815875946
I03,right,98,0.46980469604394703,0.530195303956053,2.530434533812354
I03,right,99,0.46884306083287497,0.531156939167125,2.532888718026853
I03,right,100,0.46752200825909257,0.5324779917409075,2.536249240165665
I03,left,1,0.8855656470189761,0.11443435298102389,0.7491478637394566
I03,left,2,0.7557559704534115,0.24424402954658853,1.4620344964600553
I03,left,3,0.6986159198198766,0.3013840801801234,1.7327576587250002
I03,left,4,0.6681531278894625,0.33184687211053754,1.865222435642826
I03,left,5,0.6462934751146444,0.3537065248853556,1.9551357134655003
I03,left,6,0.6286880295641917,0.3713119704358083,2.024437516253701
I03,left,7,0.614785815384987,0.385214184615013,2.0772134055437785
I03,left,8,0.6037797735408346,0.39622022645916544,2.117785373576848
I03,left,9,0.5949597006610139,0.4050402993389861,2.1495339577086163
I03,left,10,0.5885581469612973,0.41144185303870273,2.1721535941002896
I03,left,11,0.5833737661524162,0.4166262338475838,2.1902130839684775
I03,left,12,0.5770727135520065,0.4229272864479935,2.2118518128563016
I03,left,13,0.5700944896542879,0.4299055103457121,2.2354208378053917
I03,left,14,0.5652972817078435,0.43470271829215645,2.251384114421371
I03,left,15,0.5624622182631864,0.43753778173681357,2.2607269497518896
I03,left,16,0.5591533214848173,0.44084667851518267,2.2715459892622025
I03,left,17,0.5549167061398026,0.4450832938601974,2.285264813163315
I03,left,18,0.5505946320578243,0.44940536794217567,2.2991065736177116
I03,left,19,0.5481554099642955,0.45184459003570454,2.3068501141088875
I03,left,20,0.5476476923739745,0.4523523076260255,2.3084557393323744
I03,left,21,0.5454148975680878,0.4545851024319122,2.315491629133424
I03,left,22,0.541931991548754,0.45806800845124596,2.3263851096686006
I03,left,23,0.539757143751897,0.460242856248103,2.333137053858364
I03,left,24,0.5385727604583814,0.4614272395416186,2.336797821112402
I03,left,25,0.5367358391766428,0.4632641608233572,2.342452921443984
I03,left,26,0.5345538465000751,0.4654461534999249,2.349134770013981
I03,left,27,0.5318327405496808,0.46816725945031923,2.3574135681195116
I03,left,28,0.5296165231305106,0.47038347686948945,2.364112169540272
I03,left,29,0.5283467420189741,0.47165325798102586,2.367932343296679
I03,left,30,0.5274409907129068,0.47255900928709316,2.370649421181392
I03,left,31,0.5259399523980488,0.4740600476019512,2.3751377840745116
I03,left,32,0.52359115749881,0.47640884250119,2.382124976643505
I03,left,33,0.5212525135868616,0.47874748641313836,2.389038333280407
I03,left,34,0.519763874602406,0.48023612539759397,2.393416347498219
I03,left,35,0.51900014510369,0.48099985489631003,2.395655628069443
I03,left,36,0.5181640018072096,0.48183599819279044,2.3981019405855584
I03,left,37,0.5162555303280434,0.4837444696719566,2.4036649067643365
I03,left,38,0.513881374694329,0.48611862530567096,2.410545275844867
I03,left,39,0.5116279962792315,0.4883720037207685,2.41703473627419
I03,left,40,0.50982316549551,0.49017683450449,2.4222038077523864
I03,left,41,0.5083404885591625,0.4916595114408375,2.426431230699884
I03,left,42,0.5075164229220764,0.49248357707792356,2.4287734239460947
I03,left,43,0.5065716414772593,0.4934283585227407,2.4314522345514247
I03,left,44,0.5049730903072185,0.4950269096927815,2.4359689777139213
I03,left,45,0.5029655039042467,0.49703449609575334,2.441613482822781
I03,left,46,0.5013936672707477,0.49860633272925226,2.446011159484889
I03,left,47,0.4999702503930143,0.5000297496069857,2.4499772051968156
I03,left,48,0.4984878345225904,0.5015121654774096,2.454091127844144
I03,left,49,0.49742882743251093,0.5025711725674891,2.457019735722503
I03,left,50,0.49682892860805433,0.5031710713919457,2.4586749135435824
I03,left,51,0.4958810849531909,0.5041189150468091,2.46128451198099
I03,left,52,0.49523952359159906,0.5047604764084009,2.4630469733275824
I03,left,53,0.4946476982052741,0.5053523017947259,2.464670027199123
I03,left,54,0.49423585772848594,0.505764142271514,2.465797910483033
I03,left,55,0.49418722384612424,0.5058127761538758,2.465931016212598
I03,left,56,0.49421249800569245,0.5057875019943076,2.4658618457844845
I03,left,57,0.493633958772904,0.506366041227096,2.4674439799331678
I03,left,58,0.49141650615987503,0.508583493840125,2.473484571760692
I03,left,59,0.4889364353076445,0.5110635646923555,2.480196566642796
I03,left,60,0.48913228481933396,0.510867715180666,2.479668210068228
I03,left,61,0.48928877709261226,0.5107112229073878,2.4792458227629837
I03,left,62,0.48800467742403536,0.5119953225759646,2.482706283739228
I03,left,63,0.4870339457179774,0.5129660542820226,2.485314043998951
I03,left,64,0.48703392342779717,0.5129660765722028,2.4853141037978324
I03,left,65,0.48678772549372823,0.5132122745062717,2.4859743630254245
I03,left,66,0.486089203899439,0.513910796100561,2.487845202426702
I03,left,67,0.48560968797994075,0.5143903120200592,2.489127368339086
I03,left,68,0.48539638095707843,0.5146036190429215,2.489697172171521
I03,left,69,0.48458678530536964,0.5154132146946304,2.49185673893421
I03,left,70,0.48290397769053217,0.5170960223094678,2.496329922440238
I03,left,71,0.48234061639231113,0.5176593836076888,2.4978227195599754
I03,left,72,0.4824412778163888,0.5175587221836112,2.4975561596824214
I03,left,73,0.48199990394630327,0.5180000960536968,2.498724395777634
I03,left,74,0.48106686897635437,0.5189331310236456,2.50118920708685
I03,left,75,0.48033994219549536,0.5196600578045046,2.5031050643522104
I03,left,76,0.4798789818815162,0.5201210181184839,2.504317923550608
I03,left,77,0.4795885323764663,0.5204114676235336,2.505081334299179
I03,left,78,0.47946807000001995,0.52053192999998,2.5053977717355407
I03,left,79,0.479958401622461,0.520041598377539,2.5041090698630954
I03,left,80,0.4803620872792066,0.5196379127207934,2.503046757539024
I03,left,81,0.4799595387469212,0.5200404612530788,2.504106079176445
I03,left,82,0.4792272632986608,0.5207727367013393,2.506030014861037
I03,left,83,0.4798218124083967,0.5201781875916033,2.5044682358070096
I03,left,84,0.48059127186917316,0.5194087281308268,2.5024431134998046
I03,left,85,0.4805223139731187,0.5194776860268813,2.502624781051294
I03,left,86,0.4796340342214592,0.5203659657785408,2.5049617795322456
I03,left,87,0.47920760619296005,0.52079239380704,2.5060816060857
I03,left,88,0.47929618392759005,0.52070381607241,2.505849106072448
I03,left,89,0.4784622557880361,0.521537744211964,2.5080357154919373
I03,left,90,0.47633368984914526,0.5236663101508547,2.5135936880457086
I03,left,91,0.4744166214072108,0.5255833785927893,2.518570896219024
I03,left,92,0.47313240271229184,0.5268675972877082,2.5218899958797065
I03,left,93,0.47200842704006823,0.5279915729599318,2.5247850501433664
I03,left,94,0.4714308706069854,0.5285691293930146,2.5262690926759657
I03,left,95,0.4708306941877623,0.5291693058122378,2.52780868279649
I03,left,96,0.4703554000518025,0.5296445999481976,2.529026061081204
I03,left,97,0.47001451693879603,0.529985483061204,2.52989815875946
I03,left,98,0.46980469604394703,0.530195303956053,2.530434533812354
I03,left,99,0.46884306083287497,0.531156939167125,2.532888718026853
I03,left,100,0.46752200825909257,0.5324779917409075,2.536249240165665
I03,up,1,0.8134047851847884,0.18659521481521157,1.160860224162656
I03,up,2,0.69195003982709,0.30804996017291,1.7624559951300105
I03,up,3,0.6840881711094791,0.31591182889052094,1.796970431338515
I03,up,4,0.6576616586402713,0.34233834135972874,1.9089118156490281
I03,up,5,0.6370308578712632,0.36296914212873677,1.9919419636916924
I03,up,6,0.6215948236457544,0.37840517635424564,2.051578802036177
I03,up,7,0.6071435100355587,0.39285648996444134,2.1054983537391463
I03,up,8,0.5958590256214653,0.4041409743785347,2.146327772788398
I03,up,9,0.5882867622640869,0.41171323773591306,2.1731046909366816
I03,up,10,0.5843504277837633,0.41564957221623666,2.1868286212339063
I03,up,11,0.5768141174378802,0.42318588256211975,2.2127326177029065
I03,up,12,0.568940094481673,0.43105990551832696,2.2392799876235774
I03,up,13,0.563044337627641,0.43695566237235905,2.2588141101418326
I03,up,14,0.5583560259517392,0.44164397404826083,2.2741391945675336
I03,up,15,0.5559945307389237,0.4440054692610763,2.2817888351570996
I03,up,16,0.5551605944909718,0.44483940550902823,2.2844791207576742
I03,up,17,0.5516994602077373,0.4483005397922627,2.2955830116457907
I03,up,18,0.5469984769775138,0.4530015230224862,2.310505749014781
I03,up,19,0.546607220534945,0.45339277946505496,2.311739533238801
I03,up,20,0.5446269253037573,0.45537307469624266,2.317964873009025
I03,up,21,0.5400536848117491,0.4599463151882509,2.332218696970606
I03,up,22,0.537541760583789,0.462458239416211,2.3399752077890232
I03,up,23,0.5372937867952459,0.46270621320475414,2.3407381367971185
I03,up,24,0.5366735796458921,0.46332642035410787,2.342644111862903
I03,up,25,0.5334577633828075,0.4665422366171925,2.3524767282743477
I03,up,26,0.5291162711378545,0.47088372886214547,2.36561873727179
I03,up,27,0.526988585800464,0.47301141419953596,2.37200408733976
I03,up,28,0.525584557547089,0.474415442452911,2.3761978386398486
I03,up,29,0.5232000603531285,0.4767999396468715,2.38328414211892
I03,up,30,0.5210250403409347,0.47897495965906534,2.389708457903372
I03,up,31,0.5163513279646403,0.48364867203535966,2.4033863523218812
I03,up,32,0.5134317650947499,0.48656823490525014,2.4118432733820265
I03,up,33,0.5127583133439295,0.4872416866560705,2.4137845272055474
I03,up,34,0.5088486657647102,0.4911513342352898,2.4249842376948507
I03,up,35,0.5088020225529438,0.4911979774470562,2.4251171341361184
I03,up,36,0.5087818679267376,0.49121813207326237,2.4251745537208595
I03,up,37,0.5068657685744012,0.49313423142559876,2.430619015806829
I03,up,38,0.5044961002354005,0.4955038997645995,2.43731289516462
I03,up,39,0.5032813264570432,0.49671867354295685,2.440727581008951
I03,up,40,0.5000878080113759,0.49991219198862413,2.4496502450596847
I03,up,41,0.4982621520364199,0.5017378479635801,2.45471595506479
I03,up,42,0.5003083048511359,0.49969169514886413,2.4490366967842823
I03,up,43,0.4985731562490132,0.5014268437509868,2.4538548036455277
I03,up,44,0.497601270549309,0.502398729450691,2.456543440595503
I03,up,45,0.49667455653425013,0.5033254434657499,2.4591003966950664
I03,up,46,0.4959356870059196,0.5040643129940804,2.4611343676426465
I03,up,47,0.4950112440681641,0.5049887559318359,2.463673334817784
I03,up,48,0.49561745396818757,0.5043825460318124,2.462009123283565
I03,up,49,0.4931123673774166,0.5068876326225834,2.468868202653481
I03,up,50,0.49083938741742467,0.5091606125825754,2.4750506107819215
I03,up,51,0.49107130622459166,0.5089286937754083,2.4744215903596567
I03,up,52,0.4908873979498299,0.5091126020501702,2.4749204278205275
I03,up,53,0.4887364153252451,0.5112635846747549,2.480735876390992
I03,up,54,0.485812538106255,0.514187461893745,2.488585182245811
I03,up,55,0.48712159159465884,0.5128784084053412,2.4850788836135127
I03,up,56,0.4874102068770217,0.5125897931229784,2.484304100265338
I03,up,57,0.4841388405131715,0.5158611594868285,2.493049512615512
I03,up,58,0.48536136839282606,0.5146386316071739,2.489790668209671
I03,up,59,0.4868603369089782,0.5131396630910219,2.4857796793100118
I03,up,60,0.4852615371311517,0.5147384628688483,2.490057202990714
I03,up,61,0.4854607065124419,0.5145392934875581,2.48952537610736
I03,up,62,0.4855201112901272,0.5144798887098728,2.4893666946293163
I03,up,63,0.48545616403073083,0.5145438359692691,2.489537508855606
I03,up,64,0.48508079407070875,0.5149192059292913,2.4905395709003315
I03,up,65,0.48344265381700774,0.5165573461829922,2.494900327519032
I03,up,66,0.4823149447383571,0.5176850552616429,2.497890688193803
I03,up,67,0.48413050166178256,0.5158694983382175,2.4930717028620597
I03,up,68,0.4828723702121271,0.5171276297878729,2.496413738579805
I03,up,69,0.4805373317945035,0.5194626682054966,2.502585220043116
I03,up,70,0.4795833756850422,0.5204166243149577,2.5050948823889483
I03,up,71,0.4801903557807757,0.5198096442192244,2.5034988222016157
I03,up,72,0.4801203756527966,0.5198796243472035,2.503682974717697
I03,up,73,0.47824651971320103,0.5217534802867989,2.5086005522999297
I03,up,74,0.4766468823474168,0.5233531176525832,2.5127779935414862
I03,up,75,0.477408231988678,0.522591768011322,2.5107920856050674
I03,up,76,0.4764639637866997,0.5235360362133004,2.5132544835909485
I03,up,77,0.47575668306576663,0.5242433169342333,2.5150945859081446
I03,up,78,0.4755532891676439,0.5244467108323561,2.515623066780238
I03,up,79,0.47362793240276174,0.5263720675972383,2.5206107151535395
I03,up,80,0.47175464451000015,0.5282453554899998,2.5254374488056603
I03,up,81,0.4720465124806545,0.5279534875193455,2.5246871033822726
I03,up,82,0.4716602245467346,0.5283397754532654,2.525680054320638
I03,up,83,0.47084433584737884,0.5291556641526212,2.527773717937854
I03,up,84,0.4687870305561392,0.5312129694438608,2.5330315057814277
I03,up,85,0.4679210349030591,0.5320789650969409,2.535235519388851
I03,up,86,0.4691129715598166,0.5308870284401834,2.5322005576165765
I03,up,87,0.4692472212044938,0.5307527787955062,2.531858079924688
I03,up,88,0.46894306187903567,0.5310569381209643,2.532633818443183
I03,up,89,0.46750736950702465,0.5324926304929753,2.536286407777607
I03,up,90,0.46760913095702583,0.5323908690429742,2.53602800464391
I03,up,91,0.46754934202622234,0.5324506579737777,2.5361798359175953
I03,up,92,0.46632931051897103,0.533670689481029,2.5392724082028497
I03,up,93,0.46585763492040877,0.5341423650795912,2.5404651453980653
I03,up,94,0.46521005986150094,0.534789940138499,2.542100071399571
I03,up,95,0.4639529690795963,0.5360470309204037,2.545265218866848
I03,up,96,0.4624236214280698,0.5375763785719302,2.549100562314174
I03,up,97,0.45957386210858747,0.5404261378914126,2.556202624603265
I03,up,98,0.4581151058190275,0.5418848941809725,2.559815679948162
I03,up,99,0.4585718148956389,0.5414281851043611,2.558686127570316
I03,up,100,0.4574766806353583,0.5425233193646417,2.561392177979604
I03,down,1,0.8134047851847884,0.18659521481521157,1.160860224162656
I03,down,2,0.69195003982709,0.30804996017291,1.7624559951300105
I03,down,3,0.6840881711094791,0.31591182889052094,1.796970431338515
I03,down,4,0.6576616586402713,0.34233834135972874,1.9089118156490281
I03,down,5,0.6370308578712632,0.36296914212873677,1.9919419636916924
I03,down,6,0.6215948236457544,0.37840517635424564,2.051578802036177
I03,down,7,0.6071435100355587,0.39285648996444134,2.1054983537391463
I03,down,8,0.5958590256214653,0.4041409743785347,2.146327772788398
I03,down,9,0.5882867622640869,0.41171323773591306,2.1731046909366816
I03,down,10,0.5843504277837633,0.41564957221623666,2.1868286212339063
I03,down,11,0.5768141174378802,0.42318588256211975,2.2127326177029065
I03,down,12,0.568940094481673,0.43105990551832696,2.2392799876235774
I03,down,13,0.563044337627641,0.43695566237235905,2.2588141101418326
I03,down,14,0.5583560259517392,0.44164397404826083,2.2741391945675336
I03,down,15,0.5559945307389237,0.4440054692610763,2.2817888351570996
I03,down,16,0.5551605944909718,0.44483940550902823,2.2844791207576742
I03,down,17,0.5516994602077373,0.4483005397922627,2.2955830116457907
I03,down,18,0.5469984769775138,0.4530015230224862,2.310505749014781
I03,down,19,0.546607220534945,0.45339277946505496,2.311739533238801
I03,down,20,0.5446269253037573,0.45537307469624266,2.317964873009025
I03,down,21,0.5400536848117491,0.4599463151882509,2.332218696970606
I03,down,22,0.537541760583789,0.462458239416211,2.3399752077890232
I03,down,23,0.5372937867952459,0.46270621320475414,2.3407381367971185
I03,down,24,0.5366735796458921,0.46332642035410787,2.342644111862903
I03,down,25,0.5334577633828075,0.4665422366171925,2.3524767282743477
I03,down,26,0.5291162711378545,0.47088372886214547,2.36561873727179
I03,down,27,0.526988585800464,0.47301141419953596,2.37200408733976
I03,down,28,0.525584557547089,0.474415442452911,2.3761978386398486
I03,down,29,0.5232000603531285,0.4767999396468715,2.38328414211892
I03,down,30,0.5210250403409347,0.47897495965906534,2.389708457903372
I03,down,31,0.5163513279646403,0.48364867203535966,2.4033863523218812
I03,down,32,0.5134317650947499,0.48656823490525014,2.4118432733820265
I03,down,33,0.5127583133439295,0.4872416866560705,2.4137845272055474
I03,down,34,0.5088486657647102,0.4911513342352898,2.4249842376948507
I03,down,35,0.5088020225529438,0.4911979774470562,2.4251171341361184
I03,down,36,0.5087818679267376,0.49121813207326237,2.4251745537208595
I03,down,37,0.5068657685744012,0.49313423142559876,2.430619015806829
I03,down,38,0.5044961002354005,0.4955038997645995,2.43731289516462
I03,down,39,0.5032813264570432,0.49671867354295685,2.440727581008951
I03,down,40,0.5000878080113759,0.49991219198862413,2.4496502450596847
I03,down,41,0.4982621520364199,0.5017378479635801,2.45471595506479
I03,down,42,0.5003083048511359,0.49969169514886413,2.4490366967842823
I03,down,43,0.4985731562490132,0.5014268437509868,2.4538548036455277
I03,down,44,0.497601270549309,0.502398729450691,2.456543440595503
I03,down,45,0.49667455653425013,0.5033254434657499,2.4591003966950664
I03,down,46,0.4959356870059196,0.5040643129940804,2.4611343676426465
I03,down,47,0.4950112440681641,0.5049887559318359,2.463673334817784
I03,down,48,0.49561745396818757,0.5043825460318124,2.462009123283565
I03,down,49,0.4931123673774166,0.5068876326225834,2.468868202653481
I03,down,50,0.49083938741742467,0.5091606125825754,2.4750506107819215
I03,down,51,0.49107130622459166,0.5089286937754083,2.4744215903596567
I03,down,52,0.4908873979498299,0.5091126020501702,2.4749204278205275
I03,down,53,0.4887364153252451,0.5112635846747549,2.480735876390992
I03,down,54,0.485812538106255,0.514187461893745,2.488585182245811
I03,down,55,0.48712159159465884,0.5128784084053412,2.4850788836135127
I03,down,56,0.4874102068770217,0.5125897931229784,2.484304100265338
I03,down,57,0.4841388405131715,0.5158611594868285,2.493049512615512
I03,down,58,0.48536136839282606,0.5146386316071739,2.489790668209671
I03,down,59,0.4868603369089782,0.5131396630910219,2.4857796793100118
I03,down,60,0.4852615371311517,0.5147384628688483,2.490057202990714
I03,down,61,0.4854607065124419,0.5145392934875581,2.48952537610736
I03,down,62,0.4855201112901272,0.5144798887098728,2.4893666946293163
I03,down,63,0.48545616403073083,0.5145438359692691,2.489537508855606
I03,down,64,0.48508079407070875,0.5149192059292913,2.4905395709003315
I03,down,65,0.48344265381700774,0.5165573461829922,2.494900327519032
I03,down,66,0.4823149447383571,0.5176850552616429,2.497890688193803
I03,down,67,0.48413050166178256,0.5158694983382175,2.4930717028620597
I03,down,68,0.4828723702121271,0.5171276297878729,2.496413738579805
I03,down,69,0.4805373317945035,0.5194626682054966,2.502585220043116
I03,down,70,0.4795833756850422,0.5204166243149577,2.5050948823889483
I03,down,71,0.4801903557807757,0.5198096442192244,2.5034988222016157
I03,down,72,0.4801203756527966,0.5198796243472035,2.503682974717697
I03,down,73,0.47824651971320103,0.5217534802867989,2.5086005522999297
I03,down,74,0.4766468823474168,0.5233531176525832,2.5127779935414862
I03,down,75,0.477408231988678,0.522591768011322,2.5107920856050674
I03,down,76,0.4764639637866997,0.5235360362133004,2.5132544835909485
I03,down,77,0.47575668306576663,0.5242433169342333,2.5150945859081446
I03,down,78,0.4755532891676439,0.5244467108323561,2.515623066780238
I03,down,79,0.47362793240276174,0.5263720675972383,2.5206107151535395
I03,down,80,0.47175464451000015,0.5282453554899998,2.5254374488056603
I03,down,81,0.4720465124806545,0.5279534875193455,2.5246871033822726
I03,down,82,0.4716602245467346,0.5283397754532654,2.525680054320638
I03,down,83,0.47084433584737884,0.5291556641526212,2.527773717937854
I03,down,84,0.4687870305561392,0.5312129694438608,2.5330315057814277
I03,down,85,0.4679210349030591,0.5320789650969409,2.535235519388851
I03,down,86,0.4691129715598166,0.5308870284401834,2.5322005576165765
I03,down,87,0.4692472212044938,0.5307527787955062,2.531858079924688
I03,down,88,0.46894306187903567,0.5310569381209643,2.532633818443183
I03,down,89,0.46750736950702465,0.5324926304929753,2.536286407777607
I03,down,90,0.46760913095702583,0.5323908690429742,2.53602800464391
I03,down,91,0.46754934202622234,0.5324506579737777,2.5361798359175953
I03,down,92,0.46632931051897103,0.533670689481029,2.5392724082028497
I03,down,93,0.46585763492040877,0.5341423650795912,2.5404651453980653
I03,down,94,0.46521005986150094,0.534789940138499,2.542100071399571
I03,down,95,0.4639529690795963,0.5360470309204037,2.545265218866848
I03,down,96,0.4624236214280698,0.5375763785719302,2.549100562314174
I03,down,97,0.45957386210858747,0.5404261378914126,2.556202624603265
I03,down,98,0.4581151058190275,0.5418848941809725,2.559815679948162
I03,down,99,0.4585718148956389,0.5414281851043611,2.558686127570316
I03,down,100,0.4574766806353583,0.5425233193646417,2.561392177979604
I04,right,1,0.8051921479124534,0.19480785208754658,1.2053860873465974
I04,right,2,0.6305196890127741,0.3694803109872259,2.017356273969087
I04,right,3,0.5823567959710063,0.4176432040289937,2.1937285239990123
I04,right,4,0.5532851894036661,0.4467148105963339,2.290508070840157
I04,right,5,0.5369949539893518,0.4630050460106482,2.3416568776910873
I04,right,6,0.5223242686101565,0.47767573138984354,2.385875471658637
I04,right,7,0.5051028807210881,0.4948971192789119,2.43560298944246
I04,right,8,0.48843905040939156,0.5115609495906084,2.4815370992546946
I04,right,9,0.4774552862341469,0.5225447137658531,2.5106692090362195
I04,right,10,0.4722134092399296,0.5277865907600704,2.5242577595429196
I04,right,11,0.4658024894838116,0.5341975105161885,2.5406044882151466
I04,right,12,0.45904374695836386,0.5409562530416361,2.5575173674309424
I04,right,13,0.4514675350333491,0.548532464966651,2.5760897185516853
I04,right,14,0.44328652741473656,0.5567134725852634,2.595693091997556
I04,right,15,0.43685540449543675,0.5631445955045633,2.6107790830193673
I04,right,16,0.43092092225239514,0.5690790777476049,2.6244503731762876
I04,right,17,0.42760576368592973,0.5723942363140703,2.6319843189442214
I04,right,18,0.4261117660698359,0.5738882339301641,2.6353555431085782
I04,right,19,0.4236957191785093,0.5763042808214907,2.640775993005784
I04,right,20,0.4215659936901008,0.5784340063098992,2.6455220453665174
I04,right,21,0.4193358995999173,0.5806641004000828,2.650459756810788
I04,right,22,0.41736412744170803,0.582635872558292,2.6547983584947943
I04,right,23,0.41664234927107074,0.5833576507289293,2.6563801791866526
I04,right,24,0.41480526384435723,0.5851947361556428,2.6603909636155088
I04,right,25,0.41300329018825455,0.5869967098117455,2.6643038164279718
I04,right,26,0.4103596831729972,0.5896403168270028,2.670006261834607
I04,right,27,0.4069736696033004,0.5930263303966996,2.6772445805797283
I04,right,28,0.4065763913419323,0.5934236086580678,2.6780890441187166
I04,right,29,0.4075506540529858,0.5924493459470141,2.6760163371331673
I04,right,30,0.4071880912580705,0.5928119087419295,2.6767883830157864
I04,right,31,0.4065433574496423,0.5934566425503577,2.6781592164059855
I04,right,32,0.40459702318672086,0.5954029768132791,2.682281466391519
I04,right,33,0.40223215623040615,0.5977678437695939,2.6872578290008207
I04,right,34,0.3999514174538711,0.6000485825461289,2.6920237390922734
I04,right,35,0.39848781856491167,0.6015121814350883,2.6950649185080024
I04,right,36,0.3968420392666865,0.6031579607333135,2.69846864453816
I04,right,37,0.39435457730498935,0.6056454226950106,2.7035810880218856
I04,right,38,0.39337849455966295,0.606621505440337,2.7055767311384447
I04,right,39,0.39422630870817443,0.6057736912918256,2.7038436752816972
I04,right,40,0.39421620981365024,0.6057837901863498,2.703864345079019
I04,right,41,0.3940375278692902,0.6059624721307098,2.704229955863217
I04,right,42,0.3935198134311423,0.6064801865688577,2.7052881635741963
I04,right,43,0.39306549846020744,0.6069345015397926,2.7062154173697577
I04,right,44,0.3924841473480895,0.6075158526519104,2.707400091615865
I04,right,45,0.39117043445815575,0.6088295655418443,2.710069494092319
I04,right,46,0.389968117154071,0.610031882845929,2.712503242753697
I04,right,47,0.39018529284306513,0.6098147071569349,2.7120642892815443
I04,right,48,0.3903810639278461,0.6096189360721539,2.7116683505661507
I04,right,49,0.389294592372805,0.6107054076271949,2.7138627257557912
I04,right,50,0.3892143447835907,0.6107856552164093,2.7140245170409925
I04,right,51,0.38784926866912417,0.6121507313308758,2.716770683543663
I04,right,52,0.3868348265942967,0.6131651734057033,2.718804100783334
I04,right,53,0.3879131669146855,0.6120868330853144,2.7166423914213595
I04,right,54,0.3881716231760489,0.6118283768239511,2.71612321986171
I04,right,55,0.38775066260742475,0.6122493373925753,2.7169686116177107
I04,right,56,0.38628671782461643,0.6137132821753836,2.719900159457782
I04,right,57,0.38502058070153744,0.6149794192984626,2.7224250869248
I04,right,58,0.3852701958461844,0.6147298041538156,2.721928075085973
I04,right,59,0.3861475050270118,0.6138524949729882,2.720178253706613
I04,right,60,0.38502780418851434,0.6149721958114857,2.7224107094579457
I04,right,61,0.3835154722763338,0.6164845277236661,2.725413929417382
I04,right,62,0.3809076531800032,0.6190923468199968,2.7305601643859667
I04,right,63,0.37821936721001653,0.6217806327899835,2.7358224546551817
I04,right,64,0.37821728285027856,0.6217827171497214,2.735826518004182
I04,right,65,0.37969037316799475,0.6203096268320052,2.732948335364213
I04,right,66,0.3783703843582979,0.621629615641702,2.735527985743695
I04,right,67,0.375459947583827,0.624540052416173,2.741179151991517
I04,right,68,0.3731996877937572,0.6268003122062429,2.745533227005992
I04,right,69,0.3707811702178517,0.6292188297821484,2.750158818858723
I04,right,70,0.370015204112688,0.6299847958873119,2.751616628715283
I04,right,71,0.37159491306820924,0.6284050869317908,2.7486063122760083
I04,right,72,0.37196698891192376,0.6280330110880763,2.747895149208408
I04,right,73,0.37029961515333276,0.6297003848466672,2.75107572990803
I04,right,74,0.3694953921299733,0.6305046078700267,2.7526039955425174
I04,right,75,0.3691284933323673,0.6308715066676327,2.753299958113436
I04,right,76,0.36985304532397967,0.6301469546760203,2.751924813854039
I04,right,77,0.3718055411665071,0.6281944588334929,2.748203830457663
I04,right,78,0.37278698748881733,0.6272130125111827,2.7463249806434957
I04,right,79,0.37241663382659596,0.627583366173404,2.747034639598078
I04,right,80,0.37274146491797827,0.6272585350820217,2.746412252950541
I04,right,81,0.37396120765872004,0.62603879234128,2.744069637056249
I04,right,82,0.3740016022108348,0.6259983977891652,2.7439919058583584
I04,right,83,0.3745769189492578,0.6254230810507422,2.742883777985897
I04,right,84,0.3734258484603441,0.6265741515396559,2.7450989185332606
I04,right,85,0.3718534043256955,0.6281465956743044,2.7481123340961835
I04,right,86,0.3699030758628075,0.6300969241371925,2.751829746489319
I04,right,87,0.3695982546768265,0.6304017453231735,2.7524087366429546
I04,right,88,0.36935370100718473,0.6306462989928152,2.7528728596041283
I04,right,89,0.3692638377815883,0.6307361622184118,2.7530433175847238
I04,right,90,0.36954971966671696,0.630450280333283,2.752500875961653
I04,right,91,0.3692210918593097,0.6307789081406903,2.7531243840771804
I04,right,92,0.3695879936240939,0.6304120063759061,2.7524282174691166
I04,right,93,0.36944178529921945,0.6305582147007806,2.7527057302446236
I04,right,94,0.3696386707203386,0.6303613292796614,2.752331999943368
I04,right,95,0.3702677887236916,0.6297322112763084,2.7511362815914238
I04,right,96,0.36969978795350605,0.630300212046494,2.7522159403993047
I04,right,97,0.36853073515882495,0.631469264841175,2.7544321504901355
I04,right,98,0.3679001501396039,0.632099849860396,2.7556242619253233
I04,right,99,0.3662034827761227,0.6337965172238773,2.758820307061157
I04,right,100,0.36585209364158316,0.6341479063584168,2.7594801379875973
I04,left,1,0.8051921479124534,0.19480785208754658,1.2053860873465974
I04,left,2,0.6305196890127741,0.3694803109872259,2.017356273969087
I04,left,3,0.5823567959710063,0.4176432040289937,2.1937285239990123
I04,left,4,0.5532851894036661,0.4467148105963339,2.290508070840157
I04,left,5,0.5369949539893518,0.4630050460106482,2.3416568776910873
I04,left,6,0.5223242686101565,0.47767573138984354,2.385875471658637
I04,left,7,0.5051028807210881,0.4948971192789119,2.43560298944246
I04,left,8,0.48843905040939156,0.5115609495906084,2.4815370992546946
I04,left,9,0.4774552862341469,0.5225447137658531,2.5106692090362195
I04,left,10,0.4722134092399296,0.5277865907600704,2.5242577595429196
I04,left,11,0.4658024894838116,0.5341975105161885,2.5406044882151466
I04,left,12,0.45904374695836386,0.5409562530416361,2.5575173674309424
I04,left,13,0.4514675350333491,0.548532464966651,2.5760897185516853
I04,left,14,0.44328652741473656,0.5567134725852634,2.595693091997556
I04,left,15,0.43685540449543675,0.5631445955045633,2.6107790830193673
I04,left,16,0.43092092225239514,0.5690790777476049,2.6244503731762876
I04,left,17,0.42760576368592973,0.5723942363140703,2.6319843189442214
I04,left,18,0.4261117660698359,0.5738882339301641,2.6353555431085782
I04,left,19,0.4236957191785093,0.5763042808214907,2.640775993005784
I04,left,20,0.4215659936901008,0.5784340063098992,2.6455220453665174
I04,left,21,0.4193358995999173,0.5806641004000828,2.650459756810788
I04,left,22,0.41736412744170803,0.582635872558292,2.6547983584947943
I04,left,23,0.41664234927107074,0.5833576507289293,2.6563801791866526
I04,left,24,0.41480526384435723,0.5851947361556428,2.6603909636155088
I04,left,25,0.41300329018825455,0.5869967098117455,2.6643038164279718
I04,left,26,0.4103596831729972,0.5896403168270028,2.670006261834607
I04,left,27,0.4069736696033004,0.5930263303966996,2.6772445805797283
I04,left,28,0.4065763913419323,0.5934236086580678,2.6780890441187166
I04,left,29,0.4075506540529858,0.5924493459470141,2.6760163371331673
I04,left,30,0.4071880912580705,0.5928119087419295,2.6767883830157864
I04,left,31,0.4065433574496423,0.5934566425503577,2.6781592164059855
I04,left,32,0.40459702318672086,0.5954029768132791,2.682281466391519
I04,left,33,0.40223215623040615,0.5977678437695939,2.6872578290008207
I04,left,34,0.3999514174538711,0.6000485825461289,2.6920237390922734
I04,left,35,0.39848781856491167,0.6015121814350883,2.6950649185080024
I04,left,36,0.3968420392666865,0.6031579607333135,2.69846864453816
I04,left,37,0.39435457730498935,0.6056454226950106,2.7035810880218856
I04,left,38,0.39337849455966295,0.606621505440337,2.7055767311384447
I04,left,39,0.39422630870817443,0.6057736912918256,2.7038436752816972
I04,left,40,0.39421620981365024,0.6057837901863498,2.703864345079019
I04,left,41,0.3940375278692902,0.6059624721307098,2.704229955863217
I04,left,42,0.3935198134311423,0.6064801865688577,2.7052881635741963
I04,left,43,0.39306549846020744,0.6069345015397926,2.7062154173697577
I04,left,44,0.3924841473480895,0.6075158526519104,2.707400091615865
I04,left,45,0.39117043445815575,0.6088295655418443,2.710069494092319
I04,left,46,0.389968117154071,0.610031882845929,2.712503242753697
I04,left,47,0.39018529284306513,0.6098147071569349,2.7120642892815443
I04,left,48,0.3903810639278461,0.6096189360721539,2.7116683505661507
I04,left,49,0.389294592372805,0.6107054076271949,2.7138627257557912
I04,left,50,0.3892143447835907,0.6107856552164093,2.7140245170409925
I04,left,51,0.38784926866912417,0.6121507313308758,2.716770683543663
I04,left,52,0.3868348265942967,0.6131651734057033,2.718804100783334
I04,left,53,0.3879131669146855,0.6120868330853144,2.7166423914213595
I04,left,54,0.3881716231760489,0.6118283768239511,2.71612321986171
I04,left,55,0.38775066260742475,0.6122493373925753,2.7169686116177107
I04,left,56,0.38628671782461643,0.6137132821753836,2.719900159457782
I04,left,57,0.38502058070153744,0.6149794192984626,2.7224250869248
I04,left,58,0.3852701958461844,0.6147298041538156,2.721928075085973
I04,left,59,0.3861475050270118,0.6138524949729882,2.720178253706613
I04,left,60,0.38502780418851434,0.6149721958114857,2.7224107094579457
I04,left,61,0.3835154722763338,0.6164845277236661,2.725413929417382
I04,left,62,0.3809076531800032,0.6190923468199968,2.7305601643859667
I04,left,63,0.37821936721001653,0.6217806327899835,2.7358224546551817
I04,left,64,0.37821728285027856,0.6217827171497214,2.735826518004182
I04,left,65,0.37969037316799475,0.6203096268320052,2.732948335364213
I04,left,66,0.3783703843582979,0.621629615641702,2.735527985743695
I04,left,67,0.375459947583827,0.624540052416173,2.741179151991517
I04,left,68,0.3731996877937572,0.6268003122062429,2.745533227005992
I04,left,69,0.3707811702178517,0.6292188297821484,2.750158818858723
I04,left,70,0.370015204112688,0.6299847958873119,2.751616628715283
I04,left,71,0.37159491306820924,0.6284050869317908,2.7486063122760083
I04,left,72,0.37196698891192376,0.6280330110880763,2.747895149208408
I04,left,73,0.37029961515333276,0.6297003848466672,2.75107572990803
I04,left,74,0.3694953921299733,0.6305046078700267,2.7526039955425174
I04,left,75,0.3691284933323673,0.6308715066676327,2.753299958113436
I04,left,76,0.36985304532397967,0.6301469546760203,2.751924813854039
I04,left,77,0.3718055411665071,0.6281944588334929,2.748203830457663
I04,left,78,0.37278698748881733,0.6272130125111827,2.7463249806434957
I04,left,79,0.37241663382659596,0.627583366173404,2.747034639598078
I04,left,80,0.37274146491797827,0.6272585350820217,2.746412252950541
I04,left,81,0.37396120765872004,0.62603879234128,2.744069637056249
I04,left,82,0.3740016022108348,0.6259983977891652,2.7439919058583584
I04,left,83,0.3745769189492578,0.6254230810507422,2.742883777985897
I04,left,84,0.3734258484603441,0.6265741515396559,2.7450989185332606
I04,left,85,0.3718534043256955,0.6281465956743044,2.7481123340961835
I04,left,86,0.3699030758628075,0.6300969241371925,2.751829746489319
I04,left,87,0.3695982546768265,0.6304017453231735,2.7524087366429546
I04,left,88,0.36935370100718473,0.6306462989928152,2.7528728596041283
I04,left,89,0.3692638377815883,0.6307361622184118,2.7530433175847238
I04,left,90,0.36954971966671696,0.630450280333283,2.752500875961653
I04,left,91,0.3692210918593097,0.6307789081406903,2.7531243840771804
I04,left,92,0.3695879936240939,0.6304120063759061,2.7524282174691166
I04,left,93,0.36944178529921945,0.6305582147007806,2.7527057302446236
I04,left,94,0.3696386707203386,0.6303613292796614,2.752331999943368
I04,left,95,0.3702677887236916,0.6297322112763084,2.7511362815914238
I04,left,96,0.36969978795350605,0.630300212046494,2.7522159403993047
I04,left,97,0.36853073515882495,0.631469264841175,2.7544321504901355
I04,left,98,0.3679001501396039,0.632099849860396,2.7556242619253233
I04,left,99,0.3662034827761227,0.6337965172238773,2.758820307061157
I04,left,100,0.36585209364158316,0.6341479063584168,2.7594801379875973
I04,up,1,0.8087933065768633,0.19120669342313668,1.185925562783484
I04,up,2,0.6536932711750155,0.3463067288249845,1.9251793741308152
I04,up,3,0.6180764745768413,0.38192352542315866,2.064875871749768
I04,up,4,0.5816519060136873,0.4183480939863127,2.1961599652845045
I04,up,5,0.5528993114177085,0.44710068858229146,2.291744947624643
I04,up,6,0.5329094870848624,0.4670905129151376,2.3541447806227165
I04,up,7,0.5193844886262495,0.48061551137375047,2.3945292966753478
I04,up,8,0.510397897226307,0.489602102773693,2.420560522464034
I04,up,9,0.5063499363025264,0.49365006369747355,2.4320798494369082
I04,up,10,0.5019325347123432,0.4980674652876568,2.444505660118697
I04,up,11,0.49594253744168626,0.5040574625583137,2.461115528760268
I04,up,12,0.48852457548809086,0.5114754245119091,2.4813067277604857
I04,up,13,0.48012516899480606,0.5198748310051939,2.5036703622080134
I04,up,14,0.47271808872419524,0.5272819112758047,2.522958228994942
I04,up,15,0.464993421661132,0.535006578338868,2.542646341401566
I04,up,16,0.45720164908212263,0.5427983509178773,2.562070437160892
I04,up,17,0.45112806104353764,0.5488719389564624,2.576912443724037
I04,up,18,0.44866133214710885,0.5513386678528911,2.5828664259612584
I04,up,19,0.4460930064914691,0.5539069935085309,2.589020572991637
I04,up,20,0.4437978027607778,0.5562021972392222,2.594481567959444
I04,up,21,0.4421325350050313,0.5578674649949686,2.5984209848540587
I04,up,22,0.4404514298685785,0.5595485701314216,2.6023785223153633
I04,up,23,0.4370421409673132,0.5629578590326868,2.6103450250297078
I04,up,24,0.4316591360732034,0.5683408639267966,2.622762693651861
I04,up,25,0.42862305971660536,0.5713769402833946,2.6296802590805024
I04,up,26,0.4250262804215099,0.5749737195784901,2.63779564230468
I04,up,27,0.4212425777777787,0.5787574222222214,2.6462401558535245
I04,up,28,0.42112606649896583,0.5788739335010342,2.6464986880318024
I04,up,29,0.4222109257273098,0.5777890742726902,2.644087985936056
I04,up,30,0.4222395877860773,0.5777604122139227,2.64402418986257
I04,up,31,0.42212895875828205,0.577871041241718,2.644270398298982
I04,up,32,0.4203550092593029,0.5796449907406971,2.6482073719399573
I04,up,33,0.4177824015743072,0.5822175984256928,2.6538801299329275
I04,up,34,0.41746888459549153,0.5825311154045085,2.654568494471567
I04,up,35,0.4172245904051359,0.5827754095948641,2.6551044272777284
I04,up,36,0.41472101522122506,0.5852789847787749,2.6605743721223636
I04,up,37,0.41182690753560064,0.5881730924643993,2.666846917764265
I04,up,38,0.4110485380119588,0.5889514619880412,2.6685246900635047
I04,up,39,0.41009107175315407,0.5899089282468459,2.670583158117511
I04,up,40,0.40861956861123927,0.5913804313887607,2.6737352895052453
I04,up,41,0.40848394124111104,0.591516058758889,2.674025120962101
I04,up,42,0.4060792400193608,0.5939207599806392,2.679144383761164
I04,up,43,0.40577564935568716,0.5942243506443128,2.6797880643766554
I04,up,44,0.4056964989932428,0.5943035010067572,2.6799557846408524
I04,up,45,0.40314813153075624,0.5968518684692438,2.6853345491330414
I04,up,46,0.4019926045033281,0.5980073954966719,2.6877599439042132
I04,up,47,0.40217323604583455,0.5978267639541655,2.687381362832478
I04,up,48,0.3995800768898336,0.6004199231101663,2.692796610311415
I04,up,49,0.3970208242463746,0.6029791757536254,2.6980997078670423
I04,up,50,0.39785974267652136,0.6021402573234786,2.6963658721254795
I04,up,51,0.39854396948293735,0.6014560305170626,2.694948491217052
I04,up,52,0.3982516909680504,0.6017483090319495,2.6955543063829577
I04,up,53,0.39767723306035824,0.6023227669396418,2.696743447948931
I04,up,54,0.39777902049214614,0.6022209795078539,2.696532895803898
I04,up,55,0.3982481886365238,0.6017518113634762,2.6955615625404583
I04,up,56,0.3972240245321511,0.6027759754678489,2.6976801463779463
I04,up,57,0.3963957566919749,0.6036042433080251,2.6993887142836686
I04,up,58,0.39661943263964555,0.6033805673603545,2.698927732194039
I04,up,59,0.39726257930345965,0.6027374206965403,2.6976005106496865
I04,up,60,0.3951970162829927,0.6048029837170072,2.7018539398876387
I04,up,61,0.3939233609344689,0.6060766390655311,2.7044634554965468
I04,up,62,0.3936981589076893,0.6063018410923107,2.7049238128650988
I04,up,63,0.39224550107877976,0.6077544989212202,2.707885799966152
I04,up,64,0.3903535280768908,0.6096464719231092,2.7117240548737005
I04,up,65,0.391035886623054,0.608964113376946,2.710342289164924
I04,up,66,0.39211322889543043,0.6078867711045696,2.7081548576226933
I04,up,67,0.39157158832845335,0.6084284116715466,2.709255495620739
I04,up,68,0.39094228517792873,0.6090577148220713,2.710531999982541
I04,up,69,0.3906446372961261,0.6093553627038739,2.7111349129633933
I04,up,70,0.389914751057825,0.610085248942175,2.7126110615289907
I04,up,71,0.3889362128274012,0.6110637871725988,2.714584968080745
I04,up,72,0.38729671431752094,0.612703285682479,2.7178790391885848
I04,up,73,0.3862327857743775,0.6137672142256225,2.720007909173395
I04,up,74,0.38699058962584404,0.6130094103741559,2.7184922862154037
I04,up,75,0.38815628944377223,0.6118437105562278,2.7161540327324607
I04,up,76,0.38799940529609867,0.6120005947039013,2.716469206229757
I04,up,77,0.38836852053452914,0.6116314794654709,2.71572743038759
I04,up,78,0.3888139010932524,0.6111860989067476,2.7148312830337025
I04,up,79,0.3885449049042241,0.6114550950957759,2.715372673558509
I04,up,80,0.3889912586575447,0.6110087413424553,2.7144740853111786
I04,up,81,0.3890728137253255,0.6109271862746746,2.714309768994406
I04,up,82,0.3867621681558241,0.6132378318441759,2.718949501711969
I04,up,83,0.3859471580649354,0.6140528419350646,2.7205782640259484
I04,up,84,0.38590839927835546,0.6140916007216446,2.7206556211935498
I04,up,85,0.3872731255585552,0.6127268744414448,2.7179263138860836
I04,up,86,0.38810214474123356,0.6118978552587664,2.7162628240921514
I04,up,87,0.3864598380637296,0.6135401619362704,2.7195541666359953
I04,up,88,0.38489609631004423,0.6151039036899557,2.7226728081782126
I04,up,89,0.38431997825903297,0.615680021740967,2.7238180479698224
I04,up,90,0.38473981709169897,0.6152601829083011,2.7229836674907846
I04,up,91,0.384515208925716,0.615484791074284,2.7234301826643037
I04,up,92,0.3856264824524916,0.6143735175475085,2.7212180135611153
I04,up,93,0.3868178535653492,0.6131821464346507,2.718838069352717
I04,up,94,0.3870718103338326,0.6129281896661674,2.7183296357501057
I04,up,95,0.3874129174933187,0.6125870825066813,2.7176461046026956
I04,up,96,0.3871865358663522,0.6128134641336478,2.71809982092684
I04,up,97,0.38797058781761534,0.6120294121823846,2.7165270829663433
I04,up,98,0.3891003350100147,0.6108996649899854,2.7142543102054697
I04,up,99,0.3885623337419891,0.6114376662580109,2.7153376091135186
I04,up,100,0.3881636277994888,0.6118363722005111,2.7161392866122824
I04,down,1,0.8087933065768633,0.19120669342313668,1.185925562783484
I04,down,2,0.6536932711750155,0.3463067288249845,1.9251793741308152
I04,down,3,0.6180764745768413,0.38192352542315866,2.064875871749768
I04,down,4,0.5816519060136873,0.4183480939863127,2.1961599652845045
I04,down,5,0.5528993114177085,0.44710068858229146,2.291744947624643
I04,down,6,0.5329094870848624,0.4670905129151376,2.3541447806227165
I04,down,7,0.5193844886262495,0.48061551137375047,2.3945292966753478
I04,down,8,0.510397897226307,0.489602102773693,2.420560522464034
I04,down,9,0.5063499363025264,0.49365006369747355,2.4320798494369082
I04,down,10,0.5019325347123432,0.4980674652876568,2.444505660118697
I04,down,11,0.49594253744168626,0.5040574625583137,2.461115528760268
I04,down,12,0.48852457548809086,0.5114754245119091,2.4813067277604857
I04,down,13,0.48012516899480606,0.5198748310051939,2.5036703622080134
I04,down,14,0.47271808872419524,0.5272819112758047,2.522958228994942
I04,down,15,0.464993421661132,0.535006578338868,2.542646341401566
I04,down,16,0.45720164908212263,0.5427983509178773,2.562070437160892
I04,down,17,0.45112806104353764,0.5488719389564624,2.576912443724037
I04,down,18,0.44866133214710885,0.5513386678528911,2.5828664259612584
I04,down,19,0.4460930064914691,0.5539069935085309,2.589020572991637
I04,down,20,0.4437978027607778,0.5562021972392222,2.594481567959444
I04,down,21,0.4421325350050313,0.5578674649949686,2.5984209848540587
I04,down,22,0.4404514298685785,0.5595485701314216,2.6023785223153633
I04,down,23,0.4370421409673132,0.5629578590326868,2.6103450250297078
I04,down,24,0.4316591360732034,0.5683408639267966,2.622762693651861
I04,down,25,0.42862305971660536,0.5713769402833946,2.6296802590805024
I04,down,26,0.4250262804215099,0.5749737195784901,2.63779564230468
I04,down,27,0.4212425777777787,0.5787574222222214,2.6462401558535245
I04,down,28,0.42112606649896583,0.5788739335010342,2.6464986880318024
I04,down,29,0.4222109257273098,0.5777890742726902,2.644087985936056
I04,down,30,0.4222395877860773,0.5777604122139227,2.64402418986257
I04,down,31,0.42212895875828205,0.577871041241718,2.644270398298982
I04,down,32,0.4203550092593029,0.5796449907406971,2.6482073719399573
I04,down,33,0.4177824015743072,0.5822175984256928,2.6538801299329275
I04,down,34,0.41746888459549153,0.5825311154045085,2.654568494471567
I04,down,35,0.4172245904051359,0.5827754095948641,2.6551044272777284
I04,down,36,0.41472101522122506,0.5852789847787749,2.6605743721223636
I04,down,37,0.41182690753560064,0.5881730924643993,2.666846917764265
I04,down,38,0.4110485380119588,0.5889514619880412,2.6685246900635047
I04,down,39,0.41009107175315407,0.5899089282468459,2.670583158117511
I04,down,40,0.40861956861123927,0.5913804313887607,2.6737352895052453
I04,down,41,0.40848394124111104,0.591516058758889,2.674025120962101
I04,down,42,0.4060792400193608,0.5939207599806392,2.679144383761164
I04,down,43,0.40577564935568716,0.5942243506443128,2.6797880643766554
I04,down,44,0.4056964989932428,0.5943035010067572,2.6799557846408524
I04,down,45,0.40314813153075624,0.5968518684692438,2.6853345491330414
I04,down,46,0.4019926045033281,0.5980073954966719,2.6877599439042132
I04,down,47,0.40217323604583455,0.5978267639541655,2.687381362832478
I04,down,48,0.3995800768898336,0.6004199231101663,2.692796610311415
I04,down,49,0.3970208242463746,0.6029791757536254,2.6980997078670423
I04,down,50,0.39785974267652136,0.6021402573234786,2.6963658721254795
I04,down,51,0.39854396948293735,0.6014560305170626,2.694948491217052
I04,down,52,0.3982516909680504,0.6017483090319495,2.6955543063829577
I04,down,53,0.39767723306035824,0.6023227669396418,2.696743447948931
I04,down,54,0.39777902049214614,0.6022209795078539,2.696532895803898
I04,down,55,0.3982481886365238,0.6017518113634762,2.6955615625404583
I04,down,56,0.3972240245321511,0.6027759754678489,2.6976801463779463
I04,down,57,0.3963957566919749,0.6036042433080251,2.6993887142836686
I04,down,58,0.39661943263964555,0.6033805673603545,2.698927732194039
I04,down,59,0.39726257930345965,0.6027374206965403,2.6976005106496865
I04,down,60,0.3951970162829927,0.6048029837170072,2.7018539398876387
I04,down,61,0.3939233609344689,0.6060766390655311,2.7044634554965468
I04,down,62,0.3936981589076893,0.6063018410923107,2.7049238128650988
I04,down,63,0.39224550107877976,0.6077544989212202,2.707885799966152
I04,down,64,0.3903535280768908,0.6096464719231092,2.7117240548737005
I04,down,65,0.391035886623054,0.608964113376946,2.710342289164924
I04,down,66,0.39211322889543043,0.6078867711045696,2.7081548576226933
I04,down,67,0.39157158832845335,0.6084284116715466,2.709255495620739
I04,down,68,0.39094228517792873,0.6090577148220713,2.710531999982541
I04,down,69,0.3906446372961261,0.6093553627038739,2.7111349129633933
I04,down,70,0.389914751057825,0.610085248942175,2.7126110615289907
I04,down,71,0.3889362128274012,0.6110637871725988,2.714584968080745
I04,down,72,0.38729671431752094,0.612703285682479,2.7178790391885848
I04,down,73,0.3862327857743775,0.6137672142256225,2.720007909173395
I04,down,74,0.38699058962584404,0.6130094103741559,2.7184922862154037
I04,down,75,0.38815628944377223,0.6118437105562278,2.7161540327324607
I04,down,76,0.38799940529609867,0.6120005947039013,2.716469206229757
I04,down,77,0.38836852053452914,0.6116314794654709,2.71572743038759
I04,down,78,0.3888139010932524,0.6111860989067476,2.7148312830337025
I04,down,79,0.3885449049042241,0.6114550950957759,2.715372673558509
I04,down,80,0.3889912586575447,0.6110087413424553,2.7144740853111786
I04,down,81,0.3890728137253255,0.6109271862746746,2.714309768994406
I04,down,82,0.3867621681558241,0.6132378318441759,2.718949501711969
I04,down,83,0.3859471580649354,0.6140528419350646,2.7205782640259484
I04,down,84,0.38590839927835546,0.6140916007216446,2.7206556211935498
I04,down,85,0.3872731255585552,0.6127268744414448,2.7179263138860836
I04,down,86,0.38810214474123356,0.6118978552587664,2.7162628240921514
I04,down,87,0.3864598380637296,0.6135401619362704,2.7195541666359953
I04,down,88,0.38489609631004423,0.6151039036899557,2.7226728081782126
I04,down,89,0.38431997825903297,0.615680021740967,2.7238180479698224
I04,down,90,0.38473981709169897,0.6152601829083011,2.7229836674907846
I04,down,91,0.384515208925716,0.615484791074284,2.7234301826643037
I04,down,92,0.3856264824524916,0.6143735175475085,2.7212180135611153
I04,down,93,0.3868178535653492,0.6131821464346507,2.718838069352717
I04,down,94,0.3870718103338326,0.6129281896661674,2.7183296357501057
I04,down,95,0.3874129174933187,0.6125870825066813,2.7176461046026956
I04,down,96,0.3871865358663522,0.6128134641336478,2.71809982092684
I04,down,97,0.38797058781761534,0.6120294121823846,2.7165270829663433
I04,down,98,0.3891003350100147,0.6108996649899854,2.7142543102054697
I04,down,99,0.3885623337419891,0.6114376662580109,2.7153376091135186
I04,down,100,0.3881636277994888,0.6118363722005111,2.7161392866122824
I05,right,1,0.7148818079186234,0.28511819208137656,1.6586217226026223
I05,right,2,0.3808237199535399,0.6191762800464601,2.7307251175117884
I05,right,3,0.2549179271626587,0.7450820728373413,2.9351830534442813
I05,right,4,0.1978067245484172,0.8021932754515828,3.0038095073169826
I05,right,5,0.1682918072563835,0.8317081927436165,3.034474809351055
I05,right,6,0.1490438947528131,0.8509561052471869,3.0528897266407196
I05,right,7,0.12981076935311942,0.8701892306468806,3.0701264868560747
I05,right,8,0.11606755504320242,0.8839324449567976,3.0817681794210436
I05,right,9,0.11008741774808183,0.8899125822519182,3.0866652695228023
I05,right,10,0.10878100978437912,0.8912189902156209,3.0877217699632524
I05,right,11,0.10904912604247283,0.8909508739575271,3.0875053289134167
I05,right,12,0.10618840873963785,0.8938115912603621,3.089804439077083
I05,right,13,0.1007948577106279,0.8992051422893721,3.094078144830739
I05,right,14,0.09712578342116168,0.9028742165788384,3.096940435422984
I05,right,15,0.09260799854099895,0.907392001459001,3.1004154967506867
I05,right,16,0.08597511964997402,0.9140248803500259,3.105420407604254
I05,right,17,0.08095602367733322,0.9190439763226668,3.109132183905154
I05,right,18,0.07804488702023295,0.9219551129797671,3.111255743483123
I05,right,19,0.07776711556546423,0.9222328844345358,3.111457251918468
I05,right,20,0.07843164649059588,0.9215683535094041,3.110974847419393
I05,right,21,0.07757938502087436,0.9224206149791256,3.111593330863564
I05,right,22,0.07616091001419706,0.9238390899858029,3.112618679606988
I05,right,23,0.07555031955492378,0.9244496804450762,3.1130584998213235
I05,right,24,0.07280299363210428,0.9271970063678957,3.1150259933040054
I05,right,25,0.06836741637136856,0.9316325836286314,3.1181632827830406
I05,right,26,0.0646505507396749,0.9353494492603251,3.1207553415490255
I05,right,27,0.06204992142828857,0.9379500785717114,3.1225491950402695
I05,right,28,0.06089564957014178,0.9391043504298582,3.1233402123743588
I05,right,29,0.06093645666788686,0.9390635433321132,3.1233123014602047
I05,right,30,0.06065238232786118,0.9393476176721388,3.123506518352647
I05,right,31,0.0589985332454675,0.9410014667545326,3.1246334315022963
I05,right,32,0.057492249668407575,0.9425077503315924,3.125654178735127
I05,right,33,0.057283633478383326,0.9427163665216167,3.1257951288773294
I05,right,34,0.05824526715691063,0.9417547328430894,3.1251445568821747
I05,right,35,0.05934313364973805,0.9406568663502619,3.1243991582925625
I05,right,36,0.05691593068966037,0.9430840693103396,3.1260433162589782
I05,right,37,0.053883384673239595,0.9461166153267604,3.128078138560096
I05,right,38,0.05486495465436424,0.9451350453456357,3.127421856196235
I05,right,39,0.05660433754914378,0.9433956624508563,3.1262533834291775
I05,right,40,0.05639909048292374,0.9436009095170763,3.1263916309363067
I05,right,41,0.055481121935236875,0.9445188780647631,3.1270087384373877
I05,right,42,0.05490610546605094,0.9450938945339491,3.1273942936337793
I05,right,43,0.054623458150100945,0.945376541849899,3.1275835296514556
I05,right,44,0.0544152159557279,0.9455847840442722,3.1277228315872128
I05,right,45,0.05427356603069644,0.9457264339693036,3.1278175295564825
I05,right,46,0.053212221898806124,0.9467877781011939,3.1285255938225696
I05,right,47,0.05212832328307034,0.9478716767169296,3.129246013381632
I05,right,48,0.052659223724084006,0.947340776275916,3.128893486554703
I05,right,49,0.0524128220428465,0.9475871779571535,3.1290571823530433
I05,right,50,0.050614949664963396,0.9493850503350366,3.1302473540242657
I05,right,51,0.050489237184438956,0.949510762815561,3.1303302962261146
I05,right,52,0.05222488832099325,0.9477751116790067,3.1291819409854487
I05,right,53,0.05248869255173509,0.947511307448265,3.1290067930810634
I05,right,54,0.051008686211671685,0.9489913137883284,3.129987340882539
I05,right,55,0.049892183188700284,0.9501078168112997,3.130723723851479
I05,right,56,0.049837711452132914,0.9501622885478671,3.1307595772377983
I05,right,57,0.04994082671092942,0.9500591732890706,3.1306917008616963
I05,right,58,0.05138325349901754,0.9486167465009825,3.12973965586784
I05,right,59,0.0559318166463893,0.9440681833536106,3.1267060033514724
I05,right,60,0.05967197934398193,0.9403280206560181,3.124175334213887
I05,right,61,0.05958096653778466,0.9404190334622153,3.1242373063486353
I05,right,62,0.05938248172637458,0.9406175182736254,3.1243723900508593
I05,right,63,0.060954355182995586,0.9390456448170044,3.1233000581287627
I05,right,64,0.06409882279551415,0.9359011772044858,3.1211372644127424
I05,right,65,0.0687019259900231,0.9312980740099769,3.1179283609356414
I05,right,66,0.07127437853832584,0.9287256214616741,3.116112632690692
I05,right,67,0.07122863211709984,0.9287713678829002,3.116145063659742
I05,right,68,0.06909774421297517,0.9309022557870248,3.1176500308242314
I05,right,69,0.06657190056646167,0.9334280994335383,3.11941960628583
I05,right,70,0.06561511018851741,0.9343848898114826,3.1200858858525686
I05,right,71,0.0667673086350127,0.9332326913649873,3.1192832580508867
I05,right,72,0.0663928895425833,0.9336071104574167,3.119544432243897
I05,right,73,0.0645868292017424,0.9354131707982576,3.1207994888788644
I05,right,74,0.06536973316135836,0.9346302668386417,3.1202564030450466
I05,right,75,0.06814671116832827,0.9318532888316717,3.1183181321750713
I05,right,76,0.07085438312218878,0.9291456168778112,3.116410186762452
I05,right,77,0.07196385485887954,0.9280361451411204,3.1156232200145686
I05,right,78,0.07101122454375577,0.9289887754562443,3.116299119990604
I05,right,79,0.06925114837521591,0.930748851624784,3.117542057913462
I05,right,80,0.06934161653631624,0.9306583834636838,3.117478355347033
I05,right,81,0.06932928050684896,0.930670719493151,3.117487042857749
I05,right,82,0.06927927456909336,0.9307207254309067,3.117522255176355
I05,right,83,0.0695665503357055,0.9304334496642945,3.117319883100736
I05,right,84,0.06822646722142596,0.931773532778574,3.118262188048644
I05,right,85,0.06913572636268785,0.9308642736373122,3.117623302584928
I05,right,86,0.07142563445268106,0.928574365547319,3.1160053663808265
I05,right,87,0.07073310438394426,0.9292668956160557,3.1164960285686814
I05,right,88,0.0705006860846791,0.9294993139153209,3.1166604348652323
I05,right,89,0.07256173753670782,0.9274382624632922,3.115197876396106
I05,right,90,0.07458131789117338,0.9254186821088266,3.1137545857348368
I05,right,91,0.07561754350230676,0.9243824564976932,3.1130101226105378
I05,right,92,0.0761910080384658,0.9238089919615342,3.1125969753730063
I05,right,93,0.07672974194825004,0.92327025805175,3.112208102000751
I05,right,94,0.07512842685302891,0.9248715731469711,3.113361854936395
I05,right,95,0.07194986751501999,0.92805013248498,3.1156331603035303
I05,right,96,0.06899342903588622,0.9310065709641138,3.117723419868999
I05,right,97,0.06601648431106544,0.9339835156889346,3.1198066503148123
I05,right,98,0.06251842441896256,0.9374815755810374,3.1222272268141156
I05,right,99,0.060873507795814796,0.9391264922041852,3.1233553550744917
I05,right,100,0.061663257742772544,0.9383367422572274,3.1228145269973666
I05,left,1,0.7148818079186234,0.28511819208137656,1.6586217226026223
I05,left,2,0.3808237199535399,0.6191762800464601,2.7307251175117884
I05,left,3,0.2549179271626587,0.7450820728373413,2.9351830534442813
I05,left,4,0.1978067245484172,0.8021932754515828,3.0038095073169826
I05,left,5,0.1682918072563835,0.8317081927436165,3.034474809351055
I05,left,6,0.1490438947528131,0.8509561052471869,3.0528897266407196
I05,left,7,0.12981076935311942,0.8701892306468806,3.0701264868560747
I05,left,8,0.11606755504320242,0.8839324449567976,3.0817681794210436
I05,left,9,0.11008741774808183,0.8899125822519182,3.0866652695228023
I05,left,10,0.10878100978437912,0.8912189902156209,3.0877217699632524
I05,left,11,0.10904912604247283,0.8909508739575271,3.0875053289134167
I05,left,12,0.10618840873963785,0.8938115912603621,3.089804439077083
I05,left,13,0.1007948577106279,0.8992051422893721,3.094078144830739
I05,left,14,0.09712578342116168,0.9028742165788384,3.096940435422984
I05,left,15,0.09260799854099895,0.907392001459001,3.1004154967506867
I05,left,16,0.08597511964997402,0.9140248803500259,3.105420407604254
I05,left,17,0.08095602367733322,0.9190439763226668,3.109132183905154
I05,left,18,0.07804488702023295,0.9219551129797671,3.111255743483123
I05,left,19,0.07776711556546423,0.9222328844345358,3.111457251918468
I05,left,20,0.07843164649059588,0.9215683535094041,3.110974847419393
I05,left,21,0.07757938502087436,0.9224206149791256,3.111593330863564
I05,left,22,0.07616091001419706,0.9238390899858029,3.112618679606988
I05,left,23,0.07555031955492378,0.9244496804450762,3.1130584998213235
I05,left,24,0.07280299363210428,0.9271970063678957,3.1150259933040054
I05,left,25,0.06836741637136856,0.9316325836286314,3.1181632827830406
I05,left,26,0.0646505507396749,0.9353494492603251,3.1207553415490255
I05,left,27,0.06204992142828857,0.9379500785717114,3.1225491950402695
I05,left,28,0.06089564957014178,0.9391043504298582,3.1233402123743588
I05,left,29,0.06093645666788686,0.9390635433321132,3.1233123014602047
I05,left,30,0.06065238232786118,0.9393476176721388,3.123506518352647
I05,left,31,0.0589985332454675,0.9410014667545326,3.1246334315022963
I05,left,32,0.057492249668407575,0.9425077503315924,3.125654178735127
I05,left,33,0.057283633478383326,0.9427163665216167,3.1257951288773294
I05,left,34,0.05824526715691063,0.9417547328430894,3.1251445568821747
I05,left,35,0.05934313364973805,0.9406568663502619,3.1243991582925625
I05,left,36,0.05691593068966037,0.9430840693103396,3.1260433162589782
I05,left,37,0.053883384673239595,0.9461166153267604,3.128078138560096
I05,left,38,0.05486495465436424,0.9451350453456357,3.127421856196235
I05,left,39,0.05660433754914378,0.9433956624508563,3.1262533834291775
I05,left,40,0.05639909048292374,0.9436009095170763,3.1263916309363067
I05,left,41,0.055481121935236875,0.9445188780647631,3.1270087384373877
I05,left,42,0.05490610546605094,0.9450938945339491,3.1273942936337793
I05,left,43,0.054623458150100945,0.945376541849899,3.1275835296514556
I05,left,44,0.0544152159557279,0.9455847840442722,3.1277228315872128
I05,left,45,0.05427356603069644,0.9457264339693036,3.1278175295564825
I05,left,46,0.053212221898806124,0.9467877781011939,3.1285255938225696
I05,left,47,0.05212832328307034,0.9478716767169296,3.129246013381632
I05,left,48,0.052659223724084006,0.947340776275916,3.128893486554703
I05,left,49,0.0524128220428465,0.9475871779571535,3.1290571823530433
I05,left,50,0.050614949664963396,0.9493850503350366,3.1302473540242657
I05,left,51,0.050489237184438956,0.949510762815561,3.1303302962261146
I05,left,52,0.05222488832099325,0.9477751116790067,3.1291819409854487
I05,left,53,0.05248869255173509,0.947511307448265,3.1290067930810634
I05,left,54,0.051008686211671685,0.9489913137883284,3.129987340882539
I05,left,55,0.049892183188700284,0.9501078168112997,3.130723723851479
I05,left,56,0.049837711452132914,0.9501622885478671,3.1307595772377983
I05,left,57,0.04994082671092942,0.9500591732890706,3.1306917008616963
I05,left,58,0.05138325349901754,0.9486167465009825,3.12973965586784
I05,left,59,0.0559318166463893,0.9440681833536106,3.1267060033514724
I05,left,60,0.05967197934398193,0.9403280206560181,3.124175334213887
I05,left,61,0.05958096653778466,0.9404190334622153,3.1242373063486353
I05,left,62,0.05938248172637458,0.9406175182736254,3.1243723900508593
I05,left,63,0.060954355182995586,0.9390456448170044,3.1233000581287627
I05,left,64,0.06409882279551415,0.9359011772044858,3.1211372644127424
I05,left,65,0.0687019259900231,0.9312980740099769,3.1179283609356414
I05,left,66,0.07127437853832584,0.9287256214616741,3.116112632690692
I05,left,67,0.07122863211709984,0.9287713678829002,3.116145063659742
I05,left,68,0.06909774421297517,0.9309022557870248,3.1176500308242314
I05,left,69,0.06657190056646167,0.9334280994335383,3.11941960628583
I05,left,70,0.06561511018851741,0.9343848898114826,3.1200858858525686
I05,left,71,0.0667673086350127,0.9332326913649873,3.1192832580508867
I05,left,72,0.0663928895425833,0.9336071104574167,3.119544432243897
I05,left,73,0.0645868292017424,0.9354131707982576,3.1207994888788644
I05,left,74,0.06536973316135836,0.9346302668386417,3.1202564030450466
I05,left,75,0.06814671116832827,0.9318532888316717,3.1183181321750713
I05,left,76,0.07085438312218878,0.9291456168778112,3.116410186762452
I05,left,77,0.07196385485887954,0.9280361451411204,3.1156232200145686
I05,left,78,0.07101122454375577,0.9289887754562443,3.116299119990604
I05,left,79,0.06925114837521591,0.930748851624784,3.117542057913462
I05,left,80,0.06934161653631624,0.9306583834636838,3.117478355347033
I05,left,81,0.06932928050684896,0.930670719493151,3.117487042857749
I05,left,82,0.06927927456909336,0.9307207254309067,3.117522255176355
I05,left,83,0.0695665503357055,0.9304334496642945,3.117319883100736
I05,left,84,0.06822646722142596,0.931773532778574,3.118262188048644
I05,left,85,0.06913572636268785,0.9308642736373122,3.117623302584928
I05,left,86,0.07142563445268106,0.928574365547319,3.1160053663808265
I05,left,87,0.07073310438394426,0.9292668956160557,3.1164960285686814
I05,left,88,0.0705006860846791,0.9294993139153209,3.1166604348652323
I05,left,89,0.07256173753670782,0.9274382624632922,3.115197876396106
I05,left,90,0.07458131789117338,0.9254186821088266,3.1137545857348368
I05,left,91,0.07561754350230676,0.9243824564976932,3.1130101226105378
I05,left,92,0.0761910080384658,0.9238089919615342,3.1125969753730063
I05,left,93,0.07672974194825004,0.92327025805175,3.112208102000751
I05,left,94,0.07512842685302891,0.9248715731469711,3.113361854936395
I05,left,95,0.07194986751501999,0.92805013248498,3.1156331603035303
I05,left,96,0.06899342903588622,0.9310065709641138,3.117723419868999
I05,left,97,0.06601648431106544,0.9339835156889346,3.1198066503148123
I05,left,98,0.06251842441896256,0.9374815755810374,3.1222272268141156
I05,left,99,0.060873507795814796,0.9391264922041852,3.1233553550744917
I05,left,100,0.061663257742772544,0.9383367422572274,3.1228145269973666
I05,up,1,0.7052498809813155,0.29475011901868453,1.7028066669502548
I05,up,2,0.35265915136865755,0.6473408486313424,2.7837416225769767
I05,up,3,0.23067901743817332,0.7693209825618267,2.9658989195973327
I05,up,4,0.15612729701906755,0.8438727029809324,3.0462521010249315
I05,up,5,0.10685770095394947,0.8931422990460505,3.0892685628474075
I05,up,6,0.10242322128178466,0.8975767787182154,3.0927962146508383
I05,up,7,0.09845320474537338,0.9015467952546267,3.0959090681995978
I05,up,8,0.08927678329852926,0.9107232167014707,3.1029434156033737
I05,up,9,0.08785784681330024,0.9121421531866998,3.1040113969439647
I05,up,10,0.08020371620494222,0.9197962837950577,3.1096830121549903
I05,up,11,0.0751667903199836,0.9248332096800164,3.113334288609008
I05,up,12,0.07673747199172368,0.9232625280082764,3.112202516960573
I05,up,13,0.06799438548188659,0.9320056145181134,3.1184249366174273
I05,up,14,0.06102262263312383,0.9389773773668761,3.1232533533588693
I05,up,15,0.06545441291949039,0.9345455870805096,3.120197573856898
I05,up,16,0.0645385922137333,0.9354614077862667,3.120832901769261
I05,up,17,0.059852567220247135,0.9401474327797529,3.1240523109263005
I05,up,18,0.06420101265371239,0.9357989873462876,3.121066580628016
I05,up,19,0.06943641625429098,0.930563583745709,3.1174115813128287
I05,up,20,0.0682281605594953,0.9317718394405047,3.118261000105064
I05,up,21,0.0671961482443228,0.9328038517556771,3.1189837062652304
I05,up,22,0.06825618336893563,0.9317438166310643,3.1182413399843067
I05,up,23,0.06816333676717662,0.9318366632328234,3.1183064715823914
I05,up,24,0.06711518702412667,0.9328848129758733,3.119040293166921
I05,up,25,0.06690974170755391,0.9330902582924461,3.1191838155096407
I05,up,26,0.06669409478478908,0.933305905215211,3.119334354681608
I05,up,27,0.06718038342541062,0.9328196165745893,3.118994726147
I05,up,28,0.06734022276260822,0.9326597772373918,3.118882967771402
I05,up,29,0.06631111401969278,0.9336888859803072,3.1196014292582044
I05,up,30,0.06675109884706212,0.9332489011529379,3.119294572131434
I05,up,31,0.06798445323717342,0.9320155467628266,3.1184318987366426
I05,up,32,0.06675656002021227,0.9332434399797878,3.1192907604220013
I05,up,33,0.06422047014519762,0.9357795298548024,3.121053119220263
I05,up,34,0.06313492700582832,0.9368650729941717,3.12180275078797
I05,up,35,0.06365197220781946,0.9363480277921805,3.1214460526727406
I05,up,36,0.06408561602902006,0.9359143839709799,3.1211463975833453
I05,up,37,0.06430859956194938,0.9356914004380507,3.1209921366718927
I05,up,38,0.06409261974723647,0.9359073802527635,3.1211415541975622
I05,up,39,0.06357728723350767,0.9364227127664924,3.121497615740668
I05,up,40,0.06335646361033347,0.9366435363896666,3.1216499959007162
I05,up,41,0.06348231818103048,0.9365176818189695,3.1215631637953276
I05,up,42,0.06434173199838572,0.9356582680016143,3.1209692053344105
I05,up,43,0.06575160653524927,0.9342483934647507,3.119990969102304
I05,up,44,0.06502038557935194,0.934979614420648,3.120498921140519
I05,up,45,0.06225594420268983,0.9377440557973101,3.122407674967933
I05,up,46,0.05990116989621499,0.940098830103785,3.1240191877700143
I05,up,47,0.059585512527996494,0.9404144874720035,3.124234211372885
I05,up,48,0.06063999995078455,0.9393600000492155,3.1235149796221604
I05,up,49,0.059827223243549485,0.9401727767564505,3.1240695808548304
I05,up,50,0.057717493669150785,0.9422825063308492,3.125501879397663
I05,up,51,0.056464872169817666,0.9435351278301823,3.126347333343684
I05,up,52,0.05674773568635381,0.9432522643136462,3.126156736758743
I05,up,53,0.057665584171802835,0.9423344158281972,3.125536988711464
I05,up,54,0.05679662992875101,0.943203370071249,3.1261237722826065
I05,up,55,0.0543634486123073,0.9456365513876928,3.1277574452880774
I05,up,56,0.05378206239244884,0.9462179376075511,3.1281457557014445
I05,up,57,0.05543006062370039,0.9445699393762996,3.1270430068181643
I05,up,58,0.05747500640965234,0.9425249935903477,3.1256658329012454
I05,up,59,0.05989476532254551,0.9401052346774545,3.1240235528637372
I05,up,60,0.061692598417409,0.938307401582591,3.1227944056554318
I05,up,61,0.061577558384904085,0.9384224416150959,3.1228732864460795
I05,up,62,0.060084551518734326,0.9399154484812656,3.1238941612184865
I05,up,63,0.05750400243641911,0.9424959975635809,3.1256462350157257
I05,up,64,0.055927923549689375,0.9440720764503107,3.1267086204049326
I05,up,65,0.05734340722578228,0.9426565927742178,3.12575475358259
I05,up,66,0.0588636658353282,0.9411363341646718,3.1247250434854656
I05,up,67,0.058519830024563506,0.9414801699754365,3.124958408310172
I05,up,68,0.057757480556013714,0.9422425194439863,3.125474829699203
I05,up,69,0.0576128781067271,0.9423871218932729,3.125572630312175
I05,up,70,0.05675718912801031,0.9432428108719897,3.1261503636893204
I05,up,71,0.05568836392879694,0.944311636071203,3.1268695912886857
I05,up,72,0.056307685895749984,0.94369231410425,3.126453166263561
I05,up,73,0.057564384960640765,0.9424356150393592,3.125605417233012
I05,up,74,0.05807477009157377,0.9419252299084262,3.1252600614447665
I05,up,75,0.05798807459854185,0.9420119254014582,3.125318767752324
I05,up,76,0.05803303509001008,0.9419669649099899,3.1252883247265624
I05,up,77,0.058534696818524794,0.9414653031814753,3.124948323830509
I05,up,78,0.0593803605568112,0.9406196394431888,3.1243738331620454
I05,up,79,0.059501219188622174,0.9404987808113778,3.124291591550106
I05,up,80,0.05915710315747072,0.9408428968425293,3.1245256641206627
I05,up,81,0.060312927266143256,0.9396870727338568,3.1237383470816145
I05,up,82,0.061688319193475394,0.9383116808065246,3.1227973404029745
I05,up,83,0.06247011760026139,0.9375298823997387,3.122260448807052
I05,up,84,0.06478850513898281,0.9352114948610172,3.1206597310355173
I05,up,85,0.06675255056566176,0.9332474494343382,3.1192935588892476
I05,up,86,0.06577351499217328,0.9342264850078267,3.1199757302274786
I05,up,87,0.0634894856584886,0.9365105143415114,3.1215582175245427
I05,up,88,0.061545817709950344,0.9384541822900496,3.1228950448877733
I05,up,89,0.05927534853104607,0.9407246514689539,3.12444526349313
I05,up,90,0.057700489209488615,0.9422995107905114,3.125513381167754
I05,up,91,0.058733328319085856,0.9412666716809142,3.1248135376662898
I05,up,92,0.05997374388094837,0.9400262561190517,3.1239697175476095
I05,up,93,0.05983867430508822,0.9401613256949117,3.1240617780444424
I05,up,94,0.060433358063493016,0.939566641936507,3.1236561308832194
I05,up,95,0.06133556865668524,0.9386644313433148,3.123039111486169
I05,up,96,0.060164026953235236,0.9398359730467648,3.123839951453925
I05,up,97,0.057562368693969836,0.9424376313060302,3.1256067803406227
I05,up,98,0.057155918765853485,0.9428440812341465,3.1258813680776587
I05,up,99,0.056659805738996816,0.9433401942610031,3.126216005000744
I05,up,100,0.053032993681727654,0.9469670063182724,3.128644906348553
I05,down,1,0.7052498809813155,0.29475011901868453,1.7028066669502548
I05,down,2,0.35265915136865755,0.6473408486313424,2.7837416225769767
I05,down,3,0.23067901743817332,0.7693209825618267,2.9658989195973327
I05,down,4,0.15612729701906755,0.8438727029809324,3.0462521010249315
I05,down,5,0.10685770095394947,0.8931422990460505,3.0892685628474075
I05,down,6,0.10242322128178466,0.8975767787182154,3.0927962146508383
I05,down,7,0.09845320474537338,0.9015467952546267,3.0959090681995978
I05,down,8,0.08927678329852926,0.9107232167014707,3.1029434156033737
I05,down,9,0.08785784681330024,0.9121421531866998,3.1040113969439647
I05,down,10,0.08020371620494222,0.9197962837950577,3.1096830121549903
I05,down,11,0.0751667903199836,0.9248332096800164,3.113334288609008
I05,down,12,0.07673747199172368,0.9232625280082764,3.112202516960573
I05,down,13,0.06799438548188659,0.9320056145181134,3.1184249366174273
I05,down,14,0.06102262263312383,0.9389773773668761,3.1232533533588693
I05,down,15,0.06545441291949039,0.9345455870805096,3.120197573856898
I05,down,16,0.0645385922137333,0.9354614077862667,3.120832901769261
I05,down,17,0.059852567220247135,0.9401474327797529,3.1240523109263005
I05,down,18,0.06420101265371239,0.9357989873462876,3.121066580628016
I05,down,19,0.06943641625429098,0.930563583745709,3.1174115813128287
I05,down,20,0.0682281605594953,0.9317718394405047,3.118261000105064
I05,down,21,0.0671961482443228,0.9328038517556771,3.1189837062652304
I05,down,22,0.06825618336893563,0.9317438166310643,3.1182413399843067
I05,down,23,0.06816333676717662,0.9318366632328234,3.1183064715823914
I05,down,24,0.06711518702412667,0.9328848129758733,3.119040293166921
I05,down,25,0.06690974170755391,0.9330902582924461,3.1191838155096407
I05,down,26,0.06669409478478908,0.933305905215211,3.119334354681608
I05,down,27,0.06718038342541062,0.9328196165745893,3.118994726147
I05,down,28,0.06734022276260822,0.9326597772373918,3.118882967771402
I05,down,29,0.06631111401969278,0.9336888859803072,3.1196014292582044
I05,down,30,0.06675109884706212,0.9332489011529379,3.119294572131434
I05,down,31,0.06798445323717342,0.9320155467628266,3.1184318987366426
I05,down,32,0.06675656002021227,0.9332434399797878,3.1192907604220013
I05,down,33,0.06422047014519762,0.9357795298548024,3.121053119220263
I05,down,34,0.06313492700582832,0.9368650729941717,3.12180275078797
I05,down,35,0.06365197220781946,0.9363480277921805,3.1214460526727406
I05,down,36,0.06408561602902006,0.9359143839709799,3.1211463975833453
I05,down,37,0.06430859956194938,0.9356914004380507,3.1209921366718927
I05,down,38,0.06409261974723647,0.9359073802527635,3.1211415541975622
I05,down,39,0.06357728723350767,0.9364227127664924,3.121497615740668
I05,down,40,0.06335646361033347,0.9366435363896666,3.1216499959007162
I05,down,41,0.06348231818103048,0.9365176818189695,3.1215631637953276
I05,down,42,0.06434173199838572,0.9356582680016143,3.1209692053344105
I05,down,43,0.06575160653524927,0.9342483934647507,3.119990969102304
I05,down,44,0.06502038557935194,0.934979614420648,3.120498921140519
I05,down,45,0.06225594420268983,0.9377440557973101,3.122407674967933
I05,down,46,0.05990116989621499,0.940098830103785,3.1240191877700143
I05,down,47,0.059585512527996494,0.9404144874720035,3.124234211372885
I05,down,48,0.06063999995078455,0.9393600000492155,3.1235149796221604
I05,down,49,0.059827223243549485,0.9401727767564505,3.1240695808548304
I05,down,50,0.057717493669150785,0.9422825063308492,3.125501879397663
I05,down,51,0.056464872169817666,0.9435351278301823,3.126347333343684
I05,down,52,0.05674773568635381,0.9432522643136462,3.126156736758743
I05,down,53,0.057665584171802835,0.9423344158281972,3.125536988711464
I05,down,54,0.05679662992875101,0.943203370071249,3.1261237722826065
I05,down,55,0.0543634486123073,0.9456365513876928,3.1277574452880774
I05,down,56,0.05378206239244884,0.9462179376075511,3.1281457557014445
I05,down,57,0.05543006062370039,0.9445699393762996,3.1270430068181643
I05,down,58,0.05747500640965234,0.9425249935903477,3.1256658329012454
I05,down,59,0.05989476532254551,0.9401052346774545,3.1240235528637372
I05,down,60,0.061692598417409,0.938307401582591,3.1227944056554318
I05,down,61,0.061577558384904085,0.9384224416150959,3.1228732864460795
I05,down,62,0.060084551518734326,0.9399154484812656,3.1238941612184865
I05,down,63,0.05750400243641911,0.9424959975635809,3.1256462350157257
I05,down,64,0.055927923549689375,0.9440720764503107,3.1267086204049326
I05,down,65,0.05734340722578228,0.9426565927742178,3.12575475358259
I05,down,66,0.0588636658353282,0.9411363341646718,3.1247250434854656
I05,down,67,0.058519830024563506,0.9414801699754365,3.124958408310172
I05,down,68,0.057757480556013714,0.9422425194439863,3.125474829699203
I05,down,69,0.0576128781067271,0.9423871218932729,3.125572630312175
I05,down,70,0.05675718912801031,0.9432428108719897,3.1261503636893204
I05,down,71,0.05568836392879694,0.944311636071203,3.1268695912886857
I05,down,72,0.056307685895749984,0.94369231410425,3.126453166263561
I05,down,73,0.057564384960640765,0.9424356150393592,3.125605417233012
I05,down,74,0.05807477009157377,0.9419252299084262,3.1252600614447665
I05,down,75,0.05798807459854185,0.9420119254014582,3.125318767752324
I05,down,76,0.05803303509001008,0.9419669649099899,3.1252883247265624
I05,down,77,0.058534696818524794,0.9414653031814753,3.124948323830509
I05,down,78,0.0593803605568112,0.9406196394431888,3.1243738331620454
I05,down,79,0.059501219188622174,0.9404987808113778,3.124291591550106
I05,down,80,0.05915710315747072,0.9408428968425293,3.1245256641206627
I05,down,81,0.060312927266143256,0.9396870727338568,3.1237383470816145
I05,down,82,0.061688319193475394,0.9383116808065246,3.1227973404029745
I05,down,83,0.06247011760026139,0.9375298823997387,3.122260448807052
I05,down,84,0.06478850513898281,0.9352114948610172,3.1206597310355173
I05,down,85,0.06675255056566176,0.9332474494343382,3.1192935588892476
I05,down,86,0.06577351499217328,0.9342264850078267,3.1199757302274786
I05,down,87,0.0634894856584886,0.9365105143415114,3.1215582175245427
I05,down,88,0.061545817709950344,0.9384541822900496,3.1228950448877733
I05,down,89,0.05927534853104607,0.9407246514689539,3.12444526349313
I05,down,90,0.057700489209488615,0.9422995107905114,3.125513381167754
I05,down,91,0.058733328319085856,0.9412666716809142,3.1248135376662898
I05,down,92,0.05997374388094837,0.9400262561190517,3.1239697175476095
I05,down,93,0.05983867430508822,0.9401613256949117,3.1240617780444424
I05,down,94,0.060433358063493016,0.939566641936507,3.1236561308832194
I05,down,95,0.06133556865668524,0.9386644313433148,3.123039111486169
I05,down,96,0.060164026953235236,0.9398359730467648,3.123839951453925
I05,down,97,0.057562368693969836,0.9424376313060302,3.1256067803406227
I05,down,98,0.057155918765853485,0.9428440812341465,3.1258813680776587
I05,down,99,0.056659805738996816,0.9433401942610031,3.126216005000744
I05,down,100,0.053032993681727654,0.9469670063182724,3.128644906348553
I06,right,1,0.7926728360625238,0.2073271639374762,1.272253115080093
I06,right,2,0.5850442338095664,0.4149557661904336,2.1844193679600394
I06,right,3,0.5071269458549008,0.4928730541450992,2.429878576716912
I06,right,4,0.44748637065946456,0.5525136293405355,2.5856875251504245
I06,right,5,0.4081759794668797,0.5918240205331202,2.674682788709597
I06,right,6,0.38593149995108333,0.6140685000489167,2.720609516550386
I06,right,7,0.3682536218728694,0.6317463781271306,2.754956314190518
I06,right,8,0.352129144055875,0.6478708559441251,2.784695694863518
I06,right,9,0.33906327301012984,0.6609367269898702,2.807723737973875
I06,right,10,0.3281067230569733,0.6718932769430267,2.8263201890145826
I06,right,11,0.3197459308806564,0.6802540691193436,2.840084747452348
I06,right,12,0.3142361803155458,0.6857638196844542,2.8489582381201
I06,right,13,0.30864187871714394,0.6913581212828561,2.8578102188577876
I06,right,14,0.3042281388162628,0.6957718611837371,2.864683577049939
I06,right,15,0.30049980133691834,0.6995001986630817,2.8704145051052192
I06,right,16,0.29547507789739685,0.7045249221026031,2.878030644007258
I06,right,17,0.2914736808855644,0.7085263191144355,2.8840084264272843
I06,right,18,0.2881690005013678,0.7118309994986323,2.8888876781161503
I06,right,19,0.2813037120482841,0.7186962879517159,2.898859366812551
I06,right,20,0.27414880919859846,0.7258511908014016,2.909018835777741
I06,right,21,0.2703822945537668,0.7296177054462332,2.914273086849361
I06,right,22,0.26904820037134847,0.7309517996286515,2.916118771634946
I06,right,23,0.2679327261632535,0.7320672738367465,2.917655867766226
I06,right,24,0.2662494820331095,0.7337505179668905,2.9199648029207124
I06,right,25,0.2652364498241855,0.7347635501758145,2.9213483108394476
I06,right,26,0.2633823386860373,0.7366176613139628,2.9238686941128753
I06,right,27,0.2629098707042809,0.737090129295719,2.9245085116012968
I06,right,28,0.2642844620619856,0.7357155379380145,2.92264429589806
I06,right,29,0.26647175224318154,0.7335282477568185,2.9196606353972214
I06,right,30,0.26633310919889275,0.7336668908011073,2.919850388452687
I06,right,31,0.2653039692751022,0.7346960307248978,2.9212562407645537
I06,right,32,0.2645883705008431,0.7354116294991568,2.9222310079212956
I06,right,33,0.2630457066722773,0.7369542933277227,2.924324663071773
I06,right,34,0.25970511258396145,0.7402948874160385,2.928822475302626
I06,right,35,0.2571178612440221,0.7428821387559779,2.9322724282747794
I06,right,36,0.2566164252972715,0.7433835747027284,2.9329376971277714
I06,right,37,0.2563992622818612,0.7436007377181388,2.9332254750182063
I06,right,38,0.25559962473358,0.74440037526642,2.9342833707909532
I06,right,39,0.2548818621663462,0.7451181378336538,2.9352305950149358
I06,right,40,0.25413136144663706,0.7458686385533629,2.9362186474334653
I06,right,41,0.2536990777652087,0.7463009222347913,2.936786658901897
I06,right,42,0.2536587220767783,0.7463412779232217,2.936839644403693
I06,right,43,0.25173560841241954,0.7482643915875804,2.9393565209965926
I06,right,44,0.24952917227983776,0.7504708277201623,2.9422247293137103
I06,right,45,0.24997064459815754,0.7500293554018425,2.9416525059219794
I06,right,46,0.2491851447427638,0.7508148552572362,2.9426700737257443
I06,right,47,0.24754453601892096,0.752455463981079,2.9447869461377696
I06,right,48,0.24665726341357436,0.7533427365864256,2.9459270517034755
I06,right,49,0.247354760603202,0.752645239396798,2.945031078269097
I06,right,50,0.24800598108985192,0.751994018910148,2.9441926962465548
I06,right,51,0.24742915105612132,0.7525708489438787,2.944935398535887
I06,right,52,0.24682527638015087,0.7531747236198492,2.9457114173497327
I06,right,53,0.2458855548158396,0.7541144451841604,2.9469159658892554
I06,right,54,0.2431629423985316,0.7568370576014685,2.9503849300654306
I06,right,55,0.24150939164638618,0.7584906083536138,2.952476665511191
I06,right,56,0.24317753734697914,0.7568224626530209,2.950366416823501
I06,right,57,0.24399822319678388,0.7560017768032161,2.9493239715650583
I06,right,58,0.24130336906518066,0.7586966309348193,2.9527364871199424
I06,right,59,0.23932324038247624,0.7606767596175238,2.955224727199309
I06,right,60,0.23900719809855664,0.7609928019014434,2.9556203686552243
I06,right,61,0.2393881146233267,0.7606118853766732,2.955143462626854
I06,right,62,0.23938924523336796,0.7606107547666321,2.955142046216805
I06,right,63,0.2379929685216167,0.7620070314783833,2.956887266586378
I06,right,64,0.2364073946205586,0.7635926053794414,2.9588593805091783
I06,right,65,0.23445212536285193,0.765547874637148,2.9612771637234037
I06,right,66,0.2315144782392566,0.7684855217607434,2.964880504918944
I06,right,67,0.23139786194060263,0.7686021380593974,2.965022827354084
I06,right,68,0.23148014950786602,0.768519850492134,2.964922406546205
I06,right,69,0.2304949987227521,0.769505001277248,2.9661228582224597
I06,right,70,0.228803951331489,0.771196048668511,2.9681743869597774
I06,right,71,0.229692433173036,0.770307566826964,2.967097936882249
I06,right,72,0.22937549637912116,0.7706245036208789,2.9674822880230707
I06,right,73,0.22728431321089904,0.772715686789101,2.9700082063294575
I06,right,74,0.2271847413619013,0.7728152586380987,2.970128042898791
I06,right,75,0.22620443825764866,0.7737955617423513,2.9713057502806786
I06,right,76,0.22389449465352518,0.7761055053464748,2.9740657813272247
I06,right,77,0.222558630000574,0.777441369999426,2.97565232449539
I06,right,78,0.22121755849606844,0.7787824415039315,2.9772380010970556
I06,right,79,0.22086164177598788,0.7791383582240121,2.97765765266218
I06,right,80,0.22240307639522972,0.7775969236047703,2.9758366119885107
I06,right,81,0.22357104182014478,0.7764289581798552,2.9744505755459274
I06,right,82,0.2227876801466681,0.7772123198533318,2.9753807911440786
I06,right,83,0.22203077780512415,0.7779692221948759,2.9762772959400836
I06,right,84,0.2235548816147389,0.7764451183852611,2.974469789648193
I06,right,85,0.22524299196993802,0.774757008030062,2.9724570977010103
I06,right,86,0.22457535952440225,0.7754246404755978,2.97325444476828
I06,right,87,0.22444903720879514,0.7755509627912048,2.973405112059453
I06,right,88,0.2247594449506714,0.7752405550493287,2.973034769300753
I06,right,89,0.22593180257329626,0.7740681974267037,2.9716326082381928
I06,right,90,0.22718748768198838,0.7728125123180116,2.9701247381809868
I06,right,91,0.22646827852590612,0.7735317214740939,2.9709891560179154
I06,right,92,0.22483381986825332,0.7751661801317467,2.9729459771613858
I06,right,93,0.22341825941670282,0.7765817405832972,2.9746321891027465
I06,right,94,0.22159121811657106,0.7784087818834289,2.976796896063698
I06,right,95,0.21820488037278013,0.7817951196272199,2.980774560531673
I06,right,96,0.215587092146148,0.784412907853852,2.983818971413002
I06,right,97,0.21522586205880656,0.7847741379411934,2.9842369963036877
I06,right,98,0.2149606557661776,0.7850393442338224,2.9845435806100546
I06,right,99,0.21439438877365505,0.785605611226345,2.9851972937365536
I06,right,100,0.2147281073157748,0.7852718926842253,2.984812189424259
I06,left,1,0.7926728360625238,0.2073271639374762,1.272253115080093
I06,left,2,0.5850442338095664,0.4149557661904336,2.1844193679600394
I06,left,3,0.5071269458549008,0.4928730541450992,2.429878576716912
I06,left,4,0.44748637065946456,0.5525136293405355,2.5856875251504245
I06,left,5,0.4081759794668797,0.5918240205331202,2.674682788709597
I06,left,6,0.38593149995108333,0.6140685000489167,2.720609516550386
I06,left,7,0.3682536218728694,0.6317463781271306,2.754956314190518
I06,left,8,0.352129144055875,0.6478708559441251,2.784695694863518
I06,left,9,0.33906327301012984,0.6609367269898702,2.807723737973875
I06,left,10,0.3281067230569733,0.6718932769430267,2.8263201890145826
I06,left,11,0.3197459308806564,0.6802540691193436,2.840084747452348
I06,left,12,0.3142361803155458,0.6857638196844542,2.8489582381201
I06,left,13,0.30864187871714394,0.6913581212828561,2.8578102188577876
I06,left,14,0.3042281388162628,0.6957718611837371,2.864683577049939
I06,left,15,0.30049980133691834,0.6995001986630817,2.8704145051052192
I06,left,16,0.29547507789739685,0.7045249221026031,2.878030644007258
I06,left,17,0.2914736808855644,0.7085263191144355,2.8840084264272843
I06,left,18,0.2881690005013678,0.7118309994986323,2.8888876781161503
I06,left,19,0.2813037120482841,0.7186962879517159,2.898859366812551
I06,left,20,0.27414880919859846,0.7258511908014016,2.909018835777741
I06,left,21,0.2703822945537668,0.7296177054462332,2.914273086849361
I06,left,22,0.26904820037134847,0.7309517996286515,2.916118771634946
I06,left,23,0.2679327261632535,0.7320672738367465,2.917655867766226
I06,left,24,0.2662494820331095,0.7337505179668905,2.9199648029207124
I06,left,25,0.2652364498241855,0.7347635501758145,2.9213483108394476
I06,left,26,0.2633823386860373,0.7366176613139628,2.9238686941128753
I06,left,27,0.2629098707042809,0.737090129295719,2.9245085116012968
I06,left,28,0.2642844620619856,0.7357155379380145,2.92264429589806
I06,left,29,0.26647175224318154,0.7335282477568185,2.9196606353972214
I06,left,30,0.26633310919889275,0.7336668908011073,2.919850388452687
I06,left,31,0.2653039692751022,0.7346960307248978,2.9212562407645537
I06,left,32,0.2645883705008431,0.7354116294991568,2.9222310079212956
I06,left,33,0.2630457066722773,0.7369542933277227,2.924324663071773
I06,left,34,0.25970511258396145,0.7402948874160385,2.928822475302626
I06,left,35,0.2571178612440221,0.7428821387559779,2.9322724282747794
I06,left,36,0.2566164252972715,0.7433835747027284,2.9329376971277714
I06,left,37,0.2563992622818612,0.7436007377181388,2.9332254750182063
I06,left,38,0.25559962473358,0.74440037526642,2.9342833707909532
I06,left,39,0.2548818621663462,0.7451181378336538,2.9352305950149358
I06,left,40,0.25413136144663706,0.7458686385533629,2.9362186474334653
I06,left,41,0.2536990777652087,0.7463009222347913,2.936786658901897
I06,left,42,0.2536587220767783,0.7463412779232217,2.936839644403693
I06,left,43,0.25173560841241954,0.7482643915875804,2.9393565209965926
I06,left,44,0.24952917227983776,0.7504708277201623,2.9422247293137103
I06,left,45,0.24997064459815754,0.7500293554018425,2.9416525059219794
I06,left,46,0.2491851447427638,0.7508148552572362,2.9426700737257443
I06,left,47,0.24754453601892096,0.752455463981079,2.9447869461377696
I06,left,48,0.24665726341357436,0.7533427365864256,2.9459270517034755
I06,left,49,0.247354760603202,0.752645239396798,2.945031078269097
I06,left,50,0.24800598108985192,0.751994018910148,2.9441926962465548
I06,left,51,0.24742915105612132,0.7525708489438787,2.944935398535887
I06,left,52,0.24682527638015087,0.7531747236198492,2.9457114173497327
I06,left,53,0.2458855548158396,0.7541144451841604,2.9469159658892554
I06,left,54,0.2431629423985316,0.7568370576014685,2.9503849300654306
I06,left,55,0.24150939164638618,0.7584906083536138,2.952476665511191
I06,left,56,0.24317753734697914,0.7568224626530209,2.950366416823501
I06,left,57,0.24399822319678388,0.7560017768032161,2.9493239715650583
I06,left,58,0.24130336906518066,0.7586966309348193,2.9527364871199424
I06,left,59,0.23932324038247624,0.7606767596175238,2.955224727199309
I06,left,60,0.23900719809855664,0.7609928019014434,2.9556203686552243
I06,left,61,0.2393881146233267,0.7606118853766732,2.955143462626854
I06,left,62,0.23938924523336796,0.7606107547666321,2.955142046216805
I06,left,63,0.2379929685216167,0.7620070314783833,2.956887266586378
I06,left,64,0.2364073946205586,0.7635926053794414,2.9588593805091783
I06,left,65,0.23445212536285193,0.765547874637148,2.9612771637234037
I06,left,66,0.2315144782392566,0.7684855217607434,2.964880504918944
I06,left,67,0.23139786194060263,0.7686021380593974,2.965022827354084
I06,left,68,0.23148014950786602,0.768519850492134,2.964922406546205
I06,left,69,0.2304949987227521,0.769505001277248,2.9661228582224597
I06,left,70,0.228803951331489,0.771196048668511,2.9681743869597774
I06,left,71,0.229692433173036,0.770307566826964,2.967097936882249
I06,left,72,0.22937549637912116,0.7706245036208789,2.9674822880230707
I06,left,73,0.22728431321089904,0.772715686789101,2.9700082063294575
I06,left,74,0.2271847413619013,0.7728152586380987,2.970128042898791
I06,left,75,0.22620443825764866,0.7737955617423513,2.9713057502806786
I06,left,76,0.22389449465352518,0.7761055053464748,2.9740657813272247
I06,left,77,0.222558630000574,0.777441369999426,2.97565232449539
I06,left,78,0.22121755849606844,0.7787824415039315,2.9772380010970556
I06,left,79,0.22086164177598788,0.7791383582240121,2.97765765266218
I06,left,80,0.22240307639522972,0.7775969236047703,2.9758366119885107
I06,left,81,0.22357104182014478,0.7764289581798552,2.9744505755459274
I06,left,82,0.2227876801466681,0.7772123198533318,2.9753807911440786
I06,left,83,0.22203077780512415,0.7779692221948759,2.9762772959400836
I06,left,84,0.2235548816147389,0.7764451183852611,2.974469789648193
I06,left,85,0.22524299196993802,0.774757008030062,2.9724570977010103
I06,left,86,0.22457535952440225,0.7754246404755978,2.97325444476828
I06,left,87,0.22444903720879514,0.7755509627912048,2.973405112059453
I06,left,88,0.2247594449506714,0.7752405550493287,2.973034769300753
I06,left,89,0.22593180257329626,0.7740681974267037,2.9716326082381928
I06,left,90,0.22718748768198838,0.7728125123180116,2.9701247381809868
I06,left,91,0.22646827852590612,0.7735317214740939,2.9709891560179154
I06,left,92,0.22483381986825332,0.7751661801317467,2.9729459771613858
I06,left,93,0.22341825941670282,0.7765817405832972,2.9746321891027465
I06,left,94,0.22159121811657106,0.7784087818834289,2.976796896063698
I06,left,95,0.21820488037278013,0.7817951196272199,2.980774560531673
I06,left,96,0.215587092146148,0.784412907853852,2.983818971413002
I06,left,97,0.21522586205880656,0.7847741379411934,2.9842369963036877
I06,left,98,0.2149606557661776,0.7850393442338224,2.9845435806100546
I06,left,99,0.21439438877365505,0.785605611226345,2.9851972937365536
I06,left,100,0.2147281073157748,0.7852718926842253,2.984812189424259
I06,up,1,0.5140323400025575,0.4859676599974425,2.410109092042359
I06,up,2,0.2225586060342884,0.7774413939657117,2.975652352896052
I06,up,3,0.25731631605248145,0.7426836839475186,2.9320088315005366
I06,up,4,0.24497567338403411,0.7550243266159659,2.9480787280361342
I06,up,5,0.2378070650413665,0.7621929349586335,2.957119024277956
I06,up,6,0.23037116786672254,0.7696288321332775,2.9662734755661253
I06,up,7,0.22524579290065092,0.7747542070993491,2.9724537488614358
I06,up,8,0.22093247307598246,0.7790675269240175,2.9775741769119293
I06,up,9,0.2184834559063246,0.7815165440936754,2.980449024482952
I06,up,10,0.21865177458358337,0.7813482254164166,2.9802521857449884
I06,up,11,0.21353032494651353,0.7864696750534865,2.986192422290963
I06,up,12,0.2028033888998121,0.7971966111001879,2.9983109851525125
I06,up,13,0.20908184386671144,0.7909181561332885,2.991270631511439
I06,up,14,0.2151691836991897,0.7848308163008103,2.9843025404427594
I06,up,15,0.2051476887130877,0.7948523112869124,2.99569943280843
I06,up,16,0.20342586425385337,0.7965741357461467,2.99761953821396
I06,up,17,0.20070514689737357,0.7992948531026265,3.000631157635471
I06,up,18,0.1956833492345028,0.8043166507654972,3.0061184823604883
I06,up,19,0.20325859270789184,0.7967414072921082,2.9978054849965226
I06,up,20,0.2067261637943337,0.7932738362056663,2.9939294683599575
I06,up,21,0.20166056019801454,0.7983394398019854,2.999576706572964
I06,up,22,0.19409304460161883,0.8059069553983812,3.0078370773154646
I06,up,23,0.19294590057644317,0.8070540994235569,3.0090710922091306
I06,up,24,0.1927256384077766,0.8072743615922234,3.009307492211758
I06,up,25,0.18734939718976026,0.8126506028102397,3.0150238351114877
I06,up,26,0.1839206994268111,0.8160793005731889,3.0186159425648187
I06,up,27,0.18139820177962993,0.81860179822037,3.0212323650296975
I06,up,28,0.17678539435017218,0.8232146056498278,3.0259598880836442
I06,up,29,0.17301851439931026,0.8269814856006897,3.029766343265597
I06,up,30,0.17537538814834142,0.8246246118516586,3.027390369144298
I06,up,31,0.17725707688314443,0.8227429231168556,3.0254798376825365
I06,up,32,0.17387969310695922,0.8261203068930407,3.0289003732393374
I06,up,33,0.16314873470523208,0.8368512652947679,3.0395133679380653
I06,up,34,0.1599421779190131,0.8400578220809869,3.04261070076935
I06,up,35,0.15803595780754573,0.8419640421924542,3.0444361184132216
I06,up,36,0.15483089616330914,0.8451691038366909,3.0474788705029736
I06,up,37,0.15226123973055558,0.8477387602694444,3.0498946248083607
I06,up,38,0.15363635348917773,0.8463636465108223,3.0486044888894845
I06,up,39,0.15276633998903424,0.8472336600109658,3.049421437462599
I06,up,40,0.14830406856970782,0.8516959314302922,3.0535738330678273
I06,up,41,0.14414437953868492,0.855855620461315,3.057388377766177
I06,up,42,0.1392501618570329,0.8607498381429671,3.0618079364702515
I06,up,43,0.13588524896744153,0.8641147510325584,3.0648040559299474
I06,up,44,0.1352672505102475,0.8647327494897525,3.065350596713057
I06,up,45,0.1389311237776489,0.8610688762223511,3.0620934843911733
I06,up,46,0.14446817954931102,0.855531820450689,3.057093376998921
I06,up,47,0.138025857926689,0.861974142073311,3.0629020348499525
I06,up,48,0.1310213571102499,0.8689786428897501,3.069074560298718
I06,up,49,0.1303609445607978,0.8696390554392022,3.069648957280277
I06,up,50,0.13274582837728538,0.8672541716227147,3.0675685739205028
I06,up,51,0.13521689622442526,0.8647831037755748,3.06539507793431
I06,up,52,0.13227106907290784,0.8677289309270921,3.067984067324158
I06,up,53,0.1286306205220995,0.8713693794779005,3.0711477863340324
I06,up,54,0.12122617102891856,0.8787738289710815,3.077462434122558
I06,up,55,0.11528472832637052,0.8847152716736295,3.0824149573948114
I06,up,56,0.11631218159417892,0.8836878184058211,3.0815657107951084
I06,up,57,0.11799213465113294,0.8820078653488671,3.080170679639985
I06,up,58,0.11680406684188155,0.8831959331581185,3.081158080873905
I06,up,59,0.124336075412989,0.875663924587011,3.0748297121925487
I06,up,60,0.1268150226162674,0.8731849773837326,3.0727109848654104
I06,up,61,0.11790654736949369,0.8820934526305063,3.0802419455007435
I06,up,62,0.11680052542237278,0.8831994745776273,3.0811610181377507
I06,up,63,0.11356082975216839,0.8864391702478316,3.0838331516959556
I06,up,64,0.10929829546821622,0.8907017045317838,3.0873040042942588
I06,up,65,0.11461193384333863,0.8853880661566613,3.082969440696383
I06,up,66,0.11393127648959386,0.8860687235104061,3.0835291041686004
I06,up,67,0.111790106666517,0.888209893333483,3.085281164149227
I06,up,68,0.10762191580433468,0.8923780841956653,3.088655177320182
I06,up,69,0.1014913742220353,0.8985086257779646,3.093530690441739
I06,up,70,0.0980819249681807,0.9019180750318193,3.096198016581514
I06,up,71,0.09819629342250358,0.9018037065774964,3.0961090487196143
I06,up,72,0.09952676127925236,0.9004732387207477,3.095071492591802
I06,up,73,0.1048360988554434,0.8951639011445566,3.0908834278059025
I06,up,74,0.10343341441367929,0.8965665855863207,3.0919973236918192
I06,up,75,0.0999781014356513,0.9000218985643487,3.0947184375224888
I06,up,76,0.09980481761763142,0.9001951823823686,3.0948540514272436
I06,up,77,0.09829645583470754,0.9017035441652924,3.0960311030410956
I06,up,78,0.10097878505140725,0.8990212149485928,3.0939337073785564
I06,up,79,0.103463044538674,0.8965369554613261,3.09197384938793
I06,up,80,0.10136321289882946,0.8986367871011706,3.093631522342437
I06,up,81,0.09673972295523098,0.9032602770447691,3.0972395092660436
I06,up,82,0.09785725963321083,0.9021427403667892,3.0963726830481146
I06,up,83,0.1022995758696543,0.8977004241303457,3.092893806657809
I06,up,84,0.1017268747753098,0.8982731252246902,3.0933452926588574
I06,up,85,0.10412767727272013,0.8958723227272799,3.0914466688789464
I06,up,86,0.10805403272409678,0.8919459672759033,3.0883076319666376
I06,up,87,0.10074963953804561,0.8992503604619544,3.0941136404981506
I06,up,88,0.09251494896325761,0.9074850510367424,3.1004865030533546
I06,up,89,0.09218337479138351,0.9078166252086165,3.100739342808116
I06,up,90,0.09030397774970847,0.9096960222502916,3.102167015474513
I06,up,91,0.09232867897618349,0.9076713210238165,3.1006285776079965
I06,up,92,0.09598860500196245,0.9040113949980375,3.0978202482116286
I06,up,93,0.09772841215402576,0.9022715878459743,3.0964727948112376
I06,up,94,0.10052877878092112,0.8994712212190789,3.0942869339398227
I06,up,95,0.10234384670174793,0.8976561532982521,3.0928588689305148
I06,up,96,0.10051882357984222,0.8994811764201578,3.094294741964145
I06,up,97,0.09891523747262101,0.901084762527379,3.0955489752654923
I06,up,98,0.09861379296726944,0.9013862070327305,3.0957839760084225
I06,up,99,0.09756318091958903,0.902436819080411,3.0966011110081784
I06,up,100,0.09464723523951404,0.905352764760486,3.098853619803826
I06,down,1,0.5140323400025575,0.4859676599974425,2.410109092042359
I06,down,2,0.2225586060342884,0.7774413939657117,2.975652352896052
I06,down,3,0.25731631605248145,0.7426836839475186,2.9320088315005366
I06,down,4,0.24497567338403411,0.7550243266159659,2.9480787280361342
I06,down,5,0.2378070650413665,0.7621929349586335,2.957119024277956
I06,down,6,0.23037116786672254,0.7696288321332775,2.9662734755661253
I06,down,7,0.22524579290065092,0.7747542070993491,2.9724537488614358
I06,down,8,0.22093247307598246,0.7790675269240175,2.9775741769119293
I06,down,9,0.2184834559063246,0.7815165440936754,2.980449024482952
I06,down,10,0.21865177458358337,0.7813482254164166,2.9802521857449884
I06,down,11,0.21353032494651353,0.7864696750534865,2.986192422290963
I06,down,12,0.2028033888998121,0.7971966111001879,2.9983109851525125
I06,down,13,0.20908184386671144,0.7909181561332885,2.991270631511439
I06,down,14,0.2151691836991897,0.7848308163008103,2.9843025404427594
I06,down,15,0.2051476887130877,0.7948523112869124,2.99569943280843
I06,down,16,0.20342586425385337,0.7965741357461467,2.99761953821396
I06,down,17,0.20070514689737357,0.7992948531026265,3.000631157635471
I06,down,18,0.1956833492345028,0.8043166507654972,3.0061184823604883
I06,down,19,0.20325859270789184,0.7967414072921082,2.9978054849965226
I06,down,20,0.2067261637943337,0.7932738362056663,2.9939294683599575
I06,down,21,0.20166056019801454,0.7983394398019854,2.999576706572964
I06,down,22,0.19409304460161883,0.8059069553983812,3.0078370773154646
I06,down,23,0.19294590057644317,0.8070540994235569,3.0090710922091306
I06,down,24,0.1927256384077766,0.8072743615922234,3.009307492211758
I06,down,25,0.18734939718976026,0.8126506028102397,3.0150238351114877
I06,down,26,0.1839206994268111,0.8160793005731889,3.0186159425648187
I06,down,27,0.18139820177962993,0.81860179822037,3.0212323650296975
I06,down,28,0.17678539435017218,0.8232146056498278,3.0259598880836442
I06,down,29,0.17301851439931026,0.8269814856006897,3.029766343265597
I06,down,30,0.17537538814834142,0.8246246118516586,3.027390369144298
I06,down,31,0.17725707688314443,0.8227429231168556,3.0254798376825365
I06,down,32,0.17387969310695922,0.8261203068930407,3.0289003732393374
I06,down,33,0.16314873470523208,0.8368512652947679,3.0395133679380653
I06,down,34,0.1599421779190131,0.8400578220809869,3.04261070076935
I06,down,35,0.15803595780754573,0.8419640421924542,3.0444361184132216
I06,down,36,0.15483089616330914,0.8451691038366909,3.0474788705029736
I06,down,37,0.15226123973055558,0.8477387602694444,3.0498946248083607
I06,down,38,0.15363635348917773,0.8463636465108223,3.0486044888894845
I06,down,39,0.15276633998903424,0.8472336600109658,3.049421437462599
I06,down,40,0.14830406856970782,0.8516959314302922,3.0535738330678273
I06,down,41,0.14414437953868492,0.855855620461315,3.057388377766177
I06,down,42,0.1392501618570329,0.8607498381429671,3.0618079364702515
I06,down,43,0.13588524896744153,0.8641147510325584,3.0648040559299474
I06,down,44,0.1352672505102475,0.8647327494897525,3.065350596713057
I06,down,45,0.1389311237776489,0.8610688762223511,3.0620934843911733
I06,down,46,0.14446817954931102,0.855531820450689,3.057093376998921
I06,down,47,0.138025857926689,0.861974142073311,3.0629020348499525
I06,down,48,0.1310213571102499,0.8689786428897501,3.069074560298718
I06,down,49,0.1303609445607978,0.8696390554392022,3.069648957280277
I06,down,50,0.13274582837728538,0.8672541716227147,3.0675685739205028
I06,down,51,0.13521689622442526,0.8647831037755748,3.06539507793431
I06,down,52,0.13227106907290784,0.8677289309270921,3.067984067324158
I06,down,53,0.1286306205220995,0.8713693794779005,3.0711477863340324
I06,down,54,0.12122617102891856,0.8787738289710815,3.077462434122558
I06,down,55,0.11528472832637052,0.8847152716736295,3.0824149573948114
I06,down,56,0.11631218159417892,0.8836878184058211,3.0815657107951084
I06,down,57,0.11799213465113294,0.8820078653488671,3.080170679639985
I06,down,58,0.11680406684188155,0.8831959331581185,3.081158080873905
I06,down,59,0.124336075412989,0.875663924587011,3.0748297121925487
I06,down,60,0.1268150226162674,0.8731849773837326,3.0727109848654104
I06,down,61,0.11790654736949369,0.8820934526305063,3.0802419455007435
I06,down,62,0.11680052542237278,0.8831994745776273,3.0811610181377507
I06,down,63,0.11356082975216839,0.8864391702478316,3.0838331516959556
I06,down,64,0.10929829546821622,0.8907017045317838,3.0873040042942588
I06,down,65,0.11461193384333863,0.8853880661566613,3.082969440696383
I06,down,66,0.11393127648959386,0.8860687235104061,3.0835291041686004
I06,down,67,0.111790106666517,0.888209893333483,3.085281164149227
I06,down,68,0.10762191580433468,0.8923780841956653,3.088655177320182
I06,down,69,0.1014913742220353,0.8985086257779646,3.093530690441739
I06,down,70,0.0980819249681807,0.9019180750318193,3.096198016581514
I06,down,71,0.09819629342250358,0.9018037065774964,3.0961090487196143
I06,down,72,0.09952676127925236,0.9004732387207477,3.095071492591802
I06,down,73,0.1048360988554434,0.8951639011445566,3.0908834278059025
I06,down,74,0.10343341441367929,0.8965665855863207,3.0919973236918192
I06,down,75,0.0999781014356513,0.9000218985643487,3.0947184375224888
I06,down,76,0.09980481761763142,0.9001951823823686,3.0948540514272436
I06,down,77,0.09829645583470754,0.9017035441652924,3.0960311030410956
I06,down,78,0.10097878505140725,0.8990212149485928,3.0939337073785564
I06,down,79,0.103463044538674,0.8965369554613261,3.09197384938793
I06,down,80,0.10136321289882946,0.8986367871011706,3.093631522342437
I06,down,81,0.09673972295523098,0.9032602770447691,3.0972395092660436
I06,down,82,0.09785725963321083,0.9021427403667892,3.0963726830481146
I06,down,83,0.1022995758696543,0.8977004241303457,3.092893806657809
I06,down,84,0.1017268747753098,0.8982731252246902,3.0933452926588574
I06,down,85,0.10412767727272013,0.8958723227272799,3.0914466688789464
I06,down,86,0.10805403272409678,0.8919459672759033,3.0883076319666376
I06,down,87,0.10074963953804561,0.8992503604619544,3.0941136404981506
I06,down,88,0.09251494896325761,0.9074850510367424,3.1004865030533546
I06,down,89,0.09218337479138351,0.9078166252086165,3.100739342808116
I06,down,90,0.09030397774970847,0.9096960222502916,3.102167015474513
I06,down,91,0.09232867897618349,0.9076713210238165,3.1006285776079965
I06,down,92,0.09598860500196245,0.9040113949980375,3.0978202482116286
I06,down,93,0.09772841215402576,0.9022715878459743,3.0964727948112376
I06,down,94,0.10052877878092112,0.8994712212190789,3.0942869339398227
I06,down,95,0.10234384670174793,0.8976561532982521,3.0928588689305148
I06,down,96,0.10051882357984222,0.8994811764201578,3.094294741964145
I06,down,97,0.09891523747262101,0.901084762527379,3.0955489752654923
I06,down,98,0.09861379296726944,0.9013862070327305,3.0957839760084225
I06,down,99,0.09756318091958903,0.902436819080411,3.0966011110081784
I06,down,100,0.09464723523951404,0.905352764760486,3.098853619803826
I07,right,1,0.8720255412590304,0.12797445874096958,0.8289752911760218
I07,right,2,0.7181173054051594,0.2818826945948406,1.643594379145136
I07,right,3,0.6394504474988008,0.36054955250119924,1.9824014383834605
I07,right,4,0.5905313171049136,0.4094686828950864,2.165219283664962
I07,right,5,0.5595196481203033,0.4404803518796967,2.2703527298358734
I07,right,6,0.537860882351986,0.46213911764801396,2.3389926459703947
I07,right,7,0.5181181704747616,0.4818818295252384,2.398235870113016
I07,right,8,0.4980058648075041,0.5019941351924959,2.455425042841207
I07,right,9,0.4785000858477409,0.5214999141522592,2.507936634024084
I07,right,10,0.46095932954637536,0.5390406704536246,2.5527570594489957
I07,right,11,0.44681542528671647,0.5531845747132835,2.5872941673607786
I07,right,12,0.43459521311467675,0.5654047868853233,2.6160139810610437
I07,right,13,0.4217441317592655,0.5782558682407345,2.64512621466805
I07,right,14,0.40818291837315157,0.5918170816268484,2.674667977007651
I07,right,15,0.39444194122432547,0.6055580587756746,2.703402181117178
I07,right,16,0.3828047327116811,0.617195267288319,2.7268205552650358
I07,right,17,0.3738627722672032,0.6261372277327968,2.744259015838871
I07,right,18,0.3656629863461553,0.6343370136538447,2.7598349436273146
I07,right,19,0.3568567967681996,0.6431432032318004,2.776129609813788
I07,right,20,0.3470891381166769,0.652910861883323,2.793689996219448
I07,right,21,0.3377457757410209,0.6622542242589791,2.809993943434005
I07,right,22,0.32996946024734597,0.670030539752654,2.8232036715295044
I07,right,23,0.32402506526913866,0.6759749347308613,2.8330853989265883
I07,right,24,0.31876537917091635,0.6812346208290836,2.8416753065300613
I07,right,25,0.31277268785657486,0.6872273121434251,2.8512892038133986
I07,right,26,0.305862926325756,0.694137073674244,2.8621490710105357
I07,right,27,0.29848186968272283,0.7015181303172772,2.8734879040384405
I07,right,28,0.2913332794666574,0.7086667205333426,2.884216782015965
I07,right,29,0.2860059438414554,0.7139940561585446,2.892053343774914
I07,right,30,0.28253949826079183,0.7174605017392082,2.8970806883386766
I07,right,31,0.27909240766654597,0.720907592333454,2.9020244331175373
I07,right,32,0.27537846674534816,0.7246215332546518,2.9072895227146374
I07,right,33,0.2724409272356858,0.7275590727643142,2.911409277655989
I07,right,34,0.26995032651787226,0.7300496734821278,2.914871579848472
I07,right,35,0.2676718114518332,0.7323281885481667,2.918014597756427
I07,right,36,0.26585033494388455,0.7341496650561155,2.9205104668674657
I07,right,37,0.26432194472980414,0.7356780552701958,2.922593344982907
I07,right,38,0.26278671038399876,0.7372132896160013,2.924675133786101
I07,right,39,0.2622223146995155,0.7377776853004845,2.9254378428838512
I07,right,40,0.26267553430133567,0.7373244656986644,2.9248254851834563
I07,right,41,0.26315098447792745,0.7368490155220726,2.9241821177742686
I07,right,42,0.2622500595139844,0.7377499404860156,2.925400382088979
I07,right,43,0.2610728212087734,0.7389271787912266,2.9269869023443897
I07,right,44,0.261096176927897,0.738903823072103,2.9269554859184526
I07,right,45,0.26168528574637623,0.7383147142536237,2.9261622670378733
I07,right,46,0.26175876331042525,0.7382412366895748,2.926063224539619
I07,right,47,0.26055046974805646,0.7394495302519435,2.927688906545572
I07,right,48,0.25931176478895607,0.740688235211044,2.9293488634417075
I07,right,49,0.25816805623516054,0.7418319437648395,2.930875567763467
I07,right,50,0.25740484730633467,0.7425951526936654,2.9318911850706195
I07,right,51,0.25748080345440577,0.7425191965455942,2.9317902221738077
I07,right,52,0.25788922151596916,0.7421107784840308,2.9312469123436493
I07,right,53,0.2586621782392511,0.7413378217607489,2.9302166779113747
I07,right,54,0.2596883683220766,0.7403116316779235,2.9288448966841907
I07,right,55,0.2606870192726994,0.7393129807273007,2.927505508946333
I07,right,56,0.2620048607078766,0.7379951392921233,2.9257313299076317
I07,right,57,0.2638004796345007,0.7361995203654993,2.923301623921975
I07,right,58,0.26620613652910785,0.7337938634708921,2.9200240937962194
I07,right,59,0.2678293783198006,0.7321706216801994,2.91779799648371
I07,right,60,0.26795280090835316,0.7320471990916468,2.9176282545087515
I07,right,61,0.26788690453753333,0.7321130954624666,2.9177188896742683
I07,right,62,0.2682665141447862,0.7317334858552138,2.917196500638533
I07,right,63,0.26816519707766096,0.731834802922339,2.9173359883701213
I07,right,64,0.2670449556152354,0.7329550443847646,2.9188752141777696
I07,right,65,0.26659796272744807,0.7334020372725519,2.9194878236191215
I07,right,66,0.2672229247959197,0.7327770752040803,2.918631056994381
I07,right,67,0.26814775321406525,0.7318522467859347,2.917359999478033
I07,right,68,0.2689573596307913,0.7310426403692087,2.9162441566083244
I07,right,69,0.2688253228951997,0.7311746771048002,2.9164263372543724
I07,right,70,0.268415778821411,0.731584221178589,2.916990917528743
I07,right,71,0.2684848674722247,0.7315151325277753,2.916895727532931
I07,right,72,0.26896680693882713,0.7310331930611729,2.9162311184745784
I07,right,73,0.2697626645719217,0.7302373354280782,2.9151313243471906
I07,right,74,0.26995130968608044,0.7300486903139196,2.914870218619752
I07,right,75,0.269599368243724,0.730400631756276,2.9153572153065017
I07,right,76,0.26908100477827107,0.730918995221729,2.9160734835126476
I07,right,77,0.26732868000355037,0.7326713199964496,2.9184859036817823
I07,right,78,0.26571038639858685,0.7342896136014132,2.920701619154986
I07,right,79,0.26525898266751097,0.7347410173324891,2.9213175871211456
I07,right,80,0.2658203375974172,0.7341796624025828,2.9205514468425644
I07,right,81,0.2674133322086324,0.7325866677913676,2.918369679096826
I07,right,82,0.2685408648846477,0.7314591351153523,2.9168185588845503
I07,right,83,0.2669276723798178,0.7330723276201823,2.9190360385975698
I07,right,84,0.26442246741344944,0.7355775325865506,2.9224566718298837
I07,right,85,0.2620646710881969,0.7379353289118031,2.925650627511817
I07,right,86,0.25994315164585957,0.7400568483541404,2.9285035968084046
I07,right,87,0.2586565530739413,0.7413434469260587,2.930224184807024
I07,right,88,0.2591283562731024,0.7408716437268976,2.929594074407362
I07,right,89,0.2607714294876194,0.7392285705123807,2.927392097981426
I07,right,90,0.26183955904267153,0.7381604409573285,2.9259542902677325
I07,right,91,0.26179574807112255,0.7382042519288774,2.9260133627463896
I07,right,92,0.2617809248275104,0.7382190751724895,2.926033347740465
I07,right,93,0.262103393513688,0.737896606486312,2.9255983707852753
I07,right,94,0.2617794961599426,0.7382205038400573,2.9260352738476545
I07,right,95,0.2605940161460344,0.7394059838539656,2.927630428913652
I07,right,96,0.2598902737477557,0.7401097262522442,2.9285744537559557
I07,right,97,0.25961491078035315,0.7403850892196469,2.92894324542452
I07,right,98,0.25925495185465125,0.7407450481453488,2.929424836109444
I07,right,99,0.2585571757926405,0.7414428242073595,2.9303567830361086
I07,right,100,0.2569464787611623,0.7430535212388377,2.9324999287964983
I07,left,1,0.8720255412590304,0.12797445874096958,0.8289752911760218
I07,left,2,0.7181173054051594,0.2818826945948406,1.643594379145136
I07,left,3,0.6394504474988008,0.36054955250119924,1.9824014383834605
I07,left,4,0.5905313171049136,0.4094686828950864,2.165219283664962
I07,left,5,0.5595196481203033,0.4404803518796967,2.2703527298358734
I07,left,6,0.537860882351986,0.46213911764801396,2.3389926459703947
I07,left,7,0.5181181704747616,0.4818818295252384,2.398235870113016
I07,left,8,0.4980058648075041,0.5019941351924959,2.455425042841207
I07,left,9,0.4785000858477409,0.5214999141522592,2.507936634024084
I07,left,10,0.46095932954637536,0.5390406704536246,2.5527570594489957
I07,left,11,0.44681542528671647,0.5531845747132835,2.5872941673607786
I07,left,12,0.43459521311467675,0.5654047868853233,2.6160139810610437
I07,left,13,0.4217441317592655,0.5782558682407345,2.64512621466805
I07,left,14,0.40818291837315157,0.5918170816268484,2.674667977007651
I07,left,15,0.39444194122432547,0.6055580587756746,2.703402181117178
I07,left,16,0.3828047327116811,0.617195267288319,2.7268205552650358
I07,left,17,0.3738627722672032,0.6261372277327968,2.744259015838871
I07,left,18,0.3656629863461553,0.6343370136538447,2.7598349436273146
I07,left,19,0.3568567967681996,0.6431432032318004,2.776129609813788
I07,left,20,0.3470891381166769,0.652910861883323,2.793689996219448
I07,left,21,0.3377457757410209,0.6622542242589791,2.809993943434005
I07,left,22,0.32996946024734597,0.670030539752654,2.8232036715295044
I07,left,23,0.32402506526913866,0.6759749347308613,2.8330853989265883
I07,left,24,0.31876537917091635,0.6812346208290836,2.8416753065300613
I07,left,25,0.31277268785657486,0.6872273121434251,2.8512892038133986
I07,left,26,0.305862926325756,0.694137073674244,2.8621490710105357
I07,left,27,0.29848186968272283,0.7015181303172772,2.8734879040384405
I07,left,28,0.2913332794666574,0.7086667205333426,2.884216782015965
I07,left,29,0.2860059438414554,0.7139940561585446,2.892053343774914
I07,left,30,0.28253949826079183,0.7174605017392082,2.8970806883386766
I07,left,31,0.27909240766654597,0.720907592333454,2.9020244331175373
I07,left,32,0.27537846674534816,0.7246215332546518,2.9072895227146374
I07,left,33,0.2724409272356858,0.7275590727643142,2.911409277655989
I07,left,34,0.26995032651787226,0.7300496734821278,2.914871579848472
I07,left,35,0.2676718114518332,0.7323281885481667,2.918014597756427
I07,left,36,0.26585033494388455,0.7341496650561155,2.9205104668674657
I07,left,37,0.26432194472980414,0.7356780552701958,2.922593344982907
I07,left,38,0.26278671038399876,0.7372132896160013,2.924675133786101
I07,left,39,0.2622223146995155,0.7377776853004845,2.9254378428838512
I07,left,40,0.26267553430133567,0.7373244656986644,2.9248254851834563
I07,left,41,0.26315098447792745,0.7368490155220726,2.9241821177742686
I07,left,42,0.2622500595139844,0.7377499404860156,2.925400382088979
I07,left,43,0.2610728212087734,0.7389271787912266,2.9269869023443897
I07,left,44,0.261096176927897,0.738903823072103,2.9269554859184526
I07,left,45,0.26168528574637623,0.7383147142536237,2.9261622670378733
I07,left,46,0.26175876331042525,0.7382412366895748,2.926063224539619
I07,left,47,0.26055046974805646,0.7394495302519435,2.927688906545572
I07,left,48,0.25931176478895607,0.740688235211044,2.9293488634417075
I07,left,49,0.25816805623516054,0.7418319437648395,2.930875567763467
I07,left,50,0.25740484730633467,0.7425951526936654,2.9318911850706195
I07,left,51,0.25748080345440577,0.7425191965455942,2.9317902221738077
I07,left,52,0.25788922151596916,0.7421107784840308,2.9312469123436493
I07,left,53,0.2586621782392511,0.7413378217607489,2.9302166779113747
I07,left,54,0.2596883683220766,0.7403116316779235,2.9288448966841907
I07,left,55,0.2606870192726994,0.7393129807273007,2.927505508946333
I07,left,56,0.2620048607078766,0.7379951392921233,2.9257313299076317
I07,left,57,0.2638004796345007,0.7361995203654993,2.923301623921975
I07,left,58,0.26620613652910785,0.7337938634708921,2.9200240937962194
I07,left,59,0.2678293783198006,0.7321706216801994,2.91779799648371
I07,left,60,0.26795280090835316,0.7320471990916468,2.9176282545087515
I07,left,61,0.26788690453753333,0.7321130954624666,2.9177188896742683
I07,left,62,0.2682665141447862,0.7317334858552138,2.917196500638533
I07,left,63,0.26816519707766096,0.731834802922339,2.9173359883701213
I07,left,64,0.2670449556152354,0.7329550443847646,2.9188752141777696
I07,left,65,0.26659796272744807,0.7334020372725519,2.9194878236191215
I07,left,66,0.2672229247959197,0.7327770752040803,2.918631056994381
I07,left,67,0.26814775321406525,0.7318522467859347,2.917359999478033
I07,left,68,0.2689573596307913,0.7310426403692087,2.9162441566083244
I07,left,69,0.2688253228951997,0.7311746771048002,2.9164263372543724
I07,left,70,0.268415778821411,0.731584221178589,2.916990917528743
I07,left,71,0.2684848674722247,0.7315151325277753,2.916895727532931
I07,left,72,0.26896680693882713,0.7310331930611729,2.9162311184745784
I07,left,73,0.2697626645719217,0.7302373354280782,2.9151313243471906
I07,left,74,0.26995130968608044,0.7300486903139196,2.914870218619752
I07,left,75,0.269599368243724,0.730400631756276,2.9153572153065017
I07,left,76,0.26908100477827107,0.730918995221729,2.9160734835126476
I07,left,77,0.26732868000355037,0.7326713199964496,2.9184859036817823
I07,left,78,0.26571038639858685,0.7342896136014132,2.920701619154986
I07,left,79,0.26525898266751097,0.7347410173324891,2.9213175871211456
I07,left,80,0.2658203375974172,0.7341796624025828,2.9205514468425644
I07,left,81,0.2674133322086324,0.7325866677913676,2.918369679096826
I07,left,82,0.2685408648846477,0.7314591351153523,2.9168185588845503
I07,left,83,0.2669276723798178,0.7330723276201823,2.9190360385975698
I07,left,84,0.26442246741344944,0.7355775325865506,2.9224566718298837
I07,left,85,0.2620646710881969,0.7379353289118031,2.925650627511817
I07,left,86,0.25994315164585957,0.7400568483541404,2.9285035968084046
I07,left,87,0.2586565530739413,0.7413434469260587,2.930224184807024
I07,left,88,0.2591283562731024,0.7408716437268976,2.929594074407362
I07,left,89,0.2607714294876194,0.7392285705123807,2.927392097981426
I07,left,90,0.26183955904267153,0.7381604409573285,2.9259542902677325
I07,left,91,0.26179574807112255,0.7382042519288774,2.9260133627463896
I07,left,92,0.2617809248275104,0.7382190751724895,2.926033347740465
I07,left,93,0.262103393513688,0.737896606486312,2.9255983707852753
I07,left,94,0.2617794961599426,0.7382205038400573,2.9260352738476545
I07,left,95,0.2605940161460344,0.7394059838539656,2.927630428913652
I07,left,96,0.2598902737477557,0.7401097262522442,2.9285744537559557
I07,left,97,0.25961491078035315,0.7403850892196469,2.92894324542452
I07,left,98,0.25925495185465125,0.7407450481453488,2.929424836109444
I07,left,99,0.2585571757926405,0.7414428242073595,2.9303567830361086
I07,left,100,0.2569464787611623,0.7430535212388377,2.9324999287964983
I07,up,1,0.8217771583439104,0.1782228416560896,1.1149426628632684
I07,up,2,0.5739511103447678,0.42604888965523224,2.2224462326241294
I07,up,3,0.4010792513167064,0.5989207486832936,2.689671069464678
I07,up,4,0.28305709456427436,0.7169429054357257,2.8963335940052204
I07,up,5,0.2411834283177816,0.7588165716822184,2.952887667104627
I07,up,6,0.26882514622681813,0.7311748537731819,2.9164265809641368
I07,up,7,0.3306020481707726,0.6693979518292275,2.8221411270891466
I07,up,8,0.3944863417944267,0.6055136582055733,2.7033112379421764
I07,up,9,0.43340390305801235,0.5665960969419876,2.6187592801848405
I07,up,10,0.42446724841251904,0.575532751587481,2.6390492580854845
I07,up,11,0.37050552046331686,0.6294944795366831,2.7506838394801756
I07,up,12,0.2992485045676934,0.7007514954323066,2.8723226257819245
I07,up,13,0.23855409291183086,0.7614459070881692,2.9561868760614063
I07,up,14,0.20723903737032273,0.7927609626296772,2.993352368512898
I07,up,15,0.21242451465489617,0.7875754853451038,2.987461801621687
I07,up,16,0.2466705546723622,0.7533294453276378,2.945909997518865
I07,up,17,0.29242846477712664,0.7075715352228733,2.882589029207562
I07,up,18,0.32979953170757575,0.6702004682924243,2.8234887359948617
I07,up,19,0.3442809707223429,0.6557190292776571,2.7986403810098297
I07,up,20,0.3302595491836559,0.669740450816344,2.822716678359952
I07,up,21,0.29293929918994643,0.7070607008100536,2.8818278228066037
I07,up,22,0.24931281446104375,0.7506871855389563,2.942504863619753
I07,up,23,0.21739878321202077,0.7826012167879792,2.9817148500307837
I07,up,24,0.20636536390886112,0.7936346360911388,2.9943348597265054
I07,up,25,0.21726336303027774,0.7827366369697223,2.981872567040698
I07,up,26,0.24396935170809791,0.7560306482919021,2.949360692230103
I07,up,27,0.27411705962647187,0.7258829403735281,2.9090633951076352
I07,up,28,0.29473836168529627,0.7052616383147037,2.8791370230180746
I07,up,29,0.29870016874838623,0.7012998312516138,2.8731563829630016
I07,up,30,0.28593574168804364,0.7140642583119563,2.892155716163394
I07,up,31,0.2621716111310019,0.737828388868998,2.9255062936215817
I07,up,32,0.2356537043611145,0.7643462956388856,2.9597932013399477
I07,up,33,0.21600925045417954,0.7839907495458205,2.983329802445261
I07,up,34,0.20889174013144543,0.7911082598685546,2.9914859750734824
I07,up,35,0.21488988173730347,0.7851101182626965,2.9846253512682432
I07,up,36,0.23055496876797274,0.7694450312320272,2.966049893594395
I07,up,37,0.24737108319378653,0.7526289168062135,2.94501008643166
I07,up,38,0.25858210668369425,0.7414178933163058,2.930323522012852
I07,up,39,0.26274623958072735,0.7372537604192726,2.9247298716676164
I07,up,40,0.2588930118230799,0.7411069881769201,2.9299085068838853
I07,up,41,0.24888499666038594,0.7511150033396141,2.9430582058728154
I07,up,42,0.23692554904326532,0.7630744509567347,2.958216040832416
I07,up,43,0.2265342760871691,0.7734657239128309,2.9709099192246144
I07,up,44,0.22166446357185085,0.7783355364281491,2.976710365746447
I07,up,45,0.2243744987967639,0.775625501203236,2.9734939860272194
I07,up,46,0.23192724532596426,0.7680727546740358,2.964376309489131
I07,up,47,0.24038807770726706,0.7596119222927329,2.953888662861786
I07,up,48,0.24589826281953775,0.7541017371804623,2.9468997013685474
I07,up,49,0.24715764250606306,0.7528423574939369,2.945284495270993
I07,up,50,0.2464390419183353,0.7535609580816647,2.9462069481143534
I07,up,51,0.24276100755472377,0.7572389924452763,2.950894423048627
I07,up,52,0.23431046645783984,0.7656895335421602,2.961451726619182
I07,up,53,0.22459180753162386,0.7754081924683761,2.9732348222442297
I07,up,54,0.21699821559646598,0.783001784403534,2.9821811654545405
I07,up,55,0.2124004362531953,0.7875995637468047,2.987489389734237
I07,up,56,0.2117015287633726,0.7882984712366274,2.9882892087662345
I07,up,57,0.21504672943286285,0.7849532705671372,2.984444107180124
I07,up,58,0.22005971072245956,0.7799402892775404,2.9786013736974777
I07,up,59,0.22354131405495356,0.7764586859450464,2.974485920361647
I07,up,60,0.22408117066613528,0.7759188293338647,2.9738435153081024
I07,up,61,0.22031512735588013,0.7796848726441199,2.9783010690961076
I07,up,62,0.21292566975393032,0.7870743302460697,2.986887095283353
I07,up,63,0.20600489145922693,0.793995108540773,2.9947393964323936
I07,up,64,0.20385048149634147,0.7961495185036586,2.9971470475244617
I07,up,65,0.20574531601860244,0.7942546839813975,2.995030401421884
I07,up,66,0.21021266490475585,0.7897873350952441,2.989986851034801
I07,up,67,0.21539772523038025,0.7846022747696197,2.9840381743380036
I07,up,68,0.21845356228805954,0.7815464377119404,2.980483971801543
I07,up,69,0.21955029671396223,0.7804497032860378,2.9791995548156835
I07,up,70,0.2197385003363485,0.7802614996636514,2.978978673839416
I07,up,71,0.21831023263267893,0.7816897673673211,2.9806514840474447
I07,up,72,0.2167039813758211,0.7832960186241789,2.9825232992553987
I07,up,73,0.21550186980910815,0.7844981301908919,2.9839176381647334
I07,up,74,0.21428318378399722,0.7857168162160028,2.9853255271166717
I07,up,75,0.21329945245042367,0.7867005475495763,2.9864578307333165
I07,up,76,0.21186981325328932,0.7881301867467106,2.9880967965633767
I07,up,77,0.2087362403664179,0.7912637596335821,2.9916620189670473
I07,up,78,0.20593497536702307,0.7940650246329769,2.9948178027970718
I07,up,79,0.20564393716908957,0.7943560628309104,2.9951439868906684
I07,up,80,0.20849613430770117,0.7915038656922988,2.991933667991667
I07,up,81,0.2144791625812471,0.7855208374187529,2.9850995069906565
I07,up,82,0.219578813790917,0.780421186209083,2.979166095252091
I07,up,83,0.2214940159213121,0.7785059840786879,2.9769116958184956
I07,up,84,0.22086736940402263,0.7791326305959774,2.9776509032953182
I07,up,85,0.21745533707115583,0.7825446629288442,2.981648963622944
I07,up,86,0.21164657049817479,0.7883534295018252,2.988352023308898
I07,up,87,0.20553032542816682,0.7944696745718332,2.995271232534672
I07,up,88,0.20055617509981172,0.7994438249001883,3.000795268695218
I07,up,89,0.1987672982735573,0.8012327017264427,3.0027595721901026
I07,up,90,0.2021424867710752,0.7978575132289247,2.9990435455355735
I07,up,91,0.2086901350448536,0.7913098649551464,2.991714198048533
I07,up,92,0.21384601679289256,0.7861539832071074,2.9858291764686324
I07,up,93,0.21642640102596805,0.783573598974032,2.9828457616266393
I07,up,94,0.2159370632667354,0.7840629367332645,2.9834134968016945
I07,up,95,0.21087224910002347,0.7891277508999766,2.9892358135572206
I07,up,96,0.20434946707261176,0.7956505329273882,2.99659094741948
I07,up,97,0.20042154613092372,0.7995784538690762,3.00094350908324
I07,up,98,0.19902422765932723,0.8009757723406727,3.002478168780155
I07,up,99,0.19893318463279597,0.801066815367204,3.002577911838535
I07,up,100,0.19884840859191963,0.8011515914080803,3.002670761748358
I07,down,1,0.8217771583439104,0.1782228416560896,1.1149426628632684
I07,down,2,0.5739511103447678,0.42604888965523224,2.2224462326241294
I07,down,3,0.4010792513167064,0.5989207486832936,2.689671069464678
I07,down,4,0.28305709456427436,0.7169429054357257,2.8963335940052204
I07,down,5,0.2411834283177816,0.7588165716822184,2.952887667104627
I07,down,6,0.26882514622681813,0.7311748537731819,2.9164265809641368
I07,down,7,0.3306020481707726,0.6693979518292275,2.8221411270891466
I07,down,8,0.3944863417944267,0.6055136582055733,2.7033112379421764
I07,down,9,0.43340390305801235,0.5665960969419876,2.6187592801848405
I07,down,10,0.42446724841251904,0.575532751587481,2.6390492580854845
I07,down,11,0.37050552046331686,0.6294944795366831,2.7506838394801756
I07,down,12,0.2992485045676934,0.7007514954323066,2.8723226257819245
I07,down,13,0.23855409291183086,0.7614459070881692,2.9561868760614063
I07,down,14,0.20723903737032273,0.7927609626296772,2.993352368512898
I07,down,15,0.21242451465489617,0.7875754853451038,2.987461801621687
I07,down,16,0.2466705546723622,0.7533294453276378,2.945909997518865
I07,down,17,0.29242846477712664,0.7075715352228733,2.882589029207562
I07,down,18,0.32979953170757575,0.6702004682924243,2.8234887359948617
I07,down,19,0.3442809707223429,0.6557190292776571,2.7986403810098297
I07,down,20,0.3302595491836559,0.669740450816344,2.822716678359952
I07,down,21,0.29293929918994643,0.7070607008100536,2.8818278228066037
I07,down,22,0.24931281446104375,0.7506871855389563,2.942504863619753
I07,down,23,0.21739878321202077,0.7826012167879792,2.9817148500307837
I07,down,24,0.20636536390886112,0.7936346360911388,2.9943348597265054
I07,down,25,0.21726336303027774,0.7827366369697223,2.981872567040698
I07,down,26,0.24396935170809791,0.7560306482919021,2.949360692230103
I07,down,27,0.27411705962647187,0.7258829403735281,2.9090633951076352
I07,down,28,0.29473836168529627,0.7052616383147037,2.8791370230180746
I07,down,29,0.29870016874838623,0.7012998312516138,2.8731563829630016
I07,down,30,0.28593574168804364,0.7140642583119563,2.892155716163394
I07,down,31,0.2621716111310019,0.737828388868998,2.9255062936215817
I07,down,32,0.2356537043611145,0.7643462956388856,2.9597932013399477
I07,down,33,0.21600925045417954,0.7839907495458205,2.983329802445261
I07,down,34,0.20889174013144543,0.7911082598685546,2.9914859750734824
I07,down,35,0.21488988173730347,0.7851101182626965,2.9846253512682432
I07,down,36,0.23055496876797274,0.7694450312320272,2.966049893594395
I07,down,37,0.24737108319378653,0.7526289168062135,2.94501008643166
I07,down,38,0.25858210668369425,0.7414178933163058,2.930323522012852
I07,down,39,0.26274623958072735,0.7372537604192726,2.9247298716676164
I07,down,40,0.2588930118230799,0.7411069881769201,2.9299085068838853
I07,down,41,0.24888499666038594,0.7511150033396141,2.9430582058728154
I07,down,42,0.23692554904326532,0.7630744509567347,2.958216040832416
I07,down,43,0.2265342760871691,0.7734657239128309,2.9709099192246144
I07,down,44,0.22166446357185085,0.7783355364281491,2.976710365746447
I07,down,45,0.2243744987967639,0.775625501203236,2.9734939860272194
I07,down,46,0.23192724532596426,0.7680727546740358,2.964376309489131
I07,down,47,0.24038807770726706,0.7596119222927329,2.953888662861786
I07,down,48,0.24589826281953775,0.7541017371804623,2.9468997013685474
I07,down,49,0.24715764250606306,0.7528423574939369,2.945284495270993
I07,down,50,0.2464390419183353,0.7535609580816647,2.9462069481143534
I07,down,51,0.24276100755472377,0.7572389924452763,2.950894423048627
I07,down,52,0.23431046645783984,0.7656895335421602,2.961451726619182
I07,down,53,0.22459180753162386,0.7754081924683761,2.9732348222442297
I07,down,54,0.21699821559646598,0.783001784403534,2.9821811654545405
I07,down,55,0.2124004362531953,0.7875995637468047,2.987489389734237
I07,down,56,0.2117015287633726,0.7882984712366274,2.9882892087662345
I07,down,57,0.21504672943286285,0.7849532705671372,2.984444107180124
I07,down,58,0.22005971072245956,0.7799402892775404,2.9786013736974777
I07,down,59,0.22354131405495356,0.7764586859450464,2.974485920361647
I07,down,60,0.22408117066613528,0.7759188293338647,2.9738435153081024
I07,down,61,0.22031512735588013,0.7796848726441199,2.9783010690961076
I07,down,62,0.21292566975393032,0.7870743302460697,2.986887095283353
I07,down,63,0.20600489145922693,0.793995108540773,2.9947393964323936
I07,down,64,0.20385048149634147,0.7961495185036586,2.9971470475244617
I07,down,65,0.20574531601860244,0.7942546839813975,2.995030401421884
I07,down,66,0.21021266490475585,0.7897873350952441,2.989986851034801
I07,down,67,0.21539772523038025,0.7846022747696197,2.9840381743380036
I07,down,68,0.21845356228805954,0.7815464377119404,2.980483971801543
I07,down,69,0.21955029671396223,0.7804497032860378,2.9791995548156835
I07,down,70,0.2197385003363485,0.7802614996636514,2.978978673839416
I07,down,71,0.21831023263267893,0.7816897673673211,2.9806514840474447
I07,down,72,0.2167039813758211,0.7832960186241789,2.9825232992553987
I07,down,73,0.21550186980910815,0.7844981301908919,2.9839176381647334
I07,down,74,0.21428318378399722,0.7857168162160028,2.9853255271166717
I07,down,75,0.21329945245042367,0.7867005475495763,2.9864578307333165
I07,down,76,0.21186981325328932,0.7881301867467106,2.9880967965633767
I07,down,77,0.2087362403664179,0.7912637596335821,2.9916620189670473
I07,down,78,0.20593497536702307,0.7940650246329769,2.9948178027970718
I07,down,79,0.20564393716908957,0.7943560628309104,2.9951439868906684
I07,down,80,0.20849613430770117,0.7915038656922988,2.991933667991667
I07,down,81,0.2144791625812471,0.7855208374187529,2.9850995069906565
I07,down,82,0.219578813790917,0.780421186209083,2.979166095252091
I07,down,83,0.2214940159213121,0.7785059840786879,2.9769116958184956
I07,down,84,0.22086736940402263,0.7791326305959774,2.9776509032953182
I07,down,85,0.21745533707115583,0.7825446629288442,2.981648963622944
I07,down,86,0.21164657049817479,0.7883534295018252,2.988352023308898
I07,down,87,0.20553032542816682,0.7944696745718332,2.995271232534672
I07,down,88,0.20055617509981172,0.7994438249001883,3.000795268695218
I07,down,89,0.1987672982735573,0.8012327017264427,3.0027595721901026
I07,down,90,0.2021424867710752,0.7978575132289247,2.9990435455355735
I07,down,91,0.2086901350448536,0.7913098649551464,2.991714198048533
I07,down,92,0.21384601679289256,0.7861539832071074,2.9858291764686324
I07,down,93,0.21642640102596805,0.783573598974032,2.9828457616266393
I07,down,94,0.2159370632667354,0.7840629367332645,2.9834134968016945
I07,down,95,0.21087224910002347,0.7891277508999766,2.9892358135572206
I07,down,96,0.20434946707261176,0.7956505329273882,2.99659094741948
I07,down,97,0.20042154613092372,0.7995784538690762,3.00094350908324
I07,down,98,0.19902422765932723,0.8009757723406727,3.002478168780155
I07,down,99,0.19893318463279597,0.801066815367204,3.002577911838535
I07,down,100,0.19884840859191963,0.8011515914080803,3.002670761748358
I08,right,1,0.6424828151750442,0.35751718482495576,1.9703708175796475
I08,right,2,0.36967912618985155,0.6303208738101485,2.7522551788272835
I08,right,3,0.3199644406430146,0.6800355593569853,2.8397296270067693
I08,right,4,0.27666634611251595,0.723333653887484,2.905470923468638
I08,right,5,0.25747409695643775,0.7425259030435623,2.931799137634929
I08,right,6,0.23103750498734338,0.7689624950126566,2.965462272723946
I08,right,7,0.19421382890036998,0.80578617109963,3.0077068701790424
I08,right,8,0.1869935441171428,0.8130064558828571,3.0153985741956495
I08,right,9,0.17482142096260447,0.8251785790373956,3.027950523748614
I08,right,10,0.16316370894651316,0.8368362910534868,3.039498824786228
I08,right,11,0.16352040984865093,0.8364795901513491,3.039152175012158
I08,right,12,0.1392903778026936,0.8607096221973064,3.0617719200570237
I08,right,13,0.12037874953017853,0.8796212504698214,3.0781749834785828
I08,right,14,0.12237734129313045,0.8776226587068695,3.076491162902741
I08,right,15,0.1233450724692276,0.8766549275307725,3.075671698734319
I08,right,16,0.12610701574233416,0.8738929842576658,3.0733179429526283
I08,right,17,0.11954167365294839,0.8804583263470516,3.0788768072422936
I08,right,18,0.10936280904598446,0.8906371909540155,3.0872518503569557
I08,right,19,0.11463001798665172,0.8853699820133483,3.0829545533772613
I08,right,20,0.11971579925541241,0.8802842007445876,3.078730981954723
I08,right,21,0.11917239499543358,0.8808276050045665,3.0791857801409845
I08,right,22,0.11946444497053979,0.8805355550294602,3.078941456261088
I08,right,23,0.11403524171967017,0.8859647582803298,3.0834437043285092
I08,right,24,0.11050220612268888,0.8894977938773111,3.086328835363263
I08,right,25,0.1069826556096778,0.8930173443903222,3.0891683799569583
I08,right,26,0.10514959921796461,0.8948504007820354,3.090633736631271
I08,right,27,0.108845441056384,0.8911545589436161,3.087669774995537
I08,right,28,0.11435780372203129,0.8856421962779687,3.0831785493716257
I08,right,29,0.12026066401599596,0.879739335984004,3.0782741110012006
I08,right,30,0.11985625270323577,0.8801437472967643,3.0786132927830945
I08,right,31,0.11484568349329917,0.8851543165067008,3.0827769409791888
I08,right,32,0.11176363695492016,0.8882363630450798,3.0853027431553466
I08,right,33,0.10773769638089806,0.892262303619102,3.088562107264617
I08,right,34,0.10476211958353139,0.8952378804164686,3.0909423102736238
I08,right,35,0.1038169509742655,0.8961830490257345,3.0916932840261175
I08,right,36,0.10527406507395332,0.8947259349260467,3.090534529658596
I08,right,37,0.10898442024718197,0.8910155797528181,3.0875575819219847
I08,right,38,0.11730189509047796,0.882698104909522,3.0807448257828947
I08,right,39,0.12233664686685199,0.877663353133148,3.076525563087279
I08,right,40,0.12071595552297379,0.8792840444770262,3.077891693388116
I08,right,41,0.11798418270448854,0.8820158172955115,3.0801773018584973
I08,right,42,0.11134738116916787,0.8886526188308321,3.085641831369725
I08,right,43,0.10728145620218163,0.8927185437978183,3.0889286409691454
I08,right,44,0.10930420451880231,0.8906957954811977,3.0872992277919566
I08,right,45,0.11388676334517775,0.8861132366548222,3.083565659157088
I08,right,46,0.11101006427935442,0.8889899357206456,3.085916259735847
I08,right,47,0.10490855035515366,0.8950914496448463,3.0908257468282727
I08,right,48,0.10181174065600686,0.8981882593439932,3.093278445185808
I08,right,49,0.09862974646925429,0.9013702535307457,3.0957715450534904
I08,right,50,0.09675213178960289,0.9032478682103972,3.0972299025565615
I08,right,51,0.09355892085458441,0.9064410791454156,3.099688539130181
I08,right,52,0.08847059418907875,0.9115294058109212,3.103550845866354
I08,right,53,0.08814969224525336,0.9118503077547466,3.1037921625273324
I08,right,54,0.09111029262078876,0.9088897073792113,3.101555636247472
I08,right,55,0.09275118339427851,0.9072488166057215,3.100306187630941
I08,right,56,0.09120278496206312,0.9087972150379369,3.1014853962183926
I08,right,57,0.08924787282586369,0.9107521271741363,3.102965227671276
I08,right,58,0.08932956871371805,0.9106704312862819,3.1029035850088595
I08,right,59,0.09016178362954434,0.9098382163704557,3.1022746563441537
I08,right,60,0.08649837575533006,0.91350162424467,3.105029727285803
I08,right,61,0.07994100150577117,0.9200589984942288,3.109875030712204
I08,right,62,0.07702922780389479,0.9229707721961052,3.111991610988838
I08,right,63,0.07300977842573902,0.9269902215742609,3.1148785549986373
I08,right,64,0.06892431004446747,0.9310756899555326,3.1177720326669354
I08,right,65,0.06653905871242476,0.9334609412875753,3.1194425130023884
I08,right,66,0.06811619372727222,0.9318838062727278,3.1183395342539715
I08,right,67,0.07154456054966021,0.9284554394503398,3.115920987969531
I08,right,68,0.07229848105068441,0.9277015189493156,3.115385269926932
I08,right,69,0.07567861618057187,0.9243213838194282,3.1129661623574654
I08,right,70,0.08034421473868761,0.9196557852613124,3.10958024998102
I08,right,71,0.07910254518777947,0.9208974548122205,3.1104866944521357
I08,right,72,0.07522449714202913,0.9247755028579708,3.1132928160899374
I08,right,73,0.07374644003131274,0.9262535599686873,3.1143524539464114
I08,right,74,0.07787455798364329,0.9221254420163567,3.1113793311090747
I08,right,75,0.08603550590061987,0.9139644940993801,3.1053753572453697
I08,right,76,0.08514273399219371,0.9148572660078063,3.106040441754189
I08,right,77,0.08067977845008951,0.9193202215499104,3.1093346129510087
I08,right,78,0.0833368807027599,0.9166631192972401,3.107379488469518
I08,right,79,0.08651658927874599,0.913483410721254,3.105016115753302
I08,right,80,0.08617425661456032,0.9138257433854396,3.105271808533164
I08,right,81,0.08505928595968841,0.9149407140403116,3.106102502975415
I08,right,82,0.08458721249668252,0.9154127875033174,3.106453252666257
I08,right,83,0.08547245060768649,0.9145275493923135,3.105795052885668
I08,right,84,0.08407806365369659,0.9159219363463034,3.1068309088994246
I08,right,85,0.07973155480592814,0.9202684451940719,3.11002799072135
I08,right,86,0.0802103327065622,0.9197896672934378,3.109678173892644
I08,right,87,0.08341132469385756,0.9165886753061424,3.1073244528777213
I08,right,88,0.0865060446156523,0.9134939553843477,3.1050239962122816
I08,right,89,0.08928010935596808,0.9107198906440319,3.1029409060551716
I08,right,90,0.09074884286147793,0.9092511571385221,3.1018299117185792
I08,right,91,0.09211062363494342,0.9078893763650566,3.1007947800838407
I08,right,92,0.08950463907992207,0.9104953609200779,3.102771429225232
I08,right,93,0.08545953967712316,0.9145404603228768,3.1058046669954678
I08,right,94,0.08271603033995614,0.9172839696600439,3.1078379252375363
I08,right,95,0.07872050151838096,0.921279498481619,3.110764812277438
I08,right,96,0.07271669473279098,0.927283305267209,3.1150874935170263
I08,right,97,0.07125709532319977,0.9287429046768002,3.1161248858687483
I08,right,98,0.0768865689548384,0.9231134310451616,3.1120947635614993
I08,right,99,0.08036495634395116,0.9196350436560489,3.109565075114369
I08,right,100,0.07923855903375643,0.9207614409662436,3.110387591203552
I08,left,1,0.6424828151750442,0.35751718482495576,1.9703708175796475
I08,left,2,0.36967912618985155,0.6303208738101485,2.7522551788272835
I08,left,3,0.3199644406430146,0.6800355593569853,2.8397296270067693
I08,left,4,0.27666634611251595,0.723333653887484,2.905470923468638
I08,left,5,0.25747409695643775,0.7425259030435623,2.931799137634929
I08,left,6,0.23103750498734338,0.7689624950126566,2.965462272723946
I08,left,7,0.19421382890036998,0.80578617109963,3.0077068701790424
I08,left,8,0.1869935441171428,0.8130064558828571,3.0153985741956495
I08,left,9,0.17482142096260447,0.8251785790373956,3.027950523748614
I08,left,10,0.16316370894651316,0.8368362910534868,3.039498824786228
I08,left,11,0.16352040984865093,0.8364795901513491,3.039152175012158
I08,left,12,0.1392903778026936,0.8607096221973064,3.0617719200570237
I08,left,13,0.12037874953017853,0.8796212504698214,3.0781749834785828
I08,left,14,0.12237734129313045,0.8776226587068695,3.076491162902741
I08,left,15,0.1233450724692276,0.8766549275307725,3.075671698734319
I08,left,16,0.12610701574233416,0.8738929842576658,3.0733179429526283
I08,left,17,0.11954167365294839,0.8804583263470516,3.0788768072422936
I08,left,18,0.10936280904598446,0.8906371909540155,3.0872518503569557
I08,left,19,0.11463001798665172,0.8853699820133483,3.0829545533772613
I08,left,20,0.11971579925541241,0.8802842007445876,3.078730981954723
I08,left,21,0.11917239499543358,0.8808276050045665,3.0791857801409845
I08,left,22,0.11946444497053979,0.8805355550294602,3.078941456261088
I08,left,23,0.11403524171967017,0.8859647582803298,3.0834437043285092
I08,left,24,0.11050220612268888,0.8894977938773111,3.086328835363263
I08,left,25,0.1069826556096778,0.8930173443903222,3.0891683799569583
I08,left,26,0.10514959921796461,0.8948504007820354,3.090633736631271
I08,left,27,0.108845441056384,0.8911545589436161,3.087669774995537
I08,left,28,0.11435780372203129,0.8856421962779687,3.0831785493716257
I08,left,29,0.12026066401599596,0.879739335984004,3.0782741110012006
I08,left,30,0.11985625270323577,0.8801437472967643,3.0786132927830945
I08,left,31,0.11484568349329917,0.8851543165067008,3.0827769409791888
I08,left,32,0.11176363695492016,0.8882363630450798,3.0853027431553466
I08,left,33,0.10773769638089806,0.892262303619102,3.088562107264617
I08,left,34,0.10476211958353139,0.8952378804164686,3.0909423102736238
I08,left,35,0.1038169509742655,0.8961830490257345,3.0916932840261175
I08,left,36,0.10527406507395332,0.8947259349260467,3.090534529658596
I08,left,37,0.10898442024718197,0.8910155797528181,3.0875575819219847
I08,left,38,0.11730189509047796,0.882698104909522,3.0807448257828947
I08,left,39,0.12233664686685199,0.877663353133148,3.076525563087279
I08,left,40,0.12071595552297379,0.8792840444770262,3.077891693388116
I08,left,41,0.11798418270448854,0.8820158172955115,3.0801773018584973
I08,left,42,0.11134738116916787,0.8886526188308321,3.085641831369725
I08,left,43,0.10728145620218163,0.8927185437978183,3.0889286409691454
I08,left,44,0.10930420451880231,0.8906957954811977,3.0872992277919566
I08,left,45,0.11388676334517775,0.8861132366548222,3.083565659157088
I08,left,46,0.11101006427935442,0.8889899357206456,3.085916259735847
I08,left,47,0.10490855035515366,0.8950914496448463,3.0908257468282727
I08,left,48,0.10181174065600686,0.8981882593439932,3.093278445185808
I08,left,49,0.09862974646925429,0.9013702535307457,3.0957715450534904
I08,left,50,0.09675213178960289,0.9032478682103972,3.0972299025565615
I08,left,51,0.09355892085458441,0.9064410791454156,3.099688539130181
I08,left,52,0.08847059418907875,0.9115294058109212,3.103550845866354
I08,left,53,0.08814969224525336,0.9118503077547466,3.1037921625273324
I08,left,54,0.09111029262078876,0.9088897073792113,3.101555636247472
I08,left,55,0.09275118339427851,0.9072488166057215,3.100306187630941
I08,left,56,0.09120278496206312,0.9087972150379369,3.1014853962183926
I08,left,57,0.08924787282586369,0.9107521271741363,3.102965227671276
I08,left,58,0.08932956871371805,0.9106704312862819,3.1029035850088595
I08,left,59,0.09016178362954434,0.9098382163704557,3.1022746563441537
I08,left,60,0.08649837575533006,0.91350162424467,3.105029727285803
I08,left,61,0.07994100150577117,0.9200589984942288,3.109875030712204
I08,left,62,0.07702922780389479,0.9229707721961052,3.111991610988838
I08,left,63,0.07300977842573902,0.9269902215742609,3.1148785549986373
I08,left,64,0.06892431004446747,0.9310756899555326,3.1177720326669354
I08,left,65,0.06653905871242476,0.9334609412875753,3.1194425130023884
I08,left,66,0.06811619372727222,0.9318838062727278,3.1183395342539715
I08,left,67,0.07154456054966021,0.9284554394503398,3.115920987969531
I08,left,68,0.07229848105068441,0.9277015189493156,3.115385269926932
I08,left,69,0.07567861618057187,0.9243213838194282,3.1129661623574654
I08,left,70,0.08034421473868761,0.9196557852613124,3.10958024998102
I08,left,71,0.07910254518777947,0.9208974548122205,3.1104866944521357
I08,left,72,0.07522449714202913,0.9247755028579708,3.1132928160899374
I08,left,73,0.07374644003131274,0.9262535599686873,3.1143524539464114
I08,left,74,0.07787455798364329,0.9221254420163567,3.1113793311090747
I08,left,75,0.08603550590061987,0.9139644940993801,3.1053753572453697
I08,left,76,0.08514273399219371,0.9148572660078063,3.106040441754189
I08,left,77,0.08067977845008951,0.9193202215499104,3.1093346129510087
I08,left,78,0.0833368807027599,0.9166631192972401,3.107379488469518
I08,left,79,0.08651658927874599,0.913483410721254,3.105016115753302
I08,left,80,0.08617425661456032,0.9138257433854396,3.105271808533164
I08,left,81,0.08505928595968841,0.9149407140403116,3.106102502975415
I08,left,82,0.08458721249668252,0.9154127875033174,3.106453252666257
I08,left,83,0.08547245060768649,0.9145275493923135,3.105795052885668
I08,left,84,0.08407806365369659,0.9159219363463034,3.1068309088994246
I08,left,85,0.07973155480592814,0.9202684451940719,3.11002799072135
I08,left,86,0.0802103327065622,0.9197896672934378,3.109678173892644
I08,left,87,0.08341132469385756,0.9165886753061424,3.1073244528777213
I08,left,88,0.0865060446156523,0.9134939553843477,3.1050239962122816
I08,left,89,0.08928010935596808,0.9107198906440319,3.1029409060551716
I08,left,90,0.09074884286147793,0.9092511571385221,3.1018299117185792
I08,left,91,0.09211062363494342,0.9078893763650566,3.1007947800838407
I08,left,92,0.08950463907992207,0.9104953609200779,3.102771429225232
I08,left,93,0.08545953967712316,0.9145404603228768,3.1058046669954678
I08,left,94,0.08271603033995614,0.9172839696600439,3.1078379252375363
I08,left,95,0.07872050151838096,0.921279498481619,3.110764812277438
I08,left,96,0.07271669473279098,0.927283305267209,3.1150874935170263
I08,left,97,0.07125709532319977,0.9287429046768002,3.1161248858687483
I08,left,98,0.0768865689548384,0.9231134310451616,3.1120947635614993
I08,left,99,0.08036495634395116,0.9196350436560489,3.109565075114369
I08,left,100,0.07923855903375643,0.9207614409662436,3.110387591203552
I08,up,1,0.6510726800497109,0.34892731995028914,1.9358444022216474
I08,up,2,0.41309724583707014,0.5869027541629299,2.664100317952358
I08,up,3,0.41867364773796684,0.5813263522620331,2.6519197831391628
I08,up,4,0.3823403627642932,0.6176596372357068,2.7277379448002232
I08,up,5,0.32372268660439013,0.6762773133956099,2.833583117103534
I08,up,6,0.2900702409103647,0.7099297590896353,2.8860869034558636
I08,up,7,0.2894458891907342,0.7105541108092658,2.8870085468327673
I08,up,8,0.2782372449222078,0.7217627550777922,2.9032423779836565
I08,up,9,0.25969969303074497,0.7403003069692551,2.928829732482302
I08,up,10,0.2626825504293728,0.7373174495706272,2.9248159983810345
I08,up,11,0.22490005537692243,0.7750999446230775,2.972866883802994
I08,up,12,0.23380951739309683,0.7661904826069031,2.9620683801601553
I08,up,13,0.2730889543232763,0.7269110456767237,2.910503824189191
I08,up,14,0.21068267408620986,0.7893173259137901,2.98945184262179
I08,up,15,0.16303180659975774,0.8369681934002422,3.0396269045022386
I08,up,16,0.20366340708053282,0.7963365929194672,2.997355296158206
I08,up,17,0.225406237808483,0.774593762191517,2.972261866393378
I08,up,18,0.17374717337751863,0.8262528266224813,3.02903379400379
I08,up,19,0.14709328942315175,0.8529067105768482,3.05468971961112
I08,up,20,0.1687723493268156,0.8312276506731844,3.0339995446938746
I08,up,21,0.16158496753995152,0.8384150324600484,3.0410280677742607
I08,up,22,0.14728655002073393,0.8527134499792661,3.0545119132363068
I08,up,23,0.15506135844755856,0.8449386415524415,3.0472611805265544
I08,up,24,0.13674910856217978,0.8632508914378202,3.0640381500185567
I08,up,25,0.13030648963515826,0.8696935103648418,3.0696962619398738
I08,up,26,0.1490177144250137,0.8509822855749863,3.052913964559914
I08,up,27,0.1275854755844322,0.8724145244155678,3.0720488223731977
I08,up,28,0.09820095304656863,0.9017990469534314,3.096105423229252
I08,up,29,0.12461720840583337,0.8753827915941667,3.07459033289153
I08,up,30,0.14109572887220553,0.8589042711277944,3.0601500005694504
I08,up,31,0.09583856840227746,0.9041614315977226,3.097936071516946
I08,up,32,0.07994861371178152,0.9200513862882185,3.1098694693926685
I08,up,33,0.11149075797824276,0.8885092420217573,3.085525089141968
I08,up,34,0.11305878636290174,0.8869412136370982,3.08424459238494
I08,up,35,0.0912384301995788,0.9087615698004212,3.101458320725886
I08,up,36,0.09333843480595296,0.9066615651940471,3.0998573077317797
I08,up,37,0.09091719041831062,0.9090828095816894,3.101702208680287
I08,up,38,0.08032244466199903,0.919677555338001,3.1095961761224213
I08,up,39,0.09252309231955906,0.907476907680441,3.10048028975263
I08,up,40,0.09404242760300295,0.905957572396997,3.0993179950038403
I08,up,41,0.07748958036700601,0.922510419632994,3.1116583957056934
I08,up,42,0.08241308007111182,0.9175869199288882,3.108061267414554
I08,up,43,0.0929284831563591,0.907071516843641,3.100170759978501
I08,up,44,0.07109004624318176,0.9289099537568183,3.116243279859529
I08,up,45,0.06172305327200794,0.9382769467279921,3.1227735180602396
I08,up,46,0.08770667192523514,0.9122933280747648,3.1041248728103206
I08,up,47,0.09349700540303767,0.9065029945969624,3.099735944576521
I08,up,48,0.06872818212610537,0.9312718178738946,3.1179099100555723
I08,up,49,0.06466557151152261,0.9353344284884774,3.1207449334899238
I08,up,50,0.07822420939640555,0.9217757906035945,3.1111255517597263
I08,up,51,0.0740390249364208,0.9259609750635792,3.1141431262552217
I08,up,52,0.07339629071812759,0.9266037092818724,3.114602687126494
I08,up,53,0.08003215693165257,0.9199678430683474,3.109808424834359
I08,up,54,0.07584270745587761,0.9241572925441224,3.112848003059879
I08,up,55,0.07342186110994754,0.9265781388900525,3.1145844235861597
I08,up,56,0.0755867469571357,0.9244132530428643,3.1130322865106947
I08,up,57,0.06412274786998928,0.9358772521300107,3.1211207179052565
I08,up,58,0.06078660327449935,0.9392133967255006,3.123414777596004
I08,up,59,0.07819228328689315,0.9218077167131069,3.1111487366783646
I08,up,60,0.07360134898065346,0.9263986510193465,3.11445617964585
I08,up,61,0.05122611754636028,0.9487738824536397,3.129843602314555
I08,up,62,0.05688129563921205,0.9431187043607879,3.126066677453542
I08,up,63,0.07837811388171023,0.9216218861182898,3.1110137495435994
I08,up,64,0.07410109691304176,0.9258989030869582,3.114098690055026
I08,up,65,0.06059854105336791,0.9394014589466321,3.1235433071492986
I08,up,66,0.06395581877937644,0.9360441812206236,3.121236136917066
I08,up,67,0.06443405525918754,0.9355659447408124,3.120905293446323
I08,up,68,0.05843699434305514,0.9415630056569448,3.125014588077846
I08,up,69,0.06176331104665227,0.9382366889533478,3.122745903701044
I08,up,70,0.0661504626577158,0.9338495373422842,3.1197133551751843
I08,up,71,0.063689417400395,0.936310582599605,3.1214201952012237
I08,up,72,0.0661285239287793,0.9338714760712207,3.119728635065094
I08,up,73,0.06595850634562624,0.9340414936543737,3.119847009541364
I08,up,74,0.05818159836715287,0.9418184016328471,3.125187697801228
I08,up,75,0.05662292588940185,0.9433770741105981,3.1262408580802568
I08,up,76,0.07350799513993432,0.9264920048600657,3.114522890835431
I08,up,77,0.07437389397710208,0.925626106022898,3.1139032863692933
I08,up,78,0.05856441790120999,0.94143558209879,3.1249281617927185
I08,up,79,0.060783938642397124,0.9392160613576028,3.1234165993026437
I08,up,80,0.06957765334413199,0.930422346655868,3.11731205751685
I08,up,81,0.06741970814622292,0.9325802918537771,3.1188273691737924
I08,up,82,0.06645526493529162,0.9335447350647084,3.1195009461296177
I08,up,83,0.06629929003531201,0.933700709964688,3.11960966916215
I08,up,84,0.0638905117080536,0.9361094882919464,3.1212812736980844
I08,up,85,0.06870586181717289,0.9312941381828271,3.1179255952329568
I08,up,86,0.07313526362762764,0.9268647363723723,3.1147890321165157
I08,up,87,0.06878004037572819,0.9312199596242718,3.1178734629613265
I08,up,88,0.06958166973506687,0.9304183302649331,3.1173092266239717
I08,up,89,0.08019791717356767,0.9198020828264324,3.1096872525579524
I08,up,90,0.07885765706164152,0.9211423429383585,3.11066500889127
I08,up,91,0.06934626280706235,0.9306537371929376,3.1174750831665747
I08,up,92,0.07372049509959572,0.9262795049004042,3.114371005822706
I08,up,93,0.08961737172482044,0.9103826282751796,3.1026862882134107
I08,up,94,0.08854267761479885,0.9114573223852012,3.1034966027291544
I08,up,95,0.07794432309290783,0.9220556769070922,3.1113287196278767
I08,up,96,0.07961974031226009,0.92038025968774,3.110109604088694
I08,up,97,0.08355113991183476,0.9164488600881653,3.1072210508263565
I08,up,98,0.08182039272851672,0.9181796072714833,3.108497535180528
I08,up,99,0.07889595347825835,0.9211040465217416,3.1106371334475087
I08,up,100,0.07951585301300142,0.9204841469869985,3.1101854031303597
I08,down,1,0.6510726800497109,0.34892731995028914,1.9358444022216474
I08,down,2,0.41309724583707014,0.5869027541629299,2.664100317952358
I08,down,3,0.41867364773796684,0.5813263522620331,2.6519197831391628
I08,down,4,0.3823403627642932,0.6176596372357068,2.7277379448002232
I08,down,5,0.32372268660439013,0.6762773133956099,2.833583117103534
I08,down,6,0.2900702409103647,0.7099297590896353,2.8860869034558636
I08,down,7,0.2894458891907342,0.7105541108092658,2.8870085468327673
I08,down,8,0.2782372449222078,0.7217627550777922,2.9032423779836565
I08,down,9,0.25969969303074497,0.7403003069692551,2.928829732482302
I08,down,10,0.2626825504293728,0.7373174495706272,2.9248159983810345
I08,down,11,0.22490005537692243,0.7750999446230775,2.972866883802994
I08,down,12,0.23380951739309683,0.7661904826069031,2.9620683801601553
I08,down,13,0.2730889543232763,0.7269110456767237,2.910503824189191
I08,down,14,0.21068267408620986,0.7893173259137901,2.98945184262179
I08,down,15,0.16303180659975774,0.8369681934002422,3.0396269045022386
I08,down,16,0.20366340708053282,0.7963365929194672,2.997355296158206
I08,down,17,0.225406237808483,0.774593762191517,2.972261866393378
I08,down,18,0.17374717337751863,0.8262528266224813,3.02903379400379
I08,down,19,0.14709328942315175,0.8529067105768482,3.05468971961112
I08,down,20,0.1687723493268156,0.8312276506731844,3.0339995446938746
I08,down,21,0.16158496753995152,0.8384150324600484,3.0410280677742607
I08,down,22,0.14728655002073393,0.8527134499792661,3.0545119132363068
I08,down,23,0.15506135844755856,0.8449386415524415,3.0472611805265544
I08,down,24,0.13674910856217978,0.8632508914378202,3.0640381500185567
I08,down,25,0.13030648963515826,0.8696935103648418,3.0696962619398738
I08,down,26,0.1490177144250137,0.8509822855749863,3.052913964559914
I08,down,27,0.1275854755844322,0.8724145244155678,3.0720488223731977
I08,down,28,0.09820095304656863,0.9017990469534314,3.096105423229252
I08,down,29,0.12461720840583337,0.8753827915941667,3.07459033289153
I08,down,30,0.14109572887220553,0.8589042711277944,3.0601500005694504
I08,down,31,0.09583856840227746,0.9041614315977226,3.097936071516946
I08,down,32,0.07994861371178152,0.9200513862882185,3.1098694693926685
I08,down,33,0.11149075797824276,0.8885092420217573,3.085525089141968
I08,down,34,0.11305878636290174,0.8869412136370982,3.08424459238494
I08,down,35,0.0912384301995788,0.9087615698004212,3.101458320725886
I08,down,36,0.09333843480595296,0.9066615651940471,3.0998573077317797
I08,down,37,0.09091719041831062,0.9090828095816894,3.101702208680287
I08,down,38,0.08032244466199903,0.919677555338001,3.1095961761224213
I08,down,39,0.09252309231955906,0.907476907680441,3.10048028975263
I08,down,40,0.09404242760300295,0.905957572396997,3.0993179950038403
I08,down,41,0.07748958036700601,0.922510419632994,3.1116583957056934
I08,down,42,0.08241308007111182,0.9175869199288882,3.108061267414554
I08,down,43,0.0929284831563591,0.907071516843641,3.100170759978501
I08,down,44,0.07109004624318176,0.9289099537568183,3.116243279859529
I08,down,45,0.06172305327200794,0.9382769467279921,3.1227735180602396
I08,down,46,0.08770667192523514,0.9122933280747648,3.1041248728103206
I08,down,47,0.09349700540303767,0.9065029945969624,3.099735944576521
I08,down,48,0.06872818212610537,0.9312718178738946,3.1179099100555723
I08,down,49,0.06466557151152261,0.9353344284884774,3.1207449334899238
I08,down,50,0.07822420939640555,0.9217757906035945,3.1111255517597263
I08,down,51,0.0740390249364208,0.9259609750635792,3.1141431262552217
I08,down,52,0.07339629071812759,0.9266037092818724,3.114602687126494
I08,down,53,0.08003215693165257,0.9199678430683474,3.109808424834359
I08,down,54,0.07584270745587761,0.9241572925441224,3.112848003059879
I08,down,55,0.07342186110994754,0.9265781388900525,3.1145844235861597
I08,down,56,0.0755867469571357,0.9244132530428643,3.1130322865106947
I08,down,57,0.06412274786998928,0.9358772521300107,3.1211207179052565
I08,down,58,0.06078660327449935,0.9392133967255006,3.123414777596004
I08,down,59,0.07819228328689315,0.9218077167131069,3.1111487366783646
I08,down,60,0.07360134898065346,0.9263986510193465,3.11445617964585
I08,down,61,0.05122611754636028,0.9487738824536397,3.129843602314555
I08,down,62,0.05688129563921205,0.9431187043607879,3.126066677453542
I08,down,63,0.07837811388171023,0.9216218861182898,3.1110137495435994
I08,down,64,0.07410109691304176,0.9258989030869582,3.114098690055026
I08,down,65,0.06059854105336791,0.9394014589466321,3.1235433071492986
I08,down,66,0.06395581877937644,0.9360441812206236,3.121236136917066
I08,down,67,0.06443405525918754,0.9355659447408124,3.120905293446323
I08,down,68,0.05843699434305514,0.9415630056569448,3.125014588077846
I08,down,69,0.06176331104665227,0.9382366889533478,3.122745903701044
I08,down,70,0.0661504626577158,0.9338495373422842,3.1197133551751843
I08,down,71,0.063689417400395,0.936310582599605,3.1214201952012237
I08,down,72,0.0661285239287793,0.9338714760712207,3.119728635065094
I08,down,73,0.06595850634562624,0.9340414936543737,3.119847009541364
I08,down,74,0.05818159836715287,0.9418184016328471,3.125187697801228
I08,down,75,0.05662292588940185,0.9433770741105981,3.1262408580802568
I08,down,76,0.07350799513993432,0.9264920048600657,3.114522890835431
I08,down,77,0.07437389397710208,0.925626106022898,3.1139032863692933
I08,down,78,0.05856441790120999,0.94143558209879,3.1249281617927185
I08,down,79,0.060783938642397124,0.9392160613576028,3.1234165993026437
I08,down,80,0.06957765334413199,0.930422346655868,3.11731205751685
I08,down,81,0.06741970814622292,0.9325802918537771,3.1188273691737924
I08,down,82,0.06645526493529162,0.9335447350647084,3.1195009461296177
I08,down,83,0.06629929003531201,0.933700709964688,3.11960966916215
I08,down,84,0.0638905117080536,0.9361094882919464,3.1212812736980844
I08,down,85,0.06870586181717289,0.9312941381828271,3.1179255952329568
I08,down,86,0.07313526362762764,0.9268647363723723,3.1147890321165157
I08,down,87,0.06878004037572819,0.9312199596242718,3.1178734629613265
I08,down,88,0.06958166973506687,0.9304183302649331,3.1173092266239717
I08,down,89,0.08019791717356767,0.9198020828264324,3.1096872525579524
I08,down,90,0.07885765706164152,0.9211423429383585,3.11066500889127
I08,down,91,0.06934626280706235,0.9306537371929376,3.1174750831665747
I08,down,92,0.07372049509959572,0.9262795049004042,3.114371005822706
I08,down,93,0.08961737172482044,0.9103826282751796,3.1026862882134107
I08,down,94,0.08854267761479885,0.9114573223852012,3.1034966027291544
I08,down,95,0.07794432309290783,0.9220556769070922,3.1113287196278767
I08,down,96,0.07961974031226009,0.92038025968774,3.110109604088694
I08,down,97,0.08355113991183476,0.9164488600881653,3.1072210508263565
I08,down,98,0.08182039272851672,0.9181796072714833,3.108497535180528
I08,down,99,0.07889595347825835,0.9211040465217416,3.1106371334475087
I08,down,100,0.07951585301300142,0.9204841469869985,3.1101854031303597
I09,right,1,0.7967183056966521,0.20328169430334786,1.2507807820802217
I09,right,2,0.6402517151148777,0.35974828488512234,1.9792304813622348
I09,right,3,0.5879432069227516,0.4120567930772484,2.1743078060667385
I09,right,4,0.5423667411902263,0.4576332588097737,2.325030770005485
I09,right,5,0.5180034384187231,0.4819965615812769,2.3985710704325918
I09,right,6,0.5064110343220488,0.4935889656779512,2.431906927910795
I09,right,7,0.4978947445923386,0.5021052554076614,2.4557323309168515
I09,right,8,0.48989280873407126,0.5101071912659287,2.4776137555958506
I09,right,9,0.480815361645608,0.519184638354392,2.501852512236227
I09,right,10,0.4729096233852463,0.5270903766147537,2.522464547650757
I09,right,11,0.4673139819545547,0.5326860180454454,2.5367772709494867
I09,right,12,0.45960151894452256,0.5403984810554774,2.5561339777471286
I09,right,13,0.4510197127353452,0.5489802872646548,2.5771748590762478
I09,right,14,0.44500918335435113,0.5549908166456489,2.5916038623782907
I09,right,15,0.4398950367125617,0.5601049632874383,2.603684073766355
I09,right,16,0.4366396536553387,0.5633603463446613,2.61128028784679
I09,right,17,0.4328662852418002,0.5671337147581998,2.6199950463669923
I09,right,18,0.427983609581464,0.572016390418536,2.631129347679086
I09,right,19,0.421885452791324,0.5781145472086759,2.6448120443610765
I09,right,20,0.4167885914329701,0.5832114085670299,2.6560599549460955
I09,right,21,0.4116075986854187,0.5883924013145814,2.6673200319458825
I09,right,22,0.40766987651039577,0.5923301234896042,2.675762279966321
I09,right,23,0.40480989587056265,0.5951901041294374,2.681831783531754
I09,right,24,0.40169647343916165,0.5983035265608383,2.6883801524488167
I09,right,25,0.39966236923765547,0.6003376307623445,2.6926254098273743
I09,right,26,0.39804233892863516,0.6019576610713648,2.695987908872193
I09,right,27,0.3952721788229883,0.6047278211770117,2.701699629507875
I09,right,28,0.39218917214173515,0.6078108278582648,2.7080003930386676
I09,right,29,0.3900376683862016,0.6099623316137984,2.712362697946097
I09,right,30,0.38770060603035317,0.6122993939696468,2.7170690655156804
I09,right,31,0.38592671674817125,0.6140732832518287,2.7206190631992753
I09,right,32,0.38499809927224365,0.6150019007277563,2.7224698314343936
I09,right,33,0.38384382069671075,0.6161561793032893,2.7247630642846365
I09,right,34,0.3820257460598657,0.6179742539401343,2.728358749887783
I09,right,35,0.3803972679654176,0.6196027320345824,2.731562566240326
I09,right,36,0.37903068571128307,0.6209693142887169,2.7342388624795957
I09,right,37,0.3779730043786944,0.6220269956213056,2.7363025464845974
I09,right,38,0.3759387238872563,0.6240612761127438,2.740252975926901
I09,right,39,0.37467048364282823,0.6253295163571717,2.742703376371196
I09,right,40,0.37314425178343236,0.6268557482165676,2.7456396377406582
I09,right,41,0.3727953489573757,0.6272046510426244,2.7463089493644546
I09,right,42,0.37315890014309905,0.626841099856901,2.745611521628067
I09,right,43,0.37177465678077803,0.628225343219222,2.7482628626454435
I09,right,44,0.37160859241337496,0.628391407586625,2.748580180807619
I09,right,45,0.3687419707835847,0.6312580292164153,2.7540322947292912
I09,right,46,0.3662909039566595,0.6337090960433405,2.758656038324686
I09,right,47,0.3651713662510642,0.6348286337489357,2.760756359638229
I09,right,48,0.36287959448164353,0.6371204055183565,2.7650332891037763
I09,right,49,0.35970133707972407,0.6402986629202759,2.7709146563882676
I09,right,50,0.35731560888179714,0.6426843911182029,2.775291568395466
I09,right,51,0.35532343894606483,0.6446765610539351,2.7789217157866952
I09,right,52,0.3518063941408576,0.6481936058591424,2.785275910314656
I09,right,53,0.34858231115727517,0.6514176888427248,2.791040023152158
I09,right,54,0.34850575464232075,0.6514942453576793,2.7911761904284207
I09,right,55,0.3483872658798288,0.6516127341201712,2.7913868764218526
I09,right,56,0.3475481820116873,0.6524518179883128,2.79287663307627
I09,right,57,0.3459296219346707,0.6540703780653293,2.7957393173607743
I09,right,58,0.344605384194046,0.655394615805954,2.7980707047510815
I09,right,59,0.345292151805159,0.654707848194841,2.7968628200169716
I09,right,60,0.3446580311042368,0.6553419688957631,2.797978201267531
I09,right,61,0.34323340673098945,0.6567665932690105,2.800475982104043
I09,right,62,0.3422851666150482,0.6577148333849518,2.8021323626498624
I09,right,63,0.340685135855761,0.659314864144239,2.804916162091546
I09,right,64,0.3403304480191081,0.6596695519808919,2.805531375471066
I09,right,65,0.33825976792735124,0.6617402320726488,2.8091093896817227
I09,right,66,0.33728069936906846,0.6627193006309315,2.8107930867350737
I09,right,67,0.33654830166905664,0.6634516983309433,2.8120492062654945
I09,right,68,0.3353181238074602,0.6646818761925398,2.814152565003157
I09,right,69,0.33420672951033586,0.6657932704896641,2.8160458472383265
I09,right,70,0.3338075644970414,0.6661924355029586,2.816724219255729
I09,right,71,0.3328540166661015,0.6671459833338985,2.8183413081090816
I09,right,72,0.32996528528774915,0.6700347147122508,2.823210677083974
I09,right,73,0.32809923253262996,0.67190076746737,2.826332684359813
I09,right,74,0.3269689772073677,0.6730310227926324,2.8282147419558576
I09,right,75,0.3248138173445767,0.6751861826554233,2.8317848628337288
I09,right,76,0.32353928419500444,0.6764607158049956,2.83388476732378
I09,right,77,0.32461635823611906,0.675383641763881,2.8321107483225445
I09,right,78,0.3264706122025405,0.6735293877974595,2.8290424686179625
I09,right,79,0.3251496383328672,0.6748503616671329,2.8312301581337467
I09,right,80,0.32256805336686994,0.67743194663313,2.8354792792694683
I09,right,81,0.3207458160735029,0.6792541839264972,2.8384577269771443
I09,right,82,0.3179124918413068,0.6820875081586932,2.843054762731894
I09,right,83,0.316538382692948,0.683461617307052,2.8452694004411816
I09,right,84,0.31551925594022345,0.6844807440597765,2.8469056854648027
I09,right,85,0.31399297951424987,0.6860070204857501,2.849346346447933
I09,right,86,0.31432584388050266,0.6856741561194973,2.848815074119943
I09,right,87,0.31494402736687444,0.6850559726331256,2.847826921475219
I09,right,88,0.3150882997683269,0.6849117002316731,2.8475960255836164
I09,right,89,0.3162254269520029,0.6837745730479972,2.845772438308507
I09,right,90,0.3167134665260974,0.6832865334739027,2.8449877565034534
I09,right,91,0.31575107225270455,0.6842489277472954,2.8465339522486097
I09,right,92,0.31438001142528454,0.6856199885747154,2.848728566115569
I09,right,93,0.31315152516142203,0.6868484748385779,2.8506868545286563
I09,right,94,0.3121251173806943,0.6878748826193057,2.8523171570601615
I09,right,95,0.3106060015034516,0.6893939984965485,2.8547202989960487
I09,right,96,0.30961786589904877,0.6903821341009513,2.856277233091917
I09,right,97,0.3092815883107386,0.6907184116892614,2.8568059640270578
I09,right,98,0.3085689701330334,0.6914310298669666,2.857924545155517
I09,right,99,0.3087249933942641,0.6912750066057358,2.8576798561836654
I09,right,100,0.3091916069902285,0.6908083930097715,2.856947345994577
I09,left,1,0.7967183056966521,0.20328169430334786,1.2507807820802217
I09,left,2,0.6402517151148777,0.35974828488512234,1.9792304813622348
I09,left,3,0.5879432069227516,0.4120567930772484,2.1743078060667385
I09,left,4,0.5423667411902263,0.4576332588097737,2.325030770005485
I09,left,5,0.5180034384187231,0.4819965615812769,2.3985710704325918
I09,left,6,0.5064110343220488,0.4935889656779512,2.431906927910795
I09,left,7,0.4978947445923386,0.5021052554076614,2.4557323309168515
I09,left,8,0.48989280873407126,0.5101071912659287,2.4776137555958506
I09,left,9,0.480815361645608,0.519184638354392,2.501852512236227
I09,left,10,0.4729096233852463,0.5270903766147537,2.522464547650757
I09,left,11,0.4673139819545547,0.5326860180454454,2.5367772709494867
I09,left,12,0.45960151894452256,0.5403984810554774,2.5561339777471286
I09,left,13,0.4510197127353452,0.5489802872646548,2.5771748590762478
I09,left,14,0.44500918335435113,0.5549908166456489,2.5916038623782907
I09,left,15,0.4398950367125617,0.5601049632874383,2.603684073766355
I09,left,16,0.4366396536553387,0.5633603463446613,2.61128028784679
I09,left,17,0.4328662852418002,0.5671337147581998,2.6199950463669923
I09,left,18,0.427983609581464,0.572016390418536,2.631129347679086
I09,left,19,0.421885452791324,0.5781145472086759,2.6448120443610765
I09,left,20,0.4167885914329701,0.5832114085670299,2.6560599549460955
I09,left,21,0.4116075986854187,0.5883924013145814,2.6673200319458825
I09,left,22,0.40766987651039577,0.5923301234896042,2.675762279966321
I09,left,23,0.40480989587056265,0.5951901041294374,2.681831783531754
I09,left,24,0.40169647343916165,0.5983035265608383,2.6883801524488167
I09,left,25,0.39966236923765547,0.6003376307623445,2.6926254098273743
I09,left,26,0.39804233892863516,0.6019576610713648,2.695987908872193
I09,left,27,0.3952721788229883,0.6047278211770117,2.701699629507875
I09,left,28,0.39218917214173515,0.6078108278582648,2.7080003930386676
I09,left,29,0.3900376683862016,0.6099623316137984,2.712362697946097
I09,left,30,0.38770060603035317,0.6122993939696468,2.7170690655156804
I09,left,31,0.38592671674817125,0.6140732832518287,2.7206190631992753
I09,left,32,0.38499809927224365,0.6150019007277563,2.7224698314343936
I09,left,33,0.38384382069671075,0.6161561793032893,2.7247630642846365
I09,left,34,0.3820257460598657,0.6179742539401343,2.728358749887783
I09,left,35,0.3803972679654176,0.6196027320345824,2.731562566240326
I09,left,36,0.37903068571128307,0.6209693142887169,2.7342388624795957
I09,left,37,0.3779730043786944,0.6220269956213056,2.7363025464845974
I09,left,38,0.3759387238872563,0.6240612761127438,2.740252975926901
I09,left,39,0.37467048364282823,0.6253295163571717,2.742703376371196
I09,left,40,0.37314425178343236,0.6268557482165676,2.7456396377406582
I09,left,41,0.3727953489573757,0.6272046510426244,2.7463089493644546
I09,left,42,0.37315890014309905,0.626841099856901,2.745611521628067
I09,left,43,0.37177465678077803,0.628225343219222,2.7482628626454435
I09,left,44,0.37160859241337496,0.628391407586625,2.748580180807619
I09,left,45,0.3687419707835847,0.6312580292164153,2.7540322947292912
I09,left,46,0.3662909039566595,0.6337090960433405,2.758656038324686
I09,left,47,0.3651713662510642,0.6348286337489357,2.760756359638229
I09,left,48,0.36287959448164353,0.6371204055183565,2.7650332891037763
I09,left,49,0.35970133707972407,0.6402986629202759,2.7709146563882676
I09,left,50,0.35731560888179714,0.6426843911182029,2.775291568395466
I09,left,51,0.35532343894606483,0.6446765610539351,2.7789217157866952
I09,left,52,0.3518063941408576,0.6481936058591424,2.785275910314656
I09,left,53,0.34858231115727517,0.6514176888427248,2.791040023152158
I09,left,54,0.34850575464232075,0.6514942453576793,2.7911761904284207
I09,left,55,0.3483872658798288,0.6516127341201712,2.7913868764218526
I09,left,56,0.3475481820116873,0.6524518179883128,2.79287663307627
I09,left,57,0.3459296219346707,0.6540703780653293,2.7957393173607743
I09,left,58,0.344605384194046,0.655394615805954,2.7980707047510815
I09,left,59,0.345292151805159,0.654707848194841,2.7968628200169716
I09,left,60,0.3446580311042368,0.6553419688957631,2.797978201267531
I09,left,61,0.34323340673098945,0.6567665932690105,2.800475982104043
I09,left,62,0.3422851666150482,0.6577148333849518,2.8021323626498624
I09,left,63,0.340685135855761,0.659314864144239,2.804916162091546
I09,left,64,0.3403304480191081,0.6596695519808919,2.805531375471066
I09,left,65,0.33825976792735124,0.6617402320726488,2.8091093896817227
I09,left,66,0.33728069936906846,0.6627193006309315,2.8107930867350737
I09,left,67,0.33654830166905664,0.6634516983309433,2.8120492062654945
I09,left,68,0.3353181238074602,0.6646818761925398,2.814152565003157
I09,left,69,0.33420672951033586,0.6657932704896641,2.8160458472383265
I09,left,70,0.3338075644970414,0.6661924355029586,2.816724219255729
I09,left,71,0.3328540166661015,0.6671459833338985,2.8183413081090816
I09,left,72,0.32996528528774915,0.6700347147122508,2.823210677083974
I09,left,73,0.32809923253262996,0.67190076746737,2.826332684359813
I09,left,74,0.3269689772073677,0.6730310227926324,2.8282147419558576
I09,left,75,0.3248138173445767,0.6751861826554233,2.8317848628337288
I09,left,76,0.32353928419500444,0.6764607158049956,2.83388476732378
I09,left,77,0.32461635823611906,0.675383641763881,2.8321107483225445
I09,left,78,0.3264706122025405,0.6735293877974595,2.8290424686179625
I09,left,79,0.3251496383328672,0.6748503616671329,2.8312301581337467
I09,left,80,0.32256805336686994,0.67743194663313,2.8354792792694683
I09,left,81,0.3207458160735029,0.6792541839264972,2.8384577269771443
I09,left,82,0.3179124918413068,0.6820875081586932,2.843054762731894
I09,left,83,0.316538382692948,0.683461617307052,2.8452694004411816
I09,left,84,0.31551925594022345,0.6844807440597765,2.8469056854648027
I09,left,85,0.31399297951424987,0.6860070204857501,2.849346346447933
I09,left,86,0.31432584388050266,0.6856741561194973,2.848815074119943
I09,left,87,0.31494402736687444,0.6850559726331256,2.847826921475219
I09,left,88,0.3150882997683269,0.6849117002316731,2.8475960255836164
I09,left,89,0.3162254269520029,0.6837745730479972,2.845772438308507
I09,left,90,0.3167134665260974,0.6832865334739027,2.8449877565034534
I09,left,91,0.31575107225270455,0.6842489277472954,2.8465339522486097
I09,left,92,0.31438001142528454,0.6856199885747154,2.848728566115569
I09,left,93,0.31315152516142203,0.6868484748385779,2.8506868545286563
I09,left,94,0.3121251173806943,0.6878748826193057,2.8523171570601615
I09,left,95,0.3106060015034516,0.6893939984965485,2.8547202989960487
I09,left,96,0.30961786589904877,0.6903821341009513,2.856277233091917
I09,left,97,0.3092815883107386,0.6907184116892614,2.8568059640270578
I09,left,98,0.3085689701330334,0.6914310298669666,2.857924545155517
I09,left,99,0.3087249933942641,0.6912750066057358,2.8576798561836654
I09,left,100,0.3091916069902285,0.6908083930097715,2.856947345994577
I09,up,1,0.7950919887939574,0.20490801120604263,1.259428474340769
I09,up,2,0.6394653031899374,0.36053469681006256,1.9823427003072647
I09,up,3,0.6027386580678955,0.3972613419321045,2.121568279782643
I09,up,4,0.5711140539889386,0.42888594601106145,2.232003044942119
I09,up,5,0.5499245201102375,0.4500754798897625,2.301238802421321
I09,up,6,0.5336809047978565,0.46631909520214354,2.351797157209596
I09,up,7,0.5220091684170853,0.47799083158291467,2.386806312041305
I09,up,8,0.513685741738191,0.48631425826180896,2.41111025191869
I09,up,9,0.5058804933750262,0.49411950662497384,2.4334075168572165
I09,up,10,0.498009244758454,0.501990755241546,2.4554156945610304
I09,up,11,0.49221445935279096,0.507785540647209,2.471315142926228
I09,up,12,0.4861932732427355,0.5138067267572646,2.4875667067419327
I09,up,13,0.4804025142209539,0.5195974857790461,2.502940306209376
I09,up,14,0.47763299053507396,0.522367009464926,2.510205008229846
I09,up,15,0.4745134969046264,0.5254865030953736,2.518320028988115
I09,up,16,0.46877641838793765,0.5312235816120623,2.5330585473046865
I09,up,17,0.46294727257295815,0.5370527274270418,2.547789222717288
I09,up,18,0.45760484518780514,0.5423951548121948,2.5610759263259535
I09,up,19,0.4523845500219307,0.5476154499780693,2.5738632663409033
I09,up,20,0.44658764098523746,0.5534123590147626,2.5878389074870043
I09,up,21,0.4400252209866957,0.5599747790133043,2.6033787922515295
I09,up,22,0.4354093410172708,0.5645906589827292,2.6141323487339596
I09,up,23,0.4309912597739544,0.5690087402260455,2.6242897278045296
I09,up,24,0.4266482040345064,0.5733517959654937,2.6341467746099383
I09,up,25,0.42229224248886077,0.5777077575111392,2.643906976790678
I09,up,26,0.41901892345123626,0.5809810765487637,2.651158933162632
I09,up,27,0.4176685494119265,0.5823314505880735,2.654130180368398
I09,up,28,0.41643332115057924,0.5835666788494207,2.656837643002153
I09,up,29,0.4123343846719681,0.587665615328032,2.6657509502412235
I09,up,30,0.40767367458760645,0.5923263254123936,2.6757541849595725
I09,up,31,0.40529672875235156,0.5947032712476484,2.680802292539857
I09,up,32,0.40418037052956723,0.5958196294704328,2.683160792569309
I09,up,33,0.40339963139567586,0.5966003686043242,2.68480554546849
I09,up,34,0.40244314800795017,0.5975568519920498,2.6868152776402683
I09,up,35,0.4013583611603933,0.5986416388396067,2.6890876096970056
I09,up,36,0.3971875078387574,0.6028124921612426,2.697755563862766
I09,up,37,0.3917976485962991,0.6082023514037009,2.7087963507016717
I09,up,38,0.3884106965917917,0.6115893034082083,2.7156426201880564
I09,up,39,0.38618133806861543,0.6138186619313846,2.720110678988287
I09,up,40,0.38397768790751213,0.6160223120924879,2.724497520431714
I09,up,41,0.38021332077174713,0.6197866792282529,2.7319234573950393
I09,up,42,0.37636201953220455,0.6236379804677954,2.7394329925439473
I09,up,43,0.37538078047200735,0.6246192195279927,2.74133216708122
I09,up,44,0.37432873732303795,0.625671262676962,2.74336204497053
I09,up,45,0.3716936921223673,0.6283063078776328,2.7484175913020303
I09,up,46,0.3687996371702327,0.6312003628297673,2.753923090679173
I09,up,47,0.3673385198696342,0.6326614801303658,2.7566840671214967
I09,up,48,0.3672529027945767,0.6327470972054233,2.7568454668166815
I09,up,49,0.3672750938170969,0.6327249061829031,2.756803637845441
I09,up,50,0.36492912453362636,0.6350708754663736,2.761209865801228
I09,up,51,0.3611752354238991,0.6388247645761009,2.768194397793926
I09,up,52,0.35997925884212706,0.6400207411578729,2.7704026672433706
I09,up,53,0.36003185635455637,0.6399681436454436,2.770305722187829
I09,up,54,0.358347894269697,0.6416521057303031,2.773401685872053
I09,up,55,0.35577866168651334,0.6442213383134867,2.778094183145434
I09,up,56,0.35396214868106235,0.6460378513189377,2.7813893845929023
I09,up,57,0.3529882096619888,0.6470117903380113,2.7831484888949527
I09,up,58,0.35300800102946295,0.646991998970537,2.783112795228674
I09,up,59,0.35335574767331485,0.6466442523266851,2.782485276717911
I09,up,60,0.3527936003072073,0.6472063996927927,2.783499349221626
I09,up,61,0.3526443451772041,0.6473556548227959,2.783768296740453
I09,up,62,0.35149542990128163,0.6485045700987184,2.7858343872969673
I09,up,63,0.35060880342405054,0.6493911965759495,2.787423760747057
I09,up,64,0.3509058272160043,0.6490941727839957,2.786891802349854
I09,up,65,0.35031359020794733,0.6496864097920527,2.7879519890219333
I09,up,66,0.3495185177735132,0.6504814822264868,2.789372206902847
I09,up,67,0.3481303566871544,0.6518696433128456,2.7918434217357087
I09,up,68,0.34741052669116446,0.6525894733088355,2.793120661859577
I09,up,69,0.34736079951771826,0.6526392004822817,2.7932087900467613
I09,up,70,0.3466224146812292,0.6533775853187709,2.7945157724287073
I09,up,71,0.345989870418326,0.654010129581674,2.795633017270281
I09,up,72,0.3449775998177347,0.6550224001822653,2.7974163748888268
I09,up,73,0.3437315568638025,0.6562684431361975,2.799603845145657
I09,up,74,0.3428448571326999,0.6571551428673001,2.8011552928430534
I09,up,75,0.3423639944288245,0.6576360055711755,2.801994853931972
I09,up,76,0.3420826423233671,0.6579173576766328,2.8024854942784954
I09,up,77,0.34093656873910383,0.6590634312608962,2.8044796322220877
I09,up,78,0.3398296358069394,0.6601703641930605,2.806398880842485
I09,up,79,0.33872474962923416,0.6612752503707658,2.8083079503887234
I09,up,80,0.33960683518895984,0.6603931648110402,2.806784377872825
I09,up,81,0.3411551260984429,0.6588448739015571,2.804099900335415
I09,up,82,0.34117228415346146,0.6588277158465385,2.8040700781114642
I09,up,83,0.339840369519323,0.6601596304806769,2.8063803022170726
I09,up,84,0.33809917857361305,0.661900821426387,2.8093859088584114
I09,up,85,0.33775229503209653,0.6622477049679034,2.809982733006258
I09,up,86,0.33884798415015854,0.6611520158498414,2.8080953481498074
I09,up,87,0.338166759773211,0.661833240226789,2.80926955761739
I09,up,88,0.33634192902817334,0.6636580709718267,2.8124026300675515
I09,up,89,0.3348510543440402,0.6651489456559598,2.8149490331356004
I09,up,90,0.33418339343580605,0.665816606564194,2.81608552982168
I09,up,91,0.33435240393618915,0.6656475960638109,2.815798064595077
I09,up,92,0.33359200469328265,0.6664079953067173,2.81709020425697
I09,up,93,0.33306612840195693,0.6669338715980431,2.817982014679198
I09,up,94,0.3314751883315028,0.6685248116684972,2.8206710480282364
I09,up,95,0.3295197942939628,0.6704802057060373,2.8239576783177114
I09,up,96,0.3302463842768671,0.669753615723133,2.8227387888846556
I09,up,97,0.33068146313763525,0.6693185368623648,2.8220075857177003
I09,up,98,0.3298535939233094,0.6701464060766906,2.823398060222245
I09,up,99,0.32826845053502973,0.6717315494649703,2.8260503306840414
I09,up,100,0.3275355279492337,0.6724644720507663,2.8272721829907494
I09,down,1,0.7950919887939574,0.20490801120604263,1.259428474340769
I09,down,2,0.6394653031899374,0.36053469681006256,1.9823427003072647
I09,down,3,0.6027386580678955,0.3972613419321045,2.121568279782643
I09,down,4,0.5711140539889386,0.42888594601106145,2.232003044942119
I09,down,5,0.5499245201102375,0.4500754798897625,2.301238802421321
I09,down,6,0.5336809047978565,0.46631909520214354,2.351797157209596
I09,down,7,0.5220091684170853,0.47799083158291467,2.386806312041305
I09,down,8,0.513685741738191,0.48631425826180896,2.41111025191869
I09,down,9,0.5058804933750262,0.49411950662497384,2.4334075168572165
I09,down,10,0.498009244758454,0.501990755241546,2.4554156945610304
I09,down,11,0.49221445935279096,0.507785540647209,2.471315142926228
I09,down,12,0.4861932732427355,0.5138067267572646,2.4875667067419327
I09,down,13,0.4804025142209539,0.5195974857790461,2.502940306209376
I09,down,14,0.47763299053507396,0.522367009464926,2.510205008229846
I09,down,15,0.4745134969046264,0.5254865030953736,2.518320028988115
I09,down,16,0.46877641838793765,0.5312235816120623,2.5330585473046865
I09,down,17,0.46294727257295815,0.5370527274270418,2.547789222717288
I09,down,18,0.45760484518780514,0.5423951548121948,2.5610759263259535
I09,down,19,0.4523845500219307,0.5476154499780693,2.5738632663409033
I09,down,20,0.44658764098523746,0.5534123590147626,2.5878389074870043
I09,down,21,0.4400252209866957,0.5599747790133043,2.6033787922515295
I09,down,22,0.4354093410172708,0.5645906589827292,2.6141323487339596
I09,down,23,0.4309912597739544,0.5690087402260455,2.6242897278045296
I09,down,24,0.4266482040345064,0.5733517959654937,2.6341467746099383
I09,down,25,0.42229224248886077,0.5777077575111392,2.643906976790678
I09,down,26,0.41901892345123626,0.5809810765487637,2.651158933162632
I09,down,27,0.4176685494119265,0.5823314505880735,2.654130180368398
I09,down,28,0.41643332115057924,0.5835666788494207,2.656837643002153
I09,down,29,0.4123343846719681,0.587665615328032,2.6657509502412235
I09,down,30,0.40767367458760645,0.5923263254123936,2.6757541849595725
I09,down,31,0.40529672875235156,0.5947032712476484,2.680802292539857
I09,down,32,0.40418037052956723,0.5958196294704328,2.683160792569309
I09,down,33,0.40339963139567586,0.5966003686043242,2.68480554546849
I09,down,34,0.40244314800795017,0.5975568519920498,2.6868152776402683
I09,down,35,0.4013583611603933,0.5986416388396067,2.6890876096970056
I09,down,36,0.3971875078387574,0.6028124921612426,2.697755563862766
I09,down,37,0.3917976485962991,0.6082023514037009,2.7087963507016717
I09,down,38,0.3884106965917917,0.6115893034082083,2.7156426201880564
I09,down,39,0.38618133806861543,0.6138186619313846,2.720110678988287
I09,down,40,0.38397768790751213,0.6160223120924879,2.724497520431714
I09,down,41,0.38021332077174713,0.6197866792282529,2.7319234573950393
I09,down,42,0.37636201953220455,0.6236379804677954,2.7394329925439473
I09,down,43,0.37538078047200735,0.6246192195279927,2.74133216708122
I09,down,44,0.37432873732303795,0.625671262676962,2.74336204497053
I09,down,45,0.3716936921223673,0.6283063078776328,2.7484175913020303
I09,down,46,0.3687996371702327,0.6312003628297673,2.753923090679173
I09,down,47,0.3673385198696342,0.6326614801303658,2.7566840671214967
I09,down,48,0.3672529027945767,0.6327470972054233,2.7568454668166815
I09,down,49,0.3672750938170969,0.6327249061829031,2.756803637845441
I09,down,50,0.36492912453362636,0.6350708754663736,2.761209865801228
I09,down,51,0.3611752354238991,0.6388247645761009,2.768194397793926
I09,down,52,0.35997925884212706,0.6400207411578729,2.7704026672433706
I09,down,53,0.36003185635455637,0.6399681436454436,2.770305722187829
I09,down,54,0.358347894269697,0.6416521057303031,2.773401685872053
I09,down,55,0.35577866168651334,0.6442213383134867,2.778094183145434
I09,down,56,0.35396214868106235,0.6460378513189377,2.7813893845929023
I09,down,57,0.3529882096619888,0.6470117903380113,2.7831484888949527
I09,down,58,0.35300800102946295,0.646991998970537,2.783112795228674
I09,down,59,0.35335574767331485,0.6466442523266851,2.782485276717911
I09,down,60,0.3527936003072073,0.6472063996927927,2.783499349221626
I09,down,61,0.3526443451772041,0.6473556548227959,2.783768296740453
I09,down,62,0.35149542990128163,0.6485045700987184,2.7858343872969673
I09,down,63,0.35060880342405054,0.6493911965759495,2.787423760747057
I09,down,64,0.3509058272160043,0.6490941727839957,2.786891802349854
I09,down,65,0.35031359020794733,0.6496864097920527,2.7879519890219333
I09,down,66,0.3495185177735132,0.6504814822264868,2.789372206902847
I09,down,67,0.3481303566871544,0.6518696433128456,2.7918434217357087
I09,down,68,0.34741052669116446,0.6525894733088355,2.793120661859577
I09,down,69,0.34736079951771826,0.6526392004822817,2.7932087900467613
I09,down,70,0.3466224146812292,0.6533775853187709,2.7945157724287073
I09,down,71,0.345989870418326,0.654010129581674,2.795633017270281
I09,down,72,0.3449775998177347,0.6550224001822653,2.7974163748888268
I09,down,73,0.3437315568638025,0.6562684431361975,2.799603845145657
I09,down,74,0.3428448571326999,0.6571551428673001,2.8011552928430534
I09,down,75,0.3423639944288245,0.6576360055711755,2.801994853931972
I09,down,76,0.3420826423233671,0.6579173576766328,2.8024854942784954
I09,down,77,0.34093656873910383,0.6590634312608962,2.8044796322220877
I09,down,78,0.3398296358069394,0.6601703641930605,2.806398880842485
I09,down,79,0.33872474962923416,0.6612752503707658,2.8083079503887234
I09,down,80,0.33960683518895984,0.6603931648110402,2.806784377872825
I09,down,81,0.3411551260984429,0.6588448739015571,2.804099900335415
I09,down,82,0.34117228415346146,0.6588277158465385,2.8040700781114642
I09,down,83,0.339840369519323,0.6601596304806769,2.8063803022170726
I09,down,84,0.33809917857361305,0.661900821426387,2.8093859088584114
I09,down,85,0.33775229503209653,0.6622477049679034,2.809982733006258
I09,down,86,0.33884798415015854,0.6611520158498414,2.8080953481498074
I09,down,87,0.338166759773211,0.661833240226789,2.80926955761739
I09,down,88,0.33634192902817334,0.6636580709718267,2.8124026300675515
I09,down,89,0.3348510543440402,0.6651489456559598,2.8149490331356004
I09,down,90,0.33418339343580605,0.665816606564194,2.81608552982168
I09,down,91,0.33435240393618915,0.6656475960638109,2.815798064595077
I09,down,92,0.33359200469328265,0.6664079953067173,2.81709020425697
I09,down,93,0.33306612840195693,0.6669338715980431,2.817982014679198
I09,down,94,0.3314751883315028,0.6685248116684972,2.8206710480282364
I09,down,95,0.3295197942939628,0.6704802057060373,2.8239576783177114
I09,down,96,0.3302463842768671,0.669753615723133,2.8227387888846556
I09,down,97,0.33068146313763525,0.6693185368623648,2.8220075857177003
I09,down,98,0.3298535939233094,0.6701464060766906,2.823398060222245
I09,down,99,0.32826845053502973,0.6717315494649703,2.8260503306840414
I09,down,100,0.3275355279492337,0.6724644720507663,2.8272721829907494
I10,right,1,0.7957767563637395,0.20422324363626054,1.2557898795903322
I10,right,2,0.6257642363960595,0.3742357636039405,2.035679161157139
I10,right,3,0.5798836137794655,0.4201163862205345,2.2022407582890082
I10,right,4,0.5427642434428226,0.4572357565571774,2.3237911110706326
I10,right,5,0.5175457126091955,0.48245428739080454,2.399907324744639
I10,right,6,0.5009890595998758,0.49901094040012417,2.4471400941836077
I10,right,7,0.48684599702170345,0.5131540029782966,2.485818130149493
I10,right,8,0.4740350901782216,0.5259649098217785,2.519558234835232
I10,right,9,0.4627582216692049,0.5372417783307951,2.5482628751042746
I10,right,10,0.4545128216729567,0.5454871783270433,2.5686731892397505
I10,right,11,0.446627447994007,0.553372552005993,2.5877437360509576
I10,right,12,0.439058786884053,0.560941213115947,2.6056423107034075
I10,right,13,0.43222909545767857,0.5677709045423214,2.6214571634547923
I10,right,14,0.42513551733385396,0.574864482666146,2.637550439087298
I10,right,15,0.41796216196278074,0.5820378380372193,2.653485154675584
I10,right,16,0.41412301419060393,0.5858769858093961,2.6618748922236204
I10,right,17,0.41221051147065885,0.5877894885293411,2.6660186249120734
I10,right,18,0.40681171622960544,0.5931882837703946,2.6775889537411137
I10,right,19,0.4033163981485368,0.5966836018514632,2.6849806621815837
I10,right,20,0.39949931277963985,0.6005006872203602,2.692964590170914
I10,right,21,0.3953178200557463,0.6046821799442537,2.7016059099173857
I10,right,22,0.39444783965112756,0.6055521603488725,2.70339010040707
I10,right,23,0.3939115238634464,0.6060884761365536,2.7044876606196677
I10,right,24,0.3905625924391934,0.6094374075608067,2.711301006622924
I10,right,25,0.38607022198422425,0.6139297780157758,2.720332584993745
I10,right,26,0.3828959422841867,0.6171040577158133,2.7266402127499676
I10,right,27,0.38065039062306105,0.619349609376939,2.731065626078907
I10,right,28,0.38012227274474025,0.6198777272552598,2.7321020120279202
I10,right,29,0.37932387126611217,0.6206761287338878,2.733665633598288
I10,right,30,0.3770953200679037,0.6229046799320963,2.7380099667263833
I10,right,31,0.37537897896913736,0.6246210210308627,2.7413356486141867
I10,right,32,0.3740351274474989,0.6259648725525011,2.7439273859600144
I10,right,33,0.37125634739730573,0.6287436526026943,2.7492527196851864
I10,right,34,0.36897074648506734,0.6310292535149327,2.7535989432106316
I10,right,35,0.36889477299153417,0.6311052270084658,2.7537428875815264
I10,right,36,0.3667051033913776,0.6332948966086225,2.7578771347061277
I10,right,37,0.363904234112932,0.6360957658870681,2.7631248372324677
I10,right,38,0.36085600880023555,0.6391439911997645,2.768784622779112
I10,right,39,0.35849263448937596,0.641507365510624,2.773136215202368
I10,right,40,0.3582608446569924,0.6417391553430076,2.773561287798694
I10,right,41,0.3586773672739628,0.6413226327260372,2.7727972203822855
I10,right,42,0.3588354859234718,0.6411645140765282,2.772506909759901
I10,right,43,0.3566150563235052,0.6433849436764948,2.776570680196489
I10,right,44,0.35488617781369647,0.6451138221863035,2.7797154957667507
I10,right,45,0.3522192889489414,0.6477807110510586,2.784533535027914
I10,right,46,0.3502821154913825,0.6497178845086176,2.7880082784278475
I10,right,47,0.3501112326777271,0.6498887673222729,2.788313789057254
I10,right,48,0.35142940938379486,0.6485705906162051,2.7859528874469968
I10,right,49,0.35127963285822383,0.6487203671417762,2.786221630866647
I10,right,50,0.34882694068126824,0.6511730593187317,2.7906046947708836
I10,right,51,0.34685227767400806,0.6531477223259919,2.7941092250066806
I10,right,52,0.3457832049112819,0.6542167950887181,2.7959975665135026
I10,right,53,0.34710059486049333,0.6528994051395067,2.793669710609187
I10,right,54,0.3491795513715705,0.6508204486284295,2.789976624852317
I10,right,55,0.3491302251618324,0.6508697748381675,2.790064526208469
I10,right,56,0.34816675761836086,0.6518332423816391,2.791778757021503
I10,right,57,0.3476116127711731,0.652388387228827,2.7927641507658185
I10,right,58,0.34778513440091685,0.6522148655990831,2.7924563295852316
I10,right,59,0.3477815823691276,0.6522184176308724,2.7924626324340007
I10,right,60,0.34584911067690427,0.6541508893230957,2.7958813370790265
I10,right,61,0.34324700264938923,0.6567529973506108,2.80045219707013
I10,right,62,0.34183452352725135,0.6581654764727487,2.8029178217051056
I10,right,63,0.3411468474140748,0.6588531525859251,2.804114288851059
I10,right,64,0.34229013350894033,0.6577098664910597,2.8021236993085683
I10,right,65,0.34283371544552316,0.6571662845544768,2.8011747599474957
I10,right,66,0.34359516305675025,0.6564048369432498,2.7998427719010754
I10,right,67,0.34453950517478044,0.6554604948252196,2.798186436326497
I10,right,68,0.34380229111237504,0.656197708887625,2.799479896850431
I10,right,69,0.3429179730660715,0.6570820269339285,2.8010275255527475
I10,right,70,0.3441748698389241,0.6558251301610759,2.798826570828232
I10,right,71,0.3450093757309546,0.6549906242690454,2.7973604797083302
I10,right,72,0.34470239143165915,0.6552976085683409,2.7979002459412516
I10,right,73,0.3431857073196022,0.6568142926803978,2.8005594206258912
I10,right,74,0.3414280405907764,0.6585719594092236,2.803625360641135
I10,right,75,0.342208492482609,0.657791507517391,2.8022660818945315
I10,right,76,0.3430036253899898,0.6569963746100103,2.800877814214151
I10,right,77,0.34151110738758084,0.6584888926124192,2.8034808447786217
I10,right,78,0.3383965443875024,0.6616034556124977,2.8088737640754813
I10,right,79,0.336947739431237,0.663052260568763,2.811364497324293
I10,right,80,0.3386425666287973,0.6613574333712027,2.8084496855214303
I10,right,81,0.3420364080301045,0.6579635919698955,2.8025660793501395
I10,right,82,0.3441968292891361,0.6558031707108639,2.7987880406287706
I10,right,83,0.34351104226597856,0.6564889577340214,2.7999900790063643
I10,right,84,0.3423584349135217,0.6576415650864783,2.802004553167029
I10,right,85,0.34146940019010924,0.6585305998098907,2.8035534097773187
I10,right,86,0.34105570852047706,0.6589442914795229,2.804272665370118
I10,right,87,0.34065776563320865,0.6593422343667914,2.8049636606591326
I10,right,88,0.33891771893549244,0.6610822810645076,2.8079750063889284
I10,right,89,0.3362732959258455,0.6637267040741546,2.812520117038691
I10,right,90,0.33492024525716857,0.6650797547428314,2.814831119416578
I10,right,91,0.3339839643015513,0.6660160356984487,2.816424536764651
I10,right,92,0.3336960361800826,0.6663039638199174,2.816913606935244
I10,right,93,0.33357959357972006,0.6664204064202799,2.8171112687252
I10,right,94,0.33316566850482765,0.6668343314951723,2.8178133222262742
I10,right,95,0.3317439651307181,0.6682560348692819,2.8202177022265644
I10,right,96,0.3287782818645451,0.671221718135455,2.8251987245936583
I10,right,97,0.3273471164379411,0.6726528835620589,2.827585826551191
I10,right,98,0.326184922175407,0.673815077824593,2.8295163794469778
I10,right,99,0.32537817705234995,0.67462182294765,2.830852323973885
I10,right,100,0.3252160599733638,0.6747839400266362,2.8311203739607524
I10,left,1,0.7957767563637395,0.20422324363626054,1.2557898795903322
I10,left,2,0.6257642363960595,0.3742357636039405,2.035679161157139
I10,left,3,0.5798836137794655,0.4201163862205345,2.2022407582890082
I10,left,4,0.5427642434428226,0.4572357565571774,2.3237911110706326
I10,left,5,0.5175457126091955,0.48245428739080454,2.399907324744639
I10,left,6,0.5009890595998758,0.49901094040012417,2.4471400941836077
I10,left,7,0.48684599702170345,0.5131540029782966,2.485818130149493
I10,left,8,0.4740350901782216,0.5259649098217785,2.519558234835232
I10,left,9,0.4627582216692049,0.5372417783307951,2.5482628751042746
I10,left,10,0.4545128216729567,0.5454871783270433,2.5686731892397505
I10,left,11,0.446627447994007,0.553372552005993,2.5877437360509576
I10,left,12,0.439058786884053,0.560941213115947,2.6056423107034075
I10,left,13,0.43222909545767857,0.5677709045423214,2.6214571634547923
I10,left,14,0.42513551733385396,0.574864482666146,2.637550439087298
I10,left,15,0.41796216196278074,0.5820378380372193,2.653485154675584
I10,left,16,0.41412301419060393,0.5858769858093961,2.6618748922236204
I10,left,17,0.41221051147065885,0.5877894885293411,2.6660186249120734
I10,left,18,0.40681171622960544,0.5931882837703946,2.6775889537411137
I10,left,19,0.4033163981485368,0.5966836018514632,2.6849806621815837
I10,left,20,0.39949931277963985,0.6005006872203602,2.692964590170914
I10,left,21,0.3953178200557463,0.6046821799442537,2.7016059099173857
I10,left,22,0.39444783965112756,0.6055521603488725,2.70339010040707
I10,left,23,0.3939115238634464,0.6060884761365536,2.7044876606196677
I10,left,24,0.3905625924391934,0.6094374075608067,2.711301006622924
I10,left,25,0.38607022198422425,0.6139297780157758,2.720332584993745
I10,left,26,0.3828959422841867,0.6171040577158133,2.7266402127499676
I10,left,27,0.38065039062306105,0.619349609376939,2.731065626078907
I10,left,28,0.38012227274474025,0.6198777272552598,2.7321020120279202
I10,left,29,0.37932387126611217,0.6206761287338878,2.733665633598288
I10,left,30,0.3770953200679037,0.6229046799320963,2.7380099667263833
I10,left,31,0.37537897896913736,0.6246210210308627,2.7413356486141867
I10,left,32,0.3740351274474989,0.6259648725525011,2.7439273859600144
I10,left,33,0.37125634739730573,0.6287436526026943,2.7492527196851864
I10,left,34,0.36897074648506734,0.6310292535149327,2.7535989432106316
I10,left,35,0.36889477299153417,0.6311052270084658,2.7537428875815264
I10,left,36,0.3667051033913776,0.6332948966086225,2.7578771347061277
I10,left,37,0.363904234112932,0.6360957658870681,2.7631248372324677
I10,left,38,0.36085600880023555,0.6391439911997645,2.768784622779112
I10,left,39,0.35849263448937596,0.641507365510624,2.773136215202368
I10,left,40,0.3582608446569924,0.6417391553430076,2.773561287798694
I10,left,41,0.3586773672739628,0.6413226327260372,2.7727972203822855
I10,left,42,0.3588354859234718,0.6411645140765282,2.772506909759901
I10,left,43,0.3566150563235052,0.6433849436764948,2.776570680196489
I10,left,44,0.35488617781369647,0.6451138221863035,2.7797154957667507
I10,left,45,0.3522192889489414,0.6477807110510586,2.784533535027914
I10,left,46,0.3502821154913825,0.6497178845086176,2.7880082784278475
I10,left,47,0.3501112326777271,0.6498887673222729,2.788313789057254
I10,left,48,0.35142940938379486,0.6485705906162051,2.7859528874469968
I10,left,49,0.35127963285822383,0.6487203671417762,2.786221630866647
I10,left,50,0.34882694068126824,0.6511730593187317,2.7906046947708836
I10,left,51,0.34685227767400806,0.6531477223259919,2.7941092250066806
I10,left,52,0.3457832049112819,0.6542167950887181,2.7959975665135026
I10,left,53,0.34710059486049333,0.6528994051395067,2.793669710609187
I10,left,54,0.3491795513715705,0.6508204486284295,2.789976624852317
I10,left,55,0.3491302251618324,0.6508697748381675,2.790064526208469
I10,left,56,0.34816675761836086,0.6518332423816391,2.791778757021503
I10,left,57,0.3476116127711731,0.652388387228827,2.7927641507658185
I10,left,58,0.34778513440091685,0.6522148655990831,2.7924563295852316
I10,left,59,0.3477815823691276,0.6522184176308724,2.7924626324340007
I10,left,60,0.34584911067690427,0.6541508893230957,2.7958813370790265
I10,left,61,0.34324700264938923,0.6567529973506108,2.80045219707013
I10,left,62,0.34183452352725135,0.6581654764727487,2.8029178217051056
I10,left,63,0.3411468474140748,0.6588531525859251,2.804114288851059
I10,left,64,0.34229013350894033,0.6577098664910597,2.8021236993085683
I10,left,65,0.34283371544552316,0.6571662845544768,2.8011747599474957
I10,left,66,0.34359516305675025,0.6564048369432498,2.7998427719010754
I10,left,67,0.34453950517478044,0.6554604948252196,2.798186436326497
I10,left,68,0.34380229111237504,0.656197708887625,2.799479896850431
I10,left,69,0.3429179730660715,0.6570820269339285,2.8010275255527475
I10,left,70,0.3441748698389241,0.6558251301610759,2.798826570828232
I10,left,71,0.3450093757309546,0.6549906242690454,2.7973604797083302
I10,left,72,0.34470239143165915,0.6552976085683409,2.7979002459412516
I10,left,73,0.3431857073196022,0.6568142926803978,2.8005594206258912
I10,left,74,0.3414280405907764,0.6585719594092236,2.803625360641135
I10,left,75,0.342208492482609,0.657791507517391,2.8022660818945315
I10,left,76,0.3430036253899898,0.6569963746100103,2.800877814214151
I10,left,77,0.34151110738758084,0.6584888926124192,2.8034808447786217
I10,left,78,0.3383965443875024,0.6616034556124977,2.8088737640754813
I10,left,79,0.336947739431237,0.663052260568763,2.811364497324293
I10,left,80,0.3386425666287973,0.6613574333712027,2.8084496855214303
I10,left,81,0.3420364080301045,0.6579635919698955,2.8025660793501395
I10,left,82,0.3441968292891361,0.6558031707108639,2.7987880406287706
I10,left,83,0.34351104226597856,0.6564889577340214,2.7999900790063643
I10,left,84,0.3423584349135217,0.6576415650864783,2.802004553167029
I10,left,85,0.34146940019010924,0.6585305998098907,2.8035534097773187
I10,left,86,0.34105570852047706,0.6589442914795229,2.804272665370118
I10,left,87,0.34065776563320865,0.6593422343667914,2.8049636606591326
I10,left,88,0.33891771893549244,0.6610822810645076,2.8079750063889284
I10,left,89,0.3362732959258455,0.6637267040741546,2.812520117038691
I10,left,90,0.33492024525716857,0.6650797547428314,2.814831119416578
I10,left,91,0.3339839643015513,0.6660160356984487,2.816424536764651
I10,left,92,0.3336960361800826,0.6663039638199174,2.816913606935244
I10,left,93,0.33357959357972006,0.6664204064202799,2.8171112687252
I10,left,94,0.33316566850482765,0.6668343314951723,2.8178133222262742
I10,left,95,0.3317439651307181,0.6682560348692819,2.8202177022265644
I10,left,96,0.3287782818645451,0.671221718135455,2.8251987245936583
I10,left,97,0.3273471164379411,0.6726528835620589,2.827585826551191
I10,left,98,0.326184922175407,0.673815077824593,2.8295163794469778
I10,left,99,0.32537817705234995,0.67462182294765,2.830852323973885
I10,left,100,0.3252160599733638,0.6747839400266362,2.8311203739607524
I10,up,1,0.779853271108327,0.22014672889167297,1.3394286241160138
I10,up,2,0.569098110073851,0.430901889926149,2.238752406592969
I10,up,3,0.5020661752125605,0.4979338247874395,2.4441319468790423
I10,up,4,0.46252144525625205,0.537478554743748,2.548855738790987
I10,up,5,0.43982499140174,0.56017500859826,2.603848281683894
I10,up,6,0.4303892679626254,0.5696107320373747,2.6256635550141443
I10,up,7,0.423738589034635,0.576261410965365,2.6406801507372544
I10,up,8,0.41526089586973136,0.5847391041302686,2.659398258476501
I10,up,9,0.4058652824399396,0.5941347175600604,2.679598083036188
I10,up,10,0.39737562421108447,0.6026243757889156,2.6973669604566792
I10,up,11,0.39070445799483466,0.6092955420051653,2.7110137843807003
I10,up,12,0.3869960664107931,0.6130039335892069,2.718481319812491
I10,up,13,0.3840107030396487,0.6159892969603513,2.724432013759915
I10,up,14,0.3831345334354739,0.6168654665645261,2.726168225257906
I10,up,15,0.3826417601304961,0.6173582398695039,2.727142665014309
I10,up,16,0.3793818860479806,0.6206181139520194,2.733552143661459
I10,up,17,0.37351402955027174,0.6264859704497283,2.744929497923941
I10,up,18,0.3701864188109869,0.6298135811890131,2.7512910657576803
I10,up,19,0.3694977921222062,0.6305022078777938,2.7525994404599405
I10,up,20,0.3687048422886169,0.6312951577113831,2.754102595479944
I10,up,21,0.36656411838890124,0.6334358816110988,2.7581423692409786
I10,up,22,0.3635731540285385,0.6364268459714615,2.7637421543566276
I10,up,23,0.36196045961152734,0.6380395403884727,2.7667400967547486
I10,up,24,0.3609318106979161,0.639068189302084,2.768644523804606
I10,up,25,0.359449529448997,0.640550470551003,2.7713781575175815
I10,up,26,0.3566208963942098,0.6433791036057902,2.7765600285262577
I10,up,27,0.35442516270901586,0.6455748372909842,2.7805512304647113
I10,up,28,0.35345628103623866,0.6465437189637613,2.7823037349745485
I10,up,29,0.3514674032470608,0.6485325967529392,2.7858846952811938
I10,up,30,0.35014711538378185,0.6498528846162182,2.7882496501162777
I10,up,31,0.35070180651982263,0.6492981934801774,2.787257248632744
I10,up,32,0.3491299877942586,0.6508700122057414,2.7900649491746714
I10,up,33,0.3455865168699462,0.6544134831300539,2.796344297406317
I10,up,34,0.3442699076983971,0.655730092301603,2.798659797704821
I10,up,35,0.3449123816335245,0.6550876183664756,2.7975310790560988
I10,up,36,0.34306391208668385,0.6569360879133161,2.8007724152859437
I10,up,37,0.3418739292100772,0.6581260707899228,2.8028491828452395
I10,up,38,0.3425254986202578,0.6574745013797423,2.801713016992375
I10,up,39,0.34329585018049186,0.6567041498195081,2.800366733650275
I10,up,40,0.3408243993522137,0.6591756006477862,2.8046744196743276
I10,up,41,0.33841449271001495,0.661585507289985,2.8088428368893643
I10,up,42,0.3389446772148591,0.6610553227851409,2.80792847725992
I10,up,43,0.33894054499317694,0.6610594550068231,2.8079356095978625
I10,up,44,0.3380942120995761,0.661905787900424,2.809394458420196
I10,up,45,0.33843098230507374,0.6615690176949263,2.8088144217364723
I10,up,46,0.33808213238830853,0.6619178676116915,2.8094152525439045
I10,up,47,0.3382832485646656,0.6617167514353344,2.8090689466404486
I10,up,48,0.3384412508370098,0.6615587491629902,2.808796726083391
I10,up,49,0.337830616297924,0.662169383702076,2.809848035567958
I10,up,50,0.33600741895864733,0.6639925810413527,2.8129750093576504
I10,up,51,0.3350253065166961,0.6649746934833038,2.814652027146586
I10,up,52,0.3357509104503739,0.664249089549626,2.8134135130464166
I10,up,53,0.3350976292925719,0.6649023707074281,2.814528708026269
I10,up,54,0.3329339910592911,0.6670660089407089,2.8182058686496783
I10,up,55,0.33199404866770776,0.6680059513322922,2.819795541532711
I10,up,56,0.3321548984210714,0.6678451015789286,2.8195238387382
I10,up,57,0.333022148727938,0.666977851272062,2.8180565310144496
I10,up,58,0.3332730809862386,0.6667269190137615,2.8176312290181906
I10,up,59,0.33259402369560054,0.6674059763043995,2.8187813798639327
I10,up,60,0.33113312661998867,0.6688668733800114,2.8212474486535513
I10,up,61,0.3277817887377954,0.6722182112622046,2.82686195791132
I10,up,62,0.32455106957759966,0.6754489304224003,2.8322184556299286
I10,up,63,0.32259622186486975,0.6774037781351303,2.8354331028093362
I10,up,64,0.32204841438080173,0.6779515856191982,2.8363303822117194
I10,up,65,0.32154121585326984,0.6784587841467302,2.8371597596858003
I10,up,66,0.3218542670493392,0.6781457329506608,2.83664801178935
I10,up,67,0.3217014574862844,0.6782985425137156,2.8368978744910613
I10,up,68,0.3207241913740075,0.6792758086259925,2.83849296942726
I10,up,69,0.32122286185647747,0.6787771381435226,2.837679655946907
I10,up,70,0.3221977898635356,0.6778022101364645,2.8360858674638862
I10,up,71,0.32217872800426023,0.6778212719957397,2.8361170765174393
I10,up,72,0.3207647648391044,0.6792352351608957,2.8384268435949043
I10,up,73,0.3182271843044549,0.6817728156955452,2.8425462151063883
I10,up,74,0.3152988144877913,0.6847011855122087,2.847258924377141
I10,up,75,0.31393252069930705,0.6860674793006929,2.849442782153539
I10,up,76,0.3128352533700974,0.6871647466299027,2.851189775038401
I10,up,77,0.31140042060110057,0.6885995793988995,2.85346503036288
I10,up,78,0.3126534816686404,0.6873465183313596,2.851478590851774
I10,up,79,0.31374970537562136,0.6862502946243787,2.8497342715797656
I10,up,80,0.31194095187560367,0.6880590481243963,2.8526091145180787
I10,up,81,0.3100093717366667,0.6899906282633332,2.855660951987117
I10,up,82,0.3084660511420351,0.6915339488579648,2.858085884843068
I10,up,83,0.30656146336155027,0.6934385366384497,2.8610620455321953
I10,up,84,0.3048769740475719,0.6951230259524281,2.8636792345150637
I10,up,85,0.3033017087775037,0.6966982912224964,2.8661140068675053
I10,up,86,0.30347297680451313,0.6965270231954869,2.8658498841906175
I10,up,87,0.30635082078262055,0.6936491792173795,2.8613900915013533
I10,up,88,0.307237282486325,0.692762717513675,2.8600080623508974
I10,up,89,0.30519916304222766,0.6948008369577723,2.863179738572815
I10,up,90,0.3034244097482106,0.6965755902517894,2.86592479705201
I10,up,91,0.3041393698111988,0.6958606301888012,2.864820822109137
I10,up,92,0.3049577822716541,0.695042217728346,2.8635540042469723
I10,up,93,0.30480963973966757,0.6951903602603324,2.8637835592628456
I10,up,94,0.3038680173539576,0.6961319826460424,2.8652401165700274
I10,up,95,0.3025448318539483,0.6974551681460517,2.8672795009697456
I10,up,96,0.3016871438511808,0.6983128561488192,2.8685968242899387
I10,up,97,0.30080222255417516,0.6991977774458249,2.869952189770096
I10,up,98,0.30210145679777245,0.6978985432022276,2.867960932343774
I10,up,99,0.30191200928458445,0.6980879907154156,2.868251803052459
I10,up,100,0.2999325460389686,0.7000674539610314,2.871280468927343
I10,down,1,0.779853271108327,0.22014672889167297,1.3394286241160138
I10,down,2,0.569098110073851,0.430901889926149,2.238752406592969
I10,down,3,0.5020661752125605,0.4979338247874395,2.4441319468790423
I10,down,4,0.46252144525625205,0.537478554743748,2.548855738790987
I10,down,5,0.43982499140174,0.56017500859826,2.603848281683894
I10,down,6,0.4303892679626254,0.5696107320373747,2.6256635550141443
I10,down,7,0.423738589034635,0.576261410965365,2.6406801507372544
I10,down,8,0.41526089586973136,0.5847391041302686,2.659398258476501
I10,down,9,0.4058652824399396,0.5941347175600604,2.679598083036188
I10,down,10,0.39737562421108447,0.6026243757889156,2.6973669604566792
I10,down,11,0.39070445799483466,0.6092955420051653,2.7110137843807003
I10,down,12,0.3869960664107931,0.6130039335892069,2.718481319812491
I10,down,13,0.3840107030396487,0.6159892969603513,2.724432013759915
I10,down,14,0.3831345334354739,0.6168654665645261,2.726168225257906
I10,down,15,0.3826417601304961,0.6173582398695039,2.727142665014309
I10,down,16,0.3793818860479806,0.6206181139520194,2.733552143661459
I10,down,17,0.37351402955027174,0.6264859704497283,2.744929497923941
I10,down,18,0.3701864188109869,0.6298135811890131,2.7512910657576803
I10,down,19,0.3694977921222062,0.6305022078777938,2.7525994404599405
I10,down,20,0.3687048422886169,0.6312951577113831,2.754102595479944
I10,down,21,0.36656411838890124,0.6334358816110988,2.7581423692409786
I10,down,22,0.3635731540285385,0.6364268459714615,2.7637421543566276
I10,down,23,0.36196045961152734,0.6380395403884727,2.7667400967547486
I10,down,24,0.3609318106979161,0.639068189302084,2.768644523804606
I10,down,25,0.359449529448997,0.640550470551003,2.7713781575175815
I10,down,26,0.3566208963942098,0.6433791036057902,2.7765600285262577
I10,down,27,0.35442516270901586,0.6455748372909842,2.7805512304647113
I10,down,28,0.35345628103623866,0.6465437189637613,2.7823037349745485
I10,down,29,0.3514674032470608,0.6485325967529392,2.7858846952811938
I10,down,30,0.35014711538378185,0.6498528846162182,2.7882496501162777
I10,down,31,0.35070180651982263,0.6492981934801774,2.787257248632744
I10,down,32,0.3491299877942586,0.6508700122057414,2.7900649491746714
I10,down,33,0.3455865168699462,0.6544134831300539,2.796344297406317
I10,down,34,0.3442699076983971,0.655730092301603,2.798659797704821
I10,down,35,0.3449123816335245,0.6550876183664756,2.7975310790560988
I10,down,36,0.34306391208668385,0.6569360879133161,2.8007724152859437
I10,down,37,0.3418739292100772,0.6581260707899228,2.8028491828452395
I10,down,38,0.3425254986202578,0.6574745013797423,2.801713016992375
I10,down,39,0.34329585018049186,0.6567041498195081,2.800366733650275
I10,down,40,0.3408243993522137,0.6591756006477862,2.8046744196743276
I10,down,41,0.33841449271001495,0.661585507289985,2.8088428368893643
I10,down,42,0.3389446772148591,0.6610553227851409,2.80792847725992
I10,down,43,0.33894054499317694,0.6610594550068231,2.8079356095978625
I10,down,44,0.3380942120995761,0.661905787900424,2.809394458420196
I10,down,45,0.33843098230507374,0.6615690176949263,2.8088144217364723
I10,down,46,0.33808213238830853,0.6619178676116915,2.8094152525439045
I10,down,47,0.3382832485646656,0.6617167514353344,2.8090689466404486
I10,down,48,0.3384412508370098,0.6615587491629902,2.808796726083391
I10,down,49,0.337830616297924,0.662169383702076,2.809848035567958
I10,down,50,0.33600741895864733,0.6639925810413527,2.8129750093576504
I10,down,51,0.3350253065166961,0.6649746934833038,2.814652027146586
I10,down,52,0.3357509104503739,0.664249089549626,2.8134135130464166
I10,down,53,0.3350976292925719,0.6649023707074281,2.814528708026269
I10,down,54,0.3329339910592911,0.6670660089407089,2.8182058686496783
I10,down,55,0.33199404866770776,0.6680059513322922,2.819795541532711
I10,down,56,0.3321548984210714,0.6678451015789286,2.8195238387382
I10,down,57,0.333022148727938,0.666977851272062,2.8180565310144496
I10,down,58,0.3332730809862386,0.6667269190137615,2.8176312290181906
I10,down,59,0.33259402369560054,0.6674059763043995,2.8187813798639327
I10,down,60,0.33113312661998867,0.6688668733800114,2.8212474486535513
I10,down,61,0.3277817887377954,0.6722182112622046,2.82686195791132
I10,down,62,0.32455106957759966,0.6754489304224003,2.8322184556299286
I10,down,63,0.32259622186486975,0.6774037781351303,2.8354331028093362
I10,down,64,0.32204841438080173,0.6779515856191982,2.8363303822117194
I10,down,65,0.32154121585326984,0.6784587841467302,2.8371597596858003
I10,down,66,0.3218542670493392,0.6781457329506608,2.83664801178935
I10,down,67,0.3217014574862844,0.6782985425137156,2.8368978744910613
I10,down,68,0.3207241913740075,0.6792758086259925,2.83849296942726
I10,down,69,0.32122286185647747,0.6787771381435226,2.837679655946907
I10,down,70,0.3221977898635356,0.6778022101364645,2.8360858674638862
I10,down,71,0.32217872800426023,0.6778212719957397,2.8361170765174393
I10,down,72,0.3207647648391044,0.6792352351608957,2.8384268435949043
I10,down,73,0.3182271843044549,0.6817728156955452,2.8425462151063883
I10,down,74,0.3152988144877913,0.6847011855122087,2.847258924377141
I10,down,75,0.31393252069930705,0.6860674793006929,2.849442782153539
I10,down,76,0.3128352533700974,0.6871647466299027,2.851189775038401
I10,down,77,0.31140042060110057,0.6885995793988995,2.85346503036288
I10,down,78,0.3126534816686404,0.6873465183313596,2.851478590851774
I10,down,79,0.31374970537562136,0.6862502946243787,2.8497342715797656
I10,down,80,0.31194095187560367,0.6880590481243963,2.8526091145180787
I10,down,81,0.3100093717366667,0.6899906282633332,2.855660951987117
I10,down,82,0.3084660511420351,0.6915339488579648,2.858085884843068
I10,down,83,0.30656146336155027,0.6934385366384497,2.8610620455321953
I10,down,84,0.3048769740475719,0.6951230259524281,2.8636792345150637
I10,down,85,0.3033017087775037,0.6966982912224964,2.8661140068675053
I10,down,86,0.30347297680451313,0.6965270231954869,2.8658498841906175
I10,down,87,0.30635082078262055,0.6936491792173795,2.8613900915013533
I10,down,88,0.307237282486325,0.692762717513675,2.8600080623508974
I10,down,89,0.30519916304222766,0.6948008369577723,2.863179738572815
I10,down,90,0.3034244097482106,0.6965755902517894,2.86592479705201
I10,down,91,0.3041393698111988,0.6958606301888012,2.864820822109137
I10,down,92,0.3049577822716541,0.695042217728346,2.8635540042469723
I10,down,93,0.30480963973966757,0.6951903602603324,2.8637835592628456
I10,down,94,0.3038680173539576,0.6961319826460424,2.8652401165700274
I10,down,95,0.3025448318539483,0.6974551681460517,2.8672795009697456
I10,down,96,0.3016871438511808,0.6983128561488192,2.8685968242899387
I10,down,97,0.30080222255417516,0.6991977774458249,2.869952189770096
I10,down,98,0.30210145679777245,0.6978985432022276,2.867960932343774
I10,down,99,0.30191200928458445,0.6980879907154156,2.868251803052459
I10,down,100,0.2999325460389686,0.7000674539610314,2.871280468927343
I11,right,1,0.745584174248113,0.25441582575188704,1.512313835875335
I11,right,2,0.5180285199078163,0.4819714800921837,2.3984978014164238
I11,right,3,0.45976435846169245,0.5402356415383076,2.5557296843383757
I11,right,4,0.4189450267924623,0.5810549732075376,2.6513218375723717
I11,right,5,0.39130841940734296,0.608691580592657,2.709789614646282
I11,right,6,0.3680620719631628,0.6319379280368371,2.7553183721103096
I11,right,7,0.3499542564109823,0.6500457435890177,2.7885942937346533
I11,right,8,0.3377702549606112,0.6622297450393888,2.8099518483266532
I11,right,9,0.3303036395394669,0.669696360460533,2.822642621710986
I11,right,10,0.32703195246847283,0.6729680475315272,2.828110054576028
I11,right,11,0.32293931112132945,0.6770606888786705,2.834870347898402
I11,right,12,0.3150392338608139,0.6849607661391861,2.8476745633410134
I11,right,13,0.30650979675374135,0.6934902032462587,2.8611425293771093
I11,right,14,0.2991087233702376,0.7008912766297624,2.872535305483493
I11,right,15,0.29482493744536153,0.7051750625546385,2.8790071417593026
I11,right,16,0.29364587655370755,0.7063541234462924,2.8807728726321367
I11,right,17,0.28843961109509564,0.7115603889049044,2.888490079743004
I11,right,18,0.2792568963511689,0.7207431036488311,2.9017897772413397
I11,right,19,0.2730566944952395,0.7269433055047605,2.9105489441746126
I11,right,20,0.26970470688121306,0.7302952931187869,2.915211512064533
I11,right,21,0.2661136902127456,0.7338863097872543,2.9201505200940536
I11,right,22,0.2641728875950706,0.7358271124049294,2.9227959244025348
I11,right,23,0.2620432559639197,0.7379567440360804,2.925679524837701
I11,right,24,0.2577151223042425,0.7422848776957576,2.931478601480384
I11,right,25,0.2557568018317271,0.7442431981682729,2.9340756487318513
I11,right,26,0.2542210065567124,0.7457789934432876,2.9361007550433085
I11,right,27,0.25168588139714565,0.7483141186028544,2.9394213912419778
I11,right,28,0.24898000048778907,0.7510199995122109,2.942935394376758
I11,right,29,0.24506598531250415,0.7549340146874959,2.947963471269384
I11,right,30,0.2423893043755544,0.7576106956244456,2.9513649953959824
I11,right,31,0.24221166946208855,0.7577883305379114,2.951589676281917
I11,right,32,0.24239299900954814,0.7576070009904519,2.9513603208577432
I11,right,33,0.24259209907148696,0.7574079009285131,2.9511083307324313
I11,right,34,0.24241302738043033,0.7575869726195696,2.9513349795010404
I11,right,35,0.23877915392693178,0.7612208460730683,2.9559055929212397
I11,right,36,0.23619456166412084,0.7638054383358792,2.959123315320551
I11,right,37,0.23717681514638883,0.7628231848536111,2.9579036734213737
I11,right,38,0.2382031457066072,0.7617968542933928,2.956625076915148
I11,right,39,0.2379923846013752,0.7620076153986248,2.95688799475632
I11,right,40,0.23836895437698494,0.7616310456230151,2.956418107479986
I11,right,41,0.23743160211197648,0.7625683978880236,2.9575866647163656
I11,right,42,0.23379010664441824,0.7662098933555818,2.962092253710768
I11,right,43,0.22985522426661317,0.7701447757333868,2.966900362564588
I11,right,44,0.22741796243784687,0.7725820375621532,2.969847294931551
I11,right,45,0.22562880691139528,0.7743711930886047,2.97199551828613
I11,right,46,0.22313547968335343,0.7768645203166465,2.9749680889565298
I11,right,47,0.2219094890843947,0.7780905109156053,2.976420746058034
I11,right,48,0.22268427670890192,0.7773157232910981,2.9755033989180264
I11,right,49,0.22357018294416026,0.7764298170558397,2.974451596755059
I11,right,50,0.22425219032499102,0.775747809675009,2.9736397698684938
I11,right,51,0.22474951647000962,0.7752504835299904,2.973046620715283
I11,right,52,0.22445726758489762,0.7755427324151024,2.973395297435931
I11,right,53,0.22182902112951006,0.7781709788704899,2.97651588497535
I11,right,54,0.21840087641877168,0.7815991235812283,2.980545556099596
I11,right,55,0.216654953200327,0.783345046799673,2.982580276430447
I11,right,56,0.21567576150189202,0.784324238498108,2.983716284184667
I11,right,57,0.21340758824897826,0.7865924117510217,2.9863335444001295
I11,right,58,0.2103580954715584,0.7896419045284416,2.989821397803772
I11,right,59,0.20897280085393743,0.7910271991460626,2.9913941687012278
I11,right,60,0.20820690308027917,0.7917930969197209,2.9922606073700173
I11,right,61,0.20815908391441393,0.791840916085586,2.9923146305510793
I11,right,62,0.20922619230263162,0.7907738076973684,2.9911070270086766
I11,right,63,0.20973951175977004,0.79026048824023,2.9905245931293836
I11,right,64,0.21002531583304304,0.7899746841669569,2.99019987598974
I11,right,65,0.21010982583145463,0.7898901741685453,2.990103800487674
I11,right,66,0.2099637435866123,0.7900362564133877,2.990269857600385
I11,right,67,0.20986057090927474,0.7901394290907253,2.990387089149639
I11,right,68,0.21033425966045663,0.7896657403395434,2.9898485207838323
I11,right,69,0.20961155108336918,0.7903884489166308,2.9906698758917356
I11,right,70,0.20864862652849211,0.7913513734715079,2.9917611679014113
I11,right,71,0.20809899704121418,0.7919010029587858,2.992382500837377
I11,right,72,0.20563699012494815,0.7943630098750518,2.995151768994452
I11,right,73,0.20260486830676622,0.7973951316932337,2.998531200211165
I11,right,74,0.201947266752301,0.798052733247699,2.9992596231436455
I11,right,75,0.2027258026417361,0.7972741973582639,2.998397067465449
I11,right,76,0.20313276468177333,0.7968672353182267,2.997945292835251
I11,right,77,0.20372021665721207,0.7962797833427879,2.99729207027546
I11,right,78,0.2034148660585454,0.7965851339414546,2.9976317675053252
I11,right,79,0.20378182746225693,0.7962181725377431,2.9972234873420094
I11,right,80,0.20597057329455049,0.7940294267054495,2.9947778843136303
I11,right,81,0.2089069793826769,0.7910930206173231,2.991468717554155
I11,right,82,0.21122943700514307,0.7887705629948569,2.98882841161634
I11,right,83,0.2119017383964597,0.7880982616035404,2.9880602820053195
I11,right,84,0.20941290980848606,0.790587090191514,2.9908952846843233
I11,right,85,0.20801228158457175,0.7919877184154283,2.992480425112131
I11,right,86,0.20610196211463758,0.7938980378853624,2.9946305076706405
I11,right,87,0.20320218980936453,0.7967978101906354,2.997868161662054
I11,right,88,0.20200549624569764,0.7979945037543024,2.9991951870690627
I11,right,89,0.20185248371095244,0.7981475162890476,2.9993644821504057
I11,right,90,0.2013218509631652,0.7986781490368348,2.9999509113861382
I11,right,91,0.2009034626705719,0.7990965373294281,3.0004125612310624
I11,right,92,0.20017559694361184,0.7998244030563881,3.0012141523813503
I11,right,93,0.1972608629508975,0.8027391370491025,3.0044046487463163
I11,right,94,0.19449089866990044,0.8055091013300996,3.00740798611844
I11,right,95,0.1927747461486233,0.8072252538513767,3.0092548016294334
I11,right,96,0.192789699711931,0.8072103002880691,3.0092387553503537
I11,right,97,0.1937413444741576,0.8062586555258424,3.0082159150794503
I11,right,98,0.19193150644752413,0.8080684935524759,3.010158360471941
I11,right,99,0.1873485819303303,0.8126514180696697,3.0150246941504255
I11,right,100,0.18496267377575884,0.8150373262242412,3.0175286802787085
I11,left,1,0.745584174248113,0.25441582575188704,1.512313835875335
I11,left,2,0.5180285199078163,0.4819714800921837,2.3984978014164238
I11,left,3,0.45976435846169245,0.5402356415383076,2.5557296843383757
I11,left,4,0.4189450267924623,0.5810549732075376,2.6513218375723717
I11,left,5,0.39130841940734296,0.608691580592657,2.709789614646282
I11,left,6,0.3680620719631628,0.6319379280368371,2.7553183721103096
I11,left,7,0.3499542564109823,0.6500457435890177,2.7885942937346533
I11,left,8,0.3377702549606112,0.6622297450393888,2.8099518483266532
I11,left,9,0.3303036395394669,0.669696360460533,2.822642621710986
I11,left,10,0.32703195246847283,0.6729680475315272,2.828110054576028
I11,left,11,0.32293931112132945,0.6770606888786705,2.834870347898402
I11,left,12,0.3150392338608139,0.6849607661391861,2.8476745633410134
I11,left,13,0.30650979675374135,0.6934902032462587,2.8611425293771093
I11,left,14,0.2991087233702376,0.7008912766297624,2.872535305483493
I11,left,15,0.29482493744536153,0.7051750625546385,2.8790071417593026
I11,left,16,0.29364587655370755,0.7063541234462924,2.8807728726321367
I11,left,17,0.28843961109509564,0.7115603889049044,2.888490079743004
I11,left,18,0.2792568963511689,0.7207431036488311,2.9017897772413397
I11,left,19,0.2730566944952395,0.7269433055047605,2.9105489441746126
I11,left,20,0.26970470688121306,0.7302952931187869,2.915211512064533
I11,left,21,0.2661136902127456,0.7338863097872543,2.9201505200940536
I11,left,22,0.2641728875950706,0.7358271124049294,2.9227959244025348
I11,left,23,0.2620432559639197,0.7379567440360804,2.925679524837701
I11,left,24,0.2577151223042425,0.7422848776957576,2.931478601480384
I11,left,25,0.2557568018317271,0.7442431981682729,2.9340756487318513
I11,left,26,0.2542210065567124,0.7457789934432876,2.9361007550433085
I11,left,27,0.25168588139714565,0.7483141186028544,2.9394213912419778
I11,left,28,0.24898000048778907,0.7510199995122109,2.942935394376758
I11,left,29,0.24506598531250415,0.7549340146874959,2.947963471269384
I11,left,30,0.2423893043755544,0.7576106956244456,2.9513649953959824
I11,left,31,0.24221166946208855,0.7577883305379114,2.951589676281917
I11,left,32,0.24239299900954814,0.7576070009904519,2.9513603208577432
I11,left,33,0.24259209907148696,0.7574079009285131,2.9511083307324313
I11,left,34,0.24241302738043033,0.7575869726195696,2.9513349795010404
I11,left,35,0.23877915392693178,0.7612208460730683,2.9559055929212397
I11,left,36,0.23619456166412084,0.7638054383358792,2.959123315320551
I11,left,37,0.23717681514638883,0.7628231848536111,2.9579036734213737
I11,left,38,0.2382031457066072,0.7617968542933928,2.956625076915148
I11,left,39,0.2379923846013752,0.7620076153986248,2.95688799475632
I11,left,40,0.23836895437698494,0.7616310456230151,2.956418107479986
I11,left,41,0.23743160211197648,0.7625683978880236,2.9575866647163656
I11,left,42,0.23379010664441824,0.7662098933555818,2.962092253710768
I11,left,43,0.22985522426661317,0.7701447757333868,2.966900362564588
I11,left,44,0.22741796243784687,0.7725820375621532,2.969847294931551
I11,left,45,0.22562880691139528,0.7743711930886047,2.97199551828613
I11,left,46,0.22313547968335343,0.7768645203166465,2.9749680889565298
I11,left,47,0.2219094890843947,0.7780905109156053,2.976420746058034
I11,left,48,0.22268427670890192,0.7773157232910981,2.9755033989180264
I11,left,49,0.22357018294416026,0.7764298170558397,2.974451596755059
I11,left,50,0.22425219032499102,0.775747809675009,2.9736397698684938
I11,left,51,0.22474951647000962,0.7752504835299904,2.973046620715283
I11,left,52,0.22445726758489762,0.7755427324151024,2.973395297435931
I11,left,53,0.22182902112951006,0.7781709788704899,2.97651588497535
I11,left,54,0.21840087641877168,0.7815991235812283,2.980545556099596
I11,left,55,0.216654953200327,0.783345046799673,2.982580276430447
I11,left,56,0.21567576150189202,0.784324238498108,2.983716284184667
I11,left,57,0.21340758824897826,0.7865924117510217,2.9863335444001295
I11,left,58,0.2103580954715584,0.7896419045284416,2.989821397803772
I11,left,59,0.20897280085393743,0.7910271991460626,2.9913941687012278
I11,left,60,0.20820690308027917,0.7917930969197209,2.9922606073700173
I11,left,61,0.20815908391441393,0.791840916085586,2.9923146305510793
I11,left,62,0.20922619230263162,0.7907738076973684,2.9911070270086766
I11,left,63,0.20973951175977004,0.79026048824023,2.9905245931293836
I11,left,64,0.21002531583304304,0.7899746841669569,2.99019987598974
I11,left,65,0.21010982583145463,0.7898901741685453,2.990103800487674
I11,left,66,0.2099637435866123,0.7900362564133877,2.990269857600385
I11,left,67,0.20986057090927474,0.7901394290907253,2.990387089149639
I11,left,68,0.21033425966045663,0.7896657403395434,2.9898485207838323
I11,left,69,0.20961155108336918,0.7903884489166308,2.9906698758917356
I11,left,70,0.20864862652849211,0.7913513734715079,2.9917611679014113
I11,left,71,0.20809899704121418,0.7919010029587858,2.992382500837377
I11,left,72,0.20563699012494815,0.7943630098750518,2.995151768994452
I11,left,73,0.20260486830676622,0.7973951316932337,2.998531200211165
I11,left,74,0.201947266752301,0.798052733247699,2.9992596231436455
I11,left,75,0.2027258026417361,0.7972741973582639,2.998397067465449
I11,left,76,0.20313276468177333,0.7968672353182267,2.997945292835251
I11,left,77,0.20372021665721207,0.7962797833427879,2.99729207027546
I11,left,78,0.2034148660585454,0.7965851339414546,2.9976317675053252
I11,left,79,0.20378182746225693,0.7962181725377431,2.9972234873420094
I11,left,80,0.20597057329455049,0.7940294267054495,2.9947778843136303
I11,left,81,0.2089069793826769,0.7910930206173231,2.991468717554155
I11,left,82,0.21122943700514307,0.7887705629948569,2.98882841161634
I11,left,83,0.2119017383964597,0.7880982616035404,2.9880602820053195
I11,left,84,0.20941290980848606,0.790587090191514,2.9908952846843233
I11,left,85,0.20801228158457175,0.7919877184154283,2.992480425112131
I11,left,86,0.20610196211463758,0.7938980378853624,2.9946305076706405
I11,left,87,0.20320218980936453,0.7967978101906354,2.997868161662054
I11,left,88,0.20200549624569764,0.7979945037543024,2.9991951870690627
I11,left,89,0.20185248371095244,0.7981475162890476,2.9993644821504057
I11,left,90,0.2013218509631652,0.7986781490368348,2.9999509113861382
I11,left,91,0.2009034626705719,0.7990965373294281,3.0004125612310624
I11,left,92,0.20017559694361184,0.7998244030563881,3.0012141523813503
I11,left,93,0.1972608629508975,0.8027391370491025,3.0044046487463163
I11,left,94,0.19449089866990044,0.8055091013300996,3.00740798611844
I11,left,95,0.1927747461486233,0.8072252538513767,3.0092548016294334
I11,left,96,0.192789699711931,0.8072103002880691,3.0092387553503537
I11,left,97,0.1937413444741576,0.8062586555258424,3.0082159150794503
I11,left,98,0.19193150644752413,0.8080684935524759,3.010158360471941
I11,left,99,0.1873485819303303,0.8126514180696697,3.0150246941504255
I11,left,100,0.18496267377575884,0.8150373262242412,3.0175286802787085
I11,up,1,0.6605538837954386,0.33944611620456144,1.8969666074468003
I11,up,2,0.42287174313427106,0.577128256865729,2.6426157590639434
I11,up,3,0.40611423110706135,0.5938857688929386,2.679070157082709
I11,up,4,0.37056103577726784,0.6294389642227322,2.7505781371607396
I11,up,5,0.34503055332349514,0.6549694466765048,2.7973232243410946
I11,up,6,0.3293580984783509,0.6706419015216492,2.8242285510929213
I11,up,7,0.31888933127787905,0.6811106687221209,2.8414745160768815
I11,up,8,0.3086715397899563,0.6913284602100437,2.8577637003933125
I11,up,9,0.2983599370164175,0.7016400629835825,2.873672976779818
I11,up,10,0.29035881346199827,0.7096411865380017,2.885660297575601
I11,up,11,0.28695141318509665,0.7130485868149034,2.8906723510306236
I11,up,12,0.28208530546552724,0.7179146945344728,2.897735238072592
I11,up,13,0.2771225084671538,0.7228774915328462,2.904824959589546
I11,up,14,0.271216161062809,0.728783838937191,2.9131153836530137
I11,up,15,0.26606839228522006,0.7339316077147799,2.920212454041388
I11,up,16,0.26481662193149097,0.7351833780685091,2.921920337437694
I11,up,17,0.2635695703991807,0.7364304296008193,2.923614871638823
I11,up,18,0.26229592259247003,0.73770407740753,2.9253384507465547
I11,up,19,0.2594407560350976,0.7405592439649025,2.929176318533477
I11,up,20,0.25322157003427553,0.7467784299657245,2.9374131602208813
I11,up,21,0.2521040319930836,0.7478959680069164,2.9388755730765066
I11,up,22,0.253281656649146,0.746718343350854,2.9373343790314044
I11,up,23,0.2501907453227262,0.7498092546772738,2.9413669083047482
I11,up,24,0.24449067773487604,0.7555093222651239,2.948697098521161
I11,up,25,0.2427690824057007,0.7572309175942993,2.9508841939865924
I11,up,26,0.240149055644206,0.759850944355794,2.954188974551526
I11,up,27,0.23877655357238517,0.7612234464276149,2.95590884405693
I11,up,28,0.2366163840441762,0.7633836159558238,2.958600031804057
I11,up,29,0.2363047674505479,0.7636952325494522,2.958986671903009
I11,up,30,0.23494449512585266,0.7650555048741473,2.9606697932108714
I11,up,31,0.23489747819417672,0.7651025218058233,2.9607278343059704
I11,up,32,0.2328747875189191,0.7671252124810809,2.9632162826422244
I11,up,33,0.22939170975532172,0.7706082902446783,2.967462635736852
I11,up,34,0.23335204655737113,0.7666479534426289,2.962630623389968
I11,up,35,0.23462400232377767,0.7653759976762223,2.961065254257691
I11,up,36,0.23246082937660154,0.7675391706233985,2.963723516647139
I11,up,37,0.2314677642746798,0.7685322357253201,2.9649375227874746
I11,up,38,0.22994643733326314,0.7700535626667369,2.96678961371708
I11,up,39,0.22941643680693743,0.7705835631930625,2.9674326619685205
I11,up,40,0.22760756931403692,0.7723924306859631,2.96961888936897
I11,up,41,0.22328578609052308,0.7767142139094769,2.9747895867069865
I11,up,42,0.21767071151493994,0.7823292884850601,2.9813979346454023
I11,up,43,0.21697433290324847,0.7830256670967515,2.982208948579114
I11,up,44,0.21927373723861837,0.7807262627613816,2.9795238824722157
I11,up,45,0.21625047874613726,0.7837495212538628,2.983049974915069
I11,up,46,0.21543137611819552,0.7845686238818045,2.9839992316089647
I11,up,47,0.21300313352847539,0.7869968664715246,2.9867981771318064
I11,up,48,0.21043991855386893,0.7895600814461311,2.9897282742159312
I11,up,49,0.2070357693625046,0.7929642306374954,2.9935812094645318
I11,up,50,0.20565426270967385,0.7943457372903262,2.9951324198498623
I11,up,51,0.20609362590898098,0.793906374091019,2.994639860171829
I11,up,52,0.20612436227824713,0.7938756377217528,2.9946053753379847
I11,up,53,0.20224036953665064,0.7977596304633494,2.998935151799606
I11,up,54,0.19722765875586856,0.8027723412441314,3.004440815534055
I11,up,55,0.19748178023982543,0.8025182197601746,3.004163918155239
I11,up,56,0.19952844845714204,0.800471551542858,3.0019252149055555
I11,up,57,0.1990149530076608,0.8009850469923392,3.002488331102346
I11,up,58,0.19753388925465015,0.8024661107453499,3.004107109731179
I11,up,59,0.19671540248044017,0.8032845975195598,3.0049982683073138
I11,up,60,0.19749591244801318,0.8025040875519869,3.0041485124238374
I11,up,61,0.19536003990425624,0.8046399600957438,3.006468614505285
I11,up,62,0.19267249100025932,0.8073275089997407,3.0093645074227373
I11,up,63,0.1916577245131856,0.8083422754868144,3.0104511781116026
I11,up,64,0.1887749597667077,0.8112250402332923,3.0135181188344804
I11,up,65,0.18973547106727795,0.810264528932722,3.0124995334902094
I11,up,66,0.1911909654836096,0.8088090345163904,3.0109497711876685
I11,up,67,0.18977243276131275,0.8102275672386873,3.012460271427665
I11,up,68,0.18851928893289013,0.8114807110671098,3.013788695322657
I11,up,69,0.1852639941983266,0.8147360058016734,3.017213553323444
I11,up,70,0.1821889728996531,0.8178110271003469,3.020414535918035
I11,up,71,0.17932750762716473,0.8206724923728352,3.023363635459523
I11,up,72,0.17913758556230677,0.8208624144376933,3.023558371141
I11,up,73,0.17860805892174056,0.8213919410782594,3.0241006618751163
I11,up,74,0.17427055721735332,0.8257294427826467,3.028506504213226
I11,up,75,0.173653386935597,0.826346613064403,3.0291281821100817
I11,up,76,0.17339633432524898,0.8266036656747511,3.029386730832189
I11,up,77,0.16984019563345393,0.8301598043665461,3.0329406610034466
I11,up,78,0.16914353303130616,0.8308564669686939,3.033631909158135
I11,up,79,0.1681638768426611,0.8318361231573389,3.0346012048703823
I11,up,80,0.166364004657173,0.833635995342827,3.0363737047679704
I11,up,81,0.16456299116513454,0.8354370088348655,3.038136571015886
I11,up,82,0.1632172984571647,0.8367827015428353,3.0394467720142986
I11,up,83,0.1631133838369149,0.8368866161630851,3.039547698177712
I11,up,84,0.1632213241851559,0.8367786758148441,3.0394428613475073
I11,up,85,0.16268810273646964,0.8373118972635304,3.0399603792301377
I11,up,86,0.1610223899574339,0.8389776100425661,3.041571035651943
I11,up,87,0.159235271932694,0.8407647280673061,3.0432890169232696
I11,up,88,0.15691171389763545,0.8430882861023645,3.0455071941535614
I11,up,89,0.15514338012547405,0.844856619874526,3.0471836634682843
I11,up,90,0.15358622727341126,0.8464137727265888,3.048651623231451
I11,up,91,0.1506614058570544,0.8493385941429457,3.0513880369420736
I11,up,92,0.14848395694479544,0.8515160430552046,3.053407651088939
I11,up,93,0.14542456286303787,0.8545754371369622,3.0562201566665292
I11,up,94,0.14548485854872995,0.85451514145127,3.056165008814589
I11,up,95,0.14768133959317295,0.852318660406827,3.054148330176761
I11,up,96,0.14989046782149962,0.8501095321785004,3.052104801017215
I11,up,97,0.14982811427435208,0.850171885725648,3.0521626909959867
I11,up,98,0.14880057274850364,0.8511994272514963,3.053114912695352
I11,up,99,0.14984807614736276,0.8501519238526373,3.052144159424275
I11,up,100,0.1489075394105043,0.8510924605894957,3.0530159416934994
I11,down,1,0.6605538837954386,0.33944611620456144,1.8969666074468003
I11,down,2,0.42287174313427106,0.577128256865729,2.6426157590639434
I11,down,3,0.40611423110706135,0.5938857688929386,2.679070157082709
I11,down,4,0.37056103577726784,0.6294389642227322,2.7505781371607396
I11,down,5,0.34503055332349514,0.6549694466765048,2.7973232243410946
I11,down,6,0.3293580984783509,0.6706419015216492,2.8242285510929213
I11,down,7,0.31888933127787905,0.6811106687221209,2.8414745160768815
I11,down,8,0.3086715397899563,0.6913284602100437,2.8577637003933125
I11,down,9,0.2983599370164175,0.7016400629835825,2.873672976779818
I11,down,10,0.29035881346199827,0.7096411865380017,2.885660297575601
I11,down,11,0.28695141318509665,0.7130485868149034,2.8906723510306236
I11,down,12,0.28208530546552724,0.7179146945344728,2.897735238072592
I11,down,13,0.2771225084671538,0.7228774915328462,2.904824959589546
I11,down,14,0.271216161062809,0.728783838937191,2.9131153836530137
I11,down,15,0.26606839228522006,0.7339316077147799,2.920212454041388
I11,down,16,0.26481662193149097,0.7351833780685091,2.921920337437694
I11,down,17,0.2635695703991807,0.7364304296008193,2.923614871638823
I11,down,18,0.26229592259247003,0.73770407740753,2.9253384507465547
I11,down,19,0.2594407560350976,0.7405592439649025,2.929176318533477
I11,down,20,0.25322157003427553,0.7467784299657245,2.9374131602208813
I11,down,21,0.2521040319930836,0.7478959680069164,2.9388755730765066
I11,down,22,0.253281656649146,0.746718343350854,2.9373343790314044
I11,down,23,0.2501907453227262,0.7498092546772738,2.9413669083047482
I11,down,24,0.24449067773487604,0.7555093222651239,2.948697098521161
I11,down,25,0.2427690824057007,0.7572309175942993,2.9508841939865924
I11,down,26,0.240149055644206,0.759850944355794,2.954188974551526
I11,down,27,0.23877655357238517,0.7612234464276149,2.95590884405693
I11,down,28,0.2366163840441762,0.7633836159558238,2.958600031804057
I11,down,29,0.2363047674505479,0.7636952325494522,2.958986671903009
I11,down,30,0.23494449512585266,0.7650555048741473,2.9606697932108714
I11,down,31,0.23489747819417672,0.7651025218058233,2.9607278343059704
I11,down,32,0.2328747875189191,0.7671252124810809,2.9632162826422244
I11,down,33,0.22939170975532172,0.7706082902446783,2.967462635736852
I11,down,34,0.23335204655737113,0.7666479534426289,2.962630623389968
I11,down,35,0.23462400232377767,0.7653759976762223,2.961065254257691
I11,down,36,0.23246082937660154,0.7675391706233985,2.963723516647139
I11,down,37,0.2314677642746798,0.7685322357253201,2.9649375227874746
I11,down,38,0.22994643733326314,0.7700535626667369,2.96678961371708
I11,down,39,0.22941643680693743,0.7705835631930625,2.9674326619685205
I11,down,40,0.22760756931403692,0.7723924306859631,2.96961888936897
I11,down,41,0.22328578609052308,0.7767142139094769,2.9747895867069865
I11,down,42,0.21767071151493994,0.7823292884850601,2.9813979346454023
I11,down,43,0.21697433290324847,0.7830256670967515,2.982208948579114
I11,down,44,0.21927373723861837,0.7807262627613816,2.9795238824722157
I11,down,45,0.21625047874613726,0.7837495212538628,2.983049974915069
I11,down,46,0.21543137611819552,0.7845686238818045,2.9839992316089647
I11,down,47,0.21300313352847539,0.7869968664715246,2.9867981771318064
I11,down,48,0.21043991855386893,0.7895600814461311,2.9897282742159312
I11,down,49,0.2070357693625046,0.7929642306374954,2.9935812094645318
I11,down,50,0.20565426270967385,0.7943457372903262,2.9951324198498623
I11,down,51,0.20609362590898098,0.793906374091019,2.994639860171829
I11,down,52,0.20612436227824713,0.7938756377217528,2.9946053753379847
I11,down,53,0.20224036953665064,0.7977596304633494,2.998935151799606
I11,down,54,0.19722765875586856,0.8027723412441314,3.004440815534055
I11,down,55,0.19748178023982543,0.8025182197601746,3.004163918155239
I11,down,56,0.19952844845714204,0.800471551542858,3.0019252149055555
I11,down,57,0.1990149530076608,0.8009850469923392,3.002488331102346
I11,down,58,0.19753388925465015,0.8024661107453499,3.004107109731179
I11,down,59,0.19671540248044017,0.8032845975195598,3.0049982683073138
I11,down,60,0.19749591244801318,0.8025040875519869,3.0041485124238374
I11,down,61,0.19536003990425624,0.8046399600957438,3.006468614505285
I11,down,62,0.19267249100025932,0.8073275089997407,3.0093645074227373
I11,down,63,0.1916577245131856,0.8083422754868144,3.0104511781116026
I11,down,64,0.1887749597667077,0.8112250402332923,3.0135181188344804
I11,down,65,0.18973547106727795,0.810264528932722,3.0124995334902094
I11,down,66,0.1911909654836096,0.8088090345163904,3.0109497711876685
I11,down,67,0.18977243276131275,0.8102275672386873,3.012460271427665
I11,down,68,0.18851928893289013,0.8114807110671098,3.013788695322657
I11,down,69,0.1852639941983266,0.8147360058016734,3.017213553323444
I11,down,70,0.1821889728996531,0.8178110271003469,3.020414535918035
I11,down,71,0.17932750762716473,0.8206724923728352,3.023363635459523
I11,down,72,0.17913758556230677,0.8208624144376933,3.023558371141
I11,down,73,0.17860805892174056,0.8213919410782594,3.0241006618751163
I11,down,74,0.17427055721735332,0.8257294427826467,3.028506504213226
I11,down,75,0.173653386935597,0.826346613064403,3.0291281821100817
I11,down,76,0.17339633432524898,0.8266036656747511,3.029386730832189
I11,down,77,0.16984019563345393,0.8301598043665461,3.0329406610034466
I11,down,78,0.16914353303130616,0.8308564669686939,3.033631909158135
I11,down,79,0.1681638768426611,0.8318361231573389,3.0346012048703823
I11,down,80,0.166364004657173,0.833635995342827,3.0363737047679704
I11,down,81,0.16456299116513454,0.8354370088348655,3.038136571015886
I11,down,82,0.1632172984571647,0.8367827015428353,3.0394467720142986
I11,down,83,0.1631133838369149,0.8368866161630851,3.039547698177712
I11,down,84,0.1632213241851559,0.8367786758148441,3.0394428613475073
I11,down,85,0.16268810273646964,0.8373118972635304,3.0399603792301377
I11,down,86,0.1610223899574339,0.8389776100425661,3.041571035651943
I11,down,87,0.159235271932694,0.8407647280673061,3.0432890169232696
I11,down,88,0.15691171389763545,0.8430882861023645,3.0455071941535614
I11,down,89,0.15514338012547405,0.844856619874526,3.0471836634682843
I11,down,90,0.15358622727341126,0.8464137727265888,3.048651623231451
I11,down,91,0.1506614058570544,0.8493385941429457,3.0513880369420736
I11,down,92,0.14848395694479544,0.8515160430552046,3.053407651088939
I11,down,93,0.14542456286303787,0.8545754371369622,3.0562201566665292
I11,down,94,0.14548485854872995,0.85451514145127,3.056165008814589
I11,down,95,0.14768133959317295,0.852318660406827,3.054148330176761
I11,down,96,0.14989046782149962,0.8501095321785004,3.052104801017215
I11,down,97,0.14982811427435208,0.850171885725648,3.0521626909959867
I11,down,98,0.14880057274850364,0.8511994272514963,3.053114912695352
I11,down,99,0.14984807614736276,0.8501519238526373,3.052144159424275
I11,down,100,0.1489075394105043,0.8510924605894957,3.0530159416934994
I12,right,1,0.8382385563611567,0.16176144363884326,1.0231635541317639
I12,right,2,0.6786668501416563,0.3213331498583437,1.820447054142381
I12,right,3,0.6187390549562795,0.38126094504372054,2.062380118072963
I12,right,4,0.5730142872205644,0.42698571277943564,2.2256095418393746
I12,right,5,0.5414196478666778,0.45858035213332216,2.3279791883438916
I12,right,6,0.5189488902659334,0.4810511097340666,2.3958057437946225
I12,right,7,0.5003238361934458,0.4996761638065542,2.448993465652168
I12,right,8,0.4851251392634131,0.514874860736587,2.490421244842029
I12,right,9,0.4729443814685186,0.5270556185314814,2.5223749298244833
I12,right,10,0.4624159767939325,0.5375840232060676,2.549119691639329
I12,right,11,0.45387789267759693,0.5461221073224031,2.5702248860583676
I12,right,12,0.4464384409896985,0.5535615590103016,2.588195520131128
I12,right,13,0.440129004296114,0.559870995703886,2.6031353377392428
I12,right,14,0.43734099898209733,0.5626590010179027,2.6096498532267614
I12,right,15,0.4355353192679349,0.5644646807320651,2.613840783288894
I12,right,16,0.4321846423109037,0.5678153576890963,2.6215590650255125
I12,right,17,0.4286528261478243,0.5713471738521757,2.6296127373821045
I12,right,18,0.4261978678284033,0.5738021321715967,2.6351616569389504
I12,right,19,0.4246176665352148,0.5753823334647852,2.6387121528235093
I12,right,20,0.42282446686038094,0.5771755331396191,2.6427211810106543
I12,right,21,0.4201646759398215,0.5798353240601786,2.648628554620977
I12,right,22,0.417835395950349,0.582164604049651,2.6537637109411483
I12,right,23,0.41506120697860793,0.5849387930213921,2.6598334951688924
I12,right,24,0.4109354343928862,0.5890645656071138,2.668768159887639
I12,right,25,0.4068785126246384,0.5931214873753616,2.6774469400001717
I12,right,26,0.40324150213123405,0.5967584978687659,2.6851382005194617
I12,right,27,0.39990236691517195,0.600097633084828,2.6921258775819386
I12,right,28,0.39649979753104647,0.6035002024689535,2.6991743313947394
I12,right,29,0.39385351403332813,0.6061464859666719,2.704606269915475
I12,right,30,0.3919666845753711,0.6080333154246289,2.7084528206153617
I12,right,31,0.3890529873455651,0.610947012654435,2.7143497187265258
I12,right,32,0.3877812598301458,0.6122187401698542,2.7169072013632993
I12,right,33,0.38821799268010176,0.6117820073198983,2.7160300324051185
I12,right,34,0.3888176801418174,0.6111823198581826,2.714823674045075
I12,right,35,0.38833337251185934,0.6116666274881406,2.7157980998814537
I12,right,36,0.3847220046539675,0.6152779953460326,2.7230190893083606
I12,right,37,0.38145679908319163,0.6185432009168084,2.7294798894564876
I12,right,38,0.37911657591472525,0.6208834240852747,2.7340709853817557
I12,right,39,0.37663333200851845,0.6233666679914815,2.7389068624324198
I12,right,40,0.37579448719160397,0.6242055128083961,2.740532139860095
I12,right,41,0.376078010197047,0.623921989802953,2.7399832761007232
I12,right,42,0.3759089205858236,0.6240910794141764,2.740310669053632
I12,right,43,0.37585399188992324,0.6241460081100767,2.740416986025303
I12,right,44,0.37506495793086403,0.624935042069136,2.7419422229565784
I12,right,45,0.373007495360448,0.6269925046395519,2.7459020674874894
I12,right,46,0.37147869150416934,0.6285213084958307,2.74882828444243
I12,right,47,0.3699209937917819,0.6300790062082181,2.7517956955193164
I12,right,48,0.3691184567094751,0.6308815432905249,2.75331898532764
I12,right,49,0.3678731262289397,0.6321268737710604,2.75567529848722
I12,right,50,0.366342872189524,0.633657127810476,2.758558366442636
I12,right,51,0.365991121248933,0.6340088787510669,2.7592191604596668
I12,right,52,0.3653142837249861,0.6346857162750139,2.7604886415362575
I12,right,53,0.3643513133583646,0.6356486866416353,2.762290230737462
I12,right,54,0.3636167073821609,0.6363832926178391,2.763660982785046
I12,right,55,0.36239012533361786,0.6376098746663821,2.765942823331091
I12,right,56,0.36247916762887467,0.6375208323711253,2.7657774668577133
I12,right,57,0.36292670171364777,0.6370732982863523,2.764945681567152
I12,right,58,0.3643808832563631,0.6356191167436369,2.76223498907867
I12,right,59,0.3654494628715202,0.6345505371284799,2.7602353104522903
I12,right,60,0.36455628364082476,0.6354437163591753,2.761907207248065
I12,right,61,0.3633708333478911,0.6366291666521089,2.76411908172029
I12,right,62,0.3622214820699936,0.6377785179300064,2.7662558784674305
I12,right,63,0.36204339531069213,0.6379566046893079,2.7665862865278905
I12,right,64,0.36056196587493705,0.639438034125063,2.769327769353758
I12,right,65,0.3586137023173492,0.6413862976826508,2.772914071000061
I12,right,66,0.3566535602841096,0.6433464397158903,2.776500449492212
I12,right,67,0.3550937860793684,0.6449062139206316,2.7793387494850244
I12,right,68,0.3537908359703894,0.6462091640296106,2.781699191538711
I12,right,69,0.3523886018886108,0.6476113981113891,2.784228838405583
I12,right,70,0.3511974604245543,0.6488025395754458,2.7863690193034474
I12,right,71,0.3504980878898747,0.6495019121101253,2.7876219222088334
I12,right,72,0.3491604778244452,0.6508395221755547,2.790010616309062
I12,right,73,0.3475397510901491,0.6524602489098509,2.7928915820255273
I12,right,74,0.3470038849040721,0.6529961150959279,2.7938409250044813
I12,right,75,0.3473700242295414,0.6526299757704586,2.793192442732149
I12,right,76,0.34680879792544356,0.6531912020745565,2.794186147885844
I12,right,77,0.34723588691245366,0.6527641130875463,2.7934301040899427
I12,right,78,0.3482867203577723,0.6517132796422277,2.7915655963090256
I12,right,79,0.34825929830902114,0.6517407016909789,2.7916143293338402
I12,right,80,0.3476545976707896,0.6523454023292103,2.7926879126168878
I12,right,81,0.3456096695381686,0.6543903304618315,2.796303493861413
I12,right,82,0.343485610985794,0.656514389014206,2.800034605054776
I12,right,83,0.3417879474216514,0.6582120525783486,2.8029989394581643
I12,right,84,0.34023748274420973,0.6597625172557903,2.8056925125823637
I12,right,85,0.33962326258760317,0.6603767374123968,2.8067559638365447
I12,right,86,0.3391535078742932,0.6608464921257068,2.8075679089002294
I12,right,87,0.3382595076891346,0.6617404923108654,2.8091098378992383
I12,right,88,0.33669525259007477,0.6633047474099252,2.8117974055422756
I12,right,89,0.3353821733383415,0.6646178266616585,2.814043253620821
I12,right,90,0.33454993689300644,0.6654500631069935,2.8154618926109602
I12,right,91,0.33419138870513787,0.6658086112948621,2.816071934335133
I12,right,92,0.3339143055933466,0.6660856944066533,2.816542898574542
I12,right,93,0.3339423287226099,0.66605767127739,2.816495285703538
I12,right,94,0.333078770799187,0.666921229200813,2.817960592304514
I12,right,95,0.3312227747328918,0.6687772252671083,2.8210964446615696
I12,right,96,0.3302111229882548,0.6697888770117453,2.822798005869532
I12,right,97,0.3292394449214253,0.6707605550785747,2.8244272316341847
I12,right,98,0.3279591508051989,0.6720408491948011,2.826566307786827
I12,right,99,0.3268316745112022,0.6731683254887978,2.828442915911481
I12,right,100,0.32680755350486307,0.6731924464951369,2.8284829907440834
I12,left,1,0.8382385563611567,0.16176144363884326,1.0231635541317639
I12,left,2,0.6786668501416563,0.3213331498583437,1.820447054142381
I12,left,3,0.6187390549562795,0.38126094504372054,2.062380118072963
I12,left,4,0.5730142872205644,0.42698571277943564,2.2256095418393746
I12,left,5,0.5414196478666778,0.45858035213332216,2.3279791883438916
I12,left,6,0.5189488902659334,0.4810511097340666,2.3958057437946225
I12,left,7,0.5003238361934458,0.4996761638065542,2.448993465652168
I12,left,8,0.4851251392634131,0.514874860736587,2.490421244842029
I12,left,9,0.4729443814685186,0.5270556185314814,2.5223749298244833
I12,left,10,0.4624159767939325,0.5375840232060676,2.549119691639329
I12,left,11,0.45387789267759693,0.5461221073224031,2.5702248860583676
I12,left,12,0.4464384409896985,0.5535615590103016,2.588195520131128
I12,left,13,0.440129004296114,0.559870995703886,2.6031353377392428
I12,left,14,0.43734099898209733,0.5626590010179027,2.6096498532267614
I12,left,15,0.4355353192679349,0.5644646807320651,2.613840783288894
I12,left,16,0.4321846423109037,0.5678153576890963,2.6215590650255125
I12,left,17,0.4286528261478243,0.5713471738521757,2.6296127373821045
I12,left,18,0.4261978678284033,0.5738021321715967,2.6351616569389504
I12,left,19,0.4246176665352148,0.5753823334647852,2.6387121528235093
I12,left,20,0.42282446686038094,0.5771755331396191,2.6427211810106543
I12,left,21,0.4201646759398215,0.5798353240601786,2.648628554620977
I12,left,22,0.417835395950349,0.582164604049651,2.6537637109411483
I12,left,23,0.41506120697860793,0.5849387930213921,2.6598334951688924
I12,left,24,0.4109354343928862,0.5890645656071138,2.668768159887639
I12,left,25,0.4068785126246384,0.5931214873753616,2.6774469400001717
I12,left,26,0.40324150213123405,0.5967584978687659,2.6851382005194617
I12,left,27,0.39990236691517195,0.600097633084828,2.6921258775819386
I12,left,28,0.39649979753104647,0.6035002024689535,2.6991743313947394
I12,left,29,0.39385351403332813,0.6061464859666719,2.704606269915475
I12,left,30,0.3919666845753711,0.6080333154246289,2.7084528206153617
I12,left,31,0.3890529873455651,0.610947012654435,2.7143497187265258
I12,left,32,0.3877812598301458,0.6122187401698542,2.7169072013632993
I12,left,33,0.38821799268010176,0.6117820073198983,2.7160300324051185
I12,left,34,0.3888176801418174,0.6111823198581826,2.714823674045075
I12,left,35,0.38833337251185934,0.6116666274881406,2.7157980998814537
I12,left,36,0.3847220046539675,0.6152779953460326,2.7230190893083606
I12,left,37,0.38145679908319163,0.6185432009168084,2.7294798894564876
I12,left,38,0.37911657591472525,0.6208834240852747,2.7340709853817557
I12,left,39,0.37663333200851845,0.6233666679914815,2.7389068624324198
I12,left,40,0.37579448719160397,0.6242055128083961,2.740532139860095
I12,left,41,0.376078010197047,0.623921989802953,2.7399832761007232
I12,left,42,0.3759089205858236,0.6240910794141764,2.740310669053632
I12,left,43,0.37585399188992324,0.6241460081100767,2.740416986025303
I12,left,44,0.37506495793086403,0.624935042069136,2.7419422229565784
I12,left,45,0.373007495360448,0.6269925046395519,2.7459020674874894
I12,left,46,0.37147869150416934,0.6285213084958307,2.74882828444243
I12,left,47,0.3699209937917819,0.6300790062082181,2.7517956955193164
I12,left,48,0.3691184567094751,0.6308815432905249,2.75331898532764
I12,left,49,0.3678731262289397,0.6321268737710604,2.75567529848722
I12,left,50,0.366342872189524,0.633657127810476,2.758558366442636
I12,left,51,0.365991121248933,0.6340088787510669,2.7592191604596668
I12,left,52,0.3653142837249861,0.6346857162750139,2.7604886415362575
I12,left,53,0.3643513133583646,0.6356486866416353,2.762290230737462
I12,left,54,0.3636167073821609,0.6363832926178391,2.763660982785046
I12,left,55,0.36239012533361786,0.6376098746663821,2.765942823331091
I12,left,56,0.36247916762887467,0.6375208323711253,2.7657774668577133
I12,left,57,0.36292670171364777,0.6370732982863523,2.764945681567152
I12,left,58,0.3643808832563631,0.6356191167436369,2.76223498907867
I12,left,59,0.3654494628715202,0.6345505371284799,2.7602353104522903
I12,left,60,0.36455628364082476,0.6354437163591753,2.761907207248065
I12,left,61,0.3633708333478911,0.6366291666521089,2.76411908172029
I12,left,62,0.3622214820699936,0.6377785179300064,2.7662558784674305
I12,left,63,0.36204339531069213,0.6379566046893079,2.7665862865278905
I12,left,64,0.36056196587493705,0.639438034125063,2.769327769353758
I12,left,65,0.3586137023173492,0.6413862976826508,2.772914071000061
I12,left,66,0.3566535602841096,0.6433464397158903,2.776500449492212
I12,left,67,0.3550937860793684,0.6449062139206316,2.7793387494850244
I12,left,68,0.3537908359703894,0.6462091640296106,2.781699191538711
I12,left,69,0.3523886018886108,0.6476113981113891,2.784228838405583
I12,left,70,0.3511974604245543,0.6488025395754458,2.7863690193034474
I12,left,71,0.3504980878898747,0.6495019121101253,2.7876219222088334
I12,left,72,0.3491604778244452,0.6508395221755547,2.790010616309062
I12,left,73,0.3475397510901491,0.6524602489098509,2.7928915820255273
I12,left,74,0.3470038849040721,0.6529961150959279,2.7938409250044813
I12,left,75,0.3473700242295414,0.6526299757704586,2.793192442732149
I12,left,76,0.34680879792544356,0.6531912020745565,2.794186147885844
I12,left,77,0.34723588691245366,0.6527641130875463,2.7934301040899427
I12,left,78,0.3482867203577723,0.6517132796422277,2.7915655963090256
I12,left,79,0.34825929830902114,0.6517407016909789,2.7916143293338402
I12,left,80,0.3476545976707896,0.6523454023292103,2.7926879126168878
I12,left,81,0.3456096695381686,0.6543903304618315,2.796303493861413
I12,left,82,0.343485610985794,0.656514389014206,2.800034605054776
I12,left,83,0.3417879474216514,0.6582120525783486,2.8029989394581643
I12,left,84,0.34023748274420973,0.6597625172557903,2.8056925125823637
I12,left,85,0.33962326258760317,0.6603767374123968,2.8067559638365447
I12,left,86,0.3391535078742932,0.6608464921257068,2.8075679089002294
I12,left,87,0.3382595076891346,0.6617404923108654,2.8091098378992383
I12,left,88,0.33669525259007477,0.6633047474099252,2.8117974055422756
I12,left,89,0.3353821733383415,0.6646178266616585,2.814043253620821
I12,left,90,0.33454993689300644,0.6654500631069935,2.8154618926109602
I12,left,91,0.33419138870513787,0.6658086112948621,2.816071934335133
I12,left,92,0.3339143055933466,0.6660856944066533,2.816542898574542
I12,left,93,0.3339423287226099,0.66605767127739,2.816495285703538
I12,left,94,0.333078770799187,0.666921229200813,2.817960592304514
I12,left,95,0.3312227747328918,0.6687772252671083,2.8210964446615696
I12,left,96,0.3302111229882548,0.6697888770117453,2.822798005869532
I12,left,97,0.3292394449214253,0.6707605550785747,2.8244272316341847
I12,left,98,0.3279591508051989,0.6720408491948011,2.826566307786827
I12,left,99,0.3268316745112022,0.6731683254887978,2.828442915911481
I12,left,100,0.32680755350486307,0.6731924464951369,2.8284829907440834
I12,up,1,0.6719655962567923,0.3280344037432077,1.8491009932626534
I12,up,2,0.4794941677686932,0.5205058322313068,2.505329225735939
I12,up,3,0.49193817618596425,0.5080618238140358,2.4720668303931443
I12,up,4,0.466923414816029,0.5330765851839709,2.5377677980739524
I12,up,5,0.4521538954190561,0.547846104580944,2.574423835974617
I12,up,6,0.43992067482301517,0.5600793251769849,2.6036239616927963
I12,up,7,0.4378495068343749,0.5621504931656252,2.608465618148272
I12,up,8,0.42923842762533326,0.5707615723746667,2.6282831631254737
I12,up,9,0.4188104224647506,0.5811895775352494,2.6516184795259568
I12,up,10,0.4138318350394639,0.5861681649605361,2.6625073036470868
I12,up,11,0.40536049528988477,0.5946395047101152,2.680667335863304
I12,up,12,0.39854130986324104,0.6014586901367589,2.6949540063058954
I12,up,13,0.39385008748057526,0.6061499125194247,2.704613275335406
I12,up,14,0.3861343130228294,0.6138656869771706,2.7202046002050073
I12,up,15,0.3792286497785021,0.6207713502214979,2.7338518645675576
I12,up,16,0.3759716515660106,0.6240283484339895,2.740189228513734
I12,up,17,0.3717449160620135,0.6282550839379866,2.7483197035410276
I12,up,18,0.3673183347099115,0.6326816652900885,2.7567221226981617
I12,up,19,0.3646725007019667,0.6353274992980333,2.7616899272463833
I12,up,20,0.3626210682317744,0.6373789317682256,2.7655138554797567
I12,up,21,0.3605538082374803,0.6394461917625197,2.769342830830764
I12,up,22,0.36097053538154733,0.6390294646184527,2.7685729391843754
I12,up,23,0.35784894307136067,0.6421510569286393,2.7743159087598794
I12,up,24,0.3547189034342495,0.6452810965657505,2.780018871515167
I12,up,25,0.35169266586727216,0.6483073341327279,2.7854802235888556
I12,up,26,0.3488937027503999,0.6511062972496001,2.7904858312069827
I12,up,27,0.3484671377005736,0.6515328622994264,2.7912448641321683
I12,up,28,0.3500813442958127,0.6499186557041873,2.7883672079031685
I12,up,29,0.3506678519116677,0.6493321480883323,2.7873180463243994
I12,up,30,0.35132777372947177,0.6486722262705282,2.7861352655608176
I12,up,31,0.3483435452279025,0.6516564547720975,2.7914645968643574
I12,up,32,0.34200920459142775,0.6579907954085722,2.802613488727225
I12,up,33,0.34025279511457257,0.6597472048854274,2.8056659748145467
I12,up,34,0.34349271177534957,0.6565072882246504,2.8000221730799675
I12,up,35,0.34462087173377526,0.6553791282662247,2.798043493882294
I12,up,36,0.3420336907735032,0.6579663092264968,2.802570815088978
I12,up,37,0.33935583854406404,0.660644161455936,2.8072183381499363
I12,up,38,0.33412897752961607,0.6658710224703839,2.8161780517969346
I12,up,39,0.3367759767170752,0.6632240232829247,2.8116590351116404
I12,up,40,0.33985792637316026,0.6601420736268397,2.8063499122956506
I12,up,41,0.3347927433053469,0.6652072566946531,2.815048385682143
I12,up,42,0.3297735856939151,0.670226414306085,2.8235322484195144
I12,up,43,0.3291067641289498,0.6708932358710502,2.8246493121650973
I12,up,44,0.3291815894008905,0.6708184105991095,2.824524081379674
I12,up,45,0.33101639392069404,0.668983606079306,2.821444010219241
I12,up,46,0.3290410120147429,0.6709589879852571,2.824759333328104
I12,up,47,0.3226102301113467,0.6773897698886533,2.835410137636625
I12,up,48,0.32282566165204146,0.6771743383479585,2.8350568300537073
I12,up,49,0.3234626298098001,0.6765373701901999,2.8340107923886677
I12,up,50,0.32029804945136653,0.6797019505486335,2.839186973709964
I12,up,51,0.31784157846778854,0.6821584215322114,2.8431692896746563
I12,up,52,0.31666427638958394,0.6833357236104161,2.845066900724783
I12,up,53,0.32037821103007713,0.6796217889699229,2.8390564960986344
I12,up,54,0.32027030259028244,0.6797296974097176,2.8392321290711253
I12,up,55,0.31712273102938315,0.6828772689706168,2.844328792873105
I12,up,56,0.316465678523515,0.6835343214764851,2.8453863080489263
I12,up,57,0.3162287931606756,0.6837712068393245,2.845767030202204
I12,up,58,0.3106726966972968,0.6893273033027032,2.8546150354509736
I12,up,59,0.3123038317426006,0.6876961682573994,2.8520336775890867
I12,up,60,0.3128647402524683,0.6871352597475318,2.851142907780128
I12,up,61,0.3104479779334374,0.6895520220665625,2.8549696148186197
I12,up,62,0.3107999072196045,0.6892000927803955,2.8544141998744825
I12,up,63,0.3097020984895155,0.6902979015104844,2.8561447049689113
I12,up,64,0.3100605139377738,0.6899394860622262,2.8555803907032766
I12,up,65,0.31132287120793256,0.6886771287920674,2.8535877068007833
I12,up,66,0.3101745717418107,0.6898254282581893,2.8554006748855736
I12,up,67,0.3109424711157402,0.6890575288842598,2.854189028175834
I12,up,68,0.31257124035247147,0.6874287596475286,2.851609208624544
I12,up,69,0.31087892378843746,0.6891210762115625,2.8542894102576897
I12,up,70,0.31438513735153156,0.6856148626484684,2.8487203790090954
I12,up,71,0.3164592278955555,0.6835407721044445,2.8453966792929775
I12,up,72,0.32198197511364823,0.6780180248863518,2.836439100388972
I12,up,73,0.3240594207030044,0.6759405792969956,2.833028819427869
I12,up,74,0.31840054280498487,0.6815994571950151,2.842265848207429
I12,up,75,0.31382963771504613,0.6861703622849539,2.849606844518987
I12,up,76,0.3135785234464787,0.6864214765535213,2.850007058538173
I12,up,77,0.3147537009557316,0.6852462990442685,2.848131360994989
I12,up,78,0.31241407843968344,0.6875859215603166,2.8518587221305696
I12,up,79,0.31490033027703346,0.6850996697229665,2.847896834115134
I12,up,80,0.31467027882349363,0.6853297211765064,2.848264742085644
I12,up,81,0.3103779320630081,0.6896220679369919,2.855080086940144
I12,up,82,0.31345386894892113,0.6865461310510789,2.850205608255104
I12,up,83,0.3141265179135495,0.6858734820864505,2.849133278371693
I12,up,84,0.3115168346252034,0.6884831653747966,2.8532808165456904
I12,up,85,0.3099063536736373,0.6900936463263627,2.855823190384325
I12,up,86,0.3122918719213719,0.6877081280786281,2.852052653477526
I12,up,87,0.30928260409561054,0.6907173959043895,2.856804367756868
I12,up,88,0.30439906304028586,0.6956009369597141,2.864419202733602
I12,up,89,0.3042790465409213,0.6957209534590787,2.8646048514434446
I12,up,90,0.30751008231620236,0.6924899176837976,2.859581968983047
I12,up,91,0.3051616149356484,0.6948383850643516,2.863237976618737
I12,up,92,0.3057916706065013,0.6942083293934986,2.862259819050715
I12,up,93,0.3075086681070833,0.6924913318929167,2.8595841788309437
I12,up,94,0.3049319200094116,0.6950680799905884,2.8635940870779466
I12,up,95,0.30459145804702487,0.6954085419529752,2.864121445971894
I12,up,96,0.3010201836002185,0.6989798163997816,2.869618712068794
I12,up,97,0.3024403457700079,0.6975596542299921,2.867440174658765
I12,up,98,0.30436655604888474,0.6956334439511153,2.864469493528344
I12,up,99,0.3050019565570007,0.6949980434429993,2.8634855327206443
I12,up,100,0.304156224593533,0.695843775406467,2.864794766058478
I12,down,1,0.6719655962567923,0.3280344037432077,1.8491009932626534
I12,down,2,0.4794941677686932,0.5205058322313068,2.505329225735939
I12,down,3,0.49193817618596425,0.5080618238140358,2.4720668303931443
I12,down,4,0.466923414816029,0.5330765851839709,2.5377677980739524
I12,down,5,0.4521538954190561,0.547846104580944,2.574423835974617
I12,down,6,0.43992067482301517,0.5600793251769849,2.6036239616927963
I12,down,7,0.4378495068343749,0.5621504931656252,2.608465618148272
I12,down,8,0.42923842762533326,0.5707615723746667,2.6282831631254737
I12,down,9,0.4188104224647506,0.5811895775352494,2.6516184795259568
I12,down,10,0.4138318350394639,0.5861681649605361,2.6625073036470868
I12,down,11,0.40536049528988477,0.5946395047101152,2.680667335863304
I12,down,12,0.39854130986324104,0.6014586901367589,2.6949540063058954
I12,down,13,0.39385008748057526,0.6061499125194247,2.704613275335406
I12,down,14,0.3861343130228294,0.6138656869771706,2.7202046002050073
I12,down,15,0.3792286497785021,0.6207713502214979,2.7338518645675576
I12,down,16,0.3759716515660106,0.6240283484339895,2.740189228513734
I12,down,17,0.3717449160620135,0.6282550839379866,2.7483197035410276
I12,down,18,0.3673183347099115,0.6326816652900885,2.7567221226981617
I12,down,19,0.3646725007019667,0.6353274992980333,2.7616899272463833
I12,down,20,0.3626210682317744,0.6373789317682256,2.7655138554797567
I12,down,21,0.3605538082374803,0.6394461917625197,2.769342830830764
I12,down,22,0.36097053538154733,0.6390294646184527,2.7685729391843754
I12,down,23,0.35784894307136067,0.6421510569286393,2.7743159087598794
I12,down,24,0.3547189034342495,0.6452810965657505,2.780018871515167
I12,down,25,0.35169266586727216,0.6483073341327279,2.7854802235888556
I12,down,26,0.3488937027503999,0.6511062972496001,2.7904858312069827
I12,down,27,0.3484671377005736,0.6515328622994264,2.7912448641321683
I12,down,28,0.3500813442958127,0.6499186557041873,2.7883672079031685
I12,down,29,0.3506678519116677,0.6493321480883323,2.7873180463243994
I12,down,30,0.35132777372947177,0.6486722262705282,2.7861352655608176
I12,down,31,0.3483435452279025,0.6516564547720975,2.7914645968643574
I12,down,32,0.34200920459142775,0.6579907954085722,2.802613488727225
I12,down,33,0.34025279511457257,0.6597472048854274,2.8056659748145467
I12,down,34,0.34349271177534957,0.6565072882246504,2.8000221730799675
I12,down,35,0.34462087173377526,0.6553791282662247,2.798043493882294
I12,down,36,0.3420336907735032,0.6579663092264968,2.802570815088978
I12,down,37,0.33935583854406404,0.660644161455936,2.8072183381499363
I12,down,38,0.33412897752961607,0.6658710224703839,2.8161780517969346
I12,down,39,0.3367759767170752,0.6632240232829247,2.8116590351116404
I12,down,40,0.33985792637316026,0.6601420736268397,2.8063499122956506
I12,down,41,0.3347927433053469,0.6652072566946531,2.815048385682143
I12,down,42,0.3297735856939151,0.670226414306085,2.8235322484195144
I12,down,43,0.3291067641289498,0.6708932358710502,2.8246493121650973
I12,down,44,0.3291815894008905,0.6708184105991095,2.824524081379674
I12,down,45,0.33101639392069404,0.668983606079306,2.821444010219241
I12,down,46,0.3290410120147429,0.6709589879852571,2.824759333328104
I12,down,47,0.3226102301113467,0.6773897698886533,2.835410137636625
I12,down,48,0.32282566165204146,0.6771743383479585,2.8350568300537073
I12,down,49,0.3234626298098001,0.6765373701901999,2.8340107923886677
I12,down,50,0.32029804945136653,0.6797019505486335,2.839186973709964
I12,down,51,0.31784157846778854,0.6821584215322114,2.8431692896746563
I12,down,52,0.31666427638958394,0.6833357236104161,2.845066900724783
I12,down,53,0.32037821103007713,0.6796217889699229,2.8390564960986344
I12,down,54,0.32027030259028244,0.6797296974097176,2.8392321290711253
I12,down,55,0.31712273102938315,0.6828772689706168,2.844328792873105
I12,down,56,0.316465678523515,0.6835343214764851,2.8453863080489263
I12,down,57,0.3162287931606756,0.6837712068393245,2.845767030202204
I12,down,58,0.3106726966972968,0.6893273033027032,2.8546150354509736
I12,down,59,0.3123038317426006,0.6876961682573994,2.8520336775890867
I12,down,60,0.3128647402524683,0.6871352597475318,2.851142907780128
I12,down,61,0.3104479779334374,0.6895520220665625,2.8549696148186197
I12,down,62,0.3107999072196045,0.6892000927803955,2.8544141998744825
I12,down,63,0.3097020984895155,0.6902979015104844,2.8561447049689113
I12,down,64,0.3100605139377738,0.6899394860622262,2.8555803907032766
I12,down,65,0.31132287120793256,0.6886771287920674,2.8535877068007833
I12,down,66,0.3101745717418107,0.6898254282581893,2.8554006748855736
I12,down,67,0.3109424711157402,0.6890575288842598,2.854189028175834
I12,down,68,0.31257124035247147,0.6874287596475286,2.851609208624544
I12,down,69,0.31087892378843746,0.6891210762115625,2.8542894102576897
I12,down,70,0.31438513735153156,0.6856148626484684,2.8487203790090954
I12,down,71,0.3164592278955555,0.6835407721044445,2.8453966792929775
I12,down,72,0.32198197511364823,0.6780180248863518,2.836439100388972
I12,down,73,0.3240594207030044,0.6759405792969956,2.833028819427869
I12,down,74,0.31840054280498487,0.6815994571950151,2.842265848207429
I12,down,75,0.31382963771504613,0.6861703622849539,2.849606844518987
I12,down,76,0.3135785234464787,0.6864214765535213,2.850007058538173
I12,down,77,0.3147537009557316,0.6852462990442685,2.848131360994989
I12,down,78,0.31241407843968344,0.6875859215603166,2.8518587221305696
I12,down,79,0.31490033027703346,0.6850996697229665,2.847896834115134
I12,down,80,0.31467027882349363,0.6853297211765064,2.848264742085644
I12,down,81,0.3103779320630081,0.6896220679369919,2.855080086940144
I12,down,82,0.31345386894892113,0.6865461310510789,2.850205608255104
I12,down,83,0.3141265179135495,0.6858734820864505,2.849133278371693
I12,down,84,0.3115168346252034,0.6884831653747966,2.8532808165456904
I12,down,85,0.3099063536736373,0.6900936463263627,2.855823190384325
I12,down,86,0.3122918719213719,0.6877081280786281,2.852052653477526
I12,down,87,0.30928260409561054,0.6907173959043895,2.856804367756868
I12,down,88,0.30439906304028586,0.6956009369597141,2.864419202733602
I12,down,89,0.3042790465409213,0.6957209534590787,2.8646048514434446
I12,down,90,0.30751008231620236,0.6924899176837976,2.859581968983047
I12,down,91,0.3051616149356484,0.6948383850643516,2.863237976618737
I12,down,92,0.3057916706065013,0.6942083293934986,2.862259819050715
I12,down,93,0.3075086681070833,0.6924913318929167,2.8595841788309437
I12,down,94,0.3049319200094116,0.6950680799905884,2.8635940870779466
I12,down,95,0.30459145804702487,0.6954085419529752,2.864121445971894
I12,down,96,0.3010201836002185,0.6989798163997816,2.869618712068794
I12,down,97,0.3024403457700079,0.6975596542299921,2.867440174658765
I12,down,98,0.30436655604888474,0.6956334439511153,2.864469493528344
I12,down,99,0.3050019565570007,0.6949980434429993,2.8634855327206443
I12,down,100,0.304156224593533,0.695843775406467,2.864794766058478
I13,right,1,0.5762421264782002,0.42375787352179983,2.214678851527335
I13,right,2,0.24325745552629327,0.7567425444737067,2.9502650273263242
I13,right,3,0.2074337832952009,0.7925662167047991,2.9931329763090426
I13,right,4,0.17176426475660378,0.8282357352433962,3.0310230811000816
I13,right,5,0.15455118389858477,0.8454488161014152,3.047742852576529
I13,right,6,0.14612841535637422,0.8538715846436258,3.0555756918115664
I13,right,7,0.1390508694179138,0.8609491305820862,3.0619863451007046
I13,right,8,0.13264165404789577,0.8673583459521043,3.0676598014496896
I13,right,9,0.12671465141747248,0.8732853485825275,3.0727971201731785
I13,right,10,0.12244584571808717,0.8775541542819129,3.076433243296302
I13,right,11,0.11807059119283317,0.8819294088071669,3.0801053329662835
I13,right,12,0.11137138574809825,0.8886286142519018,3.0856222900356087
I13,right,13,0.10943506443900844,0.8905649355609916,3.087193424081905
I13,right,14,0.11002676411414325,0.8899732358858568,3.086714425455777
I13,right,15,0.11030623780125833,0.8896937621987416,3.0864878446320096
I13,right,16,0.10724297220305042,0.8927570277969495,3.0889595319398957
I13,right,17,0.10428311181423769,0.8957168881857623,3.0913232057657485
I13,right,18,0.1016586412609008,0.8983413587390991,3.0933990249384022
I13,right,19,0.09836176727074256,0.9016382327292575,3.0959802636675526
I13,right,20,0.09601730421872591,0.9039826957812741,3.0977980865427845
I13,right,21,0.09718800241993548,0.9028119975800645,3.0968921983131397
I13,right,22,0.09574839751675002,0.90425160248325,3.0980056516754306
I13,right,23,0.0946442872380654,0.9053557127619346,3.098855885646066
I13,right,24,0.09555311727382672,0.9044468827261732,3.098156265170248
I13,right,25,0.09572182335096766,0.9042781766490323,3.098026153447356
I13,right,26,0.09271316261924618,0.9072868373807538,3.1003352184303044
I13,right,27,0.09138972034208448,0.9086102796579155,3.101343366363883
I13,right,28,0.09141516550068385,0.9085848344993162,3.1013240265492152
I13,right,29,0.09190829987131768,0.9080917001286823,3.1009488801977083
I13,right,30,0.09167379206031005,0.90832620793969,3.1011273588810147
I13,right,31,0.09201363095432033,0.9079863690456796,3.1008686680772124
I13,right,32,0.09039988848048632,0.9096001115195137,3.102094381287891
I13,right,33,0.09183430223169076,0.9081656977683092,3.101005213740242
I13,right,34,0.0931403831263731,0.9068596168736269,3.100008794897538
I13,right,35,0.08991236341868797,0.910087636581312,3.102463339839714
I13,right,36,0.08800375627592846,0.9119962437240715,3.1039018172897404
I13,right,37,0.08874434448328009,0.9112556555167199,3.10334477571877
I13,right,38,0.09164811722245543,0.9083518827775445,3.101146890666678
I13,right,39,0.09238133258210653,0.9076186674178934,3.100588426132174
I13,right,40,0.09143232678131992,0.90856767321868,3.1013109820101032
I13,right,41,0.08843034746307994,0.91156965253692,3.1035811258597796
I13,right,42,0.08801293209439796,0.911987067905602,3.1038949243023373
I13,right,43,0.08862430982407109,0.9113756901759289,3.10343515779282
I13,right,44,0.08807726042953817,0.9119227395704619,3.10384659393884
I13,right,45,0.08687879429823867,0.9131212057017614,3.1047452508778273
I13,right,46,0.0850339249299893,0.9149660750700107,3.106121360709621
I13,right,47,0.08483247208193008,0.9151675279180699,3.106271096622642
I13,right,48,0.08669777950797772,0.9133022204920223,3.1048806600478054
I13,right,49,0.08700622857260827,0.9129937714273917,3.1046498721672355
I13,right,50,0.08521170027230701,0.914788299727693,3.105989137273239
I13,right,51,0.08726789442079934,0.9127321055792007,3.104453895723231
I13,right,52,0.084176345207295,0.915823654792705,3.10675806121964
I13,right,53,0.07934614779407921,0.9206538522059208,3.1103091661957443
I13,right,54,0.07948079793310306,0.920519202066897,3.110210974141773
I13,right,55,0.07972258515815328,0.9202774148418467,3.110034538828705
I13,right,56,0.07837932298994932,0.9216206770100507,3.1110128709646476
I13,right,57,0.07930298129015946,0.9206970187098406,3.1103406351933547
I13,right,58,0.07932062061581972,0.9206793793841803,3.1103277764406103
I13,right,59,0.0748412456173102,0.9251587543826898,3.1135680947418445
I13,right,60,0.0713576885998783,0.9286423114001217,3.116053558562097
I13,right,61,0.07234090993970738,0.9276590900602926,3.115355079371004
I13,right,62,0.07130041811644762,0.9286995818835524,3.116094170180978
I13,right,63,0.07094468657258932,0.9290553134274107,3.1163462460204547
I13,right,64,0.07324543900997865,0.9267545609900214,3.1147103993995042
I13,right,65,0.0721622397388821,0.9278377602611179,3.1154821833462565
I13,right,66,0.07207171017436399,0.927928289825636,3.1155465550497743
I13,right,67,0.07572944800153748,0.9242705519984625,3.1129295664120704
I13,right,68,0.07594714655941086,0.9240528534405892,3.112772763315787
I13,right,69,0.07418733319466679,0.9258126668053333,3.114036939219271
I13,right,70,0.07292790222718228,0.9270720977728177,3.11493694564838
I13,right,71,0.07212451893005313,0.9278754810699469,3.115509007453559
I13,right,72,0.07189194459721497,0.9281080554027851,3.115674318857824
I13,right,73,0.07184184143455673,0.9281581585654433,3.1157099142336735
I13,right,74,0.07398218043813684,0.9260178195618631,3.114183811823911
I13,right,75,0.07334645581140627,0.9266535441885937,3.1146382768445227
I13,right,76,0.07010347051035325,0.9298965294896467,3.1169411079508764
I13,right,77,0.07247168208033487,0.9275283179196652,3.115261999681884
I13,right,78,0.07643923476599883,0.9235607652340012,3.112417888342181
I13,right,79,0.0763473939285018,0.9236526060714982,3.1124841662681924
I13,right,80,0.07187770188719594,0.9281222981128041,3.115684438101222
I13,right,81,0.07030961851635789,0.9296903814836421,3.1167954916893237
I13,right,82,0.07098024297090678,0.9290197570290932,3.1163210642791546
I13,right,83,0.07359409544537425,0.9264059045546258,3.114461363836286
I13,right,84,0.07422468979655938,0.9257753102034406,3.1140101837187864
I13,right,85,0.07532604920343189,0.9246739507965681,3.113219812926218
I13,right,86,0.07866446435780404,0.921335535642196,3.110805574979379
I13,right,87,0.07676988499795254,0.9232301150020474,3.1121790965861136
I13,right,88,0.07503646498477011,0.9249635350152299,3.113427919855866
I13,right,89,0.07566871218412644,0.9243312878158736,3.112973291907834
I13,right,90,0.07563496353311662,0.9243650364668834,3.112997584579656
I13,right,91,0.071153550830321,0.928846449169679,3.1161982798316314
I13,right,92,0.07017180559555213,0.9298281944044479,3.116892849787013
I13,right,93,0.07248846093427941,0.9275115390657206,3.1152500539454007
I13,right,94,0.07090823683590919,0.9290917631640908,3.1163720572224145
I13,right,95,0.07048964784697806,0.9295103521530219,3.116668239718095
I13,right,96,0.06945508677715853,0.9305449132228415,3.1173984277795777
I13,right,97,0.06815209006344572,0.9318479099365543,3.118314359686445
I13,right,98,0.07044342904764905,0.929556570952351,3.1167009165967743
I13,right,99,0.06911908825732416,0.9308809117426758,3.117635011340517
I13,right,100,0.0655961380929383,0.9344038619070617,3.1200990751013276
I13,left,1,0.5762421264782002,0.42375787352179983,2.214678851527335
I13,left,2,0.24325745552629327,0.7567425444737067,2.9502650273263242
I13,left,3,0.2074337832952009,0.7925662167047991,2.9931329763090426
I13,left,4,0.17176426475660378,0.8282357352433962,3.0310230811000816
I13,left,5,0.15455118389858477,0.8454488161014152,3.047742852576529
I13,left,6,0.14612841535637422,0.8538715846436258,3.0555756918115664
I13,left,7,0.1390508694179138,0.8609491305820862,3.0619863451007046
I13,left,8,0.13264165404789577,0.8673583459521043,3.0676598014496896
I13,left,9,0.12671465141747248,0.8732853485825275,3.0727971201731785
I13,left,10,0.12244584571808717,0.8775541542819129,3.076433243296302
I13,left,11,0.11807059119283317,0.8819294088071669,3.0801053329662835
I13,left,12,0.11137138574809825,0.8886286142519018,3.0856222900356087
I13,left,13,0.10943506443900844,0.8905649355609916,3.087193424081905
I13,left,14,0.11002676411414325,0.8899732358858568,3.086714425455777
I13,left,15,0.11030623780125833,0.8896937621987416,3.0864878446320096
I13,left,16,0.10724297220305042,0.8927570277969495,3.0889595319398957
I13,left,17,0.10428311181423769,0.8957168881857623,3.0913232057657485
I13,left,18,0.1016586412609008,0.8983413587390991,3.0933990249384022
I13,left,19,0.09836176727074256,0.9016382327292575,3.0959802636675526
I13,left,20,0.09601730421872591,0.9039826957812741,3.0977980865427845
I13,left,21,0.09718800241993548,0.9028119975800645,3.0968921983131397
I13,left,22,0.09574839751675002,0.90425160248325,3.0980056516754306
I13,left,23,0.0946442872380654,0.9053557127619346,3.098855885646066
I13,left,24,0.09555311727382672,0.9044468827261732,3.098156265170248
I13,left,25,0.09572182335096766,0.9042781766490323,3.098026153447356
I13,left,26,0.09271316261924618,0.9072868373807538,3.1003352184303044
I13,left,27,0.09138972034208448,0.9086102796579155,3.101343366363883
I13,left,28,0.09141516550068385,0.9085848344993162,3.1013240265492152
I13,left,29,0.09190829987131768,0.9080917001286823,3.1009488801977083
I13,left,30,0.09167379206031005,0.90832620793969,3.1011273588810147
I13,left,31,0.09201363095432033,0.9079863690456796,3.1008686680772124
I13,left,32,0.09039988848048632,0.9096001115195137,3.102094381287891
I13,left,33,0.09183430223169076,0.9081656977683092,3.101005213740242
I13,left,34,0.0931403831263731,0.9068596168736269,3.100008794897538
I13,left,35,0.08991236341868797,0.910087636581312,3.102463339839714
I13,left,36,0.08800375627592846,0.9119962437240715,3.1039018172897404
I13,left,37,0.08874434448328009,0.9112556555167199,3.10334477571877
I13,left,38,0.09164811722245543,0.9083518827775445,3.101146890666678
I13,left,39,0.09238133258210653,0.9076186674178934,3.100588426132174
I13,left,40,0.09143232678131992,0.90856767321868,3.1013109820101032
I13,left,41,0.08843034746307994,0.91156965253692,3.1035811258597796
I13,left,42,0.08801293209439796,0.911987067905602,3.1038949243023373
I13,left,43,0.08862430982407109,0.9113756901759289,3.10343515779282
I13,left,44,0.08807726042953817,0.9119227395704619,3.10384659393884
I13,left,45,0.08687879429823867,0.9131212057017614,3.1047452508778273
I13,left,46,0.0850339249299893,0.9149660750700107,3.106121360709621
I13,left,47,0.08483247208193008,0.9151675279180699,3.106271096622642
I13,left,48,0.08669777950797772,0.9133022204920223,3.1048806600478054
I13,left,49,0.08700622857260827,0.9129937714273917,3.1046498721672355
I13,left,50,0.08521170027230701,0.914788299727693,3.105989137273239
I13,left,51,0.08726789442079934,0.9127321055792007,3.104453895723231
I13,left,52,0.084176345207295,0.915823654792705,3.10675806121964
I13,left,53,0.07934614779407921,0.9206538522059208,3.1103091661957443
I13,left,54,0.07948079793310306,0.920519202066897,3.110210974141773
I13,left,55,0.07972258515815328,0.9202774148418467,3.110034538828705
I13,left,56,0.07837932298994932,0.9216206770100507,3.1110128709646476
I13,left,57,0.07930298129015946,0.9206970187098406,3.1103406351933547
I13,left,58,0.07932062061581972,0.9206793793841803,3.1103277764406103
I13,left,59,0.0748412456173102,0.9251587543826898,3.1135680947418445
I13,left,60,0.0713576885998783,0.9286423114001217,3.116053558562097
I13,left,61,0.07234090993970738,0.9276590900602926,3.115355079371004
I13,left,62,0.07130041811644762,0.9286995818835524,3.116094170180978
I13,left,63,0.07094468657258932,0.9290553134274107,3.1163462460204547
I13,left,64,0.07324543900997865,0.9267545609900214,3.1147103993995042
I13,left,65,0.0721622397388821,0.9278377602611179,3.1154821833462565
I13,left,66,0.07207171017436399,0.927928289825636,3.1155465550497743
I13,left,67,0.07572944800153748,0.9242705519984625,3.1129295664120704
I13,left,68,0.07594714655941086,0.9240528534405892,3.112772763315787
I13,left,69,0.07418733319466679,0.9258126668053333,3.114036939219271
I13,left,70,0.07292790222718228,0.9270720977728177,3.11493694564838
I13,left,71,0.07212451893005313,0.9278754810699469,3.115509007453559
I13,left,72,0.07189194459721497,0.9281080554027851,3.115674318857824
I13,left,73,0.07184184143455673,0.9281581585654433,3.1157099142336735
I13,left,74,0.07398218043813684,0.9260178195618631,3.114183811823911
I13,left,75,0.07334645581140627,0.9266535441885937,3.1146382768445227
I13,left,76,0.07010347051035325,0.9298965294896467,3.1169411079508764
I13,left,77,0.07247168208033487,0.9275283179196652,3.115261999681884
I13,left,78,0.07643923476599883,0.9235607652340012,3.112417888342181
I13,left,79,0.0763473939285018,0.9236526060714982,3.1124841662681924
I13,left,80,0.07187770188719594,0.9281222981128041,3.115684438101222
I13,left,81,0.07030961851635789,0.9296903814836421,3.1167954916893237
I13,left,82,0.07098024297090678,0.9290197570290932,3.1163210642791546
I13,left,83,0.07359409544537425,0.9264059045546258,3.114461363836286
I13,left,84,0.07422468979655938,0.9257753102034406,3.1140101837187864
I13,left,85,0.07532604920343189,0.9246739507965681,3.113219812926218
I13,left,86,0.07866446435780404,0.921335535642196,3.110805574979379
I13,left,87,0.07676988499795254,0.9232301150020474,3.1121790965861136
I13,left,88,0.07503646498477011,0.9249635350152299,3.113427919855866
I13,left,89,0.07566871218412644,0.9243312878158736,3.112973291907834
I13,left,90,0.07563496353311662,0.9243650364668834,3.112997584579656
I13,left,91,0.071153550830321,0.928846449169679,3.1161982798316314
I13,left,92,0.07017180559555213,0.9298281944044479,3.116892849787013
I13,left,93,0.07248846093427941,0.9275115390657206,3.1152500539454007
I13,left,94,0.07090823683590919,0.9290917631640908,3.1163720572224145
I13,left,95,0.07048964784697806,0.9295103521530219,3.116668239718095
I13,left,96,0.06945508677715853,0.9305449132228415,3.1173984277795777
I13,left,97,0.06815209006344572,0.9318479099365543,3.118314359686445
I13,left,98,0.07044342904764905,0.929556570952351,3.1167009165967743
I13,left,99,0.06911908825732416,0.9308809117426758,3.117635011340517
I13,left,100,0.0655961380929383,0.9344038619070617,3.1200990751013276
I13,up,1,0.4852979047317699,0.5147020952682301,2.489960115471991
I13,up,2,0.13738013324410014,0.8626198667558999,3.063477250636576
I13,up,3,0.1434629937903163,0.8565370062096838,3.0580080998290935
I13,up,4,0.11884823988113516,0.8811517601188649,3.0794566766466245
I13,up,5,0.10272360086719093,0.8972763991328091,3.09255895531518
I13,up,6,0.09774657602956593,0.9022534239704341,3.0964586845533404
I13,up,7,0.09766099155037106,0.902339008449629,3.0965251614969675
I13,up,8,0.09452047337376598,0.905479526626234,3.0989510285537447
I13,up,9,0.09118555669745239,0.9088144433025476,3.1014984813108715
I13,up,10,0.08635316175016536,0.9136468382498346,3.1051382196223516
I13,up,11,0.08468717892739769,0.9153128210726023,3.106379025510755
I13,up,12,0.08488140454217301,0.915118595457827,3.106234735671043
I13,up,13,0.0855449537772694,0.9144550462227305,3.105741055520949
I13,up,14,0.08204304253340175,0.9179569574665982,3.1083337509523314
I13,up,15,0.08079748314850564,0.9192025168514943,3.1092483840524308
I13,up,16,0.08394538682267244,0.9160546131773275,3.1069292116310603
I13,up,17,0.08339650407354661,0.9166034959264534,3.10733541072129
I13,up,18,0.08054210090208484,0.9194578990979152,3.1094354291878696
I13,up,19,0.07822544669689425,0.9217745533031058,3.1111246531736887
I13,up,20,0.0810209935577514,0.9189790064422486,3.109084546709341
I13,up,21,0.08265973985330034,0.9173402601466997,3.1078794416139646
I13,up,22,0.07909648711195186,0.9209035128880482,3.11049110744068
I13,up,23,0.07455232279372494,0.9254476772062751,3.113775378519999
I13,up,24,0.07135631624416912,0.9286436837558308,3.1160545318205566
I13,up,25,0.07144023853838163,0.9285597614616183,3.115995006611441
I13,up,26,0.06935689119617613,0.9306431088038238,3.117467597824148
I13,up,27,0.06929878363224613,0.9307012163677538,3.117508518346673
I13,up,28,0.07300474625517903,0.926995253744821,3.1148821442077645
I13,up,29,0.07201137815682115,0.9279886218431789,3.115589443363567
I13,up,30,0.06975479120629854,0.9302452087937014,3.1171871670989573
I13,up,31,0.0701863441065183,0.9298136558934817,3.116882581232158
I13,up,32,0.07120928285867802,0.928790717141322,3.1161587793656738
I13,up,33,0.07066728898755142,0.9293327110124485,3.116542598000784
I13,up,34,0.06963121507733577,0.9303687849226643,3.1172743020923077
I13,up,35,0.0683211406222156,0.9316788593777844,3.1181957602133075
I13,up,36,0.06849249362357608,0.9315075063764239,3.1180754744980845
I13,up,37,0.067632573516617,0.932367426483383,3.1186783982018023
I13,up,38,0.06636016135591874,0.9336398386440813,3.119567245519537
I13,up,39,0.07010809456007232,0.9298919054399277,3.116937842812307
I13,up,40,0.07141036047028392,0.9285896395297161,3.1160162007973904
I13,up,41,0.06994487542625473,0.9300551245737453,3.1170530636109914
I13,up,42,0.0705907163209819,0.9294092836790181,3.1165967656644487
I13,up,43,0.06947194697461688,0.9305280530253831,3.1173865489039008
I13,up,44,0.069627897463626,0.930372102536374,3.117276640866841
I13,up,45,0.06871729351604937,0.9312827064839506,3.117917561973109
I13,up,46,0.06688893917310078,0.9331110608268992,3.1191983422838234
I13,up,47,0.06786543481883356,0.9321345651811664,3.118515307400659
I13,up,48,0.06841826356993641,0.9315817364300636,3.118127590993307
I13,up,49,0.06930903197608985,0.9306909680239102,3.1175013018539506
I13,up,50,0.07143331261337428,0.9285666873866257,3.1159999197529675
I13,up,51,0.07007481272972407,0.929925187270276,3.116961342644702
I13,up,52,0.06884276908969271,0.9311572309103073,3.1178293671162187
I13,up,53,0.06829758596987,0.93170241403013,3.118212289432708
I13,up,54,0.06597184539923699,0.934028154600763,3.119837724768825
I13,up,55,0.06449159159183071,0.9355084084081693,3.120865452874135
I13,up,56,0.06263304696651158,0.9373669530334884,3.122148375293028
I13,up,57,0.059506442714790365,0.9404935572852097,3.1242880362785357
I13,up,58,0.06275023012591167,0.9372497698740884,3.122067729838979
I13,up,59,0.06933466240396742,0.9306653375960325,3.1174832527625904
I13,up,60,0.06837570242246495,0.9316242975775351,3.1181574668838437
I13,up,61,0.06544919310244417,0.9345508068975559,3.1202012006966333
I13,up,62,0.06644266543157187,0.9335573345684282,3.1195097308557154
I13,up,63,0.06410761269089979,0.9358923873091002,3.121131185507875
I13,up,64,0.05958133954181178,0.9404186604581882,3.1242370524039487
I13,up,65,0.05852217309166095,0.941477826908339,3.1249568189897916
I13,up,66,0.06294167091370835,0.9370583290862916,3.1219359097159405
I13,up,67,0.0653403586669935,0.9346596413330065,3.1202768062199606
I13,up,68,0.0649612028279639,0.9350387971720361,3.1205399768782263
I13,up,69,0.061475772732949296,0.9385242272670506,3.1229430526998705
I13,up,70,0.06084855497606426,0.9391514450239358,3.123372418846192
I13,up,71,0.06352872726873574,0.9364712727312643,3.121531134738637
I13,up,72,0.06181227541182555,0.9381877245881745,3.122712311955162
I13,up,73,0.060216510334396914,0.9397834896656031,3.1238041446217917
I13,up,74,0.06267304939539282,0.9373269506046071,3.122120849306609
I13,up,75,0.06479499416600468,0.9352050058339954,3.120655232631412
I13,up,76,0.06474815442855708,0.9352518455714429,3.120687701185253
I13,up,77,0.06745574501481923,0.9325442549851808,3.1188021569840085
I13,up,78,0.06627494280568987,0.9337250571943101,3.1196266352073234
I13,up,79,0.06117399524653371,0.9388260047534663,3.123149753199038
I13,up,80,0.06027436327738352,0.9397256367226164,3.123764666840821
I13,up,81,0.05915914235279511,0.9408408576472049,3.1245242778549613
I13,up,82,0.05861387504052461,0.9413861249594754,3.1248946066952996
I13,up,83,0.05885401422477429,0.9411459857752257,3.124731597932678
I13,up,84,0.06105654220198271,0.9389434577980172,3.123230143371532
I13,up,85,0.06493096142737237,0.9350690385726277,3.120560952423517
I13,up,86,0.0645829244659593,0.9354170755340407,3.1208021938267816
I13,up,87,0.06558123955273583,0.9344187604472641,3.120109431838774
I13,up,88,0.06697911881202065,0.9330208811879793,3.1191353606882952
I13,up,89,0.0653714440691579,0.934628555930842,3.12025521460475
I13,up,90,0.0617835689894261,0.938216431010574,3.122732006537994
I13,up,91,0.061501317986079496,0.9384986820139205,3.1229255457056944
I13,up,92,0.0634254219342463,0.9365745780657537,3.1216024234890636
I13,up,93,0.06188550433758231,0.9381144956624177,3.122662062980729
I13,up,94,0.06283306266854614,0.9371669373314538,3.1220107046948584
I13,up,95,0.0632552297366371,0.9367447702633629,3.121719813691791
I13,up,96,0.06382259652372388,0.9361774034762761,3.1213282022226787
I13,up,97,0.061884521042290065,0.93811547895771,3.12266273779296
I13,up,98,0.05895256766962051,0.9410474323303795,3.1246646595625975
I13,up,99,0.06076473332983757,0.9392352666701624,3.123429728738911
I13,up,100,0.05983319307396657,0.9401668069260334,3.124065513021347
I13,down,1,0.4852979047317699,0.5147020952682301,2.489960115471991
I13,down,2,0.13738013324410014,0.8626198667558999,3.063477250636576
I13,down,3,0.1434629937903163,0.8565370062096838,3.0580080998290935
I13,down,4,0.11884823988113516,0.8811517601188649,3.0794566766466245
I13,down,5,0.10272360086719093,0.8972763991328091,3.09255895531518
I13,down,6,0.09774657602956593,0.9022534239704341,3.0964586845533404
I13,down,7,0.09766099155037106,0.902339008449629,3.0965251614969675
I13,down,8,0.09452047337376598,0.905479526626234,3.0989510285537447
I13,down,9,0.09118555669745239,0.9088144433025476,3.1014984813108715
I13,down,10,0.08635316175016536,0.9136468382498346,3.1051382196223516
I13,down,11,0.08468717892739769,0.9153128210726023,3.106379025510755
I13,down,12,0.08488140454217301,0.915118595457827,3.106234735671043
I13,down,13,0.0855449537772694,0.9144550462227305,3.105741055520949
I13,down,14,0.08204304253340175,0.9179569574665982,3.1083337509523314
I13,down,15,0.08079748314850564,0.9192025168514943,3.1092483840524308
I13,down,16,0.08394538682267244,0.9160546131773275,3.1069292116310603
I13,down,17,0.08339650407354661,0.9166034959264534,3.10733541072129
I13,down,18,0.08054210090208484,0.9194578990979152,3.1094354291878696
I13,down,19,0.07822544669689425,0.9217745533031058,3.1111246531736887
I13,down,20,0.0810209935577514,0.9189790064422486,3.109084546709341
I13,down,21,0.08265973985330034,0.9173402601466997,3.1078794416139646
I13,down,22,0.07909648711195186,0.9209035128880482,3.11049110744068
I13,down,23,0.07455232279372494,0.9254476772062751,3.113775378519999
I13,down,24,0.07135631624416912,0.9286436837558308,3.1160545318205566
I13,down,25,0.07144023853838163,0.9285597614616183,3.115995006611441
I13,down,26,0.06935689119617613,0.9306431088038238,3.117467597824148
I13,down,27,0.06929878363224613,0.9307012163677538,3.117508518346673
I13,down,28,0.07300474625517903,0.926995253744821,3.1148821442077645
I13,down,29,0.07201137815682115,0.9279886218431789,3.115589443363567
I13,down,30,0.06975479120629854,0.9302452087937014,3.1171871670989573
I13,down,31,0.0701863441065183,0.9298136558934817,3.116882581232158
I13,down,32,0.07120928285867802,0.928790717141322,3.1161587793656738
I13,down,33,0.07066728898755142,0.9293327110124485,3.116542598000784
I13,down,34,0.06963121507733577,0.9303687849226643,3.1172743020923077
I13,down,35,0.0683211406222156,0.9316788593777844,3.1181957602133075
I13,down,36,0.06849249362357608,0.9315075063764239,3.1180754744980845
I13,down,37,0.067632573516617,0.932367426483383,3.1186783982018023
I13,down,38,0.06636016135591874,0.9336398386440813,3.119567245519537
I13,down,39,0.07010809456007232,0.9298919054399277,3.116937842812307
I13,down,40,0.07141036047028392,0.9285896395297161,3.1160162007973904
I13,down,41,0.06994487542625473,0.9300551245737453,3.1170530636109914
I13,down,42,0.0705907163209819,0.9294092836790181,3.1165967656644487
I13,down,43,0.06947194697461688,0.9305280530253831,3.1173865489039008
I13,down,44,0.069627897463626,0.930372102536374,3.117276640866841
I13,down,45,0.06871729351604937,0.9312827064839506,3.117917561973109
I13,down,46,0.06688893917310078,0.9331110608268992,3.1191983422838234
I13,down,47,0.06786543481883356,0.9321345651811664,3.118515307400659
I13,down,48,0.06841826356993641,0.9315817364300636,3.118127590993307
I13,down,49,0.06930903197608985,0.9306909680239102,3.1175013018539506
I13,down,50,0.07143331261337428,0.9285666873866257,3.1159999197529675
I13,down,51,0.07007481272972407,0.929925187270276,3.116961342644702
I13,down,52,0.06884276908969271,0.9311572309103073,3.1178293671162187
I13,down,53,0.06829758596987,0.93170241403013,3.118212289432708
I13,down,54,0.06597184539923699,0.934028154600763,3.119837724768825
I13,down,55,0.06449159159183071,0.9355084084081693,3.120865452874135
I13,down,56,0.06263304696651158,0.9373669530334884,3.122148375293028
I13,down,57,0.059506442714790365,0.9404935572852097,3.1242880362785357
I13,down,58,0.06275023012591167,0.9372497698740884,3.122067729838979
I13,down,59,0.06933466240396742,0.9306653375960325,3.1174832527625904
I13,down,60,0.06837570242246495,0.9316242975775351,3.1181574668838437
I13,down,61,0.06544919310244417,0.9345508068975559,3.1202012006966333
I13,down,62,0.06644266543157187,0.9335573345684282,3.1195097308557154
I13,down,63,0.06410761269089979,0.9358923873091002,3.121131185507875
I13,down,64,0.05958133954181178,0.9404186604581882,3.1242370524039487
I13,down,65,0.05852217309166095,0.941477826908339,3.1249568189897916
I13,down,66,0.06294167091370835,0.9370583290862916,3.1219359097159405
I13,down,67,0.0653403586669935,0.9346596413330065,3.1202768062199606
I13,down,68,0.0649612028279639,0.9350387971720361,3.1205399768782263
I13,down,69,0.061475772732949296,0.9385242272670506,3.1229430526998705
I13,down,70,0.06084855497606426,0.9391514450239358,3.123372418846192
I13,down,71,0.06352872726873574,0.9364712727312643,3.121531134738637
I13,down,72,0.06181227541182555,0.9381877245881745,3.122712311955162
I13,down,73,0.060216510334396914,0.9397834896656031,3.1238041446217917
I13,down,74,0.06267304939539282,0.9373269506046071,3.122120849306609
I13,down,75,0.06479499416600468,0.9352050058339954,3.120655232631412
I13,down,76,0.06474815442855708,0.9352518455714429,3.120687701185253
I13,down,77,0.06745574501481923,0.9325442549851808,3.1188021569840085
I13,down,78,0.06627494280568987,0.9337250571943101,3.1196266352073234
I13,down,79,0.06117399524653371,0.9388260047534663,3.123149753199038
I13,down,80,0.06027436327738352,0.9397256367226164,3.123764666840821
I13,down,81,0.05915914235279511,0.9408408576472049,3.1245242778549613
I13,down,82,0.05861387504052461,0.9413861249594754,3.1248946066952996
I13,down,83,0.05885401422477429,0.9411459857752257,3.124731597932678
I13,down,84,0.06105654220198271,0.9389434577980172,3.123230143371532
I13,down,85,0.06493096142737237,0.9350690385726277,3.120560952423517
I13,down,86,0.0645829244659593,0.9354170755340407,3.1208021938267816
I13,down,87,0.06558123955273583,0.9344187604472641,3.120109431838774
I13,down,88,0.06697911881202065,0.9330208811879793,3.1191353606882952
I13,down,89,0.0653714440691579,0.934628555930842,3.12025521460475
I13,down,90,0.0617835689894261,0.938216431010574,3.122732006537994
I13,down,91,0.061501317986079496,0.9384986820139205,3.1229255457056944
I13,down,92,0.0634254219342463,0.9365745780657537,3.1216024234890636
I13,down,93,0.06188550433758231,0.9381144956624177,3.122662062980729
I13,down,94,0.06283306266854614,0.9371669373314538,3.1220107046948584
I13,down,95,0.0632552297366371,0.9367447702633629,3.121719813691791
I13,down,96,0.06382259652372388,0.9361774034762761,3.1213282022226787
I13,down,97,0.061884521042290065,0.93811547895771,3.12266273779296
I13,down,98,0.05895256766962051,0.9410474323303795,3.1246646595625975
I13,down,99,0.06076473332983757,0.9392352666701624,3.123429728738911
I13,down,100,0.05983319307396657,0.9401668069260334,3.124065513021347
I14,right,1,0.759267217926266,0.24073278207373405,1.4444730885591408
I14,right,2,0.5048538247184926,0.4951461752815074,2.4363051728439142
I14,right,3,0.40971877211842334,0.5902812278815767,2.6713819794025158
I14,right,4,0.34533022835036525,0.6546697716496348,2.7967957752234858
I14,right,5,0.3039425370160783,0.6960574629839217,2.865125004841798
I14,right,6,0.2777648949132869,0.7222351050867131,2.903913666784245
I14,right,7,0.25943257493605404,0.740567425063946,2.929187264124555
I14,right,8,0.24557269072471688,0.7544273092752831,2.9473161754767236
I14,right,9,0.23372211750664806,0.7662778824933519,2.962175862441037
I14,right,10,0.22456191813932014,0.7754380818606799,2.9732704795890035
I14,right,11,0.21830276349850886,0.7816972365014911,2.9806602111896083
I14,right,12,0.21177252483747291,0.7882274751625271,2.9882080468028054
I14,right,13,0.2044384607348171,0.7955615392651829,2.9964916700920625
I14,right,14,0.19774351749711064,0.8022564825028894,3.003878476274986
I14,right,15,0.19464264677412613,0.8053573532258739,3.0072441730055326
I14,right,16,0.19266733884117448,0.8073326611588255,3.0093700339905114
I14,right,17,0.19048127169113624,0.8095187283088637,3.011706374473577
I14,right,18,0.19011728099826836,0.8098827190017317,3.0120937264128145
I14,right,19,0.18778151047180014,0.8122184895281999,3.0145681863545812
I14,right,20,0.18529201826288358,0.8147079817371164,3.0171842289796516
I14,right,21,0.18329595751299296,0.816704042487007,3.01926601494778
I14,right,22,0.17953251522734529,0.8204674847726547,3.0231532921655795
I14,right,23,0.176145865448665,0.823854134551335,3.026609545730616
I14,right,24,0.17497564861382767,0.8250243513861724,3.027794678507756
I14,right,25,0.17422337675078872,0.8257766232492113,3.0285540749417006
I14,right,26,0.17189525717313708,0.8281047428268629,3.030892077313343
I14,right,27,0.16979641744648474,0.8302035825535152,3.032984146830601
I14,right,28,0.16895366524968358,0.8310463347503164,3.0338200195427403
I14,right,29,0.16835087675583674,0.8316491232441633,3.034416430130382
I14,right,30,0.16693728828146306,0.833062711718537,3.035810308849994
I14,right,31,0.16486953049930259,0.8351304695006974,3.03783728183999
I14,right,32,0.16294419808093621,0.8370558019190638,3.0397119424829393
I14,right,33,0.16056159287154967,0.8394384071284503,3.042015001226157
I14,right,34,0.1587171219166081,0.8412828780833919,3.0437851808037735
I14,right,35,0.1594278920785799,0.8405721079214201,3.043104347935822
I14,right,36,0.1605586284122774,0.8394413715877226,3.042017855161582
I14,right,37,0.1584599353844145,0.8415400646155855,3.0440311312392607
I14,right,38,0.15547313043697802,0.8445268695630219,3.0468718053698822
I14,right,39,0.15408037175397582,0.8459196282460242,3.0481866225744634
I14,right,40,0.15337337047202407,0.846626629527976,3.0488516860386
I14,right,41,0.15306211588817648,0.8469378841118236,3.0491439723756075
I14,right,42,0.15162423288313168,0.8483757671168684,3.0504902294455993
I14,right,43,0.14837362515091135,0.8516263748490887,3.05350958831571
I14,right,44,0.14497261522206012,0.8550273847779399,3.056633158816009
I14,right,45,0.1436957146831432,0.8563042853168568,3.057796601089442
I14,right,46,0.14346020321158676,0.8565397967884132,3.058010634915111
I14,right,47,0.14398304735002893,0.856016952649971,3.0575352396130215
I14,right,48,0.1448723783022486,0.8551276216977514,3.0567246720976495
I14,right,49,0.14594845469082388,0.8540515453091762,3.055740615043371
I14,right,50,0.1468258349471055,0.8531741650528946,3.0549355943373806
I14,right,51,0.14739129545263235,0.8526087045473676,3.0544154950393674
I14,right,52,0.14718640172570813,0.8528135982742919,3.0546040676788184
I14,right,53,0.1456886985808709,0.854311301419129,3.0559784881897185
I14,right,54,0.14561570814710592,0.8543842918528941,3.0560452917985668
I14,right,55,0.14651835193640603,0.853481648063594,3.0552179918232873
I14,right,56,0.14726338461263178,0.8527366153873682,3.054533232366339
I14,right,57,0.146661256058093,0.853338743941907,3.05508678302098
I14,right,58,0.14519678052270396,0.8548032194772961,3.056428389747384
I14,right,59,0.1445708325900645,0.8554291674099355,3.056999786224881
I14,right,60,0.14339096827574954,0.8566090317242505,3.05807352330957
I14,right,61,0.1426872228694517,0.8573127771305483,3.0587119188044767
I14,right,62,0.14398536757913324,0.8560146324208667,3.0575331280629934
I14,right,63,0.1450084113171024,0.8549915886828976,3.056600470502282
I14,right,64,0.14419813266941958,0.8558018673305804,3.057339428004542
I14,right,65,0.14133117554737604,0.8586688244526239,3.0599377404733072
I14,right,66,0.13882822055359093,0.8611717794464091,3.062185519461419
I14,right,67,0.13807764576491635,0.8619223542350837,3.062855847058268
I14,right,68,0.13777893698090274,0.8622210630190973,3.0631221431154705
I14,right,69,0.13725203125528254,0.8627479687447175,3.0635912143507236
I14,right,70,0.13711495355512213,0.8628850464448778,3.063713108059937
I14,right,71,0.13509417463227577,0.8649058253677242,3.0655034539279598
I14,right,72,0.13413542773517886,0.8658645722648212,3.0663485681738942
I14,right,73,0.1342360890220341,0.8657639109779659,3.066259967250044
I14,right,74,0.13416964838589396,0.865830351614106,3.0663184509578354
I14,right,75,0.1344833141179161,0.865516685882084,3.066042233380087
I14,right,76,0.13502602448703405,0.864973975512966,3.0655636180469905
I14,right,77,0.13496634057716517,0.8650336594228348,3.065616296544964
I14,right,78,0.133786652702938,0.866213347297062,3.0666553208049967
I14,right,79,0.1331602679604837,0.8668397320395163,3.067205319663519
I14,right,80,0.13391323521520526,0.8660867647847947,3.066544031861385
I14,right,81,0.13402097666722904,0.865979023332771,3.0664492697567853
I14,right,82,0.13392287111265974,0.8660771288873402,3.0665355581947553
I14,right,83,0.133441755205108,0.866558244794892,3.0669583044096296
I14,right,84,0.13311556706617986,0.8668844329338201,3.0672445244953437
I14,right,85,0.13224062223813624,0.8677593777618637,3.0680106904098885
I14,right,86,0.13308054397870983,0.8669194560212902,3.0672752372483547
I14,right,87,0.13619186113455423,0.8638081388654457,3.0645324689035673
I14,right,88,0.13895027444974048,0.8610497255502595,3.0620763527619843
I14,right,89,0.14048446886707816,0.8595155311329219,3.0607002706605773
I14,right,90,0.14003637396756607,0.8599636260324339,3.061102928965875
I14,right,91,0.1376676283589876,0.8623323716410124,3.063221304403428
I14,right,92,0.13602642948529886,0.8639735705147011,3.0646790381087703
I14,right,93,0.13572078236741367,0.8642792176325863,3.0649496181259837
I14,right,94,0.1336741125589323,0.8663258874410678,3.0667542236193377
I14,right,95,0.13195840458575245,0.8680415954142475,3.068257333372742
I14,right,96,0.13175786296278355,0.8682421370372164,3.0684324515794046
I14,right,97,0.13192447223547435,0.8680755277645257,3.0682869724163444
I14,right,98,0.1323600690606863,0.8676399309393137,3.0679062287803394
I14,right,99,0.13332452052974214,0.8666754794702578,3.0670612109095554
I14,right,100,0.1345779137054311,0.865422086294569,3.0659588699022757
I14,left,1,0.759267217926266,0.24073278207373405,1.4444730885591408
I14,left,2,0.5048538247184926,0.4951461752815074,2.4363051728439142
I14,left,3,0.40971877211842334,0.5902812278815767,2.6713819794025158
I14,left,4,0.34533022835036525,0.6546697716496348,2.7967957752234858
I14,left,5,0.3039425370160783,0.6960574629839217,2.865125004841798
I14,left,6,0.2777648949132869,0.7222351050867131,2.903913666784245
I14,left,7,0.25943257493605404,0.740567425063946,2.929187264124555
I14,left,8,0.24557269072471688,0.7544273092752831,2.9473161754767236
I14,left,9,0.23372211750664806,0.7662778824933519,2.962175862441037
I14,left,10,0.22456191813932014,0.7754380818606799,2.9732704795890035
I14,left,11,0.21830276349850886,0.7816972365014911,2.9806602111896083
I14,left,12,0.21177252483747291,0.7882274751625271,2.9882080468028054
I14,left,13,0.2044384607348171,0.7955615392651829,2.9964916700920625
I14,left,14,0.19774351749711064,0.8022564825028894,3.003878476274986
I14,left,15,0.19464264677412613,0.8053573532258739,3.0072441730055326
I14,left,16,0.19266733884117448,0.8073326611588255,3.0093700339905114
I14,left,17,0.19048127169113624,0.8095187283088637,3.011706374473577
I14,left,18,0.19011728099826836,0.8098827190017317,3.0120937264128145
I14,left,19,0.18778151047180014,0.8122184895281999,3.0145681863545812
I14,left,20,0.18529201826288358,0.8147079817371164,3.0171842289796516
I14,left,21,0.18329595751299296,0.816704042487007,3.01926601494778
I14,left,22,0.17953251522734529,0.8204674847726547,3.0231532921655795
I14,left,23,0.176145865448665,0.823854134551335,3.026609545730616
I14,left,24,0.17497564861382767,0.8250243513861724,3.027794678507756
I14,left,25,0.17422337675078872,0.8257766232492113,3.0285540749417006
I14,left,26,0.17189525717313708,0.8281047428268629,3.030892077313343
I14,left,27,0.16979641744648474,0.8302035825535152,3.032984146830601
I14,left,28,0.16895366524968358,0.8310463347503164,3.0338200195427403
I14,left,29,0.16835087675583674,0.8316491232441633,3.034416430130382
I14,left,30,0.16693728828146306,0.833062711718537,3.035810308849994
I14,left,31,0.16486953049930259,0.8351304695006974,3.03783728183999
I14,left,32,0.16294419808093621,0.8370558019190638,3.0397119424829393
I14,left,33,0.16056159287154967,0.8394384071284503,3.042015001226157
I14,left,34,0.1587171219166081,0.8412828780833919,3.0437851808037735
I14,left,35,0.1594278920785799,0.8405721079214201,3.043104347935822
I14,left,36,0.1605586284122774,0.8394413715877226,3.042017855161582
I14,left,37,0.1584599353844145,0.8415400646155855,3.0440311312392607
I14,left,38,0.15547313043697802,0.8445268695630219,3.0468718053698822
I14,left,39,0.15408037175397582,0.8459196282460242,3.0481866225744634
I14,left,40,0.15337337047202407,0.846626629527976,3.0488516860386
I14,left,41,0.15306211588817648,0.8469378841118236,3.0491439723756075
I14,left,42,0.15162423288313168,0.8483757671168684,3.0504902294455993
I14,left,43,0.14837362515091135,0.8516263748490887,3.05350958831571
I14,left,44,0.14497261522206012,0.8550273847779399,3.056633158816009
I14,left,45,0.1436957146831432,0.8563042853168568,3.057796601089442
I14,left,46,0.14346020321158676,0.8565397967884132,3.058010634915111
I14,left,47,0.14398304735002893,0.856016952649971,3.0575352396130215
I14,left,48,0.1448723783022486,0.8551276216977514,3.0567246720976495
I14,left,49,0.14594845469082388,0.8540515453091762,3.055740615043371
I14,left,50,0.1468258349471055,0.8531741650528946,3.0549355943373806
I14,left,51,0.14739129545263235,0.8526087045473676,3.0544154950393674
I14,left,52,0.14718640172570813,0.8528135982742919,3.0546040676788184
I14,left,53,0.1456886985808709,0.854311301419129,3.0559784881897185
I14,left,54,0.14561570814710592,0.8543842918528941,3.0560452917985668
I14,left,55,0.14651835193640603,0.853481648063594,3.0552179918232873
I14,left,56,0.14726338461263178,0.8527366153873682,3.054533232366339
I14,left,57,0.146661256058093,0.853338743941907,3.05508678302098
I14,left,58,0.14519678052270396,0.8548032194772961,3.056428389747384
I14,left,59,0.1445708325900645,0.8554291674099355,3.056999786224881
I14,left,60,0.14339096827574954,0.8566090317242505,3.05807352330957
I14,left,61,0.1426872228694517,0.8573127771305483,3.0587119188044767
I14,left,62,0.14398536757913324,0.8560146324208667,3.0575331280629934
I14,left,63,0.1450084113171024,0.8549915886828976,3.056600470502282
I14,left,64,0.14419813266941958,0.8558018673305804,3.057339428004542
I14,left,65,0.14133117554737604,0.8586688244526239,3.0599377404733072
I14,left,66,0.13882822055359093,0.8611717794464091,3.062185519461419
I14,left,67,0.13807764576491635,0.8619223542350837,3.062855847058268
I14,left,68,0.13777893698090274,0.8622210630190973,3.0631221431154705
I14,left,69,0.13725203125528254,0.8627479687447175,3.0635912143507236
I14,left,70,0.13711495355512213,0.8628850464448778,3.063713108059937
I14,left,71,0.13509417463227577,0.8649058253677242,3.0655034539279598
I14,left,72,0.13413542773517886,0.8658645722648212,3.0663485681738942
I14,left,73,0.1342360890220341,0.8657639109779659,3.066259967250044
I14,left,74,0.13416964838589396,0.865830351614106,3.0663184509578354
I14,left,75,0.1344833141179161,0.865516685882084,3.066042233380087
I14,left,76,0.13502602448703405,0.864973975512966,3.0655636180469905
I14,left,77,0.13496634057716517,0.8650336594228348,3.065616296544964
I14,left,78,0.133786652702938,0.866213347297062,3.0666553208049967
I14,left,79,0.1331602679604837,0.8668397320395163,3.067205319663519
I14,left,80,0.13391323521520526,0.8660867647847947,3.066544031861385
I14,left,81,0.13402097666722904,0.865979023332771,3.0664492697567853
I14,left,82,0.13392287111265974,0.8660771288873402,3.0665355581947553
I14,left,83,0.133441755205108,0.866558244794892,3.0669583044096296
I14,left,84,0.13311556706617986,0.8668844329338201,3.0672445244953437
I14,left,85,0.13224062223813624,0.8677593777618637,3.0680106904098885
I14,left,86,0.13308054397870983,0.8669194560212902,3.0672752372483547
I14,left,87,0.13619186113455423,0.8638081388654457,3.0645324689035673
I14,left,88,0.13895027444974048,0.8610497255502595,3.0620763527619843
I14,left,89,0.14048446886707816,0.8595155311329219,3.0607002706605773
I14,left,90,0.14003637396756607,0.8599636260324339,3.061102928965875
I14,left,91,0.1376676283589876,0.8623323716410124,3.063221304403428
I14,left,92,0.13602642948529886,0.8639735705147011,3.0646790381087703
I14,left,93,0.13572078236741367,0.8642792176325863,3.0649496181259837
I14,left,94,0.1336741125589323,0.8663258874410678,3.0667542236193377
I14,left,95,0.13195840458575245,0.8680415954142475,3.068257333372742
I14,left,96,0.13175786296278355,0.8682421370372164,3.0684324515794046
I14,left,97,0.13192447223547435,0.8680755277645257,3.0682869724163444
I14,left,98,0.1323600690606863,0.8676399309393137,3.0679062287803394
I14,left,99,0.13332452052974214,0.8666754794702578,3.0670612109095554
I14,left,100,0.1345779137054311,0.865422086294569,3.0659588699022757
I14,up,1,0.6389691765521494,0.36103082344785065,1.9843032737009185
I14,up,2,0.31920162206260977,0.6807983779373903,2.840968284975821
I14,up,3,0.25673222658667766,0.7432677734133224,2.932784157200424
I14,up,4,0.21521804682835777,0.7847819531716422,2.984246034747147
I14,up,5,0.19407017250344777,0.8059298274965523,3.007861727821931
I14,up,6,0.18214725268703602,0.817852747312964,3.0204577380385667
I14,up,7,0.17143133192843407,0.8285686680715659,3.0313557823964716
I14,up,8,0.16549194338258488,0.8345080566174151,3.037228635034335
I14,up,9,0.16456359267347426,0.8354364073265257,3.038135984037872
I14,up,10,0.16353502920097335,0.8364649707990266,3.0391379586812306
I14,up,11,0.15951867549486962,0.8404813245051304,3.043017270192407
I14,up,12,0.1542512703349781,0.8457487296650219,3.0480256218491997
I14,up,13,0.15027118765158826,0.8497288123484117,3.051751068931061
I14,up,14,0.14985754364739468,0.8501424563526053,3.0521353698471323
I14,up,15,0.14971047554086542,0.8502895244591346,3.0522718752076523
I14,up,16,0.1494937171592723,0.8505062828407277,3.052472941290506
I14,up,17,0.15094834516854308,0.849051654831457,3.0511207814622745
I14,up,18,0.1510787634075173,0.8489212365924828,3.050999223742477
I14,up,19,0.1507437743159133,0.8492562256840868,3.0513113455387577
I14,up,20,0.15135786433219306,0.8486421356678069,3.0507389038461117
I14,up,21,0.15278177167698961,0.8472182283230104,3.0494069679988574
I14,up,22,0.15296115384442305,0.8470388461555769,3.0492387153908425
I14,up,23,0.1498125259913178,0.8501874740086822,3.0521771614792197
I14,up,24,0.1435757835407495,0.8564242164592505,3.057905616448818
I14,up,25,0.13535678473410379,0.8646432152658963,3.0652714864345736
I14,up,26,0.12676698784116885,0.8732330121588312,3.0727522104382814
I14,up,27,0.12405477408025334,0.8759452259197467,3.0750690045878226
I14,up,28,0.1251755964927685,0.8748244035072315,3.074114193239552
I14,up,29,0.1265513469757947,0.8734486530242053,3.0729371996182318
I14,up,30,0.12800357476248278,0.8719964252375172,3.071688758482103
I14,up,31,0.1254019174000555,0.8745980825999445,3.073920949492657
I14,up,32,0.12209188514777726,0.8779081148522228,3.076732366285311
I14,up,33,0.1234213484687861,0.876578651531214,3.0756069936356676
I14,up,34,0.12456961883881715,0.8754303811611829,3.074630870669572
I14,up,35,0.12183062648421258,0.8781693735157874,3.076952916994382
I14,up,36,0.11931867431002378,0.8806813256899763,3.0790634359784317
I14,up,37,0.1188958683984436,0.8811041316015564,3.0794168923279885
I14,up,38,0.11931808748754717,0.8806819125124529,3.079063926903724
I14,up,39,0.11951421761091648,0.8804857823890835,3.078899792969639
I14,up,40,0.11791449729294227,0.8820855027070578,3.0802353267275944
I14,up,41,0.11573427627230955,0.8842657237276904,3.0820437492823345
I14,up,42,0.11674859333618855,0.8832514066638114,3.081204086670583
I14,up,43,0.1169046850598824,0.8830953149401176,3.0810746129311744
I14,up,44,0.11334448147534897,0.8866555185246511,3.0840105429276656
I14,up,45,0.11108795689744526,0.8889120431025548,3.0858529174279363
I14,up,46,0.11121093236720134,0.8887890676327986,3.0857528792551134
I14,up,47,0.11211746458233587,0.8878825354176642,3.0850141288335102
I14,up,48,0.11246552849056586,0.8875344715094341,3.0847298739000264
I14,up,49,0.11110683983832871,0.8888931601616713,3.0858375592630125
I14,up,50,0.10933525502291305,0.8906647449770869,3.0872741269382864
I14,up,51,0.10839748524783607,0.8916025147521639,3.0880310299936538
I14,up,52,0.10774653321297004,0.89225346678703,3.0885550022691985
I14,up,53,0.10519917757764023,0.8948008224223598,3.0905942247021896
I14,up,54,0.10233351884953308,0.8976664811504669,3.092867019957442
I14,up,55,0.09976886438584356,0.9002311356141565,3.0948821787110337
I14,up,56,0.09815384273587086,0.9018461572641292,3.0961420754346456
I14,up,57,0.09764793032565493,0.9023520696743451,3.096535304958424
I14,up,58,0.09843599755271543,0.9015640024472846,3.0959224678550346
I14,up,59,0.10031280624477044,0.8996871937552295,3.094456264654541
I14,up,60,0.10210335793841908,0.8978966420615809,3.093048594224368
I14,up,61,0.10421837032676527,0.8957816296732347,3.0913746385520344
I14,up,62,0.10276826408018536,0.8972317359198146,3.092523656470747
I14,up,63,0.10071942267591594,0.8992805773240841,3.0941373572575595
I14,up,64,0.0986988644126308,0.9013011355873692,3.0957176805259676
I14,up,65,0.09720626868169953,0.9027937313183004,3.0968780348937273
I14,up,66,0.09793427660890947,0.9020657233910905,3.0963128212796924
I14,up,67,0.09984694381169999,0.9001530561883,3.094821090423565
I14,up,68,0.10117630533698571,0.8988236946630143,3.0937784936326818
I14,up,69,0.10091971923978453,0.8990802807602155,3.093980101501817
I14,up,70,0.10451912141111748,0.8954808785888825,3.091135614966139
I14,up,71,0.10893185781477853,0.8910681421852215,3.087600020043001
I14,up,72,0.10871131920892488,0.8912886807910751,3.0877779961536866
I14,up,73,0.10830295390752968,0.8916970460924704,3.088107194033239
I14,up,74,0.11022689219816176,0.8897731078018383,3.0865521954744635
I14,up,75,0.11036785858646886,0.8896321414135311,3.0864378568737036
I14,up,76,0.10747876366117759,0.8925212363388224,3.0887701988153733
I14,up,77,0.10431807432777984,0.8956819256722202,3.091295425624704
I14,up,78,0.10042880521793908,0.8995711947820609,3.0943653326721545
I14,up,79,0.09697597482976295,0.903024025170237,3.0970565365536773
I14,up,80,0.09538116091248501,0.904618839087515,3.0982888058323876
I14,up,81,0.09750695456666442,0.9024930454333355,3.0966447589403865
I14,up,82,0.10068374778390626,0.8993162522160938,3.094165354768748
I14,up,83,0.1000599224185449,0.8999400775814551,3.094654375371812
I14,up,84,0.09777037149445605,0.902229628505544,3.0964401981681977
I14,up,85,0.09777268998671249,0.9022273100132875,3.0964383968809477
I14,up,86,0.09846318129759438,0.9015368187024057,3.095901298854562
I14,up,87,0.0973318765125964,0.9026681234874037,3.096780616103766
I14,up,88,0.09397803265673006,0.9060219673432699,3.0993673808780455
I14,up,89,0.09340098183485163,0.9065990181651484,3.0998094448309192
I14,up,90,0.09665370595281635,0.9033462940471837,3.097306090888522
I14,up,91,0.09792656082132126,0.9020734391786788,3.096318819123489
I14,up,92,0.09772032318576553,0.9022796768142345,3.0964790782869205
I14,up,93,0.09788309848357282,0.9021169015164272,3.096352601462174
I14,up,94,0.0979485855463783,0.9020514144536217,3.0963016978493725
I14,up,95,0.09739755698073709,0.902602443019263,3.0967296589369386
I14,up,96,0.09622543468184906,0.9037745653181509,3.097637301664907
I14,up,97,0.09614915733271497,0.903850842667285,3.097696240798056
I14,up,98,0.09504000570424849,0.9049599942957515,3.098551529435275
I14,up,99,0.09168274688495372,0.9083172531150463,3.101120546212589
I14,up,100,0.09117388072620303,0.908826119273797,3.1015073489219533
I14,down,1,0.6389691765521494,0.36103082344785065,1.9843032737009185
I14,down,2,0.31920162206260977,0.6807983779373903,2.840968284975821
I14,down,3,0.25673222658667766,0.7432677734133224,2.932784157200424
I14,down,4,0.21521804682835777,0.7847819531716422,2.984246034747147
I14,down,5,0.19407017250344777,0.8059298274965523,3.007861727821931
I14,down,6,0.18214725268703602,0.817852747312964,3.0204577380385667
I14,down,7,0.17143133192843407,0.8285686680715659,3.0313557823964716
I14,down,8,0.16549194338258488,0.8345080566174151,3.037228635034335
I14,down,9,0.16456359267347426,0.8354364073265257,3.038135984037872
I14,down,10,0.16353502920097335,0.8364649707990266,3.0391379586812306
I14,down,11,0.15951867549486962,0.8404813245051304,3.043017270192407
I14,down,12,0.1542512703349781,0.8457487296650219,3.0480256218491997
I14,down,13,0.15027118765158826,0.8497288123484117,3.051751068931061
I14,down,14,0.14985754364739468,0.8501424563526053,3.0521353698471323
I14,down,15,0.14971047554086542,0.8502895244591346,3.0522718752076523
I14,down,16,0.1494937171592723,0.8505062828407277,3.052472941290506
I14,down,17,0.15094834516854308,0.849051654831457,3.0511207814622745
I14,down,18,0.1510787634075173,0.8489212365924828,3.050999223742477
I14,down,19,0.1507437743159133,0.8492562256840868,3.0513113455387577
I14,down,20,0.15135786433219306,0.8486421356678069,3.0507389038461117
I14,down,21,0.15278177167698961,0.8472182283230104,3.0494069679988574
I14,down,22,0.15296115384442305,0.8470388461555769,3.0492387153908425
I14,down,23,0.1498125259913178,0.8501874740086822,3.0521771614792197
I14,down,24,0.1435757835407495,0.8564242164592505,3.057905616448818
I14,down,25,0.13535678473410379,0.8646432152658963,3.0652714864345736
I14,down,26,0.12676698784116885,0.8732330121588312,3.0727522104382814
I14,down,27,0.12405477408025334,0.8759452259197467,3.0750690045878226
I14,down,28,0.1251755964927685,0.8748244035072315,3.074114193239552
I14,down,29,0.1265513469757947,0.8734486530242053,3.0729371996182318
I14,down,30,0.12800357476248278,0.8719964252375172,3.071688758482103
I14,down,31,0.1254019174000555,0.8745980825999445,3.073920949492657
I14,down,32,0.12209188514777726,0.8779081148522228,3.076732366285311
I14,down,33,0.1234213484687861,0.876578651531214,3.0756069936356676
I14,down,34,0.12456961883881715,0.8754303811611829,3.074630870669572
I14,down,35,0.12183062648421258,0.8781693735157874,3.076952916994382
I14,down,36,0.11931867431002378,0.8806813256899763,3.0790634359784317
I14,down,37,0.1188958683984436,0.8811041316015564,3.0794168923279885
I14,down,38,0.11931808748754717,0.8806819125124529,3.079063926903724
I14,down,39,0.11951421761091648,0.8804857823890835,3.078899792969639
I14,down,40,0.11791449729294227,0.8820855027070578,3.0802353267275944
I14,down,41,0.11573427627230955,0.8842657237276904,3.0820437492823345
I14,down,42,0.11674859333618855,0.8832514066638114,3.081204086670583
I14,down,43,0.1169046850598824,0.8830953149401176,3.0810746129311744
I14,down,44,0.11334448147534897,0.8866555185246511,3.0840105429276656
I14,down,45,0.11108795689744526,0.8889120431025548,3.0858529174279363
I14,down,46,0.11121093236720134,0.8887890676327986,3.0857528792551134
I14,down,47,0.11211746458233587,0.8878825354176642,3.0850141288335102
I14,down,48,0.11246552849056586,0.8875344715094341,3.0847298739000264
I14,down,49,0.11110683983832871,0.8888931601616713,3.0858375592630125
I14,down,50,0.10933525502291305,0.8906647449770869,3.0872741269382864
I14,down,51,0.10839748524783607,0.8916025147521639,3.0880310299936538
I14,down,52,0.10774653321297004,0.89225346678703,3.0885550022691985
I14,down,53,0.10519917757764023,0.8948008224223598,3.0905942247021896
I14,down,54,0.10233351884953308,0.8976664811504669,3.092867019957442
I14,down,55,0.09976886438584356,0.9002311356141565,3.0948821787110337
I14,down,56,0.09815384273587086,0.9018461572641292,3.0961420754346456
I14,down,57,0.09764793032565493,0.9023520696743451,3.096535304958424
I14,down,58,0.09843599755271543,0.9015640024472846,3.0959224678550346
I14,down,59,0.10031280624477044,0.8996871937552295,3.094456264654541
I14,down,60,0.10210335793841908,0.8978966420615809,3.093048594224368
I14,down,61,0.10421837032676527,0.8957816296732347,3.0913746385520344
I14,down,62,0.10276826408018536,0.8972317359198146,3.092523656470747
I14,down,63,0.10071942267591594,0.8992805773240841,3.0941373572575595
I14,down,64,0.0986988644126308,0.9013011355873692,3.0957176805259676
I14,down,65,0.09720626868169953,0.9027937313183004,3.0968780348937273
I14,down,66,0.09793427660890947,0.9020657233910905,3.0963128212796924
I14,down,67,0.09984694381169999,0.9001530561883,3.094821090423565
I14,down,68,0.10117630533698571,0.8988236946630143,3.0937784936326818
I14,down,69,0.10091971923978453,0.8990802807602155,3.093980101501817
I14,down,70,0.10451912141111748,0.8954808785888825,3.091135614966139
I14,down,71,0.10893185781477853,0.8910681421852215,3.087600020043001
I14,down,72,0.10871131920892488,0.8912886807910751,3.0877779961536866
I14,down,73,0.10830295390752968,0.8916970460924704,3.088107194033239
I14,down,74,0.11022689219816176,0.8897731078018383,3.0865521954744635
I14,down,75,0.11036785858646886,0.8896321414135311,3.0864378568737036
I14,down,76,0.10747876366117759,0.8925212363388224,3.0887701988153733
I14,down,77,0.10431807432777984,0.8956819256722202,3.091295425624704
I14,down,78,0.10042880521793908,0.8995711947820609,3.0943653326721545
I14,down,79,0.09697597482976295,0.903024025170237,3.0970565365536773
I14,down,80,0.09538116091248501,0.904618839087515,3.0982888058323876
I14,down,81,0.09750695456666442,0.9024930454333355,3.0966447589403865
I14,down,82,0.10068374778390626,0.8993162522160938,3.094165354768748
I14,down,83,0.1000599224185449,0.8999400775814551,3.094654375371812
I14,down,84,0.09777037149445605,0.902229628505544,3.0964401981681977
I14,down,85,0.09777268998671249,0.9022273100132875,3.0964383968809477
I14,down,86,0.09846318129759438,0.9015368187024057,3.095901298854562
I14,down,87,0.0973318765125964,0.9026681234874037,3.096780616103766
I14,down,88,0.09397803265673006,0.9060219673432699,3.0993673808780455
I14,down,89,0.09340098183485163,0.9065990181651484,3.0998094448309192
I14,down,90,0.09665370595281635,0.9033462940471837,3.097306090888522
I14,down,91,0.09792656082132126,0.9020734391786788,3.096318819123489
I14,down,92,0.09772032318576553,0.9022796768142345,3.0964790782869205
I14,down,93,0.09788309848357282,0.9021169015164272,3.096352601462174
I14,down,94,0.0979485855463783,0.9020514144536217,3.0963016978493725
I14,down,95,0.09739755698073709,0.902602443019263,3.0967296589369386
I14,down,96,0.09622543468184906,0.9037745653181509,3.097637301664907
I14,down,97,0.09614915733271497,0.903850842667285,3.097696240798056
I14,down,98,0.09504000570424849,0.9049599942957515,3.098551529435275
I14,down,99,0.09168274688495372,0.9083172531150463,3.101120546212589
I14,down,100,0.09117388072620303,0.908826119273797,3.1015073489219533
I15,right,1,0.7956177154262413,0.20438228457375873,1.256635294005287
I15,right,2,0.6301234046529879,0.3698765953470121,2.018890850231217
I15,right,3,0.596547547066308,0.40345245293369203,2.1438683743901823
I15,right,4,0.5740816450432992,0.42591835495670083,2.2220048724571315
I15,right,5,0.5618157793796801,0.4381842206203199,2.2628478101846774
I15,right,6,0.5485347078741383,0.45146529212586173,2.3056492214825877
I15,right,7,0.5330478038161298,0.4669521961838702,2.3537242006499293
I15,right,8,0.5192005939504314,0.4807994060495686,2.3950683518552225
I15,right,9,0.5113732701980543,0.48862672980194566,2.417765817975562
I15,right,10,0.5052329275353087,0.4947670724646913,2.435236147524817
I15,right,11,0.49682354267046885,0.5031764573295312,2.4586897614230576
I15,right,12,0.4872469893409712,0.5127530106590288,2.4847423320110327
I15,right,13,0.47831093260620267,0.5216890673937973,2.508431943439252
I15,right,14,0.47132809564207473,0.5286719043579253,2.526532920167104
I15,right,15,0.4651304723541181,0.5348695276458819,2.5423007967247857
I15,right,16,0.4598435441088536,0.5401564558911465,2.5555330161541026
I15,right,17,0.4538995713876252,0.5461004286123747,2.5701719525040083
I15,right,18,0.4496796977081943,0.5503203022918057,2.5804135329924707
I15,right,19,0.44812407022531353,0.5518759297746865,2.5841575920044804
I15,right,20,0.44697400314599856,0.5530259968540014,2.5869147199070133
I15,right,21,0.446078699549633,0.553921300450367,2.589054726553499
I15,right,22,0.44217886944055257,0.5578211305594474,2.5983116327102076
I15,right,23,0.4362133905396283,0.5637866094603716,2.6122695976409984
I15,right,24,0.43117512042091766,0.5688248795790823,2.6238696474986485
I15,right,25,0.4276962815507026,0.5723037184492974,2.6317795863174434
I15,right,26,0.4263907085496583,0.5736092914503417,2.634727234306663
I15,right,27,0.4247901928549198,0.5752098071450802,2.638325315744556
I15,right,28,0.42225068828793433,0.5777493117120657,2.643999480885724
I15,right,29,0.4206280969511579,0.5793719030488421,2.647602649066541
I15,right,30,0.4184684049782045,0.5815315950217955,2.6523716866043046
I15,right,31,0.41706167885594114,0.5829383211440589,2.6554616063981538
I15,right,32,0.41597395223968875,0.5840260477603112,2.6578419850535795
I15,right,33,0.4146380155168702,0.5853619844831298,2.6607550167176237
I15,right,34,0.4104980669377537,0.5895019330622463,2.669708874351577
I15,right,35,0.40649699387318267,0.5935030061268174,2.6782576925669384
I15,right,36,0.4040657263637335,0.5959342736362665,2.683402550765229
I15,right,37,0.4028203581903321,0.597179641809668,2.686023385971077
I15,right,38,0.40075200499505625,0.5992479950049437,2.690354530972659
I15,right,39,0.3979883277540253,0.6020116722459747,2.6960997304473775
I15,right,40,0.396388736579587,0.6036112634204129,2.6994031772531697
I15,right,41,0.3945202327054656,0.6054797672945345,2.7032418128848166
I15,right,42,0.39181993547553257,0.6081800645244675,2.7087510673792004
I15,right,43,0.3889924337809331,0.6110075662190668,2.714471717973603
I15,right,44,0.3866011310376792,0.6133988689623209,2.719271647701234
I15,right,45,0.3832833770673569,0.6167166229326431,2.7258736047303405
I15,right,46,0.38131592378372,0.61868407621628,2.7297571908775335
I15,right,47,0.37959258474923807,0.6204074152507619,2.733139800335959
I15,right,48,0.37758961138419656,0.6224103886158034,2.7370489518654963
I15,right,49,0.376575154003341,0.6234248459966589,2.739019718261688
I15,right,50,0.37348195337002066,0.6265180466299793,2.744991130571112
I15,right,51,0.3700786856810019,0.6299213143189981,2.7514959391823526
I15,right,52,0.36794331368357347,0.6320566863164265,2.755542735712382
I15,right,53,0.3666356213463487,0.6333643786536514,2.758007865417171
I15,right,54,0.3665474586912072,0.6334525413087928,2.7581737034477456
I15,right,55,0.36686169165766236,0.6331383083423376,2.757582410626953
I15,right,56,0.36626879508712196,0.633731204912878,2.758697586172297
I15,right,57,0.36421355665669475,0.6357864433433053,2.7625475174822425
I15,right,58,0.36302360183049487,0.6369763981695051,2.7647654317458645
I15,right,59,0.361021819068906,0.6389781809310939,2.7684781253783255
I15,right,60,0.35913265714818926,0.6408673428518108,2.7719609093426545
I15,right,61,0.3583069463294659,0.6416930536705341,2.773476767621026
I15,right,62,0.3572513491969888,0.6427486508030111,2.7754090135109664
I15,right,63,0.35577173138581414,0.6442282686141858,2.7781067902545535
I15,right,64,0.3547599029866599,0.6452400970133401,2.7799445276130106
I15,right,65,0.35417635371652556,0.6458236462834744,2.7810017777250087
I15,right,66,0.35274821409588325,0.6472517859041167,2.7835811452782693
I15,right,67,0.35253305264733803,0.647466947352662,2.7839687569949536
I15,right,68,0.3532217923658595,0.6467782076341405,2.7827270831664688
I15,right,69,0.3524423694480033,0.6475576305519968,2.784132044383333
I15,right,70,0.3522693806267026,0.6477306193732975,2.7844434064525343
I15,right,71,0.35182582382070965,0.6481741761792903,2.7852409975868992
I15,right,72,0.3513480197151603,0.6486519802848397,2.786098940150329
I15,right,73,0.3512635200019684,0.6487364799980315,2.78625053463443
I15,right,74,0.35077487864427226,0.6492251213557277,2.787126386953452
I15,right,75,0.34908308398078053,0.6509169160192194,2.7901485211207744
I15,right,76,0.34610986706418917,0.6538901329358109,2.7954212402286425
I15,right,77,0.343327496296715,0.656672503703285,2.8003113587760335
I15,right,78,0.34245171645597405,0.657548283544026,2.8018417900859287
I15,right,79,0.3425598036236837,0.6574401963763163,2.8016531338378217
I15,right,80,0.3414489640066043,0.6585510359933957,2.803588962569412
I15,right,81,0.3411634807457797,0.6588365192542203,2.804085379416339
I15,right,82,0.3407112663733848,0.6592887336266152,2.80487081111953
I15,right,83,0.33903707079828654,0.6609629292017134,2.807768979033874
I15,right,84,0.3364475875137504,0.6635524124862495,2.8122217130784604
I15,right,85,0.33400570082533293,0.665994299174667,2.81638759746128
I15,right,86,0.3328182704132684,0.6671817295867316,2.8184018346262185
I15,right,87,0.33070629581065525,0.6692937041893448,2.821965821121628
I15,right,88,0.32926156770358134,0.6707384322964187,2.824390193576865
I15,right,89,0.3281533291911063,0.6718466708088937,2.826242436186236
I15,right,90,0.326087774706133,0.673912225293867,2.8296774330258163
I15,right,91,0.32562363905555647,0.6743763609444435,2.830446207079273
I15,right,92,0.3246761172940678,0.6753238827059322,2.8320121437545662
I15,right,93,0.3226011025430697,0.6773988974569303,2.835425101522482
I15,right,94,0.3208605215379596,0.6791394784620404,2.838270747501981
I15,right,95,0.3199605521649424,0.6800394478350575,2.839735948682831
I15,right,96,0.3198287431766991,0.6801712568233009,2.8399501904742586
I15,right,97,0.3185394975623824,0.6814605024376176,2.842041009951565
I15,right,98,0.31680767402086385,0.6831923259791362,2.8448361473116632
I15,right,99,0.3170238694220149,0.6829761305779851,2.8444880500628917
I15,right,100,0.3171185401750101,0.6828814598249899,2.8443355449786996
I15,left,1,0.7956177154262413,0.20438228457375873,1.256635294005287
I15,left,2,0.6301234046529879,0.3698765953470121,2.018890850231217
I15,left,3,0.596547547066308,0.40345245293369203,2.1438683743901823
I15,left,4,0.5740816450432992,0.42591835495670083,2.2220048724571315
I15,left,5,0.5618157793796801,0.4381842206203199,2.2628478101846774
I15,left,6,0.5485347078741383,0.45146529212586173,2.3056492214825877
I15,left,7,0.5330478038161298,0.4669521961838702,2.3537242006499293
I15,left,8,0.5192005939504314,0.4807994060495686,2.3950683518552225
I15,left,9,0.5113732701980543,0.48862672980194566,2.417765817975562
I15,left,10,0.5052329275353087,0.4947670724646913,2.435236147524817
I15,left,11,0.49682354267046885,0.5031764573295312,2.4586897614230576
I15,left,12,0.4872469893409712,0.5127530106590288,2.4847423320110327
I15,left,13,0.47831093260620267,0.5216890673937973,2.508431943439252
I15,left,14,0.47132809564207473,0.5286719043579253,2.526532920167104
I15,left,15,0.4651304723541181,0.5348695276458819,2.5423007967247857
I15,left,16,0.4598435441088536,0.5401564558911465,2.5555330161541026
I15,left,17,0.4538995713876252,0.5461004286123747,2.5701719525040083
I15,left,18,0.4496796977081943,0.5503203022918057,2.5804135329924707
I15,left,19,0.44812407022531353,0.5518759297746865,2.5841575920044804
I15,left,20,0.44697400314599856,0.5530259968540014,2.5869147199070133
I15,left,21,0.446078699549633,0.553921300450367,2.589054726553499
I15,left,22,0.44217886944055257,0.5578211305594474,2.5983116327102076
I15,left,23,0.4362133905396283,0.5637866094603716,2.6122695976409984
I15,left,24,0.43117512042091766,0.5688248795790823,2.6238696474986485
I15,left,25,0.4276962815507026,0.5723037184492974,2.6317795863174434
I15,left,26,0.4263907085496583,0.5736092914503417,2.634727234306663
I15,left,27,0.4247901928549198,0.5752098071450802,2.638325315744556
I15,left,28,0.42225068828793433,0.5777493117120657,2.643999480885724
I15,left,29,0.4206280969511579,0.5793719030488421,2.647602649066541
I15,left,30,0.4184684049782045,0.5815315950217955,2.6523716866043046
I15,left,31,0.41706167885594114,0.5829383211440589,2.6554616063981538
I15,left,32,0.41597395223968875,0.5840260477603112,2.6578419850535795
I15,left,33,0.4146380155168702,0.5853619844831298,2.6607550167176237
I15,left,34,0.4104980669377537,0.5895019330622463,2.669708874351577
I15,left,35,0.40649699387318267,0.5935030061268174,2.6782576925669384
I15,left,36,0.4040657263637335,0.5959342736362665,2.683402550765229
I15,left,37,0.4028203581903321,0.597179641809668,2.686023385971077
I15,left,38,0.40075200499505625,0.5992479950049437,2.690354530972659
I15,left,39,0.3979883277540253,0.6020116722459747,2.6960997304473775
I15,left,40,0.396388736579587,0.6036112634204129,2.6994031772531697
I15,left,41,0.3945202327054656,0.6054797672945345,2.7032418128848166
I15,left,42,0.39181993547553257,0.6081800645244675,2.7087510673792004
I15,left,43,0.3889924337809331,0.6110075662190668,2.714471717973603
I15,left,44,0.3866011310376792,0.6133988689623209,2.719271647701234
I15,left,45,0.3832833770673569,0.6167166229326431,2.7258736047303405
I15,left,46,0.38131592378372,0.61868407621628,2.7297571908775335
I15,left,47,0.37959258474923807,0.6204074152507619,2.733139800335959
I15,left,48,0.37758961138419656,0.6224103886158034,2.7370489518654963
I15,left,49,0.376575154003341,0.6234248459966589,2.739019718261688
I15,left,50,0.37348195337002066,0.6265180466299793,2.744991130571112
I15,left,51,0.3700786856810019,0.6299213143189981,2.7514959391823526
I15,left,52,0.36794331368357347,0.6320566863164265,2.755542735712382
I15,left,53,0.3666356213463487,0.6333643786536514,2.758007865417171
I15,left,54,0.3665474586912072,0.6334525413087928,2.7581737034477456
I15,left,55,0.36686169165766236,0.6331383083423376,2.757582410626953
I15,left,56,0.36626879508712196,0.633731204912878,2.758697586172297
I15,left,57,0.36421355665669475,0.6357864433433053,2.7625475174822425
I15,left,58,0.36302360183049487,0.6369763981695051,2.7647654317458645
I15,left,59,0.361021819068906,0.6389781809310939,2.7684781253783255
I15,left,60,0.35913265714818926,0.6408673428518108,2.7719609093426545
I15,left,61,0.3583069463294659,0.6416930536705341,2.773476767621026
I15,left,62,0.3572513491969888,0.6427486508030111,2.7754090135109664
I15,left,63,0.35577173138581414,0.6442282686141858,2.7781067902545535
I15,left,64,0.3547599029866599,0.6452400970133401,2.7799445276130106
I15,left,65,0.35417635371652556,0.6458236462834744,2.7810017777250087
I15,left,66,0.35274821409588325,0.6472517859041167,2.7835811452782693
I15,left,67,0.35253305264733803,0.647466947352662,2.7839687569949536
I15,left,68,0.3532217923658595,0.6467782076341405,2.7827270831664688
I15,left,69,0.3524423694480033,0.6475576305519968,2.784132044383333
I15,left,70,0.3522693806267026,0.6477306193732975,2.7844434064525343
I15,left,71,0.35182582382070965,0.6481741761792903,2.7852409975868992
I15,left,72,0.3513480197151603,0.6486519802848397,2.786098940150329
I15,left,73,0.3512635200019684,0.6487364799980315,2.78625053463443
I15,left,74,0.35077487864427226,0.6492251213557277,2.787126386953452
I15,left,75,0.34908308398078053,0.6509169160192194,2.7901485211207744
I15,left,76,0.34610986706418917,0.6538901329358109,2.7954212402286425
I15,left,77,0.343327496296715,0.656672503703285,2.8003113587760335
I15,left,78,0.34245171645597405,0.657548283544026,2.8018417900859287
I15,left,79,0.3425598036236837,0.6574401963763163,2.8016531338378217
I15,left,80,0.3414489640066043,0.6585510359933957,2.803588962569412
I15,left,81,0.3411634807457797,0.6588365192542203,2.804085379416339
I15,left,82,0.3407112663733848,0.6592887336266152,2.80487081111953
I15,left,83,0.33903707079828654,0.6609629292017134,2.807768979033874
I15,left,84,0.3364475875137504,0.6635524124862495,2.8122217130784604
I15,left,85,0.33400570082533293,0.665994299174667,2.81638759746128
I15,left,86,0.3328182704132684,0.6671817295867316,2.8184018346262185
I15,left,87,0.33070629581065525,0.6692937041893448,2.821965821121628
I15,left,88,0.32926156770358134,0.6707384322964187,2.824390193576865
I15,left,89,0.3281533291911063,0.6718466708088937,2.826242436186236
I15,left,90,0.326087774706133,0.673912225293867,2.8296774330258163
I15,left,91,0.32562363905555647,0.6743763609444435,2.830446207079273
I15,left,92,0.3246761172940678,0.6753238827059322,2.8320121437545662
I15,left,93,0.3226011025430697,0.6773988974569303,2.835425101522482
I15,left,94,0.3208605215379596,0.6791394784620404,2.838270747501981
I15,left,95,0.3199605521649424,0.6800394478350575,2.839735948682831
I15,left,96,0.3198287431766991,0.6801712568233009,2.8399501904742586
I15,left,97,0.3185394975623824,0.6814605024376176,2.842041009951565
I15,left,98,0.31680767402086385,0.6831923259791362,2.8448361473116632
I15,left,99,0.3170238694220149,0.6829761305779851,2.8444880500628917
I15,left,100,0.3171185401750101,0.6828814598249899,2.8443355449786996
I15,up,1,0.8230358375691434,0.17696416243085655,1.1079944252131355
I15,up,2,0.697486870645202,0.302513129354798,1.7378158894569387
I15,up,3,0.6576034403575486,0.3423965596424514,1.9091514916545664
I15,up,4,0.6230187159763645,0.3769812840236355,2.046166262994231
I15,up,5,0.5982429340394589,0.40175706596054106,2.1377948778192506
I15,up,6,0.5717467969882417,0.4282532030117583,2.2298775274695544
I15,up,7,0.562409098306195,0.437590901693805,2.2609013598778347
I15,up,8,0.5438763458191374,0.45612365418086265,2.320316012958463
I15,up,9,0.5360849797148386,0.4639150202851614,2.34445006685342
I15,up,10,0.525912554050018,0.474087445949982,2.3752195424348734
I15,up,11,0.5162699119814962,0.4837300880185038,2.4036230932909586
I15,up,12,0.511795525621432,0.48820447437856795,2.4165536389329034
I15,up,13,0.5027728423929805,0.4972271576070195,2.442153532863827
I15,up,14,0.5027840877750986,0.49721591222490136,2.4421220187581945
I15,up,15,0.49476021972469764,0.5052397802753024,2.464361647055073
I15,up,16,0.490384605404051,0.509615394595949,2.4762829123400207
I15,up,17,0.4862334024712147,0.5137665975287853,2.487459296909784
I15,up,18,0.4809793239940217,0.5190206760059783,2.5014201443802744
I15,up,19,0.48123689979915146,0.5187631002008486,2.5007405157336793
I15,up,20,0.47516421174138795,0.5248357882586121,2.516633165327968
I15,up,21,0.4764474450047753,0.5235525549952247,2.5132975017463552
I15,up,22,0.4730278087307813,0.5269721912692187,2.5221597907483453
I15,up,23,0.46973567316860476,0.5302643268313952,2.5306109103406396
I15,up,24,0.46667416107488763,0.5333258389251123,2.5383993606708275
I15,up,25,0.4603251602999158,0.5396748397000841,2.5543358951201975
I15,up,26,0.4593930356453518,0.5406069643546483,2.5566513185780435
I15,up,27,0.45497594307560474,0.5450240569243953,2.5675395785583586
I15,up,28,0.4559633971511435,0.5440366028488566,2.565117469955494
I15,up,29,0.45546744160814956,0.5445325583918504,2.5663348515999758
I15,up,30,0.4542409795389973,0.5457590204610028,2.569337889392516
I15,up,31,0.4537709660037704,0.5462290339962296,2.5704859236937
I15,up,32,0.45051810399227293,0.549481896007727,2.578388664786627
I15,up,33,0.45135411111443313,0.5486458888855669,2.5763646945723044
I15,up,34,0.4476118372959453,0.5523881627040548,2.5853867361552005
I15,up,35,0.4453496256652431,0.5546503743347568,2.5907932953541764
I15,up,36,0.4449199908161054,0.5550800091838946,2.591816090394203
I15,up,37,0.44247563052759714,0.5575243694724028,2.5976109079051986
I15,up,38,0.44352066514752175,0.5564793348524782,2.5951385002668035
I15,up,39,0.44145844362117814,0.5585415563788219,2.6000102131031984
I15,up,40,0.44224010219154547,0.5577598978084546,2.5981670969648247
I15,up,41,0.4391777112063709,0.5608222887936292,2.6053641186278638
I15,up,42,0.435346889507323,0.5646531104926771,2.6142768472857725
I15,up,43,0.43445936435143023,0.5655406356485697,2.616327520947676
I15,up,44,0.43088402280695126,0.5691159771930487,2.624534635317155
I15,up,45,0.4297437626217924,0.5702562373782076,2.6271339840653134
I15,up,46,0.42691522839803553,0.5730847716019645,2.6335443681854143
I15,up,47,0.4269038970814566,0.5730961029185434,2.6335699412610003
I15,up,48,0.4258902413048243,0.5741097586951758,2.635854151745728
I15,up,49,0.4242145333177389,0.575785466682261,2.6396152857505255
I15,up,50,0.4250338351298956,0.5749661648701043,2.6377786868600586
I15,up,51,0.42326199257442026,0.5767380074255797,2.641744973106669
I15,up,52,0.4248302149729568,0.5751697850270432,2.6382355502828405
I15,up,53,0.4243437016045872,0.5756562983954128,2.639326029323545
I15,up,54,0.42462199522665905,0.575378004773341,2.638702449480946
I15,up,55,0.4235052000731676,0.5764947999268324,2.6412017812008406
I15,up,56,0.4206770333933842,0.5793229666066158,2.64749423288667
I15,up,57,0.4206814648543319,0.5793185351456681,2.6474844144348904
I15,up,58,0.41807460000131524,0.5819253999986848,2.6532379949095493
I15,up,59,0.41698299086501,0.58301700913499,2.655634065681965
I15,up,60,0.41390121250735346,0.5860987874926465,2.662356672689767
I15,up,61,0.4108867846446217,0.5891132153553783,2.6688728593019384
I15,up,62,0.4090187884528434,0.5909812115471567,2.672881485770251
I15,up,63,0.40791407375694066,0.5920859262430593,2.6752416242912824
I15,up,64,0.4082885064539216,0.5917114935460783,2.6744425520341615
I15,up,65,0.4051891491151881,0.5948108508848119,2.681029917523288
I15,up,66,0.40516897665936347,0.5948310233406365,2.681072591719225
I15,up,67,0.40410615110041476,0.5958938488995853,2.6833173137909307
I15,up,68,0.4023525870760349,0.5976474129239651,2.6870052619338356
I15,up,69,0.40272939186554496,0.597270608134455,2.6862144372454964
I15,up,70,0.4033034945621684,0.5966965054378316,2.6850078064684055
I15,up,71,0.4040522321315404,0.5959477678684596,2.6834310015222202
I15,up,72,0.403198211841855,0.596801788158145,2.685229242326572
I15,up,73,0.4030198541887124,0.5969801458112876,2.6856042131091113
I15,up,74,0.4018528030168802,0.5981471969831198,2.6880528090684663
I15,up,75,0.4006106394319392,0.5993893605680608,2.690649567937548
I15,up,76,0.3980509080762542,0.6019490919237458,2.6959701661350746
I15,up,77,0.39527670131287757,0.6047232986871225,2.701690343616037
I15,up,78,0.3939449370461315,0.6060550629538686,2.7044193331922717
I15,up,79,0.3924452471408633,0.6075547528591367,2.707479287800135
I15,up,80,0.3909750805095392,0.6090249194904608,2.7104655367412542
I15,up,81,0.38874592130458696,0.611254078695413,2.714968143159707
I15,up,82,0.38742446367049427,0.6125755363295058,2.7176229552660294
I15,up,83,0.38603164919806027,0.6139683508019398,2.7204095997956292
I15,up,84,0.3843850730908391,0.6156149269091609,2.7236887495283577
I15,up,85,0.3839059404713137,0.6160940595286863,2.72463985472213
I15,up,86,0.3845992891176249,0.6154007108823751,2.7232630692184827
I15,up,87,0.38487371437345164,0.6151262856265484,2.7227173377871807
I15,up,88,0.3842323476921827,0.6157676523078173,2.7239920688410253
I15,up,89,0.3846078413375814,0.6153921586624186,2.723246068869055
I15,up,90,0.38470323547684365,0.6152967645231564,2.7230564116183062
I15,up,91,0.3829784154633408,0.6170215845366591,2.726477100911705
I15,up,92,0.38264553940966245,0.6173544605903376,2.727135197211643
I15,up,93,0.3829819014076545,0.6170180985923455,2.7264702056599743
I15,up,94,0.38317395192895704,0.616826048071043,2.7260902134582583
I15,up,95,0.38226908092673845,0.6177309190732616,2.7278786511242785
I15,up,96,0.381211913863065,0.618788086136935,2.729961849300932
I15,up,97,0.38038793228439716,0.6196120677156028,2.7315808870613765
I15,up,98,0.37933209394767237,0.6206679060523277,2.7336495494117896
I15,up,99,0.37851919004278856,0.6214808099572114,2.7352376958480384
I15,up,100,0.3780292128810318,0.6219707871189681,2.7361930438009985
I15,down,1,0.8230358375691434,0.17696416243085655,1.1079944252131355
I15,down,2,0.697486870645202,0.302513129354798,1.7378158894569387
I15,down,3,0.6576034403575486,0.3423965596424514,1.9091514916545664
I15,down,4,0.6230187159763645,0.3769812840236355,2.046166262994231
I15,down,5,0.5982429340394589,0.40175706596054106,2.1377948778192506
I15,down,6,0.5717467969882417,0.4282532030117583,2.2298775274695544
I15,down,7,0.562409098306195,0.437590901693805,2.2609013598778347
I15,down,8,0.5438763458191374,0.45612365418086265,2.320316012958463
I15,down,9,0.5360849797148386,0.4639150202851614,2.34445006685342
I15,down,10,0.525912554050018,0.474087445949982,2.3752195424348734
I15,down,11,0.5162699119814962,0.4837300880185038,2.4036230932909586
I15,down,12,0.511795525621432,0.48820447437856795,2.4165536389329034
I15,down,13,0.5027728423929805,0.4972271576070195,2.442153532863827
I15,down,14,0.5027840877750986,0.49721591222490136,2.4421220187581945
I15,down,15,0.49476021972469764,0.5052397802753024,2.464361647055073
I15,down,16,0.490384605404051,0.509615394595949,2.4762829123400207
I15,down,17,0.4862334024712147,0.5137665975287853,2.487459296909784
I15,down,18,0.4809793239940217,0.5190206760059783,2.5014201443802744
I15,down,19,0.48123689979915146,0.5187631002008486,2.5007405157336793
I15,down,20,0.47516421174138795,0.5248357882586121,2.516633165327968
I15,down,21,0.4764474450047753,0.5235525549952247,2.5132975017463552
I15,down,22,0.4730278087307813,0.5269721912692187,2.5221597907483453
I15,down,23,0.46973567316860476,0.5302643268313952,2.5306109103406396
I15,down,24,0.46667416107488763,0.5333258389251123,2.5383993606708275
I15,down,25,0.4603251602999158,0.5396748397000841,2.5543358951201975
I15,down,26,0.4593930356453518,0.5406069643546483,2.5566513185780435
I15,down,27,0.45497594307560474,0.5450240569243953,2.5675395785583586
I15,down,28,0.4559633971511435,0.5440366028488566,2.565117469955494
I15,down,29,0.45546744160814956,0.5445325583918504,2.5663348515999758
I15,down,30,0.4542409795389973,0.5457590204610028,2.569337889392516
I15,down,31,0.4537709660037704,0.5462290339962296,2.5704859236937
I15,down,32,0.45051810399227293,0.549481896007727,2.578388664786627
I15,down,33,0.45135411111443313,0.5486458888855669,2.5763646945723044
I15,down,34,0.4476118372959453,0.5523881627040548,2.5853867361552005
I15,down,35,0.4453496256652431,0.5546503743347568,2.5907932953541764
I15,down,36,0.4449199908161054,0.5550800091838946,2.591816090394203
I15,down,37,0.44247563052759714,0.5575243694724028,2.5976109079051986
I15,down,38,0.44352066514752175,0.5564793348524782,2.5951385002668035
I15,down,39,0.44145844362117814,0.5585415563788219,2.6000102131031984
I15,down,40,0.44224010219154547,0.5577598978084546,2.5981670969648247
I15,down,41,0.4391777112063709,0.5608222887936292,2.6053641186278638
I15,down,42,0.435346889507323,0.5646531104926771,2.6142768472857725
I15,down,43,0.43445936435143023,0.5655406356485697,2.616327520947676
I15,down,44,0.43088402280695126,0.5691159771930487,2.624534635317155
I15,down,45,0.4297437626217924,0.5702562373782076,2.6271339840653134
I15,down,46,0.42691522839803553,0.5730847716019645,2.6335443681854143
I15,down,47,0.4269038970814566,0.5730961029185434,2.6335699412610003
I15,down,48,0.4258902413048243,0.5741097586951758,2.635854151745728
I15,down,49,0.4242145333177389,0.575785466682261,2.6396152857505255
I15,down,50,0.4250338351298956,0.5749661648701043,2.6377786868600586
I15,down,51,0.42326199257442026,0.5767380074255797,2.641744973106669
I15,down,52,0.4248302149729568,0.5751697850270432,2.6382355502828405
I15,down,53,0.4243437016045872,0.5756562983954128,2.639326029323545
I15,down,54,0.42462199522665905,0.575378004773341,2.638702449480946
I15,down,55,0.4235052000731676,0.5764947999268324,2.6412017812008406
I15,down,56,0.4206770333933842,0.5793229666066158,2.64749423288667
I15,down,57,0.4206814648543319,0.5793185351456681,2.6474844144348904
I15,down,58,0.41807460000131524,0.5819253999986848,2.6532379949095493
I15,down,59,0.41698299086501,0.58301700913499,2.655634065681965
I15,down,60,0.41390121250735346,0.5860987874926465,2.662356672689767
I15,down,61,0.4108867846446217,0.5891132153553783,2.6688728593019384
I15,down,62,0.4090187884528434,0.5909812115471567,2.672881485770251
I15,down,63,0.40791407375694066,0.5920859262430593,2.6752416242912824
I15,down,64,0.4082885064539216,0.5917114935460783,2.6744425520341615
I15,down,65,0.4051891491151881,0.5948108508848119,2.681029917523288
I15,down,66,0.40516897665936347,0.5948310233406365,2.681072591719225
I15,down,67,0.40410615110041476,0.5958938488995853,2.6833173137909307
I15,down,68,0.4023525870760349,0.5976474129239651,2.6870052619338356
I15,down,69,0.40272939186554496,0.597270608134455,2.6862144372454964
I15,down,70,0.4033034945621684,0.5966965054378316,2.6850078064684055
I15,down,71,0.4040522321315404,0.5959477678684596,2.6834310015222202
I15,down,72,0.403198211841855,0.596801788158145,2.685229242326572
I15,down,73,0.4030198541887124,0.5969801458112876,2.6856042131091113
I15,down,74,0.4018528030168802,0.5981471969831198,2.6880528090684663
I15,down,75,0.4006106394319392,0.5993893605680608,2.690649567937548
I15,down,76,0.3980509080762542,0.6019490919237458,2.6959701661350746
I15,down,77,0.39527670131287757,0.6047232986871225,2.701690343616037
I15,down,78,0.3939449370461315,0.6060550629538686,2.7044193331922717
I15,down,79,0.3924452471408633,0.6075547528591367,2.707479287800135
I15,down,80,0.3909750805095392,0.6090249194904608,2.7104655367412542
I15,down,81,0.38874592130458696,0.611254078695413,2.714968143159707
I15,down,82,0.38742446367049427,0.6125755363295058,2.7176229552660294
I15,down,83,0.38603164919806027,0.6139683508019398,2.7204095997956292
I15,down,84,0.3843850730908391,0.6156149269091609,2.7236887495283577
I15,down,85,0.3839059404713137,0.6160940595286863,2.72463985472213
I15,down,86,0.3845992891176249,0.6154007108823751,2.7232630692184827
I15,down,87,0.38487371437345164,0.6151262856265484,2.7227173377871807
I15,down,88,0.3842323476921827,0.6157676523078173,2.7239920688410253
I15,down,89,0.3846078413375814,0.6153921586624186,2.723246068869055
I15,down,90,0.38470323547684365,0.6152967645231564,2.7230564116183062
I15,down,91,0.3829784154633408,0.6170215845366591,2.726477100911705
I15,down,92,0.38264553940966245,0.6173544605903376,2.727135197211643
I15,down,93,0.3829819014076545,0.6170180985923455,2.7264702056599743
I15,down,94,0.38317395192895704,0.616826048071043,2.7260902134582583
I15,down,95,0.38226908092673845,0.6177309190732616,2.7278786511242785
I15,down,96,0.381211913863065,0.618788086136935,2.729961849300932
I15,down,97,0.38038793228439716,0.6196120677156028,2.7315808870613765
I15,down,98,0.37933209394767237,0.6206679060523277,2.7336495494117896
I15,down,99,0.37851919004278856,0.6214808099572114,2.7352376958480384
I15,down,100,0.3780292128810318,0.6219707871189681,2.7361930438009985
I16,right,1,0.8586481083813471,0.14135189161865291,0.9067514154604881
I16,right,2,0.723297172329129,0.27670282767087095,1.6193434174381611
I16,right,3,0.6740063436272822,0.3259936563727178,1.840417730862769
I16,right,4,0.6347122781762193,0.36528772182378066,2.0010351557135406
I16,right,5,0.6055513363840062,0.39444866361599384,2.1113265809581314
I16,right,6,0.5831645632577498,0.4168354367422502,2.1909369772123295
I16,right,7,0.5659570028100174,0.4340429971899826,2.2492003313727205
I16,right,8,0.552100006145632,0.44789999385436796,2.294303078585445
I16,right,9,0.5395541686470796,0.4604458313529204,2.3337652334938825
I16,right,10,0.5293872636318167,0.47061273636818335,2.364802860952386
I16,right,11,0.5207469640171445,0.4792530359828555,2.390527099190729
I16,right,12,0.5141389296545334,0.48586107034546655,2.4098010150709515
I16,right,13,0.5093529331061677,0.4906470668938323,2.423546391787463
I16,right,14,0.5048246272409368,0.4951753727590632,2.436387460215234
I16,right,15,0.49999088319153795,0.500009116808462,2.449919827363587
I16,right,16,0.49729458844025276,0.5027054115597472,2.4573903523252385
I16,right,17,0.4953552618879555,0.5046447381120445,2.4627292550817668
I16,right,18,0.49311155373883014,0.5068884462611698,2.4688704227100677
I16,right,19,0.49058715217976445,0.5094128478202355,2.475734273514929
I16,right,20,0.4882980494077749,0.5117019505922251,2.4819167814223073
I16,right,21,0.48710744579693194,0.512892554203068,2.4851168417350653
I16,right,22,0.4853696294509941,0.5146303705490058,2.4897686090629207
I16,right,23,0.48281866409314894,0.5171813359068511,2.496556138448648
I16,right,24,0.48198549433573135,0.5180145056642687,2.4987625109853493
I16,right,25,0.4795640732515872,0.5204359267484129,2.505145593605902
I16,right,26,0.47802953512692353,0.5219704648730765,2.509168311545973
I16,right,27,0.47750425901456567,0.5224957409854343,2.510541305117198
I16,right,28,0.4765156420742004,0.5234843579257996,2.513119890211648
I16,right,29,0.47455278354268854,0.5254472164573114,2.5182182733429315
I16,right,30,0.47236446705182344,0.5276355329481766,2.52386898635858
I16,right,31,0.47092145831917964,0.5290785416808204,2.5275760203049744
I16,right,32,0.46903087848389313,0.5309691215161069,2.532409916822905
I16,right,33,0.4671350925599585,0.5328649074400416,2.5372310936584785
I16,right,34,0.4655818232390669,0.5344181767609331,2.541161853659135
I16,right,35,0.4647173550541647,0.5352826449458352,2.5433419752708524
I16,right,36,0.4641371520647685,0.5358628479352314,2.5448021868200534
I16,right,37,0.4639161168175972,0.5360838831824029,2.545357835400295
I16,right,38,0.4640315657347499,0.5359684342652501,2.5450676583826413
I16,right,39,0.463264751800016,0.5367352481999841,2.5469932266431936
I16,right,40,0.46396104510473746,0.5360389548952625,2.5452449210225883
I16,right,41,0.4636520944895044,0.5363479055104956,2.5460210869886764
I16,right,42,0.4628739293193814,0.5371260706806186,2.547973008968717
I16,right,43,0.4630753664331162,0.5369246335668838,2.547468147867546
I16,right,44,0.4637470605456549,0.5362529394543452,2.545782580002978
I16,right,45,0.4644539512700502,0.5355460487299498,2.54400519021097
I16,right,46,0.4649771669174166,0.5350228330825835,2.5426873153721337
I16,right,47,0.4651820963456513,0.5348179036543488,2.542170602561961
I16,right,48,0.4631169534652267,0.5368830465347734,2.5473638822088533
I16,right,49,0.462934118829499,0.537065881170501,2.5478221866943853
I16,right,50,0.46386558035699416,0.5361344196430058,2.545484826989865
I16,right,51,0.4635136143970444,0.5364863856029556,2.5463687633234624
I16,right,52,0.4637665450450445,0.5362334549549554,2.5457336367316232
I16,right,53,0.46252048528507556,0.5374795147149245,2.548858141642178
I16,right,54,0.45974759413311456,0.5402524058668854,2.555771315068287
I16,right,55,0.45871005190948144,0.5412899480905186,2.558343941646836
I16,right,56,0.4593003984634444,0.5406996015365556,2.5568810937815947
I16,right,57,0.45912158580453677,0.5408784141954632,2.5573244439717895
I16,right,58,0.4572596754773271,0.542740324522673,2.561927382094648
I16,right,59,0.456082253808822,0.5439177461911779,2.5648254638839356
I16,right,60,0.4547016440936389,0.5452983559063611,2.5682111797048712
I16,right,61,0.45266374530318965,0.5473362546968104,2.5731842264583653
I16,right,62,0.452895704774079,0.5471042952259211,2.5726196538222084
I16,right,63,0.4532171139782123,0.5467828860217877,2.571836741865326
I16,right,64,0.4532528552250299,0.5467471447749701,2.57174963584961
I16,right,65,0.45171464590126464,0.5482853540987354,2.5754903301659704
I16,right,66,0.45175731454025003,0.54824268545975,2.5753867904135843
I16,right,67,0.45263405921479344,0.5473659407852065,2.573256452969317
I16,right,68,0.4530286500767478,0.5469713499232522,2.572295904051175
I16,right,69,0.4531485725691909,0.5468514274308092,2.5720037609592863
I16,right,70,0.4530244384777417,0.5469755615222582,2.572306162086271
I16,right,71,0.45300937319350226,0.5469906268064977,2.57234285501801
I16,right,72,0.4534126757231896,0.5465873242768104,2.571360022806962
I16,right,73,0.45330887754024757,0.5466911224597524,2.571613084181151
I16,right,74,0.4521430698358196,0.5478569301641805,2.574450136672068
I16,right,75,0.4494310595300988,0.5505689404699012,2.5810130847224633
I16,right,76,0.44819655611656856,0.5518034438834314,2.5839835087782763
I16,right,77,0.4475712786926521,0.5524287213073479,2.585483981799203
I16,right,78,0.4472311937201551,0.5527688062798449,2.5862989390971345
I16,right,79,0.44781584047461015,0.5521841595253898,2.584897432869071
I16,right,80,0.4478291981610082,0.5521708018389918,2.584865384250125
I16,right,81,0.44678827302453633,0.5532117269754637,2.5873591201866537
I16,right,82,0.4462418933820309,0.5537581066179691,2.5886650656512824
I16,right,83,0.44674959496287064,0.5532504050371294,2.587451635844501
I16,right,84,0.4465380792655358,0.5534619207344642,2.5879573853213502
I16,right,85,0.44681901168333743,0.5531809883166625,2.5872855877077967
I16,right,86,0.44569596838063336,0.5543040316193666,2.589967856560686
I16,right,87,0.4451801516636516,0.5548198483363485,2.5911969002105106
I16,right,88,0.4467700595469104,0.5532299404530896,2.5874026870521636
I16,right,89,0.4457713584467028,0.5542286415532972,2.589788069259752
I16,right,90,0.4453956886736139,0.5546043113263861,2.590683561250809
I16,right,91,0.4465976228772521,0.5534023771227479,2.5878150436022187
I16,right,92,0.44685822924052615,0.5531417707594739,2.587191762632332
I16,right,93,0.44718668243826826,0.5528133175617318,2.586405543515201
I16,right,94,0.4467388035197998,0.5532611964802002,2.587477446490996
I16,right,95,0.4463150121651745,0.5536849878348256,2.588490418678381
I16,right,96,0.4463534645863179,0.5536465354136821,2.5883985587401854
I16,right,97,0.4460510843047481,0.553948915695252,2.589120645711369
I16,right,98,0.44604790398308336,0.5539520960169166,2.5891282369802937
I16,right,99,0.4467443837350699,0.55325561626493,2.58746410000217
I16,right,100,0.44670951067295267,0.5532904893270474,2.587547504158506
I16,left,1,0.8586481083813471,0.14135189161865291,0.9067514154604881
I16,left,2,0.723297172329129,0.27670282767087095,1.6193434174381611
I16,left,3,0.6740063436272822,0.3259936563727178,1.840417730862769
I16,left,4,0.6347122781762193,0.36528772182378066,2.0010351557135406
I16,left,5,0.6055513363840062,0.39444866361599384,2.1113265809581314
I16,left,6,0.5831645632577498,0.4168354367422502,2.1909369772123295
I16,left,7,0.5659570028100174,0.4340429971899826,2.2492003313727205
I16,left,8,0.552100006145632,0.44789999385436796,2.294303078585445
I16,left,9,0.5395541686470796,0.4604458313529204,2.3337652334938825
I16,left,10,0.5293872636318167,0.47061273636818335,2.364802860952386
I16,left,11,0.5207469640171445,0.4792530359828555,2.390527099190729
I16,left,12,0.5141389296545334,0.48586107034546655,2.4098010150709515
I16,left,13,0.5093529331061677,0.4906470668938323,2.423546391787463
I16,left,14,0.5048246272409368,0.4951753727590632,2.436387460215234
I16,left,15,0.49999088319153795,0.500009116808462,2.449919827363587
I16,left,16,0.49729458844025276,0.5027054115597472,2.4573903523252385
I16,left,17,0.4953552618879555,0.5046447381120445,2.4627292550817668
I16,left,18,0.49311155373883014,0.5068884462611698,2.4688704227100677
I16,left,19,0.49058715217976445,0.5094128478202355,2.475734273514929
I16,left,20,0.4882980494077749,0.5117019505922251,2.4819167814223073
I16,left,21,0.48710744579693194,0.512892554203068,2.4851168417350653
I16,left,22,0.4853696294509941,0.5146303705490058,2.4897686090629207
I16,left,23,0.48281866409314894,0.5171813359068511,2.496556138448648
I16,left,24,0.48198549433573135,0.5180145056642687,2.4987625109853493
I16,left,25,0.4795640732515872,0.5204359267484129,2.505145593605902
I16,left,26,0.47802953512692353,0.5219704648730765,2.509168311545973
I16,left,27,0.47750425901456567,0.5224957409854343,2.510541305117198
I16,left,28,0.4765156420742004,0.5234843579257996,2.513119890211648
I16,left,29,0.47455278354268854,0.5254472164573114,2.5182182733429315
I16,left,30,0.47236446705182344,0.5276355329481766,2.52386898635858
I16,left,31,0.47092145831917964,0.5290785416808204,2.5275760203049744
I16,left,32,0.46903087848389313,0.5309691215161069,2.532409916822905
I16,left,33,0.4671350925599585,0.5328649074400416,2.5372310936584785
I16,left,34,0.4655818232390669,0.5344181767609331,2.541161853659135
I16,left,35,0.4647173550541647,0.5352826449458352,2.5433419752708524
I16,left,36,0.4641371520647685,0.5358628479352314,2.5448021868200534
I16,left,37,0.4639161168175972,0.5360838831824029,2.545357835400295
I16,left,38,0.4640315657347499,0.5359684342652501,2.5450676583826413
I16,left,39,0.463264751800016,0.5367352481999841,2.5469932266431936
I16,left,40,0.46396104510473746,0.5360389548952625,2.5452449210225883
I16,left,41,0.4636520944895044,0.5363479055104956,2.5460210869886764
I16,left,42,0.4628739293193814,0.5371260706806186,2.547973008968717
I16,left,43,0.4630753664331162,0.5369246335668838,2.547468147867546
I16,left,44,0.4637470605456549,0.5362529394543452,2.545782580002978
I16,left,45,0.4644539512700502,0.5355460487299498,2.54400519021097
I16,left,46,0.4649771669174166,0.5350228330825835,2.5426873153721337
I16,left,47,0.4651820963456513,0.5348179036543488,2.542170602561961
I16,left,48,0.4631169534652267,0.5368830465347734,2.5473638822088533
I16,left,49,0.462934118829499,0.537065881170501,2.5478221866943853
I16,left,50,0.46386558035699416,0.5361344196430058,2.545484826989865
I16,left,51,0.4635136143970444,0.5364863856029556,2.5463687633234624
I16,left,52,0.4637665450450445,0.5362334549549554,2.5457336367316232
I16,left,53,0.46252048528507556,0.5374795147149245,2.548858141642178
I16,left,54,0.45974759413311456,0.5402524058668854,2.555771315068287
I16,left,55,0.45871005190948144,0.5412899480905186,2.558343941646836
I16,left,56,0.4593003984634444,0.5406996015365556,2.5568810937815947
I16,left,57,0.45912158580453677,0.5408784141954632,2.5573244439717895
I16,left,58,0.4572596754773271,0.542740324522673,2.561927382094648
I16,left,59,0.456082253808822,0.5439177461911779,2.5648254638839356
I16,left,60,0.4547016440936389,0.5452983559063611,2.5682111797048712
I16,left,61,0.45266374530318965,0.5473362546968104,2.5731842264583653
I16,left,62,0.452895704774079,0.5471042952259211,2.5726196538222084
I16,left,63,0.4532171139782123,0.5467828860217877,2.571836741865326
I16,left,64,0.4532528552250299,0.5467471447749701,2.57174963584961
I16,left,65,0.45171464590126464,0.5482853540987354,2.5754903301659704
I16,left,66,0.45175731454025003,0.54824268545975,2.5753867904135843
I16,left,67,0.45263405921479344,0.5473659407852065,2.573256452969317
I16,left,68,0.4530286500767478,0.5469713499232522,2.572295904051175
I16,left,69,0.4531485725691909,0.5468514274308092,2.5720037609592863
I16,left,70,0.4530244384777417,0.5469755615222582,2.572306162086271
I16,left,71,0.45300937319350226,0.5469906268064977,2.57234285501801
I16,left,72,0.4534126757231896,0.5465873242768104,2.571360022806962
I16,left,73,0.45330887754024757,0.5466911224597524,2.571613084181151
I16,left,74,0.4521430698358196,0.5478569301641805,2.574450136672068
I16,left,75,0.4494310595300988,0.5505689404699012,2.5810130847224633
I16,left,76,0.44819655611656856,0.5518034438834314,2.5839835087782763
I16,left,77,0.4475712786926521,0.5524287213073479,2.585483981799203
I16,left,78,0.4472311937201551,0.5527688062798449,2.5862989390971345
I16,left,79,0.44781584047461015,0.5521841595253898,2.584897432869071
I16,left,80,0.4478291981610082,0.5521708018389918,2.584865384250125
I16,left,81,0.44678827302453633,0.5532117269754637,2.5873591201866537
I16,left,82,0.4462418933820309,0.5537581066179691,2.5886650656512824
I16,left,83,0.44674959496287064,0.5532504050371294,2.587451635844501
I16,left,84,0.4465380792655358,0.5534619207344642,2.5879573853213502
I16,left,85,0.44681901168333743,0.5531809883166625,2.5872855877077967
I16,left,86,0.44569596838063336,0.5543040316193666,2.589967856560686
I16,left,87,0.4451801516636516,0.5548198483363485,2.5911969002105106
I16,left,88,0.4467700595469104,0.5532299404530896,2.5874026870521636
I16,left,89,0.4457713584467028,0.5542286415532972,2.589788069259752
I16,left,90,0.4453956886736139,0.5546043113263861,2.590683561250809
I16,left,91,0.4465976228772521,0.5534023771227479,2.5878150436022187
I16,left,92,0.44685822924052615,0.5531417707594739,2.587191762632332
I16,left,93,0.44718668243826826,0.5528133175617318,2.586405543515201
I16,left,94,0.4467388035197998,0.5532611964802002,2.587477446490996
I16,left,95,0.4463150121651745,0.5536849878348256,2.588490418678381
I16,left,96,0.4463534645863179,0.5536465354136821,2.5883985587401854
I16,left,97,0.4460510843047481,0.553948915695252,2.589120645711369
I16,left,98,0.44604790398308336,0.5539520960169166,2.5891282369802937
I16,left,99,0.4467443837350699,0.55325561626493,2.58746410000217
I16,left,100,0.44670951067295267,0.5532904893270474,2.587547504158506
I16,up,1,0.669277935599007,0.33072206440099305,1.8604796623901851
I16,up,2,0.5012561053005123,0.49874389469948766,2.4463951254467107
I16,up,3,0.5148113024005923,0.48518869759940775,2.4078555951637046
I16,up,4,0.48616266117643975,0.5138373388235602,2.487648634847404
I16,up,5,0.47139286893342724,0.5286071310665728,2.526366653474855
I16,up,6,0.4625213657974248,0.5374786342025752,2.548855937680269
I16,up,7,0.4586366139569764,0.5413633860430236,2.5585257436925097
I16,up,8,0.4558173995139869,0.5441826004860131,2.565476019039785
I16,up,9,0.4485298353988005,0.5514701646011995,2.5831826292527564
I16,up,10,0.4437413897743562,0.5562586102256438,2.594615333338358
I16,up,11,0.4441625210056329,0.5558374789943671,2.593616225041206
I16,up,12,0.44201977466508946,0.5579802253349105,2.5986870445682912
I16,up,13,0.43814603915808265,0.5618539608419173,2.6077742273012285
I16,up,14,0.43387418521067933,0.5661258147893207,2.617676690927242
I16,up,15,0.43320318849495143,0.5667968115050486,2.6192208701164255
I16,up,16,0.4308155486015713,0.5691844513984288,2.624690976118064
I16,up,17,0.42775426541922645,0.5722457345807735,2.631648410112021
I16,up,18,0.4274063065524479,0.5725936934475522,2.6324352566808997
I16,up,19,0.4239200797396595,0.5760799202603405,2.6402742651644884
I16,up,20,0.4147576373518788,0.5852423626481211,2.660494651726043
I16,up,21,0.4129189253511596,0.5870810746488404,2.664486493558692
I16,up,22,0.41145038348350704,0.588549616516493,2.667659001029933
I16,up,23,0.41047868489296796,0.589521315107032,2.6697505338848524
I16,up,24,0.4100494190361946,0.5899505809638055,2.6706725740886386
I16,up,25,0.4095577793447078,0.5904422206552922,2.6717271366111115
I16,up,26,0.4089676138958092,0.5910323861041908,2.6729909888295245
I16,up,27,0.4089493663418501,0.5910506336581499,2.6730300307966326
I16,up,28,0.40743333925732217,0.5925666607426778,2.6762662405827102
I16,up,29,0.4108840247249021,0.5891159752750978,2.6688787984853297
I16,up,30,0.413616449354896,0.5863835506451041,2.6629747461640294
I16,up,31,0.4103467907663579,0.5896532092336422,2.6700339614226616
I16,up,32,0.40942247987000246,0.5905775201299975,2.6720170806377395
I16,up,33,0.4070333147004506,0.5929666852995494,2.6771177107639543
I16,up,34,0.40264017049510475,0.5973598295048952,2.6864017729272938
I16,up,35,0.39942139374700186,0.6005786062529981,2.6931266138447816
I16,up,36,0.4006050072621536,0.5993949927378464,2.6906613199540574
I16,up,37,0.40033326561291865,0.5996667343870814,2.691228095930148
I16,up,38,0.39876878334084154,0.6012312166591585,2.6944821486442656
I16,up,39,0.40267297366936733,0.5973270263306327,2.6863329028390783
I16,up,40,0.4009485400484787,0.5990514599515213,2.6899441437603224
I16,up,41,0.39835874634702995,0.60164125365297,2.6953324712234767
I16,up,42,0.3980937392156098,0.6019062607843901,2.6958814757982497
I16,up,43,0.3978927082405139,0.6021072917594861,2.6962976507988445
I16,up,44,0.3953528797719407,0.6046471202280592,2.701533909601511
I16,up,45,0.3941731143958298,0.6058268856041702,2.7039525430352773
I16,up,46,0.39072837806129673,0.6092716219387033,2.710965343424956
I16,up,47,0.39056534797852194,0.6094346520214781,2.711295428911181
I16,up,48,0.38930740517871926,0.6106925948212807,2.71383688954937
I16,up,49,0.3859522100003462,0.6140477899996538,2.7205681803905213
I16,up,50,0.38375609610395944,0.6162439038960406,2.724937019204254
I16,up,51,0.38224809167705015,0.6177519083229499,2.727920076885666
I16,up,52,0.38015223410839954,0.6198477658916004,2.732043260167943
I16,up,53,0.37654534920541743,0.6234546507945826,2.739077526911058
I16,up,54,0.37851611196517043,0.6214838880348296,2.7352437018957803
I16,up,55,0.37938199408101264,0.6206180059189874,2.733551932305816
I16,up,56,0.37711947833169135,0.6228805216683087,2.7379630313616437
I16,up,57,0.3771276455723689,0.6228723544276311,2.7379471630278234
I16,up,58,0.37936166519158726,0.6206383348084128,2.7335917024815606
I16,up,59,0.37413703086860484,0.6258629691313952,2.743731230305558
I16,up,60,0.3702654470287091,0.6297345529712909,2.751140736571852
I16,up,61,0.37306745441591294,0.6269325455840871,2.745787022182177
I16,up,62,0.3742540930720551,0.625745906927945,2.74350581953515
I16,up,63,0.37343882134747625,0.6265611786525238,2.745073996855295
I16,up,64,0.3729737871550709,0.6270262128449291,2.7459667351689143
I16,up,65,0.3724237876206346,0.6275762123793653,2.747020939389195
I16,up,66,0.37349848670462243,0.6265015132953775,2.74495936341991
I16,up,67,0.3715095552669931,0.6284904447330069,2.7487693453150293
I16,up,68,0.37113479867652455,0.6288652013234755,2.7494846228236574
I16,up,69,0.36932778211523937,0.6306722178847606,2.752922028958851
I16,up,70,0.36539669734660196,0.634603302653398,2.7603342077149406
I16,up,71,0.3664909709444621,0.6335090290555379,2.7582799358144
I16,up,72,0.3662459631050204,0.6337540368949797,2.7587404899474945
I16,up,73,0.36442462992354346,0.6355753700764566,2.7621532535225777
I16,up,74,0.36676103574556473,0.6332389642544353,2.7577718774353244
I16,up,75,0.3691600122549858,0.6308399877450142,2.7532402013942097
I16,up,76,0.3680182607843491,0.6319817392156508,2.7554011517599006
I16,up,77,0.3643023456876859,0.6356976543123141,2.7623816996810673
I16,up,78,0.3631628928746221,0.6368371071253779,2.7645062333794517
I16,up,79,0.36371126299416223,0.6362887370058378,2.763484719312321
I16,up,80,0.3648898118047268,0.6351101881952732,2.7612834320661523
I16,up,81,0.36654880477045815,0.6334511952295419,2.7581711717493675
I16,up,82,0.3674507749162259,0.6325492250837741,2.7564723867277037
I16,up,83,0.3664500716374171,0.633549928362583,2.7583568405950434
I16,up,84,0.3674184672518599,0.6325815327481401,2.7565333170994455
I16,up,85,0.3675111815673648,0.6324888184326352,2.7563584470268845
I16,up,86,0.36621809268283584,0.6337819073171642,2.758792857404061
I16,up,87,0.36761166914670274,0.6323883308532973,2.756168859232078
I16,up,88,0.3662271095197083,0.6337728904802917,2.758775915605314
I16,up,89,0.36342879394771993,0.6365712060522801,2.764011124077985
I16,up,90,0.3625850642526773,0.6374149357473227,2.765580751688222
I16,up,91,0.3609879137699864,0.6390120862300136,2.768540811527643
I16,up,92,0.3580012037589987,0.6419987962410013,2.7740370730778903
I16,up,93,0.3542898619232393,0.6457101380767607,2.7807962784824314
I16,up,94,0.3547680322294546,0.6452319677705454,2.7799297858482346
I16,up,95,0.3524811486178514,0.6475188513821486,2.784062222871409
I16,up,96,0.3501757163611867,0.6498242836388133,2.788198521845974
I16,up,97,0.3511184416105042,0.6488815583894958,2.786510715692123
I16,up,98,0.3505473371966221,0.6494526628033779,2.787533782993301
I16,up,99,0.3501824325172773,0.6498175674827227,2.7881865151116463
I16,up,100,0.3501224106220611,0.6498775893779389,2.7882938096856407
I16,down,1,0.669277935599007,0.33072206440099305,1.8604796623901851
I16,down,2,0.5012561053005123,0.49874389469948766,2.4463951254467107
I16,down,3,0.5148113024005923,0.48518869759940775,2.4078555951637046
I16,down,4,0.48616266117643975,0.5138373388235602,2.487648634847404
I16,down,5,0.47139286893342724,0.5286071310665728,2.526366653474855
I16,down,6,0.4625213657974248,0.5374786342025752,2.548855937680269
I16,down,7,0.4586366139569764,0.5413633860430236,2.5585257436925097
I16,down,8,0.4558173995139869,0.5441826004860131,2.565476019039785
I16,down,9,0.4485298353988005,0.5514701646011995,2.5831826292527564
I16,down,10,0.4437413897743562,0.5562586102256438,2.594615333338358
I16,down,11,0.4441625210056329,0.5558374789943671,2.593616225041206
I16,down,12,0.44201977466508946,0.5579802253349105,2.5986870445682912
I16,down,13,0.43814603915808265,0.5618539608419173,2.6077742273012285
I16,down,14,0.43387418521067933,0.5661258147893207,2.617676690927242
I16,down,15,0.43320318849495143,0.5667968115050486,2.6192208701164255
I16,down,16,0.4308155486015713,0.5691844513984288,2.624690976118064
I16,down,17,0.42775426541922645,0.5722457345807735,2.631648410112021
I16,down,18,0.4274063065524479,0.5725936934475522,2.6324352566808997
I16,down,19,0.4239200797396595,0.5760799202603405,2.6402742651644884
I16,down,20,0.4147576373518788,0.5852423626481211,2.660494651726043
I16,down,21,0.4129189253511596,0.5870810746488404,2.664486493558692
I16,down,22,0.41145038348350704,0.588549616516493,2.667659001029933
I16,down,23,0.41047868489296796,0.589521315107032,2.6697505338848524
I16,down,24,0.4100494190361946,0.5899505809638055,2.6706725740886386
I16,down,25,0.4095577793447078,0.5904422206552922,2.6717271366111115
I16,down,26,0.4089676138958092,0.5910323861041908,2.6729909888295245
I16,down,27,0.4089493663418501,0.5910506336581499,2.6730300307966326
I16,down,28,0.40743333925732217,0.5925666607426778,2.6762662405827102
I16,down,29,0.4108840247249021,0.5891159752750978,2.6688787984853297
I16,down,30,0.413616449354896,0.5863835506451041,2.6629747461640294
I16,down,31,0.4103467907663579,0.5896532092336422,2.6700339614226616
I16,down,32,0.40942247987000246,0.5905775201299975,2.6720170806377395
I16,down,33,0.4070333147004506,0.5929666852995494,2.6771177107639543
I16,down,34,0.40264017049510475,0.5973598295048952,2.6864017729272938
I16,down,35,0.39942139374700186,0.6005786062529981,2.6931266138447816
I16,down,36,0.4006050072621536,0.5993949927378464,2.6906613199540574
I16,down,37,0.40033326561291865,0.5996667343870814,2.691228095930148
I16,down,38,0.39876878334084154,0.6012312166591585,2.6944821486442656
I16,down,39,0.40267297366936733,0.5973270263306327,2.6863329028390783
I16,down,40,0.4009485400484787,0.5990514599515213,2.6899441437603224
I16,down,41,0.39835874634702995,0.60164125365297,2.6953324712234767
I16,down,42,0.3980937392156098,0.6019062607843901,2.6958814757982497
I16,down,43,0.3978927082405139,0.6021072917594861,2.6962976507988445
I16,down,44,0.3953528797719407,0.6046471202280592,2.701533909601511
I16,down,45,0.3941731143958298,0.6058268856041702,2.7039525430352773
I16,down,46,0.39072837806129673,0.6092716219387033,2.710965343424956
I16,down,47,0.39056534797852194,0.6094346520214781,2.711295428911181
I16,down,48,0.38930740517871926,0.6106925948212807,2.71383688954937
I16,down,49,0.3859522100003462,0.6140477899996538,2.7205681803905213
I16,down,50,0.38375609610395944,0.6162439038960406,2.724937019204254
I16,down,51,0.38224809167705015,0.6177519083229499,2.727920076885666
I16,down,52,0.38015223410839954,0.6198477658916004,2.732043260167943
I16,down,53,0.37654534920541743,0.6234546507945826,2.739077526911058
I16,down,54,0.37851611196517043,0.6214838880348296,2.7352437018957803
I16,down,55,0.37938199408101264,0.6206180059189874,2.733551932305816
I16,down,56,0.37711947833169135,0.6228805216683087,2.7379630313616437
I16,down,57,0.3771276455723689,0.6228723544276311,2.7379471630278234
I16,down,58,0.37936166519158726,0.6206383348084128,2.7335917024815606
I16,down,59,0.37413703086860484,0.6258629691313952,2.743731230305558
I16,down,60,0.3702654470287091,0.6297345529712909,2.751140736571852
I16,down,61,0.37306745441591294,0.6269325455840871,2.745787022182177
I16,down,62,0.3742540930720551,0.625745906927945,2.74350581953515
I16,down,63,0.37343882134747625,0.6265611786525238,2.745073996855295
I16,down,64,0.3729737871550709,0.6270262128449291,2.7459667351689143
I16,down,65,0.3724237876206346,0.6275762123793653,2.747020939389195
I16,down,66,0.37349848670462243,0.6265015132953775,2.74495936341991
I16,down,67,0.3715095552669931,0.6284904447330069,2.7487693453150293
I16,down,68,0.37113479867652455,0.6288652013234755,2.7494846228236574
I16,down,69,0.36932778211523937,0.6306722178847606,2.752922028958851
I16,down,70,0.36539669734660196,0.634603302653398,2.7603342077149406
I16,down,71,0.3664909709444621,0.6335090290555379,2.7582799358144
I16,down,72,0.3662459631050204,0.6337540368949797,2.7587404899474945
I16,down,73,0.36442462992354346,0.6355753700764566,2.7621532535225777
I16,down,74,0.36676103574556473,0.6332389642544353,2.7577718774353244
I16,down,75,0.3691600122549858,0.6308399877450142,2.7532402013942097
I16,down,76,0.3680182607843491,0.6319817392156508,2.7554011517599006
I16,down,77,0.3643023456876859,0.6356976543123141,2.7623816996810673
I16,down,78,0.3631628928746221,0.6368371071253779,2.7645062333794517
I16,down,79,0.36371126299416223,0.6362887370058378,2.763484719312321
I16,down,80,0.3648898118047268,0.6351101881952732,2.7612834320661523
I16,down,81,0.36654880477045815,0.6334511952295419,2.7581711717493675
I16,down,82,0.3674507749162259,0.6325492250837741,2.7564723867277037
I16,down,83,0.3664500716374171,0.633549928362583,2.7583568405950434
I16,down,84,0.3674184672518599,0.6325815327481401,2.7565333170994455
I16,down,85,0.3675111815673648,0.6324888184326352,2.7563584470268845
I16,down,86,0.36621809268283584,0.6337819073171642,2.758792857404061
I16,down,87,0.36761166914670274,0.6323883308532973,2.756168859232078
I16,down,88,0.3662271095197083,0.6337728904802917,2.758775915605314
I16,down,89,0.36342879394771993,0.6365712060522801,2.764011124077985
I16,down,90,0.3625850642526773,0.6374149357473227,2.765580751688222
I16,down,91,0.3609879137699864,0.6390120862300136,2.768540811527643
I16,down,92,0.3580012037589987,0.6419987962410013,2.7740370730778903
I16,down,93,0.3542898619232393,0.6457101380767607,2.7807962784824314
I16,down,94,0.3547680322294546,0.6452319677705454,2.7799297858482346
I16,down,95,0.3524811486178514,0.6475188513821486,2.784062222871409
I16,down,96,0.3501757163611867,0.6498242836388133,2.788198521845974
I16,down,97,0.3511184416105042,0.6488815583894958,2.786510715692123
I16,down,98,0.3505473371966221,0.6494526628033779,2.787533782993301
I16,down,99,0.3501824325172773,0.6498175674827227,2.7881865151116463
I16,down,100,0.3501224106220611,0.6498775893779389,2.7882938096856407
I17,right,1,0.8378049591323031,0.16219504086769687,1.0256058445849625
I17,right,2,0.6694229640823924,0.33057703591760756,1.8598673185370203
I17,right,3,0.5859476398043919,0.4140523601956081,2.181276068809056
I17,right,4,0.5225645177238273,0.4774354822761727,2.385165219450637
I17,right,5,0.4830340145596998,0.5169659854403001,2.495985014811734
I17,right,6,0.45916909274487117,0.5408309072551288,2.5572066769077386
I17,right,7,0.4418311687335205,0.5581688312664794,2.599131867692119
I17,right,8,0.4286979355605188,0.5713020644394813,2.6295104006171712
I17,right,9,0.41935794464422227,0.5806420553557777,2.6504111060390185
I17,right,10,0.41082008137893894,0.5891799186210611,2.6690163870527615
I17,right,11,0.40408476868745546,0.5959152313125445,2.6833624006478853
I17,right,12,0.3987125262262641,0.6012874737737359,2.694598875245247
I17,right,13,0.39268396396811844,0.6073160360318816,2.7069931416513198
I17,right,14,0.38809844542609395,0.611901554573906,2.716270256363991
I17,right,15,0.38504453829607865,0.6149554617039213,2.722377401049399
I17,right,16,0.38252989525022396,0.617470104749776,2.7273636694591437
I17,right,17,0.3804835739572328,0.6195164260427672,2.731393170168121
I17,right,18,0.37763558596660873,0.6223644140333913,2.736959492859244
I17,right,19,0.37387098905128724,0.6261290109487128,2.744243209845455
I17,right,20,0.3684815555315647,0.6315184444684353,2.754525207107849
I17,right,21,0.3622893510593154,0.6377106489406845,2.7661299118273126
I17,right,22,0.35674352890959216,0.6432564710904078,2.776336315218037
I17,right,23,0.35136333460340785,0.6486366653965921,2.7860714606090076
I17,right,24,0.34724769084658746,0.6527523091534125,2.7934091941482944
I17,right,25,0.34495967153405827,0.6550403284659417,2.7974479090515025
I17,right,26,0.34413465591863696,0.6558653440813631,2.798897123585429
I17,right,27,0.344938943832269,0.655061056167731,2.7974843649246477
I17,right,28,0.3462618079486706,0.6537381920513294,2.7951529722372817
I17,right,29,0.348073477517088,0.651926522482912,2.7919444504743964
I17,right,30,0.3490436192425516,0.6509563807574483,2.7902188288570278
I17,right,31,0.34887520488834173,0.6511247951116583,2.7905187673830225
I17,right,32,0.3480607199884214,0.6519392800115786,2.7919671079258874
I17,right,33,0.34660633078061087,0.6533936692193891,2.794544208315454
I17,right,34,0.3453207447284313,0.6546792552715688,2.79681247463453
I17,right,35,0.34429618657323147,0.6557038134267685,2.7986136745979655
I17,right,36,0.3431336147560767,0.6568663852439234,2.8006505296745248
I17,right,37,0.3398371076702556,0.6601628923297445,2.8063859481091535
I17,right,38,0.33566651285973753,0.6643334871402624,2.813557714253351
I17,right,39,0.331904214759571,0.668095785240429,2.819947226509419
I17,right,40,0.3280612623776706,0.6719387376223294,2.8263960198670155
I17,right,41,0.32434305915309897,0.6756569408469011,2.8325614641034322
I17,right,42,0.32106496507179083,0.6789350349282092,2.837937318926137
I17,right,43,0.317519316863313,0.682480683136687,2.8436894259012444
I17,right,44,0.31432700374572947,0.6856729962542705,2.848813221919145
I17,right,45,0.3126274759076242,0.6873725240923758,2.8515198975665665
I17,right,46,0.3116449543258222,0.6883550456741778,2.8530780006797887
I17,right,47,0.3113046577775108,0.6886953422224892,2.853616514479918
I17,right,48,0.31101405764314316,0.6889859423568568,2.854075922685574
I17,right,49,0.3091318408129842,0.6908681591870158,2.8570412303979182
I17,right,50,0.3062834635666113,0.6937165364333887,2.8614949442680917
I17,right,51,0.3035772637184351,0.6964227362815649,2.8656889862179407
I17,right,52,0.3020370387244416,0.6979629612755585,2.8680598572616196
I17,right,53,0.3004746602336553,0.6995253397663447,2.8704529184871648
I17,right,54,0.29898164956157247,0.7010183504384275,2.872728567987008
I17,right,55,0.2985789240482387,0.7014210759517613,2.873340540539453
I17,right,56,0.2975199921853474,0.7024800078146526,2.8749459037204215
I17,right,57,0.2966248438700378,0.7033751561299622,2.87629872097175
I17,right,58,0.29737276650086614,0.7026272334991339,2.8751686695792094
I17,right,59,0.29642052008543385,0.7035794799145662,2.876606966523963
I17,right,60,0.2929649639622279,0.7070350360377722,2.8817895461290144
I17,right,61,0.2888511406589947,0.7111488593410054,2.8878847693519685
I17,right,62,0.2853340335296426,0.7146659664703574,2.893032207528301
I17,right,63,0.2838461550099359,0.7161538449900642,2.8951922641547236
I17,right,64,0.2820905753037199,0.71790942469628,2.8977276490714674
I17,right,65,0.2790977278591654,0.7209022721408346,2.902016845404499
I17,right,66,0.2761418106813335,0.7238581893186665,2.9062125301232626
I17,right,67,0.27504297110429327,0.7249570288957068,2.9077620269514366
I17,right,68,0.2751699968054001,0.7248300031945999,2.9075831873758586
I17,right,69,0.2752633967096646,0.7247366032903354,2.907451642584409
I17,right,70,0.27501625494815307,0.7249837450518469,2.9077996312722663
I17,right,71,0.27429837790099715,0.7257016220990029,2.9088088599878414
I17,right,72,0.27361390151224224,0.7263860984877577,2.909768946214709
I17,right,73,0.2729443099746079,0.7270556900253922,2.910706093116647
I17,right,74,0.2719994826413819,0.7280005173586181,2.9120249946336667
I17,right,75,0.27011486281483404,0.729885137185166,2.9146437133772665
I17,right,76,0.2672405290254345,0.7327594709745655,2.918606897940581
I17,right,77,0.2644975774862762,0.7355024225137238,2.9223545210744604
I17,right,78,0.262631562971914,0.737368437028086,2.924884935729051
I17,right,79,0.2618244426223858,0.7381755573776142,2.9259746734314422
I17,right,80,0.2617351224875639,0.7382648775124361,2.926095093267362
I17,right,81,0.26101971990313116,0.7389802800968688,2.9270583214749593
I17,right,82,0.2587397024261682,0.7412602975738318,2.9301132062822983
I17,right,83,0.256521355909262,0.7434786440907379,2.93306370536395
I17,right,84,0.25494653950380625,0.7450534604961938,2.9351453321160053
I17,right,85,0.25330082773232154,0.7466991722676785,2.937309240043212
I17,right,86,0.2521216049052915,0.7478783950947085,2.9388526185196726
I17,right,87,0.25150697333499034,0.7484930266650096,2.9396546942878166
I17,right,88,0.2514794449629584,0.7485205550370416,2.939690580213255
I17,right,89,0.2515913685686282,0.7484086314313718,2.9395446566720445
I17,right,90,0.2517454707859437,0.7482545292140563,2.9393436540059126
I17,right,91,0.2519363419526327,0.7480636580473673,2.939094551169986
I17,right,92,0.25154618074338675,0.7484538192566133,2.9396035780080645
I17,right,93,0.2496197289653467,0.7503802710346533,2.9421074199286217
I17,right,94,0.24729563312218208,0.7527043668778179,2.9451071103665116
I17,right,95,0.24561624055222925,0.7543837594477707,2.947260492029317
I17,right,96,0.2441317276894733,0.7558682723105267,2.9491541264230214
I17,right,97,0.2428849812831695,0.7571150187168305,2.950737345643323
I17,right,98,0.24128765563384225,0.7587123443661578,2.952756296598573
I17,right,99,0.23962251260796033,0.7603774873920397,2.954849699802873
I17,right,100,0.23837805328268435,0.7616219467173156,2.9564067465664277
I17,left,1,0.8378049591323031,0.16219504086769687,1.0256058445849625
I17,left,2,0.6694229640823924,0.33057703591760756,1.8598673185370203
I17,left,3,0.5859476398043919,0.4140523601956081,2.181276068809056
I17,left,4,0.5225645177238273,0.4774354822761727,2.385165219450637
I17,left,5,0.4830340145596998,0.5169659854403001,2.495985014811734
I17,left,6,0.45916909274487117,0.5408309072551288,2.5572066769077386
I17,left,7,0.4418311687335205,0.5581688312664794,2.599131867692119
I17,left,8,0.4286979355605188,0.5713020644394813,2.6295104006171712
I17,left,9,0.41935794464422227,0.5806420553557777,2.6504111060390185
I17,left,10,0.41082008137893894,0.5891799186210611,2.6690163870527615
I17,left,11,0.40408476868745546,0.5959152313125445,2.6833624006478853
I17,left,12,0.3987125262262641,0.6012874737737359,2.694598875245247
I17,left,13,0.39268396396811844,0.6073160360318816,2.7069931416513198
I17,left,14,0.38809844542609395,0.611901554573906,2.716270256363991
I17,left,15,0.38504453829607865,0.6149554617039213,2.722377401049399
I17,left,16,0.38252989525022396,0.617470104749776,2.7273636694591437
I17,left,17,0.3804835739572328,0.6195164260427672,2.731393170168121
I17,left,18,0.37763558596660873,0.6223644140333913,2.736959492859244
I17,left,19,0.37387098905128724,0.6261290109487128,2.744243209845455
I17,left,20,0.3684815555315647,0.6315184444684353,2.754525207107849
I17,left,21,0.3622893510593154,0.6377106489406845,2.7661299118273126
I17,left,22,0.35674352890959216,0.6432564710904078,2.776336315218037
I17,left,23,0.35136333460340785,0.6486366653965921,2.7860714606090076
I17,left,24,0.34724769084658746,0.6527523091534125,2.7934091941482944
I17,left,25,0.34495967153405827,0.6550403284659417,2.7974479090515025
I17,left,26,0.34413465591863696,0.6558653440813631,2.798897123585429
I17,left,27,0.344938943832269,0.655061056167731,2.7974843649246477
I17,left,28,0.3462618079486706,0.6537381920513294,2.7951529722372817
I17,left,29,0.348073477517088,0.651926522482912,2.7919444504743964
I17,left,30,0.3490436192425516,0.6509563807574483,2.7902188288570278
I17,left,31,0.34887520488834173,0.6511247951116583,2.7905187673830225
I17,left,32,0.3480607199884214,0.6519392800115786,2.7919671079258874
I17,left,33,0.34660633078061087,0.6533936692193891,2.794544208315454
I17,left,34,0.3453207447284313,0.6546792552715688,2.79681247463453
I17,left,35,0.34429618657323147,0.6557038134267685,2.7986136745979655
I17,left,36,0.3431336147560767,0.6568663852439234,2.8006505296745248
I17,left,37,0.3398371076702556,0.6601628923297445,2.8063859481091535
I17,left,38,0.33566651285973753,0.6643334871402624,2.813557714253351
I17,left,39,0.331904214759571,0.668095785240429,2.819947226509419
I17,left,40,0.3280612623776706,0.6719387376223294,2.8263960198670155
I17,left,41,0.32434305915309897,0.6756569408469011,2.8325614641034322
I17,left,42,0.32106496507179083,0.6789350349282092,2.837937318926137
I17,left,43,0.317519316863313,0.682480683136687,2.8436894259012444
I17,left,44,0.31432700374572947,0.6856729962542705,2.848813221919145
I17,left,45,0.3126274759076242,0.6873725240923758,2.8515198975665665
I17,left,46,0.3116449543258222,0.6883550456741778,2.8530780006797887
I17,left,47,0.3113046577775108,0.6886953422224892,2.853616514479918
I17,left,48,0.31101405764314316,0.6889859423568568,2.854075922685574
I17,left,49,0.3091318408129842,0.6908681591870158,2.8570412303979182
I17,left,50,0.3062834635666113,0.6937165364333887,2.8614949442680917
I17,left,51,0.3035772637184351,0.6964227362815649,2.8656889862179407
I17,left,52,0.3020370387244416,0.6979629612755585,2.8680598572616196
I17,left,53,0.3004746602336553,0.6995253397663447,2.8704529184871648
I17,left,54,0.29898164956157247,0.7010183504384275,2.872728567987008
I17,left,55,0.2985789240482387,0.7014210759517613,2.873340540539453
I17,left,56,0.2975199921853474,0.7024800078146526,2.8749459037204215
I17,left,57,0.2966248438700378,0.7033751561299622,2.87629872097175
I17,left,58,0.29737276650086614,0.7026272334991339,2.8751686695792094
I17,left,59,0.29642052008543385,0.7035794799145662,2.876606966523963
I17,left,60,0.2929649639622279,0.7070350360377722,2.8817895461290144
I17,left,61,0.2888511406589947,0.7111488593410054,2.8878847693519685
I17,left,62,0.2853340335296426,0.7146659664703574,2.893032207528301
I17,left,63,0.2838461550099359,0.7161538449900642,2.8951922641547236
I17,left,64,0.2820905753037199,0.71790942469628,2.8977276490714674
I17,left,65,0.2790977278591654,0.7209022721408346,2.902016845404499
I17,left,66,0.2761418106813335,0.7238581893186665,2.9062125301232626
I17,left,67,0.27504297110429327,0.7249570288957068,2.9077620269514366
I17,left,68,0.2751699968054001,0.7248300031945999,2.9075831873758586
I17,left,69,0.2752633967096646,0.7247366032903354,2.907451642584409
I17,left,70,0.27501625494815307,0.7249837450518469,2.9077996312722663
I17,left,71,0.27429837790099715,0.7257016220990029,2.9088088599878414
I17,left,72,0.27361390151224224,0.7263860984877577,2.909768946214709
I17,left,73,0.2729443099746079,0.7270556900253922,2.910706093116647
I17,left,74,0.2719994826413819,0.7280005173586181,2.9120249946336667
I17,left,75,0.27011486281483404,0.729885137185166,2.9146437133772665
I17,left,76,0.2672405290254345,0.7327594709745655,2.918606897940581
I17,left,77,0.2644975774862762,0.7355024225137238,2.9223545210744604
I17,left,78,0.262631562971914,0.737368437028086,2.924884935729051
I17,left,79,0.2618244426223858,0.7381755573776142,2.9259746734314422
I17,left,80,0.2617351224875639,0.7382648775124361,2.926095093267362
I17,left,81,0.26101971990313116,0.7389802800968688,2.9270583214749593
I17,left,82,0.2587397024261682,0.7412602975738318,2.9301132062822983
I17,left,83,0.256521355909262,0.7434786440907379,2.93306370536395
I17,left,84,0.25494653950380625,0.7450534604961938,2.9351453321160053
I17,left,85,0.25330082773232154,0.7466991722676785,2.937309240043212
I17,left,86,0.2521216049052915,0.7478783950947085,2.9388526185196726
I17,left,87,0.25150697333499034,0.7484930266650096,2.9396546942878166
I17,left,88,0.2514794449629584,0.7485205550370416,2.939690580213255
I17,left,89,0.2515913685686282,0.7484086314313718,2.9395446566720445
I17,left,90,0.2517454707859437,0.7482545292140563,2.9393436540059126
I17,left,91,0.2519363419526327,0.7480636580473673,2.939094551169986
I17,left,92,0.25154618074338675,0.7484538192566133,2.9396035780080645
I17,left,93,0.2496197289653467,0.7503802710346533,2.9421074199286217
I17,left,94,0.24729563312218208,0.7527043668778179,2.9451071103665116
I17,left,95,0.24561624055222925,0.7543837594477707,2.947260492029317
I17,left,96,0.2441317276894733,0.7558682723105267,2.9491541264230214
I17,left,97,0.2428849812831695,0.7571150187168305,2.950737345643323
I17,left,98,0.24128765563384225,0.7587123443661578,2.952756296598573
I17,left,99,0.23962251260796033,0.7603774873920397,2.954849699802873
I17,left,100,0.23837805328268435,0.7616219467173156,2.9564067465664277
I17,up,1,0.8175296780215265,0.18247032197847346,1.1383031671470274
I17,up,2,0.630057202841676,0.369942797158324,2.01914707465603
I17,up,3,0.535929042927847,0.46407095707215296,2.3449280446598975
I17,up,4,0.4709264655535198,0.5290735344464802,2.527563183141247
I17,up,5,0.4360550278594154,0.5639449721405846,2.6126368254500854
I17,up,6,0.4146231236700754,0.5853768763299245,2.6607874233297464
I17,up,7,0.3998701764666774,0.6001298235333226,2.6921928999103075
I17,up,8,0.38900099963949575,0.6109990003605043,2.7144544614207655
I17,up,9,0.38131070947029205,0.6186892905297079,2.7297674525347455
I17,up,10,0.3756937035984471,0.6243062964015529,2.7407271289445836
I17,up,11,0.3718991398056727,0.6281008601943273,2.7480248924821025
I17,up,12,0.3701668083541627,0.6298331916458373,2.7513283635332506
I17,up,13,0.3677942872295936,0.6322057127704064,2.755824167218532
I17,up,14,0.36742646019133496,0.632573539808665,2.7565182434463393
I17,up,15,0.36678447737422254,0.6332155226257774,2.7577277580012387
I17,up,16,0.3633094314208471,0.6366905685791528,2.7642334281020675
I17,up,17,0.3587422813649352,0.6412577186350648,2.7726780533617097
I17,up,18,0.35451100241447925,0.6454889975855207,2.780395709722585
I17,up,19,0.35030413475534605,0.649695865244654,2.7879688997402425
I17,up,20,0.34779104830769536,0.6522089516923046,2.792445835588346
I17,up,21,0.34534597454800736,0.6546540254519926,2.7967680471471983
I17,up,22,0.34337035408791455,0.6566296459120855,2.8002363567951507
I17,up,23,0.3418608234841541,0.658139176515846,2.8028720120176196
I17,up,24,0.34010101580901364,0.6598989841909864,2.8059289662765075
I17,up,25,0.3377303347189006,0.6622696652810993,2.810020494556671
I17,up,26,0.3359259060664724,0.6640740939335277,2.8131143947209143
I17,up,27,0.33506727232047756,0.6649327276795225,2.814580473766636
I17,up,28,0.33680178365039015,0.6631982163496098,2.8116147916615075
I17,up,29,0.3396490823492324,0.6603509176507676,2.8067113011208544
I17,up,30,0.34073233611006115,0.6592676638899388,2.804834240711126
I17,up,31,0.3404547707930907,0.6595452292069093,2.8053158128846114
I17,up,32,0.33923773126716766,0.6607622687328323,2.8074224214059917
I17,up,33,0.3386246875811554,0.6613753124188446,2.808480515394553
I17,up,34,0.3382348988600201,0.6617651011399799,2.809152220905138
I17,up,35,0.33714447470689757,0.6628555252931024,2.8110269414695033
I17,up,36,0.33510420982728034,0.6648957901727197,2.8145174860233517
I17,up,37,0.3338790840586433,0.6661209159413567,2.8166027359880665
I17,up,38,0.33215693920747624,0.6678430607925238,2.8195203906160753
I17,up,39,0.3293248899784858,0.6706751100215143,2.8242841648644372
I17,up,40,0.32637921552473886,0.6736207844752611,2.8291941265882112
I17,up,41,0.3226775601154835,0.6773224398845166,2.8352997423584085
I17,up,42,0.31947129647038003,0.6805287035296199,2.8405307324439075
I17,up,43,0.3169204117178092,0.6830795882821907,2.84465465762551
I17,up,44,0.31562777919218826,0.6843722208078118,2.8467316951440296
I17,up,45,0.31655680732969155,0.6834431926703084,2.845239769513859
I17,up,46,0.3178640888142748,0.6821359111857253,2.843132937672128
I17,up,47,0.31684122716700003,0.683158772833,2.844782138896724
I17,up,48,0.31493890295744553,0.6850610970425545,2.84783512071591
I17,up,49,0.3131398873038577,0.6868601126961422,2.8507053694730393
I17,up,50,0.3127486495293796,0.6872513504706204,2.8513274001282864
I17,up,51,0.31299826588853674,0.6870017341114633,2.8509306234192806
I17,up,52,0.31397188094418793,0.6860281190558121,2.8493800021332847
I17,up,53,0.3128245944742317,0.6871754055257683,2.851206715497118
I17,up,54,0.30956574997782216,0.6904342500221778,2.856359212338167
I17,up,55,0.3062463197979437,0.6937536802020563,2.8615527551060858
I17,up,56,0.3041547357303158,0.6958452642696842,2.864797067770094
I17,up,57,0.3024067894852818,0.6975932105147182,2.8674917645090146
I17,up,58,0.30107448308786383,0.6989255169121362,2.869535598304025
I17,up,59,0.3011925194955345,0.6988074805044655,2.8693548754675815
I17,up,60,0.30156325329334566,0.6984367467066543,2.868786809116412
I17,up,61,0.3007122031222816,0.6992877968777185,2.870089850481518
I17,up,62,0.29987673148489113,0.7001232685151089,2.871365589619966
I17,up,63,0.2999668724765088,0.7000331275234912,2.8712281113991436
I17,up,64,0.3004404131947665,0.6995595868052336,2.870505239956768
I17,up,65,0.3011187247621569,0.698881275237843,2.869467868893821
I17,up,66,0.3001542806726108,0.6998457193273893,2.870942159329177
I17,up,67,0.2975275990745055,0.7024724009254946,2.8749343909462644
I17,up,68,0.29632644521332363,0.7036735547866764,2.876748821169615
I17,up,69,0.2961703695507324,0.7038296304492676,2.876984071784568
I17,up,70,0.29471094456099073,0.7052890554390092,2.879178146754235
I17,up,71,0.29296147797442434,0.7070385220255757,2.881794745348671
I17,up,72,0.2909292256649638,0.7090707743350362,2.884815872551351
I17,up,73,0.2887208256577203,0.7112791743422797,2.8880765338511347
I17,up,74,0.28605326762130256,0.7139467323786974,2.89198432072369
I17,up,75,0.28411783477010555,0.7158821652298945,2.894798621675485
I17,up,76,0.2824423754969878,0.7175576245030122,2.8972207353893795
I17,up,77,0.2814130699161832,0.7185869300838168,2.8987022534252613
I17,up,78,0.28055328876020746,0.7194467112397925,2.899935995334957
I17,up,79,0.27879641433948404,0.7212035856605159,2.902446376040559
I17,up,80,0.2758198318692606,0.7241801681307394,2.9066671310594243
I17,up,81,0.2731385008715118,0.7268614991284882,2.910434517052103
I17,up,82,0.27152387259901206,0.7284761274009879,2.912687377865372
I17,up,83,0.27051374562860286,0.7294862543713971,2.914090794203485
I17,up,84,0.26884515009691057,0.7311548499030894,2.9163989852189616
I17,up,85,0.2669616593918457,0.7330383406081543,2.9189894402868832
I17,up,86,0.2662924782827405,0.7337075217172595,2.919905981512243
I17,up,87,0.2674543932559416,0.7325456067440583,2.9183132921506445
I17,up,88,0.26701245031093673,0.7329875496890632,2.9189197931653244
I17,up,89,0.2647116963652084,0.7352883036347916,2.922063179147999
I17,up,90,0.26226937497008623,0.7377306250299138,2.9253743005353323
I17,up,91,0.2600582630456666,0.7399417369543334,2.928349304001805
I17,up,92,0.25977964311293844,0.7402203568870616,2.928722660425408
I17,up,93,0.260721288080961,0.7392787119190389,2.927459470198098
I17,up,94,0.2604025965277768,0.7395974034722232,2.927887420669613
I17,up,95,0.26025631636018687,0.7397436836398131,2.928083701934301
I17,up,96,0.2592250016468302,0.7407749983531697,2.929464881125458
I17,up,97,0.25688322463335334,0.7431167753666467,2.9325838628673084
I17,up,98,0.2569841323727337,0.7430158676272662,2.932449956687428
I17,up,99,0.25891435314485306,0.741085646855147,2.9298800037266366
I17,up,100,0.25932034877550797,0.740679651224492,2.929337383344727
I17,down,1,0.8175296780215265,0.18247032197847346,1.1383031671470274
I17,down,2,0.630057202841676,0.369942797158324,2.01914707465603
I17,down,3,0.535929042927847,0.46407095707215296,2.3449280446598975
I17,down,4,0.4709264655535198,0.5290735344464802,2.527563183141247
I17,down,5,0.4360550278594154,0.5639449721405846,2.6126368254500854
I17,down,6,0.4146231236700754,0.5853768763299245,2.6607874233297464
I17,down,7,0.3998701764666774,0.6001298235333226,2.6921928999103075
I17,down,8,0.38900099963949575,0.6109990003605043,2.7144544614207655
I17,down,9,0.38131070947029205,0.6186892905297079,2.7297674525347455
I17,down,10,0.3756937035984471,0.6243062964015529,2.7407271289445836
I17,down,11,0.3718991398056727,0.6281008601943273,2.7480248924821025
I17,down,12,0.3701668083541627,0.6298331916458373,2.7513283635332506
I17,down,13,0.3677942872295936,0.6322057127704064,2.755824167218532
I17,down,14,0.36742646019133496,0.632573539808665,2.7565182434463393
I17,down,15,0.36678447737422254,0.6332155226257774,2.7577277580012387
I17,down,16,0.3633094314208471,0.6366905685791528,2.7642334281020675
I17,down,17,0.3587422813649352,0.6412577186350648,2.7726780533617097
I17,down,18,0.35451100241447925,0.6454889975855207,2.780395709722585
I17,down,19,0.35030413475534605,0.649695865244654,2.7879688997402425
I17,down,20,0.34779104830769536,0.6522089516923046,2.792445835588346
I17,down,21,0.34534597454800736,0.6546540254519926,2.7967680471471983
I17,down,22,0.34337035408791455,0.6566296459120855,2.8002363567951507
I17,down,23,0.3418608234841541,0.658139176515846,2.8028720120176196
I17,down,24,0.34010101580901364,0.6598989841909864,2.8059289662765075
I17,down,25,0.3377303347189006,0.6622696652810993,2.810020494556671
I17,down,26,0.3359259060664724,0.6640740939335277,2.8131143947209143
I17,down,27,0.33506727232047756,0.6649327276795225,2.814580473766636
I17,down,28,0.33680178365039015,0.6631982163496098,2.8116147916615075
I17,down,29,0.3396490823492324,0.6603509176507676,2.8067113011208544
I17,down,30,0.34073233611006115,0.6592676638899388,2.804834240711126
I17,down,31,0.3404547707930907,0.6595452292069093,2.8053158128846114
I17,down,32,0.33923773126716766,0.6607622687328323,2.8074224214059917
I17,down,33,0.3386246875811554,0.6613753124188446,2.808480515394553
I17,down,34,0.3382348988600201,0.6617651011399799,2.809152220905138
I17,down,35,0.33714447470689757,0.6628555252931024,2.8110269414695033
I17,down,36,0.33510420982728034,0.6648957901727197,2.8145174860233517
I17,down,37,0.3338790840586433,0.6661209159413567,2.8166027359880665
I17,down,38,0.33215693920747624,0.6678430607925238,2.8195203906160753
I17,down,39,0.3293248899784858,0.6706751100215143,2.8242841648644372
I17,down,40,0.32637921552473886,0.6736207844752611,2.8291941265882112
I17,down,41,0.3226775601154835,0.6773224398845166,2.8352997423584085
I17,down,42,0.31947129647038003,0.6805287035296199,2.8405307324439075
I17,down,43,0.3169204117178092,0.6830795882821907,2.84465465762551
I17,down,44,0.31562777919218826,0.6843722208078118,2.8467316951440296
I17,down,45,0.31655680732969155,0.6834431926703084,2.845239769513859
I17,down,46,0.3178640888142748,0.6821359111857253,2.843132937672128
I17,down,47,0.31684122716700003,0.683158772833,2.844782138896724
I17,down,48,0.31493890295744553,0.6850610970425545,2.84783512071591
I17,down,49,0.3131398873038577,0.6868601126961422,2.8507053694730393
I17,down,50,0.3127486495293796,0.6872513504706204,2.8513274001282864
I17,down,51,0.31299826588853674,0.6870017341114633,2.8509306234192806
I17,down,52,0.31397188094418793,0.6860281190558121,2.8493800021332847
I17,down,53,0.3128245944742317,0.6871754055257683,2.851206715497118
I17,down,54,0.30956574997782216,0.6904342500221778,2.856359212338167
I17,down,55,0.3062463197979437,0.6937536802020563,2.8615527551060858
I17,down,56,0.3041547357303158,0.6958452642696842,2.864797067770094
I17,down,57,0.3024067894852818,0.6975932105147182,2.8674917645090146
I17,down,58,0.30107448308786383,0.6989255169121362,2.869535598304025
I17,down,59,0.3011925194955345,0.6988074805044655,2.8693548754675815
I17,down,60,0.30156325329334566,0.6984367467066543,2.868786809116412
I17,down,61,0.3007122031222816,0.6992877968777185,2.870089850481518
I17,down,62,0.29987673148489113,0.7001232685151089,2.871365589619966
I17,down,63,0.2999668724765088,0.7000331275234912,2.8712281113991436
I17,down,64,0.3004404131947665,0.6995595868052336,2.870505239956768
I17,down,65,0.3011187247621569,0.698881275237843,2.869467868893821
I17,down,66,0.3001542806726108,0.6998457193273893,2.870942159329177
I17,down,67,0.2975275990745055,0.7024724009254946,2.8749343909462644
I17,down,68,0.29632644521332363,0.7036735547866764,2.876748821169615
I17,down,69,0.2961703695507324,0.7038296304492676,2.876984071784568
I17,down,70,0.29471094456099073,0.7052890554390092,2.879178146754235
I17,down,71,0.29296147797442434,0.7070385220255757,2.881794745348671
I17,down,72,0.2909292256649638,0.7090707743350362,2.884815872551351
I17,down,73,0.2887208256577203,0.7112791743422797,2.8880765338511347
I17,down,74,0.28605326762130256,0.7139467323786974,2.89198432072369
I17,down,75,0.28411783477010555,0.7158821652298945,2.894798621675485
I17,down,76,0.2824423754969878,0.7175576245030122,2.8972207353893795
I17,down,77,0.2814130699161832,0.7185869300838168,2.8987022534252613
I17,down,78,0.28055328876020746,0.7194467112397925,2.899935995334957
I17,down,79,0.27879641433948404,0.7212035856605159,2.902446376040559
I17,down,80,0.2758198318692606,0.7241801681307394,2.9066671310594243
I17,down,81,0.2731385008715118,0.7268614991284882,2.910434517052103
I17,down,82,0.27152387259901206,0.7284761274009879,2.912687377865372
I17,down,83,0.27051374562860286,0.7294862543713971,2.914090794203485
I17,down,84,0.26884515009691057,0.7311548499030894,2.9163989852189616
I17,down,85,0.2669616593918457,0.7330383406081543,2.9189894402868832
I17,down,86,0.2662924782827405,0.7337075217172595,2.919905981512243
I17,down,87,0.2674543932559416,0.7325456067440583,2.9183132921506445
I17,down,88,0.26701245031093673,0.7329875496890632,2.9189197931653244
I17,down,89,0.2647116963652084,0.7352883036347916,2.922063179147999
I17,down,90,0.26226937497008623,0.7377306250299138,2.9253743005353323
I17,down,91,0.2600582630456666,0.7399417369543334,2.928349304001805
I17,down,92,0.25977964311293844,0.7402203568870616,2.928722660425408
I17,down,93,0.260721288080961,0.7392787119190389,2.927459470198098
I17,down,94,0.2604025965277768,0.7395974034722232,2.927887420669613
I17,down,95,0.26025631636018687,0.7397436836398131,2.928083701934301
I17,down,96,0.2592250016468302,0.7407749983531697,2.929464881125458
I17,down,97,0.25688322463335334,0.7431167753666467,2.9325838628673084
I17,down,98,0.2569841323727337,0.7430158676272662,2.932449956687428
I17,down,99,0.25891435314485306,0.741085646855147,2.9298800037266366
I17,down,100,0.25932034877550797,0.740679651224492,2.929337383344727
I18,right,1,0.7132091485524128,0.2867908514475872,1.6663540046105458
I18,right,2,0.4141173936336328,0.5858826063663671,2.661887104698203
I18,right,3,0.30245212238190317,0.6975478776180968,2.867422067835701
I18,right,4,0.24775723935417734,0.7522427606458226,2.944513138147321
I18,right,5,0.223336060955127,0.776663939044873,2.97472986098093
I18,right,6,0.21485983768435465,0.7851401623156453,2.9846600576483953
I18,right,7,0.2127757939375433,0.7872242060624567,2.987059067827407
I18,right,8,0.2102252464549988,0.7897747535450013,2.989972540441107
I18,right,9,0.20610865796369426,0.7938913420363057,2.9946229953192844
I18,right,10,0.201583143858535,0.798416856141465,2.9996622732093146
I18,right,11,0.19690441229360106,0.803095587706399,3.004792693319679
I18,right,12,0.1940156794139344,0.8059843205860656,3.0079204503863606
I18,right,13,0.19078414435620625,0.8092158556437937,3.011383702643788
I18,right,14,0.18932604516076149,0.8106739548392385,3.0129341152558826
I18,right,15,0.19101700327741367,0.8089829967225863,3.0111353985620033
I18,right,16,0.18958422882495563,0.8104157711750444,3.0126601378362494
I18,right,17,0.1853842549765994,0.8146157450234006,3.0170876931108044
I18,right,18,0.18218958388237685,0.8178104161176232,3.020413903188092
I18,right,19,0.18038716363639773,0.8196128363636023,3.022274835017254
I18,right,20,0.17925069830972598,0.820749301690274,3.023442406516139
I18,right,21,0.17895000675602332,0.8210499932439767,3.0237505820362856
I18,right,22,0.17933372862497335,0.8206662713750267,3.0233572546836873
I18,right,23,0.1808729587583654,0.8191270412416346,3.0217743796180487
I18,right,24,0.17971696804714732,0.8202830319528527,3.022963914574575
I18,right,25,0.1752580226554522,0.8247419773445478,3.027509132842689
I18,right,26,0.17056145297221317,0.8294385470277869,3.032223294626343
I18,right,27,0.166682268955217,0.833317731044783,3.036061064487103
I18,right,28,0.1660420345947837,0.8339579654052163,3.0366896433955493
I18,right,29,0.1671378921129941,0.8328621078870059,3.035612907059776
I18,right,30,0.1660248641475004,0.8339751358524996,3.0367064825376016
I18,right,31,0.16430102282545495,0.8356989771745451,3.038392097682827
I18,right,32,0.16432951829208295,0.835670481707917,3.0383643138749736
I18,right,33,0.16508253268170706,0.834917467318293,3.0376291348008237
I18,right,34,0.1683690102616066,0.8316309897383933,3.0343985061941607
I18,right,35,0.1718070252390896,0.8281929747609104,3.030980323269845
I18,right,36,0.17311305180662687,0.8268869481933732,3.0296714027005107
I18,right,37,0.1728244264703475,0.8271755735296525,3.0299611640618993
I18,right,38,0.17036209532389518,0.8296379046761049,3.0324217514600305
I18,right,39,0.1679598279938936,0.8320401720061064,3.034802692585237
I18,right,40,0.16467162140478825,0.8353283785952117,3.038030545539904
I18,right,41,0.16191895324734457,0.8380810467526554,3.040705234428933
I18,right,42,0.16064917301295312,0.8393508269870469,3.0419306734102163
I18,right,43,0.16015159436880116,0.8398484056311988,3.042409441958224
I18,right,44,0.16088489633801156,0.8391151036619884,3.0417035795388614
I18,right,45,0.16311706679959867,0.8368829332004013,3.0395441217388264
I18,right,46,0.16446895577473264,0.8355310442252674,3.0382283201630367
I18,right,47,0.1651399174101633,0.8348600825898367,3.037573032459643
I18,right,48,0.16557552751950905,0.834424472480491,3.0371468019817147
I18,right,49,0.16607178141582252,0.8339282185841774,3.036660468229136
I18,right,50,0.1652708676497789,0.8347291323502211,3.0374449678303668
I18,right,51,0.16356004672095545,0.8364399532790445,3.039113629205186
I18,right,52,0.16208922464094244,0.8379107753590576,3.0405405082261803
I18,right,53,0.16007912446796863,0.8399208755320313,3.0424791050021973
I18,right,54,0.15786267061150103,0.842137329388499,3.044601476516105
I18,right,55,0.15500611722618737,0.8449938827738126,3.047313375759966
I18,right,56,0.15259291134593142,0.8474070886540686,3.04958400008209
I18,right,57,0.15266064104488916,0.8473393589551108,3.0495205253135707
I18,right,58,0.15473324136453678,0.8452667586354632,3.047571061934237
I18,right,59,0.15624663519313842,0.8437533648068616,3.046138901438284
I18,right,60,0.15569277526390285,0.8443072247360972,3.0466638849076606
I18,right,61,0.1552899852450414,0.8447100147549587,3.0470450561703952
I18,right,62,0.15600907601288203,0.843990923987118,3.0463641957699155
I18,right,63,0.1559371903819787,0.8440628096180213,3.0464323343000093
I18,right,64,0.15657620288073132,0.8434237971192686,3.0458260483216595
I18,right,65,0.156993294722027,0.8430067052779731,3.0454296086990764
I18,right,66,0.1563530570001511,0.8436469429998489,3.046037915189392
I18,right,67,0.1553192191085738,0.8446807808914262,3.0470174088765853
I18,right,68,0.15351510455522277,0.8464848954447772,3.048718487110171
I18,right,69,0.15229937028922796,0.8477006297107721,3.049858931683601
I18,right,70,0.15238783937630163,0.8476121606236984,3.049776100048512
I18,right,71,0.15409967994730173,0.8459003200526982,3.048168437320607
I18,right,72,0.1561556392242909,0.8438443607757091,3.0462252208486023
I18,right,73,0.15583636627621109,0.8441636337237889,3.046527874891342
I18,right,74,0.15403041332664,0.84596958667336,3.0482336699579156
I18,right,75,0.1527884182002678,0.8472115817997322,3.0494007356780664
I18,right,76,0.15263324569021136,0.8473667543097887,3.0495462013879466
I18,right,77,0.1526898501545055,0.8473101498454945,3.04949314668303
I18,right,78,0.15148309289279685,0.8485169071072032,3.0506220218866416
I18,right,79,0.150689888295366,0.849310111704634,3.05136152001565
I18,right,80,0.1497390813035185,0.8502609186964815,3.052245329312341
I18,right,81,0.14851581184519316,0.8514841881548069,3.05337821275193
I18,right,82,0.14924194848383962,0.8507580515161604,3.0527062973560204
I18,right,83,0.1506923117060056,0.8493076882939944,3.0513592637210065
I18,right,84,0.15156999620205597,0.848430003797944,3.0505408815589705
I18,right,85,0.15129600085299438,0.8487039991470056,3.050796625735183
I18,right,86,0.1497375092268083,0.8502624907731917,3.05224678825262
I18,right,87,0.1484704551046893,0.8515295448953107,3.0534201276967323
I18,right,88,0.1476164229004692,0.8523835770995308,3.054208148981047
I18,right,89,0.1456035553697846,0.8543964446302155,3.0560564128707455
I18,right,90,0.1448362138266225,0.8551637861733775,3.0567576815153448
I18,right,91,0.1456335856405953,0.8543664143594047,3.0560289311724986
I18,right,92,0.14605906650003134,0.8539409334999687,3.0556392578573766
I18,right,93,0.14450491640251087,0.8554950835974892,3.0570598870495207
I18,right,94,0.1420431574455664,0.8579568425544336,3.0592948379470535
I18,right,95,0.14073340584759814,0.8592665941524018,3.0604763101676253
I18,right,96,0.1405973110767886,0.8594026889232114,3.0605987737204323
I18,right,97,0.14124801915830557,0.8587519808416945,3.060012727128232
I18,right,98,0.1411996692131113,0.8588003307868887,3.0600563171548423
I18,right,99,0.13985213538010077,0.8601478646198992,3.0612683076961407
I18,right,100,0.13898177164811057,0.8610182283518895,3.06204817386209
I18,left,1,0.7132091485524128,0.2867908514475872,1.6663540046105458
I18,left,2,0.4141173936336328,0.5858826063663671,2.661887104698203
I18,left,3,0.30245212238190317,0.6975478776180968,2.867422067835701
I18,left,4,0.24775723935417734,0.7522427606458226,2.944513138147321
I18,left,5,0.223336060955127,0.776663939044873,2.97472986098093
I18,left,6,0.21485983768435465,0.7851401623156453,2.9846600576483953
I18,left,7,0.2127757939375433,0.7872242060624567,2.987059067827407
I18,left,8,0.2102252464549988,0.7897747535450013,2.989972540441107
I18,left,9,0.20610865796369426,0.7938913420363057,2.9946229953192844
I18,left,10,0.201583143858535,0.798416856141465,2.9996622732093146
I18,left,11,0.19690441229360106,0.803095587706399,3.004792693319679
I18,left,12,0.1940156794139344,0.8059843205860656,3.0079204503863606
I18,left,13,0.19078414435620625,0.8092158556437937,3.011383702643788
I18,left,14,0.18932604516076149,0.8106739548392385,3.0129341152558826
I18,left,15,0.19101700327741367,0.8089829967225863,3.0111353985620033
I18,left,16,0.18958422882495563,0.8104157711750444,3.0126601378362494
I18,left,17,0.1853842549765994,0.8146157450234006,3.0170876931108044
I18,left,18,0.18218958388237685,0.8178104161176232,3.020413903188092
I18,left,19,0.18038716363639773,0.8196128363636023,3.022274835017254
I18,left,20,0.17925069830972598,0.820749301690274,3.023442406516139
I18,left,21,0.17895000675602332,0.8210499932439767,3.0237505820362856
I18,left,22,0.17933372862497335,0.8206662713750267,3.0233572546836873
I18,left,23,0.1808729587583654,0.8191270412416346,3.0217743796180487
I18,left,24,0.17971696804714732,0.8202830319528527,3.022963914574575
I18,left,25,0.1752580226554522,0.8247419773445478,3.027509132842689
I18,left,26,0.17056145297221317,0.8294385470277869,3.032223294626343
I18,left,27,0.166682268955217,0.833317731044783,3.036061064487103
I18,left,28,0.1660420345947837,0.8339579654052163,3.0366896433955493
I18,left,29,0.1671378921129941,0.8328621078870059,3.035612907059776
I18,left,30,0.1660248641475004,0.8339751358524996,3.0367064825376016
I18,left,31,0.16430102282545495,0.8356989771745451,3.038392097682827
I18,left,32,0.16432951829208295,0.835670481707917,3.0383643138749736
I18,left,33,0.16508253268170706,0.834917467318293,3.0376291348008237
I18,left,34,0.1683690102616066,0.8316309897383933,3.0343985061941607
I18,left,35,0.1718070252390896,0.8281929747609104,3.030980323269845
I18,left,36,0.17311305180662687,0.8268869481933732,3.0296714027005107
I18,left,37,0.1728244264703475,0.8271755735296525,3.0299611640618993
I18,left,38,0.17036209532389518,0.8296379046761049,3.0324217514600305
I18,left,39,0.1679598279938936,0.8320401720061064,3.034802692585237
I18,left,40,0.16467162140478825,0.8353283785952117,3.038030545539904
I18,left,41,0.16191895324734457,0.8380810467526554,3.040705234428933
I18,left,42,0.16064917301295312,0.8393508269870469,3.0419306734102163
I18,left,43,0.16015159436880116,0.8398484056311988,3.042409441958224
I18,left,44,0.16088489633801156,0.8391151036619884,3.0417035795388614
I18,left,45,0.16311706679959867,0.8368829332004013,3.0395441217388264
I18,left,46,0.16446895577473264,0.8355310442252674,3.0382283201630367
I18,left,47,0.1651399174101633,0.8348600825898367,3.037573032459643
I18,left,48,0.16557552751950905,0.834424472480491,3.0371468019817147
I18,left,49,0.16607178141582252,0.8339282185841774,3.036660468229136
I18,left,50,0.1652708676497789,0.8347291323502211,3.0374449678303668
I18,left,51,0.16356004672095545,0.8364399532790445,3.039113629205186
I18,left,52,0.16208922464094244,0.8379107753590576,3.0405405082261803
I18,left,53,0.16007912446796863,0.8399208755320313,3.0424791050021973
I18,left,54,0.15786267061150103,0.842137329388499,3.044601476516105
I18,left,55,0.15500611722618737,0.8449938827738126,3.047313375759966
I18,left,56,0.15259291134593142,0.8474070886540686,3.04958400008209
I18,left,57,0.15266064104488916,0.8473393589551108,3.0495205253135707
I18,left,58,0.15473324136453678,0.8452667586354632,3.047571061934237
I18,left,59,0.15624663519313842,0.8437533648068616,3.046138901438284
I18,left,60,0.15569277526390285,0.8443072247360972,3.0466638849076606
I18,left,61,0.1552899852450414,0.8447100147549587,3.0470450561703952
I18,left,62,0.15600907601288203,0.843990923987118,3.0463641957699155
I18,left,63,0.1559371903819787,0.8440628096180213,3.0464323343000093
I18,left,64,0.15657620288073132,0.8434237971192686,3.0458260483216595
I18,left,65,0.156993294722027,0.8430067052779731,3.0454296086990764
I18,left,66,0.1563530570001511,0.8436469429998489,3.046037915189392
I18,left,67,0.1553192191085738,0.8446807808914262,3.0470174088765853
I18,left,68,0.15351510455522277,0.8464848954447772,3.048718487110171
I18,left,69,0.15229937028922796,0.8477006297107721,3.049858931683601
I18,left,70,0.15238783937630163,0.8476121606236984,3.049776100048512
I18,left,71,0.15409967994730173,0.8459003200526982,3.048168437320607
I18,left,72,0.1561556392242909,0.8438443607757091,3.0462252208486023
I18,left,73,0.15583636627621109,0.8441636337237889,3.046527874891342
I18,left,74,0.15403041332664,0.84596958667336,3.0482336699579156
I18,left,75,0.1527884182002678,0.8472115817997322,3.0494007356780664
I18,left,76,0.15263324569021136,0.8473667543097887,3.0495462013879466
I18,left,77,0.1526898501545055,0.8473101498454945,3.04949314668303
I18,left,78,0.15148309289279685,0.8485169071072032,3.0506220218866416
I18,left,79,0.150689888295366,0.849310111704634,3.05136152001565
I18,left,80,0.1497390813035185,0.8502609186964815,3.052245329312341
I18,left,81,0.14851581184519316,0.8514841881548069,3.05337821275193
I18,left,82,0.14924194848383962,0.8507580515161604,3.0527062973560204
I18,left,83,0.1506923117060056,0.8493076882939944,3.0513592637210065
I18,left,84,0.15156999620205597,0.848430003797944,3.0505408815589705
I18,left,85,0.15129600085299438,0.8487039991470056,3.050796625735183
I18,left,86,0.1497375092268083,0.8502624907731917,3.05224678825262
I18,left,87,0.1484704551046893,0.8515295448953107,3.0534201276967323
I18,left,88,0.1476164229004692,0.8523835770995308,3.054208148981047
I18,left,89,0.1456035553697846,0.8543964446302155,3.0560564128707455
I18,left,90,0.1448362138266225,0.8551637861733775,3.0567576815153448
I18,left,91,0.1456335856405953,0.8543664143594047,3.0560289311724986
I18,left,92,0.14605906650003134,0.8539409334999687,3.0556392578573766
I18,left,93,0.14450491640251087,0.8554950835974892,3.0570598870495207
I18,left,94,0.1420431574455664,0.8579568425544336,3.0592948379470535
I18,left,95,0.14073340584759814,0.8592665941524018,3.0604763101676253
I18,left,96,0.1405973110767886,0.8594026889232114,3.0605987737204323
I18,left,97,0.14124801915830557,0.8587519808416945,3.060012727128232
I18,left,98,0.1411996692131113,0.8588003307868887,3.0600563171548423
I18,left,99,0.13985213538010077,0.8601478646198992,3.0612683076961407
I18,left,100,0.13898177164811057,0.8610182283518895,3.06204817386209
I18,up,1,0.7325747305538013,0.2674252694461987,1.5753169665761897
I18,up,2,0.45157813393935897,0.548421866060641,2.5758215044407082
I18,up,3,0.3480012941453702,0.6519987058546298,2.7920726367157913
I18,up,4,0.28958662699583376,0.7104133730041662,2.8868009569745965
I18,up,5,0.2623493815273283,0.7376506184726717,2.9252662506249116
I18,up,6,0.2523579156749991,0.7476420843250009,2.938543809998273
I18,up,7,0.24320142276121412,0.7567985772387859,2.9503361169956435
I18,up,8,0.23470586287175338,0.7652941371282467,2.9609642850117
I18,up,9,0.22873660971254314,0.7712633902874568,2.968255846600531
I18,up,10,0.22121688500926626,0.7787831149907337,2.9772387956545954
I18,up,11,0.2155761114595449,0.7844238885404551,2.983831685947454
I18,up,12,0.21492872310315092,0.7850712768968491,2.9845804772440596
I18,up,13,0.2154159530236412,0.7845840469763588,2.984017080635362
I18,up,14,0.21369521434567096,0.786304785654329,2.986002742491218
I18,up,15,0.20977934359945868,0.7902206564005413,2.9904793566007237
I18,up,16,0.20352292177559914,0.7964770782244008,2.9975115969784323
I18,up,17,0.1978176356505484,0.8021823643494516,3.0037976000913575
I18,up,18,0.195179301711924,0.804820698288076,3.0066641822822673
I18,up,19,0.19435590216321322,0.8056440978367868,3.007553645825806
I18,up,20,0.19264567701000226,0.8073543229899978,3.009393268948666
I18,up,21,0.19026342971146812,0.8097365702885319,3.0119382545455693
I18,up,22,0.18690295299298898,0.813097047007011,3.0154939017570817
I18,up,23,0.18484577398418084,0.8151542260158191,3.0176508505839035
I18,up,24,0.18448872378488618,0.8155112762151138,3.018023701743922
I18,up,25,0.18307825342340198,0.816921746576598,3.0194922254643224
I18,up,26,0.1820545402655404,0.8179454597344595,3.0205537219246343
I18,up,27,0.18291949080000616,0.8170805091999939,3.0196570871358857
I18,up,28,0.1824210469316873,0.8175789530683127,3.0201741079445954
I18,up,29,0.181124766233653,0.818875233766347,3.0215146511446944
I18,up,30,0.17991544688852376,0.8200845531114762,3.0227600051498102
I18,up,31,0.1788206331568483,0.8211793668431517,3.023883079708729
I18,up,32,0.17705766575977497,0.822942334240225,3.0256828795018045
I18,up,33,0.17464943978007835,0.8253505602199216,3.028124213225829
I18,up,34,0.17220563704717468,0.8277943629528253,3.030581439329654
I18,up,35,0.16944733552943128,0.8305526644705687,3.0333306676847753
I18,up,36,0.16736808944614875,0.8326319105538512,3.0353862192435788
I18,up,37,0.1669156834471038,0.8330843165528962,3.0358315608487407
I18,up,38,0.16537809612036528,0.8346219038796348,3.0373400600174545
I18,up,39,0.16307763945897005,0.83692236054103,3.0395824063923493
I18,up,40,0.1636496871723744,0.8363503128276256,3.039026437185096
I18,up,41,0.16599565241503944,0.8340043475849606,3.0367351283820962
I18,up,42,0.1681836381670963,0.8318163618329038,3.034581684205972
I18,up,43,0.16837049874026794,0.8316295012597321,3.034397034869153
I18,up,44,0.16703683206442801,0.832963167935572,3.0357123707080467
I18,up,45,0.1652840286314099,0.8347159713685901,3.037432093728018
I18,up,46,0.164330876827845,0.835669123172155,3.0383629892010466
I18,up,47,0.16453335988810464,0.8354666401118953,3.0381654850277346
I18,up,48,0.16412579996066287,0.8358742000393371,3.0385628856229685
I18,up,49,0.16492847979887695,0.8350715202011231,3.037779691221923
I18,up,50,0.16537182499277134,0.8346281750072286,3.0373461964710895
I18,up,51,0.16401101189261255,0.8359889881073874,3.0386747135374694
I18,up,52,0.1628989570073843,0.8371010429926157,3.039755846263744
I18,up,53,0.16152108186840491,0.838478918131595,3.0410897786328333
I18,up,54,0.15920855134016648,0.8407914486598336,3.0433146250050847
I18,up,55,0.15713935072371985,0.8428606492762801,3.0452906521140175
I18,up,56,0.15697934111440232,0.8430206588855977,3.045442880458089
I18,up,57,0.15789610710958799,0.842103892890412,3.04456957752791
I18,up,58,0.15767215485744995,0.84232784514255,3.0447831628536424
I18,up,59,0.15653901683089239,0.8434609831691076,3.045861365912109
I18,up,60,0.15591244704055626,0.8440875529594437,3.0464557840325357
I18,up,61,0.15567649271241785,0.8443235072875821,3.046679303630653
I18,up,62,0.1562185627802403,0.8437814372197597,3.0461655339646345
I18,up,63,0.15378377315962888,0.8462162268403711,3.0484658217763148
I18,up,64,0.15022338932014975,0.8497766106798502,3.051795504130709
I18,up,65,0.14878873071754362,0.8512112692824564,3.0531258673345754
I18,up,66,0.14808725991119115,0.8519127400888089,3.053773987311293
I18,up,67,0.1481263928385532,0.8518736071614468,3.0537378713292993
I18,up,68,0.14892794477522628,0.8510720552247737,3.05299705752655
I18,up,69,0.14782165511956136,0.8521783448804386,3.05401898849484
I18,up,70,0.14726673067506738,0.8527332693249327,3.0545301530880646
I18,up,71,0.14818219374958794,0.851817806250412,3.0536863640727416
I18,up,72,0.14945623000572972,0.8505437699942703,3.052507699538677
I18,up,73,0.1502775111381678,0.8497224888618322,3.051745189830293
I18,up,74,0.14961410882930942,0.8503858911706905,3.0523612836914653
I18,up,75,0.1496140858717555,0.8503859141282445,3.0523613049878664
I18,up,76,0.15039975002766265,0.8496002499723374,3.0516315165247745
I18,up,77,0.1496436622246045,0.8503563377753955,3.052333867330967
I18,up,78,0.14879779897084697,0.851202201029153,3.0531174786573567
I18,up,79,0.14819578689077487,0.8518042131092252,3.053673815389658
I18,up,80,0.14871396009842658,0.8512860399015734,3.0531950247856123
I18,up,81,0.1487913270741576,0.8512086729258423,3.0531234655756645
I18,up,82,0.1486214209742826,0.8513785790257173,3.0532805925083286
I18,up,83,0.14941942262371216,0.8505805773762878,3.0525418231945336
I18,up,84,0.14956318719499645,0.8504368128050035,3.052408516678126
I18,up,85,0.1485603284388748,0.8514396715611252,3.0533370679208165
I18,up,86,0.14751362229850476,0.8524863777014953,3.0543028496939373
I18,up,87,0.14638985229548523,0.8536101477045148,3.0553359206039277
I18,up,88,0.1456417407996591,0.8543582592003409,3.0560214676311066
I18,up,89,0.1456880378100697,0.8543119621899303,3.055979093026539
I18,up,90,0.14641382230940816,0.8535861776905919,3.0553139263607516
I18,up,91,0.1464678635916196,0.8535321364083804,3.055264332951703
I18,up,92,0.14643611839053974,0.8535638816094603,3.055293466464744
I18,up,93,0.14844544966227086,0.8515545503377291,3.053443232894989
I18,up,94,0.14990153193878455,0.8500984680612155,3.0520945276424145
I18,up,95,0.1489073847128261,0.8510926152871738,3.0530160848536347
I18,up,96,0.14636002559524436,0.8536399744047556,3.0553632862834874
I18,up,97,0.14442229803559267,0.8555777019644073,3.057135197502732
I18,up,98,0.1446686384843041,0.8553313615156959,3.056910584287138
I18,up,99,0.1486828363845366,0.8513171636154634,3.05322380680784
I18,up,100,0.15300076043359095,0.846999239566409,3.0492015523442664
I18,down,1,0.7325747305538013,0.2674252694461987,1.5753169665761897
I18,down,2,0.45157813393935897,0.548421866060641,2.5758215044407082
I18,down,3,0.3480012941453702,0.6519987058546298,2.7920726367157913
I18,down,4,0.28958662699583376,0.7104133730041662,2.8868009569745965
I18,down,5,0.2623493815273283,0.7376506184726717,2.9252662506249116
I18,down,6,0.2523579156749991,0.7476420843250009,2.938543809998273
I18,down,7,0.24320142276121412,0.7567985772387859,2.9503361169956435
I18,down,8,0.23470586287175338,0.7652941371282467,2.9609642850117
I18,down,9,0.22873660971254314,0.7712633902874568,2.968255846600531
I18,down,10,0.22121688500926626,0.7787831149907337,2.9772387956545954
I18,down,11,0.2155761114595449,0.7844238885404551,2.983831685947454
I18,down,12,0.21492872310315092,0.7850712768968491,2.9845804772440596
I18,down,13,0.2154159530236412,0.7845840469763588,2.984017080635362
I18,down,14,0.21369521434567096,0.786304785654329,2.986002742491218
I18,down,15,0.20977934359945868,0.7902206564005413,2.9904793566007237
I18,down,16,0.20352292177559914,0.7964770782244008,2.9975115969784323
I18,down,17,0.1978176356505484,0.8021823643494516,3.0037976000913575
I18,down,18,0.195179301711924,0.804820698288076,3.0066641822822673
I18,down,19,0.19435590216321322,0.8056440978367868,3.007553645825806
I18,down,20,0.19264567701000226,0.8073543229899978,3.009393268948666
I18,down,21,0.19026342971146812,0.8097365702885319,3.0119382545455693
I18,down,22,0.18690295299298898,0.813097047007011,3.0154939017570817
I18,down,23,0.18484577398418084,0.8151542260158191,3.0176508505839035
I18,down,24,0.18448872378488618,0.8155112762151138,3.018023701743922
I18,down,25,0.18307825342340198,0.816921746576598,3.0194922254643224
I18,down,26,0.1820545402655404,0.8179454597344595,3.0205537219246343
I18,down,27,0.18291949080000616,0.8170805091999939,3.0196570871358857
I18,down,28,0.1824210469316873,0.8175789530683127,3.0201741079445954
I18,down,29,0.181124766233653,0.818875233766347,3.0215146511446944
I18,down,30,0.17991544688852376,0.8200845531114762,3.0227600051498102
I18,down,31,0.1788206331568483,0.8211793668431517,3.023883079708729
I18,down,32,0.17705766575977497,0.822942334240225,3.0256828795018045
I18,down,33,0.17464943978007835,0.8253505602199216,3.028124213225829
I18,down,34,0.17220563704717468,0.8277943629528253,3.030581439329654
I18,down,35,0.16944733552943128,0.8305526644705687,3.0333306676847753
I18,down,36,0.16736808944614875,0.8326319105538512,3.0353862192435788
I18,down,37,0.1669156834471038,0.8330843165528962,3.0358315608487407
I18,down,38,0.16537809612036528,0.8346219038796348,3.0373400600174545
I18,down,39,0.16307763945897005,0.83692236054103,3.0395824063923493
I18,down,40,0.1636496871723744,0.8363503128276256,3.039026437185096
I18,down,41,0.16599565241503944,0.8340043475849606,3.0367351283820962
I18,down,42,0.1681836381670963,0.8318163618329038,3.034581684205972
I18,down,43,0.16837049874026794,0.8316295012597321,3.034397034869153
I18,down,44,0.16703683206442801,0.832963167935572,3.0357123707080467
I18,down,45,0.1652840286314099,0.8347159713685901,3.037432093728018
I18,down,46,0.164330876827845,0.835669123172155,3.0383629892010466
I18,down,47,0.16453335988810464,0.8354666401118953,3.0381654850277346
I18,down,48,0.16412579996066287,0.8358742000393371,3.0385628856229685
I18,down,49,0.16492847979887695,0.8350715202011231,3.037779691221923
I18,down,50,0.16537182499277134,0.8346281750072286,3.0373461964710895
I18,down,51,0.16401101189261255,0.8359889881073874,3.0386747135374694
I18,down,52,0.1628989570073843,0.8371010429926157,3.039755846263744
I18,down,53,0.16152108186840491,0.838478918131595,3.0410897786328333
I18,down,54,0.15920855134016648,0.8407914486598336,3.0433146250050847
I18,down,55,0.15713935072371985,0.8428606492762801,3.0452906521140175
I18,down,56,0.15697934111440232,0.8430206588855977,3.045442880458089
I18,down,57,0.15789610710958799,0.842103892890412,3.04456957752791
I18,down,58,0.15767215485744995,0.84232784514255,3.0447831628536424
I18,down,59,0.15653901683089239,0.8434609831691076,3.045861365912109
I18,down,60,0.15591244704055626,0.8440875529594437,3.0464557840325357
I18,down,61,0.15567649271241785,0.8443235072875821,3.046679303630653
I18,down,62,0.1562185627802403,0.8437814372197597,3.0461655339646345
I18,down,63,0.15378377315962888,0.8462162268403711,3.0484658217763148
I18,down,64,0.15022338932014975,0.8497766106798502,3.051795504130709
I18,down,65,0.14878873071754362,0.8512112692824564,3.0531258673345754
I18,down,66,0.14808725991119115,0.8519127400888089,3.053773987311293
I18,down,67,0.1481263928385532,0.8518736071614468,3.0537378713292993
I18,down,68,0.14892794477522628,0.8510720552247737,3.05299705752655
I18,down,69,0.14782165511956136,0.8521783448804386,3.05401898849484
I18,down,70,0.14726673067506738,0.8527332693249327,3.0545301530880646
I18,down,71,0.14818219374958794,0.851817806250412,3.0536863640727416
I18,down,72,0.14945623000572972,0.8505437699942703,3.052507699538677
I18,down,73,0.1502775111381678,0.8497224888618322,3.051745189830293
I18,down,74,0.14961410882930942,0.8503858911706905,3.0523612836914653
I18,down,75,0.1496140858717555,0.8503859141282445,3.0523613049878664
I18,down,76,0.15039975002766265,0.8496002499723374,3.0516315165247745
I18,down,77,0.1496436622246045,0.8503563377753955,3.052333867330967
I18,down,78,0.14879779897084697,0.851202201029153,3.0531174786573567
I18,down,79,0.14819578689077487,0.8518042131092252,3.053673815389658
I18,down,80,0.14871396009842658,0.8512860399015734,3.0531950247856123
I18,down,81,0.1487913270741576,0.8512086729258423,3.0531234655756645
I18,down,82,0.1486214209742826,0.8513785790257173,3.0532805925083286
I18,down,83,0.14941942262371216,0.8505805773762878,3.0525418231945336
I18,down,84,0.14956318719499645,0.8504368128050035,3.052408516678126
I18,down,85,0.1485603284388748,0.8514396715611252,3.0533370679208165
I18,down,86,0.14751362229850476,0.8524863777014953,3.0543028496939373
I18,down,87,0.14638985229548523,0.8536101477045148,3.0553359206039277
I18,down,88,0.1456417407996591,0.8543582592003409,3.0560214676311066
I18,down,89,0.1456880378100697,0.8543119621899303,3.055979093026539
I18,down,90,0.14641382230940816,0.8535861776905919,3.0553139263607516
I18,down,91,0.1464678635916196,0.8535321364083804,3.055264332951703
I18,down,92,0.14643611839053974,0.8535638816094603,3.055293466464744
I18,down,93,0.14844544966227086,0.8515545503377291,3.053443232894989
I18,down,94,0.14990153193878455,0.8500984680612155,3.0520945276424145
I18,down,95,0.1489073847128261,0.8510926152871738,3.0530160848536347
I18,down,96,0.14636002559524436,0.8536399744047556,3.0553632862834874
I18,down,97,0.14442229803559267,0.8555777019644073,3.057135197502732
I18,down,98,0.1446686384843041,0.8553313615156959,3.056910584287138
I18,down,99,0.1486828363845366,0.8513171636154634,3.05322380680784
I18,down,100,0.15300076043359095,0.846999239566409,3.0492015523442664
I19,right,1,0.7053514323975391,0.29464856760246094,1.7023451273901316
I19,right,2,0.4791993044879319,0.5208006955120681,2.506103393538732
I19,right,3,0.4326308669354709,0.5673691330645291,2.620535563967275
I19,right,4,0.40325543380199924,0.5967445661980008,2.6851088989462193
I19,right,5,0.386523826374404,0.613476173625596,2.7194262354107765
I19,right,6,0.3770294613738451,0.6229705386261549,2.73813790124263
I19,right,7,0.3629352260410668,0.6370647739589332,2.7649298271111284
I19,right,8,0.3322807454131971,0.6677192545868029,2.819311165627049
I19,right,9,0.3160072087032904,0.6839927912967096,2.846122901488676
I19,right,10,0.32130176739550165,0.6786982326044984,2.8375508460774412
I19,right,11,0.32440698894312586,0.6755930110568742,2.8324560681173843
I19,right,12,0.3137939672992919,0.6862060327007081,2.8496637138193472
I19,right,13,0.30469840706159146,0.6953015929384085,2.863955849002349
I19,right,14,0.30410368864541615,0.6958963113545839,2.8648759775049193
I19,right,15,0.29874611959664693,0.701253880403353,2.8730865698906003
I19,right,16,0.2966391519542885,0.7033608480457114,2.8762771280337525
I19,right,17,0.29627527366453876,0.7037247263354612,2.8768259642995204
I19,right,18,0.2869372641379492,0.7130627358620508,2.890693048781835
I19,right,19,0.2723269808533338,0.7276730191466663,2.911568292008262
I19,right,20,0.26032802195632265,0.7396719780436773,2.927987497832506
I19,right,21,0.25434023133423916,0.7456597686657609,2.93594390879972
I19,right,22,0.250151095174275,0.7498489048257251,2.9414183726410545
I19,right,23,0.2457329554622306,0.7542670445377694,2.9471112193527365
I19,right,24,0.2448047666641644,0.7551952333358356,2.9482967469150525
I19,right,25,0.2451796598224132,0.7548203401775868,2.9478183503813744
I19,right,26,0.2459411536676591,0.7540588463323409,2.946844801889805
I19,right,27,0.24859665641013448,0.7514033435898655,2.943430709204133
I19,right,28,0.25370329825979726,0.7462967017402027,2.9367811171468707
I19,right,29,0.25905306922058213,0.7409469307794179,2.9296946881328036
I19,right,30,0.25591692494721313,0.7440830750527869,2.9338639234475883
I19,right,31,0.2451319894187299,0.7548680105812701,2.947879214697859
I19,right,32,0.23940542262533065,0.7605945773746694,2.9551217788631696
I19,right,33,0.2428906333325254,0.7571093666674746,2.9507301828477646
I19,right,34,0.2456800358493877,0.7543199641506123,2.9471789080468698
I19,right,35,0.24195038409922442,0.7580496159007756,2.9519199236763978
I19,right,36,0.23559664907806027,0.7644033509219397,2.9598637982806872
I19,right,37,0.22495676927506228,0.7750432307249377,2.972799146631999
I19,right,38,0.21626249653019072,0.7837375034698093,2.9830360282845545
I19,right,39,0.2149302796377899,0.7850697203622101,2.9845786788350317
I19,right,40,0.22123108601025746,0.7787689139897426,2.977222041405729
I19,right,41,0.2274022037819634,0.7725977962180366,2.9698662717858104
I19,right,42,0.22590561847274845,0.7740943815272515,2.971663984356523
I19,right,43,0.21827069462796658,0.7817293053720334,2.98069767888241
I19,right,44,0.2157409405309925,0.7842590594690075,2.983640781605854
I19,right,45,0.21468287657878132,0.7853171234212186,2.9848644097945787
I19,right,46,0.2167446067847503,0.7832553932152497,2.982476080167099
I19,right,47,0.21959480129417536,0.7804051987058247,2.9791473354618
I19,right,48,0.2139656509106904,0.7860343490893096,2.9856914216953667
I19,right,49,0.20890400964670747,0.7910959903532926,2.9914720806671147
I19,right,50,0.20474736290262033,0.7952526370973797,2.99614684388506
I19,right,51,0.20910044787769627,0.7908995521223037,2.991249550143106
I19,right,52,0.2121062876401182,0.7878937123598818,2.9878262356088863
I19,right,53,0.20912954192480013,0.7908704580751998,2.9912165792395253
I19,right,54,0.2059907706899316,0.7940092293100685,2.994755233433006
I19,right,55,0.20246116054630006,0.7975388394537,2.998690521401314
I19,right,56,0.2059270502352283,0.7940729497647717,2.99482668916506
I19,right,57,0.21309192428265736,0.7869080757173427,2.9866962289213967
I19,right,58,0.21688667361741934,0.7831133263825807,2.982310905160011
I19,right,59,0.21680916444010226,0.7831908355598978,2.982401031415339
I19,right,60,0.21164296259465348,0.7883570374053466,2.988356146559936
I19,right,61,0.20706351562548878,0.7929364843745113,2.9935499816098883
I19,right,62,0.20437403195773315,0.7956259680422668,2.9965635468839604
I19,right,63,0.20244671018879953,0.7975532898112004,2.998706537518369
I19,right,64,0.20334020367403532,0.7966597963259647,2.9977147754445808
I19,right,65,0.2022762764760204,0.7977237235239796,2.998895380172801
I19,right,66,0.19779772525371125,0.8022022747462887,3.0038193278707173
I19,right,67,0.19541810040585877,0.8045818995941412,3.006405765020994
I19,right,68,0.19546346358571373,0.8045365364142862,3.0063566516664926
I19,right,69,0.19733421918661775,0.8026657808133822,3.004324733172317
I19,right,70,0.19564836569893493,0.804351634301065,3.0061563865297174
I19,right,71,0.19763784759597997,0.8023621524040201,3.003993746406006
I19,right,72,0.1985066205434142,0.8014933794565858,3.0030448340580262
I19,right,73,0.19445081893602853,0.8055491810639714,3.007451238571333
I19,right,74,0.19571369159604587,0.8042863084039541,3.006085603243915
I19,right,75,0.19831124225810118,0.8016887577418988,3.003258475229865
I19,right,76,0.19570769502440244,0.8042923049755976,3.0060921014200908
I19,right,77,0.19032863635758276,0.8096713636424172,3.0118688636373054
I19,right,78,0.19026482329026537,0.8097351767097346,3.0119367717005083
I19,right,79,0.18800215922642755,0.8119978407735724,3.0143352647765695
I19,right,80,0.18580732538538808,0.814192674614612,3.016644520024924
I19,right,81,0.18839940996056329,0.8116005900394367,3.0139154833564072
I19,right,82,0.18590581486025937,0.8140941851397406,3.0165412603262887
I19,right,83,0.18412754112863625,0.8158724588713637,3.0184004134696947
I19,right,84,0.18453463103342896,0.8154653689665711,3.0179757879587887
I19,right,85,0.18607396869987702,0.813926031300123,3.016364883203506
I19,right,86,0.18831648144810686,0.8116835185518931,3.0140031615046254
I19,right,87,0.18437022641572645,0.8156297735842736,3.018147344304256
I19,right,88,0.17743133311428852,0.8225686668857115,3.02530229708675
I19,right,89,0.17455962526097563,0.8254403747390244,3.0282148798671136
I19,right,90,0.17141571209328085,0.8285842879067191,3.0313713821938206
I19,right,91,0.17732831695385573,0.8226716830461442,3.0254072674750043
I19,right,92,0.17945219670479295,0.820547803295207,3.02323571841264
I19,right,93,0.1799361521341302,0.8200638478658698,3.0227387255427463
I19,right,94,0.17841599254485477,0.8215840074551453,3.0242971192120587
I19,right,95,0.17212080064399418,0.8278791993560058,3.0306663785820183
I19,right,96,0.17187066257680497,0.828129337423195,3.0309166784587207
I19,right,97,0.1709042006604651,0.8290957993395349,3.0318817834247715
I19,right,98,0.17239892788991226,0.8276010721100877,3.0303878233600567
I19,right,99,0.17394654529246922,0.8260534547075308,3.0288330438867614
I19,right,100,0.17256465312449126,0.8274353468755087,3.0302217188323395
I19,left,1,0.7053514323975391,0.29464856760246094,1.7023451273901316
I19,left,2,0.4791993044879319,0.5208006955120681,2.506103393538732
I19,left,3,0.4326308669354709,0.5673691330645291,2.620535563967275
I19,left,4,0.40325543380199924,0.5967445661980008,2.6851088989462193
I19,left,5,0.386523826374404,0.613476173625596,2.7194262354107765
I19,left,6,0.3770294613738451,0.6229705386261549,2.73813790124263
I19,left,7,0.3629352260410668,0.6370647739589332,2.7649298271111284
I19,left,8,0.3322807454131971,0.6677192545868029,2.819311165627049
I19,left,9,0.3160072087032904,0.6839927912967096,2.846122901488676
I19,left,10,0.32130176739550165,0.6786982326044984,2.8375508460774412
I19,left,11,0.32440698894312586,0.6755930110568742,2.8324560681173843
I19,left,12,0.3137939672992919,0.6862060327007081,2.8496637138193472
I19,left,13,0.30469840706159146,0.6953015929384085,2.863955849002349
I19,left,14,0.30410368864541615,0.6958963113545839,2.8648759775049193
I19,left,15,0.29874611959664693,0.701253880403353,2.8730865698906003
I19,left,16,0.2966391519542885,0.7033608480457114,2.8762771280337525
I19,left,17,0.29627527366453876,0.7037247263354612,2.8768259642995204
I19,left,18,0.2869372641379492,0.7130627358620508,2.890693048781835
I19,left,19,0.2723269808533338,0.7276730191466663,2.911568292008262
I19,left,20,0.26032802195632265,0.7396719780436773,2.927987497832506
I19,left,21,0.25434023133423916,0.7456597686657609,2.93594390879972
I19,left,22,0.250151095174275,0.7498489048257251,2.9414183726410545
I19,left,23,0.2457329554622306,0.7542670445377694,2.9471112193527365
I19,left,24,0.2448047666641644,0.7551952333358356,2.9482967469150525
I19,left,25,0.2451796598224132,0.7548203401775868,2.9478183503813744
I19,left,26,0.2459411536676591,0.7540588463323409,2.946844801889805
I19,left,27,0.24859665641013448,0.7514033435898655,2.943430709204133
I19,left,28,0.25370329825979726,0.7462967017402027,2.9367811171468707
I19,left,29,0.25905306922058213,0.7409469307794179,2.9296946881328036
I19,left,30,0.25591692494721313,0.7440830750527869,2.9338639234475883
I19,left,31,0.2451319894187299,0.7548680105812701,2.947879214697859
I19,left,32,0.23940542262533065,0.7605945773746694,2.9551217788631696
I19,left,33,0.2428906333325254,0.7571093666674746,2.9507301828477646
I19,left,34,0.2456800358493877,0.7543199641506123,2.9471789080468698
I19,left,35,0.24195038409922442,0.7580496159007756,2.9519199236763978
I19,left,36,0.23559664907806027,0.7644033509219397,2.9598637982806872
I19,left,37,0.22495676927506228,0.7750432307249377,2.972799146631999
I19,left,38,0.21626249653019072,0.7837375034698093,2.9830360282845545
I19,left,39,0.2149302796377899,0.7850697203622101,2.9845786788350317
I19,left,40,0.22123108601025746,0.7787689139897426,2.977222041405729
I19,left,41,0.2274022037819634,0.7725977962180366,2.9698662717858104
I19,left,42,0.22590561847274845,0.7740943815272515,2.971663984356523
I19,left,43,0.21827069462796658,0.7817293053720334,2.98069767888241
I19,left,44,0.2157409405309925,0.7842590594690075,2.983640781605854
I19,left,45,0.21468287657878132,0.7853171234212186,2.9848644097945787
I19,left,46,0.2167446067847503,0.7832553932152497,2.982476080167099
I19,left,47,0.21959480129417536,0.7804051987058247,2.9791473354618
I19,left,48,0.2139656509106904,0.7860343490893096,2.9856914216953667
I19,left,49,0.20890400964670747,0.7910959903532926,2.9914720806671147
I19,left,50,0.20474736290262033,0.7952526370973797,2.99614684388506
I19,left,51,0.20910044787769627,0.7908995521223037,2.991249550143106
I19,left,52,0.2121062876401182,0.7878937123598818,2.9878262356088863
I19,left,53,0.20912954192480013,0.7908704580751998,2.9912165792395253
I19,left,54,0.2059907706899316,0.7940092293100685,2.994755233433006
I19,left,55,0.20246116054630006,0.7975388394537,2.998690521401314
I19,left,56,0.2059270502352283,0.7940729497647717,2.99482668916506
I19,left,57,0.21309192428265736,0.7869080757173427,2.9866962289213967
I19,left,58,0.21688667361741934,0.7831133263825807,2.982310905160011
I19,left,59,0.21680916444010226,0.7831908355598978,2.982401031415339
I19,left,60,0.21164296259465348,0.7883570374053466,2.988356146559936
I19,left,61,0.20706351562548878,0.7929364843745113,2.9935499816098883
I19,left,62,0.20437403195773315,0.7956259680422668,2.9965635468839604
I19,left,63,0.20244671018879953,0.7975532898112004,2.998706537518369
I19,left,64,0.20334020367403532,0.7966597963259647,2.9977147754445808
I19,left,65,0.2022762764760204,0.7977237235239796,2.998895380172801
I19,left,66,0.19779772525371125,0.8022022747462887,3.0038193278707173
I19,left,67,0.19541810040585877,0.8045818995941412,3.006405765020994
I19,left,68,0.19546346358571373,0.8045365364142862,3.0063566516664926
I19,left,69,0.19733421918661775,0.8026657808133822,3.004324733172317
I19,left,70,0.19564836569893493,0.804351634301065,3.0061563865297174
I19,left,71,0.19763784759597997,0.8023621524040201,3.003993746406006
I19,left,72,0.1985066205434142,0.8014933794565858,3.0030448340580262
I19,left,73,0.19445081893602853,0.8055491810639714,3.007451238571333
I19,left,74,0.19571369159604587,0.8042863084039541,3.006085603243915
I19,left,75,0.19831124225810118,0.8016887577418988,3.003258475229865
I19,left,76,0.19570769502440244,0.8042923049755976,3.0060921014200908
I19,left,77,0.19032863635758276,0.8096713636424172,3.0118688636373054
I19,left,78,0.19026482329026537,0.8097351767097346,3.0119367717005083
I19,left,79,0.18800215922642755,0.8119978407735724,3.0143352647765695
I19,left,80,0.18580732538538808,0.814192674614612,3.016644520024924
I19,left,81,0.18839940996056329,0.8116005900394367,3.0139154833564072
I19,left,82,0.18590581486025937,0.8140941851397406,3.0165412603262887
I19,left,83,0.18412754112863625,0.8158724588713637,3.0184004134696947
I19,left,84,0.18453463103342896,0.8154653689665711,3.0179757879587887
I19,left,85,0.18607396869987702,0.813926031300123,3.016364883203506
I19,left,86,0.18831648144810686,0.8116835185518931,3.0140031615046254
I19,left,87,0.18437022641572645,0.8156297735842736,3.018147344304256
I19,left,88,0.17743133311428852,0.8225686668857115,3.02530229708675
I19,left,89,0.17455962526097563,0.8254403747390244,3.0282148798671136
I19,left,90,0.17141571209328085,0.8285842879067191,3.0313713821938206
I19,left,91,0.17732831695385573,0.8226716830461442,3.0254072674750043
I19,left,92,0.17945219670479295,0.820547803295207,3.02323571841264
I19,left,93,0.1799361521341302,0.8200638478658698,3.0227387255427463
I19,left,94,0.17841599254485477,0.8215840074551453,3.0242971192120587
I19,left,95,0.17212080064399418,0.8278791993560058,3.0306663785820183
I19,left,96,0.17187066257680497,0.828129337423195,3.0309166784587207
I19,left,97,0.1709042006604651,0.8290957993395349,3.0318817834247715
I19,left,98,0.17239892788991226,0.8276010721100877,3.0303878233600567
I19,left,99,0.17394654529246922,0.8260534547075308,3.0288330438867614
I19,left,100,0.17256465312449126,0.8274353468755087,3.0302217188323395
I19,up,1,0.711419075402028,0.288580924597972,1.6746015209740133
I19,up,2,0.5018825926815238,0.4981174073184762,2.4446452831054097
I19,up,3,0.4729632307298312,0.5270367692701687,2.5223263265077396
I19,up,4,0.4463460547152176,0.5536539452847824,2.588416261162009
I19,up,5,0.47779080192066153,0.5222091980793384,2.509792576763868
I19,up,6,0.4573849741489433,0.5426150258510567,2.5616183962449384
I19,up,7,0.40728628460318017,0.5927137153968198,2.6765793716738964
I19,up,8,0.39875935814542196,0.601240641854578,2.694501706148049
I19,up,9,0.39583708220703,0.6041629177929699,2.700538747284021
I19,up,10,0.4009739399827942,0.5990260600172058,2.689891088124777
I19,up,11,0.4056147988054639,0.5943852011945361,2.680128866228528
I19,up,12,0.3817239438365988,0.6182760561634012,2.728953709348895
I19,up,13,0.3580984114489156,0.6419015885510844,2.773858987335135
I19,up,14,0.36188524804321254,0.6381147519567875,2.766879547914967
I19,up,15,0.36138810337342975,0.6386118966265703,2.767800497499489
I19,up,16,0.36033929436188916,0.6396607056381108,2.7697387521324446
I19,up,17,0.35442540394225647,0.6455745960577435,2.78055079346667
I19,up,18,0.3402540074802401,0.65974599251976,2.8056638736172133
I19,up,19,0.3373104140833865,0.6626895859166135,2.8107420626626167
I19,up,20,0.32846598920403763,0.6715340107959624,2.825720530920421
I19,up,21,0.3203545552801994,0.6796454447198006,2.83909500360068
I19,up,22,0.3222744543351172,0.6777255456648827,2.835960329434273
I19,up,23,0.3194021256420577,0.6805978743579423,2.840642999287364
I19,up,24,0.3143024119309423,0.6856975880690577,2.8488524913798843
I19,up,25,0.30450506175558484,0.6954949382444151,2.864255178330594
I19,up,26,0.2868324124673275,0.7131675875326725,2.8908464002723786
I19,up,27,0.2819376284854338,0.7180623715145662,2.8979478525345232
I19,up,28,0.28690564057201096,0.713094359427989,2.8907393054938924
I19,up,29,0.28226589013600817,0.7177341098639918,2.8974751075836966
I19,up,30,0.27232136011022107,0.727678639889779,2.9115761343402795
I19,up,31,0.2586001268603943,0.7413998731396056,2.9302994790870542
I19,up,32,0.2512112745905781,0.7487887254094219,2.9400399972217306
I19,up,33,0.25668321021714274,0.7433167897828572,2.9328491546754165
I19,up,34,0.2580663421018206,0.7419336578981794,2.9310110671080496
I19,up,35,0.25104811606250804,0.748951883937492,2.9402524371305567
I19,up,36,0.24268493307636146,0.7573150669236386,2.9509907793658403
I19,up,37,0.23539544867278336,0.7646045513272166,2.9601126461517184
I19,up,38,0.23345872967540887,0.7665412703245911,2.9624995830318133
I19,up,39,0.23589272733366404,0.7641072726663359,2.9594973035717436
I19,up,40,0.234629742755247,0.7653702572447529,2.961058174726995
I19,up,41,0.22901721227361663,0.7709827877263834,2.9679162966205155
I19,up,42,0.22494044381829087,0.7750595561817091,2.9728186465120627
I19,up,43,0.22336815515757,0.77663184484243,2.9746917283838687
I19,up,44,0.22366032542413325,0.7763396745758667,2.9743444009052906
I19,up,45,0.22174405679103137,0.7782559432089686,2.976616312513566
I19,up,46,0.2182233529951402,0.7817766470048598,2.980752983229606
I19,up,47,0.2156087610584662,0.7843912389415338,2.9837938796232484
I19,up,48,0.21140789451663425,0.7885921054833658,2.9886246847365605
I19,up,49,0.20951993464187965,0.7904800653581203,2.990773856457732
I19,up,50,0.2060661639862163,0.7939338360137838,2.9946706682331845
I19,up,51,0.2007245468919551,0.7992754531080449,3.0006097801040053
I19,up,52,0.19805076421395892,0.801949235786041,3.003543084326017
I19,up,53,0.19422463189325048,0.8057753681067495,3.007695221838013
I19,up,54,0.19182081282050864,0.8081791871794913,3.0102767828395285
I19,up,55,0.19173204641108002,0.80826795358892,3.0103717152742817
I19,up,56,0.19062718062643702,0.809372819373563,3.0115509681908748
I19,up,57,0.1904836246389932,0.8095163753610068,3.01170386897324
I19,up,58,0.18897744267845823,0.8110225573215417,3.0133036663899997
I19,up,59,0.18668374317068365,0.8133162568293164,3.0157244527637497
I19,up,60,0.1860899141392095,0.8139100858607905,3.0163481528088445
I19,up,61,0.18430143329295737,0.8156985667070427,3.018219101864772
I19,up,62,0.18016772209738413,0.8198322779026159,3.0225006308218623
I19,up,63,0.17576349286035742,0.8242365071396426,3.0269973062360362
I19,up,64,0.17311292711886136,0.8268870728811386,3.0296715279399438
I19,up,65,0.17238745288934518,0.8276125471106548,3.030399321186895
I19,up,66,0.17071639806148128,0.8292836019385187,3.0320689574315685
I19,up,67,0.1681968352679548,0.8318031647320452,3.034568647098294
I19,up,68,0.16739680039284208,0.8326031996071579,3.035357933648994
I19,up,69,0.16674461415885847,0.8332553858411416,3.0359997815897914
I19,up,70,0.16594814996484294,0.834051850035157,3.036781704579785
I19,up,71,0.1658761769123726,0.8341238230876273,3.0368522599810124
I19,up,72,0.1657482403780832,0.8342517596219168,3.0369776341943133
I19,up,73,0.16358695265925552,0.8364130473407445,3.0390874609495047
I19,up,74,0.16171748179193665,0.8382825182080633,3.0409000220635063
I19,up,75,0.16137955883690225,0.8386204411630978,3.0412264363957293
I19,up,76,0.15903560898438948,0.8409643910156105,3.043480310891746
I19,up,77,0.1586802846513183,0.8413197153486817,3.0438204218509153
I19,up,78,0.15784657905462093,0.842153420945379,3.044616826847336
I19,up,79,0.1559157675929549,0.8440842324070451,3.046452637196502
I19,up,80,0.15558759618047674,0.8444124038195233,3.0467634689819265
I19,up,81,0.15543048914736754,0.8445695108526324,3.0469121525781038
I19,up,82,0.15456373822675393,0.845436261773246,3.0477310096328205
I19,up,83,0.15186757696155395,0.848132423038446,3.0502628534711533
I19,up,84,0.1493748593301134,0.8506251406698866,3.0525831315491887
I19,up,85,0.15070061254392994,0.84929938745607,3.0513515351599505
I19,up,86,0.15173386984165896,0.8482661301583411,3.0503878100471713
I19,up,87,0.15109138746261067,0.8489086125373894,3.050987454499423
I19,up,88,0.1513710157512598,0.8486289842487402,3.0507266313161328
I19,up,89,0.15035222927183992,0.8496477707281601,3.0516757129881595
I19,up,90,0.14998484500847706,0.8500151549915229,3.0520171564855447
I19,up,91,0.15212540056208157,0.8478745994379184,3.0500217431520724
I19,up,92,0.15230929337962149,0.8476907066203785,3.049849642153256
I19,up,93,0.15047772405150928,0.8495222759484907,3.0515589816861413
I19,up,94,0.1497124531087248,0.8502875468912752,3.0522700401251015
I19,up,95,0.14865596412084423,0.8513440358791557,3.0532486548034985
I19,up,96,0.14682327123407118,0.8531767287659289,3.054937950114172
I19,up,97,0.14613136352131412,0.8538686364786858,3.055572989153908
I19,up,98,0.14600331306270417,0.8539966869372958,3.0556903513029754
I19,up,99,0.1465558313270037,0.8534441686729963,3.055183585923432
I19,up,100,0.14638194151621473,0.8536180584837852,3.0553431789299417
I19,down,1,0.711419075402028,0.288580924597972,1.6746015209740133
I19,down,2,0.5018825926815238,0.4981174073184762,2.4446452831054097
I19,down,3,0.4729632307298312,0.5270367692701687,2.5223263265077396
I19,down,4,0.4463460547152176,0.5536539452847824,2.588416261162009
I19,down,5,0.47779080192066153,0.5222091980793384,2.509792576763868
I19,down,6,0.4573849741489433,0.5426150258510567,2.5616183962449384
I19,down,7,0.40728628460318017,0.5927137153968198,2.6765793716738964
I19,down,8,0.39875935814542196,0.601240641854578,2.694501706148049
I19,down,9,0.39583708220703,0.6041629177929699,2.700538747284021
I19,down,10,0.4009739399827942,0.5990260600172058,2.689891088124777
I19,down,11,0.4056147988054639,0.5943852011945361,2.680128866228528
I19,down,12,0.3817239438365988,0.6182760561634012,2.728953709348895
I19,down,13,0.3580984114489156,0.6419015885510844,2.773858987335135
I19,down,14,0.36188524804321254,0.6381147519567875,2.766879547914967
I19,down,15,0.36138810337342975,0.6386118966265703,2.767800497499489
I19,down,16,0.36033929436188916,0.6396607056381108,2.7697387521324446
I19,down,17,0.35442540394225647,0.6455745960577435,2.78055079346667
I19,down,18,0.3402540074802401,0.65974599251976,2.8056638736172133
I19,down,19,0.3373104140833865,0.6626895859166135,2.8107420626626167
I19,down,20,0.32846598920403763,0.6715340107959624,2.825720530920421
I19,down,21,0.3203545552801994,0.6796454447198006,2.83909500360068
I19,down,22,0.3222744543351172,0.6777255456648827,2.835960329434273
I19,down,23,0.3194021256420577,0.6805978743579423,2.840642999287364
I19,down,24,0.3143024119309423,0.6856975880690577,2.8488524913798843
I19,down,25,0.30450506175558484,0.6954949382444151,2.864255178330594
I19,down,26,0.2868324124673275,0.7131675875326725,2.8908464002723786
I19,down,27,0.2819376284854338,0.7180623715145662,2.8979478525345232
I19,down,28,0.28690564057201096,0.713094359427989,2.8907393054938924
I19,down,29,0.28226589013600817,0.7177341098639918,2.8974751075836966
I19,down,30,0.27232136011022107,0.727678639889779,2.9115761343402795
I19,down,31,0.2586001268603943,0.7413998731396056,2.9302994790870542
I19,down,32,0.2512112745905781,0.7487887254094219,2.9400399972217306
I19,down,33,0.25668321021714274,0.7433167897828572,2.9328491546754165
I19,down,34,0.2580663421018206,0.7419336578981794,2.9310110671080496
I19,down,35,0.25104811606250804,0.748951883937492,2.9402524371305567
I19,down,36,0.24268493307636146,0.7573150669236386,2.9509907793658403
I19,down,37,0.23539544867278336,0.7646045513272166,2.9601126461517184
I19,down,38,0.23345872967540887,0.7665412703245911,2.9624995830318133
I19,down,39,0.23589272733366404,0.7641072726663359,2.9594973035717436
I19,down,40,0.234629742755247,0.7653702572447529,2.961058174726995
I19,down,41,0.22901721227361663,0.7709827877263834,2.9679162966205155
I19,down,42,0.22494044381829087,0.7750595561817091,2.9728186465120627
I19,down,43,0.22336815515757,0.77663184484243,2.9746917283838687
I19,down,44,0.22366032542413325,0.7763396745758667,2.9743444009052906
I19,down,45,0.22174405679103137,0.7782559432089686,2.976616312513566
I19,down,46,0.2182233529951402,0.7817766470048598,2.980752983229606
I19,down,47,0.2156087610584662,0.7843912389415338,2.9837938796232484
I19,down,48,0.21140789451663425,0.7885921054833658,2.9886246847365605
I19,down,49,0.20951993464187965,0.7904800653581203,2.990773856457732
I19,down,50,0.2060661639862163,0.7939338360137838,2.9946706682331845
I19,down,51,0.2007245468919551,0.7992754531080449,3.0006097801040053
I19,down,52,0.19805076421395892,0.801949235786041,3.003543084326017
I19,down,53,0.19422463189325048,0.8057753681067495,3.007695221838013
I19,down,54,0.19182081282050864,0.8081791871794913,3.0102767828395285
I19,down,55,0.19173204641108002,0.80826795358892,3.0103717152742817
I19,down,56,0.19062718062643702,0.809372819373563,3.0115509681908748
I19,down,57,0.1904836246389932,0.8095163753610068,3.01170386897324
I19,down,58,0.18897744267845823,0.8110225573215417,3.0133036663899997
I19,down,59,0.18668374317068365,0.8133162568293164,3.0157244527637497
I19,down,60,0.1860899141392095,0.8139100858607905,3.0163481528088445
I19,down,61,0.18430143329295737,0.8156985667070427,3.018219101864772
I19,down,62,0.18016772209738413,0.8198322779026159,3.0225006308218623
I19,down,63,0.17576349286035742,0.8242365071396426,3.0269973062360362
I19,down,64,0.17311292711886136,0.8268870728811386,3.0296715279399438
I19,down,65,0.17238745288934518,0.8276125471106548,3.030399321186895
I19,down,66,0.17071639806148128,0.8292836019385187,3.0320689574315685
I19,down,67,0.1681968352679548,0.8318031647320452,3.034568647098294
I19,down,68,0.16739680039284208,0.8326031996071579,3.035357933648994
I19,down,69,0.16674461415885847,0.8332553858411416,3.0359997815897914
I19,down,70,0.16594814996484294,0.834051850035157,3.036781704579785
I19,down,71,0.1658761769123726,0.8341238230876273,3.0368522599810124
I19,down,72,0.1657482403780832,0.8342517596219168,3.0369776341943133
I19,down,73,0.16358695265925552,0.8364130473407445,3.0390874609495047
I19,down,74,0.16171748179193665,0.8382825182080633,3.0409000220635063
I19,down,75,0.16137955883690225,0.8386204411630978,3.0412264363957293
I19,down,76,0.15903560898438948,0.8409643910156105,3.043480310891746
I19,down,77,0.1586802846513183,0.8413197153486817,3.0438204218509153
I19,down,78,0.15784657905462093,0.842153420945379,3.044616826847336
I19,down,79,0.1559157675929549,0.8440842324070451,3.046452637196502
I19,down,80,0.15558759618047674,0.8444124038195233,3.0467634689819265
I19,down,81,0.15543048914736754,0.8445695108526324,3.0469121525781038
I19,down,82,0.15456373822675393,0.845436261773246,3.0477310096328205
I19,down,83,0.15186757696155395,0.848132423038446,3.0502628534711533
I19,down,84,0.1493748593301134,0.8506251406698866,3.0525831315491887
I19,down,85,0.15070061254392994,0.84929938745607,3.0513515351599505
I19,down,86,0.15173386984165896,0.8482661301583411,3.0503878100471713
I19,down,87,0.15109138746261067,0.8489086125373894,3.050987454499423
I19,down,88,0.1513710157512598,0.8486289842487402,3.0507266313161328
I19,down,89,0.15035222927183992,0.8496477707281601,3.0516757129881595
I19,down,90,0.14998484500847706,0.8500151549915229,3.0520171564855447
I19,down,91,0.15212540056208157,0.8478745994379184,3.0500217431520724
I19,down,92,0.15230929337962149,0.8476907066203785,3.049849642153256
I19,down,93,0.15047772405150928,0.8495222759484907,3.0515589816861413
I19,down,94,0.1497124531087248,0.8502875468912752,3.0522700401251015
I19,down,95,0.14865596412084423,0.8513440358791557,3.0532486548034985
I19,down,96,0.14682327123407118,0.8531767287659289,3.054937950114172
I19,down,97,0.14613136352131412,0.8538686364786858,3.055572989153908
I19,down,98,0.14600331306270417,0.8539966869372958,3.0556903513029754
I19,down,99,0.1465558313270037,0.8534441686729963,3.055183585923432
I19,down,100,0.14638194151621473,0.8536180584837852,3.0553431789299417
I20,right,1,0.8716519855764555,0.1283480144235445,0.8311622098281317
I20,right,2,0.7624746155403372,0.23752538445966276,1.4283400304421265
I20,right,3,0.7245257682990761,0.2754742317009239,1.6135566411237452
I20,right,4,0.6935031617264249,0.3064968382735751,1.7555719971221464
I20,right,5,0.671435728457554,0.32856427154244605,1.8513494224939127
I20,right,6,0.6566623714943002,0.3433376285056998,1.9130215070502832
I20,right,7,0.6457231327444,0.35427686725560004,1.957424230967166
I20,right,8,0.6349176961654716,0.36508230383452844,2.000231467676664
I20,right,9,0.6263164926870033,0.3736835073129967,2.0335616181611194
I20,right,10,0.6191722038180288,0.38082779618197116,2.060746470198401
I20,right,11,0.6120551314438513,0.38794486855614874,2.0873789384657035
I20,right,12,0.6055192062328564,0.3944807937671436,2.111443966239981
I20,right,13,0.5995017379887416,0.4004982620112584,2.133269193775516
I20,right,14,0.5933747696863937,0.4066252303136063,2.1551673087742564
I20,right,15,0.5876031185942961,0.41239688140570385,2.1754977770874353
I20,right,16,0.5821950364206228,0.41780496357937724,2.194286872729543
I20,right,17,0.5770908238325666,0.4229091761674334,2.2117901060098593
I20,right,18,0.5739873141604106,0.4260126858395894,2.2223238358454793
I20,right,19,0.5709666644141826,0.42903333558581735,2.232497670235058
I20,right,20,0.5676601752626432,0.43233982473735677,2.243545592060479
I20,right,21,0.56465817759951,0.43534182240049,2.2534961568720195
I20,right,22,0.5626970065584354,0.43730299344156465,2.259955779598264
I20,right,23,0.5603790438245428,0.43962095617545716,2.267548959082191
I20,right,24,0.555731257707219,0.444268742292781,2.2826387814660736
I20,right,25,0.5512166069208149,0.44878339307918513,2.2971241893027328
I20,right,26,0.5481635168193275,0.4518364831806725,2.306824459453364
I20,right,27,0.5447851317451662,0.4552148682548338,2.3174687122640396
I20,right,28,0.5426363760306412,0.4573636239693588,2.3241900221378735
I20,right,29,0.5405999120816185,0.4594000879183815,2.3305252108269876
I20,right,30,0.5374754442340086,0.4625245557659914,2.340179289042105
I20,right,31,0.5350701174943383,0.4649298825056617,2.3475572927745745
I20,right,32,0.5340086040397587,0.4659913959602413,2.3507984287713075
I20,right,33,0.5332319352157383,0.4667680647842617,2.353164072239994
I20,right,34,0.53156664508927,0.46843335491073,2.358219940338275
I20,right,35,0.5310954915480806,0.46890450845191944,2.359646318829393
I20,right,36,0.5304361942700124,0.46956380572998757,2.3616392871105045
I20,right,37,0.5289265364038838,0.47107346359611624,2.3661896202077983
I20,right,38,0.5280352601825171,0.4719647398174829,2.368867469944899
I20,right,39,0.5267653434461721,0.4732346565538279,2.3726719532147174
I20,right,40,0.5256378363910446,0.47436216360895544,2.376038985364411
I20,right,41,0.5240763024762096,0.4759236975237904,2.3806853722267016
I20,right,42,0.5230278956758166,0.47697210432418335,2.3837940319197637
I20,right,43,0.5224567118627658,0.47754328813723423,2.385483984342108
I20,right,44,0.5210206677285573,0.47897933227144274,2.3897213353768727
I20,right,45,0.5185374882684594,0.48146251173154064,2.397009910234745
I20,right,46,0.5180678956318591,0.48193210436814093,2.398382765510446
I20,right,47,0.5179112475197419,0.48208875248025806,2.3988403393833924
I20,right,48,0.5166005364105228,0.48339946358947716,2.402661380921189
I20,right,49,0.5152889407112329,0.4847110592887671,2.4064714561800287
I20,right,50,0.5155533467712956,0.4844466532287044,2.4057044678796
I20,right,51,0.5162779724455616,0.4837220275544384,2.4035996574432783
I20,right,52,0.5165420586989563,0.4834579413010437,2.402831542140958
I20,right,53,0.5167179542340108,0.4832820457659892,2.4023196316278224
I20,right,54,0.5173426468465959,0.4826573531534041,2.4004996121424798
I20,right,55,0.5172377679045279,0.4827622320954721,2.4008053880412668
I20,right,56,0.5161067465517031,0.4838932534482969,2.4040973877977683
I20,right,57,0.5144673820443779,0.4855326179556221,2.4088511257334195
I20,right,58,0.5143839292424811,0.4856160707575189,2.409092552746433
I20,right,59,0.5139992715956266,0.48600072840437336,2.4102046518232525
I20,right,60,0.5135981979740712,0.48640180202592875,2.4113629757952975
I20,right,61,0.5140464940520701,0.48595350594792985,2.410068187605531
I20,right,62,0.5139139208124306,0.4860860791875694,2.410451255517188
I20,right,63,0.5129721690045506,0.48702783099544944,2.4131684639205657
I20,right,64,0.5117185753136693,0.48828142468633073,2.41677464589893
I20,right,65,0.510519896160718,0.489480103839282,2.4202113691088645
I20,right,66,0.5096744952210706,0.49032550477892944,2.4226284698871616
I20,right,67,0.5091905915805397,0.4908094084194603,2.4240095013527334
I20,right,68,0.5085877584692844,0.4914122415307156,2.4257274007128
I20,right,69,0.5068346018758295,0.4931653981241705,2.430707338244387
I20,right,70,0.5061275055566169,0.4938724944433831,2.4327091355977037
I20,right,71,0.5058691219888528,0.4941308780111472,2.433439655973321
I20,right,72,0.5055660544961991,0.49443394550380093,2.4342958512612034
I20,right,73,0.5051379120272342,0.49486208797276576,2.4355041844238627
I20,right,74,0.50382068563732,0.49617931436268004,2.4392128670468898
I20,right,75,0.5019110593314325,0.49808894066856746,2.4445657012140423
I20,right,76,0.5004711395798974,0.4995288604201026,2.448583358080053
I20,right,77,0.4992677604676278,0.5007322395323722,2.451928815868457
I20,right,78,0.49770918372037776,0.5022908162796222,2.4562452643890795
I20,right,79,0.4967120927903329,0.5032879072096671,2.4589969552934656
I20,right,80,0.4963124230741437,0.5036875769258563,2.4600978027313865
I20,right,81,0.495706071621429,0.504293928378571,2.4617656094447646
I20,right,82,0.4946133585714642,0.5053866414285357,2.4647641203617825
I20,right,83,0.49440138211550916,0.5055986178844909,2.4653447533926647
I20,right,84,0.49399854488542405,0.506001455114576,2.4664472403978612
I20,right,85,0.4921769219325354,0.5078230780674646,2.4714173054014443
I20,right,86,0.49120866997853446,0.5087913300214655,2.47404883484674
I20,right,87,0.49050633078429023,0.5094936692157097,2.475953231678508
I20,right,88,0.49017934820255277,0.5098206517974473,2.47683857729855
I20,right,89,0.49017677588988134,0.5098232241101186,2.476845538956269
I20,right,90,0.4905142645547578,0.5094857354452422,2.4759317399987752
I20,right,91,0.49106148517020504,0.5089385148297949,2.4744482356896347
I20,right,92,0.4908224694597531,0.5091775305402468,2.475096480525811
I20,right,93,0.4899221514102365,0.5100778485897635,2.477534402974835
I20,right,94,0.4893165457392889,0.510683454260711,2.4791708533308343
I20,right,95,0.4898532615245773,0.5101467384754227,2.477720694498034
I20,right,96,0.49211562830590777,0.5078843716940922,2.4715841002565897
I20,right,97,0.4933094864291091,0.5066905135708909,2.4683302049069313
I20,right,98,0.4933769370864815,0.5066230629135184,2.468146043958251
I20,right,99,0.4932100621896025,0.5067899378103975,2.4686016006502376
I20,right,100,0.49309383618703695,0.506906163812963,2.4689187647579756
I20,left,1,0.8716519855764555,0.1283480144235445,0.8311622098281317
I20,left,2,0.7624746155403372,0.23752538445966276,1.4283400304421265
I20,left,3,0.7245257682990761,0.2754742317009239,1.6135566411237452
I20,left,4,0.6935031617264249,0.3064968382735751,1.7555719971221464
I20,left,5,0.671435728457554,0.32856427154244605,1.8513494224939127
I20,left,6,0.6566623714943002,0.3433376285056998,1.9130215070502832
I20,left,7,0.6457231327444,0.35427686725560004,1.957424230967166
I20,left,8,0.6349176961654716,0.36508230383452844,2.000231467676664
I20,left,9,0.6263164926870033,0.3736835073129967,2.0335616181611194
I20,left,10,0.6191722038180288,0.38082779618197116,2.060746470198401
I20,left,11,0.6120551314438513,0.38794486855614874,2.0873789384657035
I20,left,12,0.6055192062328564,0.3944807937671436,2.111443966239981
I20,left,13,0.5995017379887416,0.4004982620112584,2.133269193775516
I20,left,14,0.5933747696863937,0.4066252303136063,2.1551673087742564
I20,left,15,0.5876031185942961,0.41239688140570385,2.1754977770874353
I20,left,16,0.5821950364206228,0.41780496357937724,2.194286872729543
I20,left,17,0.5770908238325666,0.4229091761674334,2.2117901060098593
I20,left,18,0.5739873141604106,0.4260126858395894,2.2223238358454793
I20,left,19,0.5709666644141826,0.42903333558581735,2.232497670235058
I20,left,20,0.5676601752626432,0.43233982473735677,2.243545592060479
I20,left,21,0.56465817759951,0.43534182240049,2.2534961568720195
I20,left,22,0.5626970065584354,0.43730299344156465,2.259955779598264
I20,left,23,0.5603790438245428,0.43962095617545716,2.267548959082191
I20,left,24,0.555731257707219,0.444268742292781,2.2826387814660736
I20,left,25,0.5512166069208149,0.44878339307918513,2.2971241893027328
I20,left,26,0.5481635168193275,0.4518364831806725,2.306824459453364
I20,left,27,0.5447851317451662,0.4552148682548338,2.3174687122640396
I20,left,28,0.5426363760306412,0.4573636239693588,2.3241900221378735
I20,left,29,0.5405999120816185,0.4594000879183815,2.3305252108269876
I20,left,30,0.5374754442340086,0.4625245557659914,2.340179289042105
I20,left,31,0.5350701174943383,0.4649298825056617,2.3475572927745745
I20,left,32,0.5340086040397587,0.4659913959602413,2.3507984287713075
I20,left,33,0.5332319352157383,0.4667680647842617,2.353164072239994
I20,left,34,0.53156664508927,0.46843335491073,2.358219940338275
I20,left,35,0.5310954915480806,0.46890450845191944,2.359646318829393
I20,left,36,0.5304361942700124,0.46956380572998757,2.3616392871105045
I20,left,37,0.5289265364038838,0.47107346359611624,2.3661896202077983
I20,left,38,0.5280352601825171,0.4719647398174829,2.368867469944899
I20,left,39,0.5267653434461721,0.4732346565538279,2.3726719532147174
I20,left,40,0.5256378363910446,0.47436216360895544,2.376038985364411
I20,left,41,0.5240763024762096,0.4759236975237904,2.3806853722267016
I20,left,42,0.5230278956758166,0.47697210432418335,2.3837940319197637
I20,left,43,0.5224567118627658,0.47754328813723423,2.385483984342108
I20,left,44,0.5210206677285573,0.47897933227144274,2.3897213353768727
I20,left,45,0.5185374882684594,0.48146251173154064,2.397009910234745
I20,left,46,0.5180678956318591,0.48193210436814093,2.398382765510446
I20,left,47,0.5179112475197419,0.48208875248025806,2.3988403393833924
I20,left,48,0.5166005364105228,0.48339946358947716,2.402661380921189
I20,left,49,0.5152889407112329,0.4847110592887671,2.4064714561800287
I20,left,50,0.5155533467712956,0.4844466532287044,2.4057044678796
I20,left,51,0.5162779724455616,0.4837220275544384,2.4035996574432783
I20,left,52,0.5165420586989563,0.4834579413010437,2.402831542140958
I20,left,53,0.5167179542340108,0.4832820457659892,2.4023196316278224
I20,left,54,0.5173426468465959,0.4826573531534041,2.4004996121424798
I20,left,55,0.5172377679045279,0.4827622320954721,2.4008053880412668
I20,left,56,0.5161067465517031,0.4838932534482969,2.4040973877977683
I20,left,57,0.5144673820443779,0.4855326179556221,2.4088511257334195
I20,left,58,0.5143839292424811,0.4856160707575189,2.409092552746433
I20,left,59,0.5139992715956266,0.48600072840437336,2.4102046518232525
I20,left,60,0.5135981979740712,0.48640180202592875,2.4113629757952975
I20,left,61,0.5140464940520701,0.48595350594792985,2.410068187605531
I20,left,62,0.5139139208124306,0.4860860791875694,2.410451255517188
I20,left,63,0.5129721690045506,0.48702783099544944,2.4131684639205657
I20,left,64,0.5117185753136693,0.48828142468633073,2.41677464589893
I20,left,65,0.510519896160718,0.489480103839282,2.4202113691088645
I20,left,66,0.5096744952210706,0.49032550477892944,2.4226284698871616
I20,left,67,0.5091905915805397,0.4908094084194603,2.4240095013527334
I20,left,68,0.5085877584692844,0.4914122415307156,2.4257274007128
I20,left,69,0.5068346018758295,0.4931653981241705,2.430707338244387
I20,left,70,0.5061275055566169,0.4938724944433831,2.4327091355977037
I20,left,71,0.5058691219888528,0.4941308780111472,2.433439655973321
I20,left,72,0.5055660544961991,0.49443394550380093,2.4342958512612034
I20,left,73,0.5051379120272342,0.49486208797276576,2.4355041844238627
I20,left,74,0.50382068563732,0.49617931436268004,2.4392128670468898
I20,left,75,0.5019110593314325,0.49808894066856746,2.4445657012140423
I20,left,76,0.5004711395798974,0.4995288604201026,2.448583358080053
I20,left,77,0.4992677604676278,0.5007322395323722,2.451928815868457
I20,left,78,0.49770918372037776,0.5022908162796222,2.4562452643890795
I20,left,79,0.4967120927903329,0.5032879072096671,2.4589969552934656
I20,left,80,0.4963124230741437,0.5036875769258563,2.4600978027313865
I20,left,81,0.495706071621429,0.504293928378571,2.4617656094447646
I20,left,82,0.4946133585714642,0.5053866414285357,2.4647641203617825
I20,left,83,0.49440138211550916,0.5055986178844909,2.4653447533926647
I20,left,84,0.49399854488542405,0.506001455114576,2.4664472403978612
I20,left,85,0.4921769219325354,0.5078230780674646,2.4714173054014443
I20,left,86,0.49120866997853446,0.5087913300214655,2.47404883484674
I20,left,87,0.49050633078429023,0.5094936692157097,2.475953231678508
I20,left,88,0.49017934820255277,0.5098206517974473,2.47683857729855
I20,left,89,0.49017677588988134,0.5098232241101186,2.476845538956269
I20,left,90,0.4905142645547578,0.5094857354452422,2.4759317399987752
I20,left,91,0.49106148517020504,0.5089385148297949,2.4744482356896347
I20,left,92,0.4908224694597531,0.5091775305402468,2.475096480525811
I20,left,93,0.4899221514102365,0.5100778485897635,2.477534402974835
I20,left,94,0.4893165457392889,0.510683454260711,2.4791708533308343
I20,left,95,0.4898532615245773,0.5101467384754227,2.477720694498034
I20,left,96,0.49211562830590777,0.5078843716940922,2.4715841002565897
I20,left,97,0.4933094864291091,0.5066905135708909,2.4683302049069313
I20,left,98,0.4933769370864815,0.5066230629135184,2.468146043958251
I20,left,99,0.4932100621896025,0.5067899378103975,2.4686016006502376
I20,left,100,0.49309383618703695,0.506906163812963,2.4689187647579756
I20,up,1,0.8514176725091191,0.14858232749088085,0.9483121743267571
I20,up,2,0.7259717439540615,0.2740282560459385,1.6067289474358502
I20,up,3,0.6874068585531258,0.3125931414468742,1.7824687458080666
I20,up,4,0.6587656337271361,0.34123436627286385,1.904361149325836
I20,up,5,0.6385326514344295,0.3614673485655705,1.9860264970413262
I20,up,6,0.621053403467282,0.378946596532718,2.0536321501316017
I20,up,7,0.608621961784702,0.39137803821529804,2.100066504577672
I20,up,8,0.5989045515026815,0.4010954484973185,2.1354179349083156
I20,up,9,0.5924177811899621,0.40758221881003787,2.158558204568182
I20,up,10,0.5862160590713533,0.4137839409286467,2.1803407805352233
I20,up,11,0.578231484937652,0.421768515062348,2.207897910077497
I20,up,12,0.5721256338130005,0.4278743661869995,2.228603309231721
I20,up,13,0.5666393492873927,0.4333606507126073,2.2469377959822925
I20,up,14,0.5613163522743224,0.4386836477256776,2.26448394921674
I20,up,15,0.5569614999359229,0.4430385000640771,2.278662133579613
I20,up,16,0.553352885436459,0.446647114563541,2.29029095349044
I20,up,17,0.5508286830631235,0.4491713169368765,2.2983609720145646
I20,up,18,0.5486907345437025,0.45130926545629746,2.305154882065098
I20,up,19,0.5475234630220707,0.45247653697792933,2.30884828349532
I20,up,20,0.5447006069044676,0.45529939309553236,2.317733821257371
I20,up,21,0.5397765404345173,0.4602234595654827,2.333077006255418
I20,up,22,0.5362390149385107,0.46376098506148933,2.3439777241442803
I20,up,23,0.5325555166078041,0.4674444833921959,2.3552203961743317
I20,up,24,0.5290014538924364,0.47099854610756364,2.3659642394079503
I20,up,25,0.5259417811011261,0.4740582188988739,2.3751323268982247
I20,up,26,0.5225841553573647,0.4774158446426353,2.3851071441253815
I20,up,27,0.5198409655878714,0.4801590344121286,2.393190057696125
I20,up,28,0.516932841624311,0.48306715837568903,2.4016939119575333
I20,up,29,0.5146104828832077,0.48538951711679235,2.408437011085404
I20,up,30,0.5120863639763834,0.4879136360236166,2.415717911588713
I20,up,31,0.5092875506533882,0.49071244934661185,2.423732932139181
I20,up,32,0.5068124575171014,0.49318754248289864,2.430770087947711
I20,up,33,0.5034579130090403,0.4965420869909597,2.4402319096715432
I20,up,34,0.5005301598371525,0.49946984016284746,2.4484189929823392
I20,up,35,0.4996305373083793,0.5003694626916206,2.4509214455522734
I20,up,36,0.49954002655661106,0.500459973443389,2.451172873078977
I20,up,37,0.4979374726054591,0.5020625273945409,2.45561418348099
I20,up,38,0.4958768048486991,0.5041231951513009,2.4612962804226877
I20,up,39,0.49447822465742286,0.5055217753425771,2.4651343104031644
I20,up,40,0.49364015219614327,0.5063598478038567,2.4674270561932143
I20,up,41,0.49362320214513167,0.5063767978548683,2.4674733720935897
I20,up,42,0.4934811283054973,0.5065188716945027,2.4678615022433004
I20,up,43,0.49208647013327705,0.507913529866723,2.4716634367565993
I20,up,44,0.4907460543291758,0.5092539456708243,2.475303638343826
I20,up,45,0.48941020705490845,0.5105897929450915,2.4789179449222454
I20,up,46,0.4878907838974715,0.5121092161025285,2.4830126119136215
I20,up,47,0.4860802992519475,0.5139197007480525,2.487869028022674
I20,up,48,0.48424454403889816,0.5157554559611018,2.492768183443829
I20,up,49,0.48306598933092987,0.5169340106690701,2.495900186183267
I20,up,50,0.48198702558282286,0.5180129744171771,2.4987584607200652
I20,up,51,0.48103682396789826,0.5189631760321017,2.5012684700389025
I20,up,52,0.4802536859417767,0.5197463140582232,2.503332137798271
I20,up,53,0.47939614097520034,0.5206038590247997,2.5055866678284007
I20,up,54,0.4777751592240191,0.5222248407759809,2.5098334662968043
I20,up,55,0.47523634866733766,0.5247636513326623,2.5164459718330487
I20,up,56,0.4734333484934264,0.5265666515065737,2.521113275438579
I20,up,57,0.47224998068896423,0.5277500193110358,2.524163651923648
I20,up,58,0.470139007376442,0.529860992623558,2.5295797667814686
I20,up,59,0.4675106109131444,0.5324893890868556,2.5362781780208152
I20,up,60,0.46562236132073626,0.5343776386792638,2.541059487663402
I20,up,61,0.46481295631685876,0.5351870436831412,2.5431011408499096
I20,up,62,0.46475766859763995,0.53524233140236,2.54324042721416
I20,up,63,0.463954506240433,0.536045493759567,2.545261355486139
I20,up,64,0.4630115862891641,0.5369884137108358,2.5476280312822936
I20,up,65,0.46240815587926476,0.5375918441207352,2.5491392616417645
I20,up,66,0.4610255341929222,0.5389744658070779,2.552592070029453
I20,up,67,0.45925765357175025,0.5407423464282497,2.55698709666206
I20,up,68,0.45756961945537034,0.5424303805446297,2.561162858977803
I20,up,69,0.4562640133910089,0.543735986608991,2.564378725162026
I20,up,70,0.45522094457467416,0.5447790554253258,2.566939261183639
I20,up,71,0.45355505114027617,0.5464449488597238,2.571012786304557
I20,up,72,0.45191771426799027,0.5480822857320098,2.5749974500866024
I20,up,73,0.4510277567853698,0.5489722432146302,2.577155379527923
I20,up,74,0.45055320888045713,0.5494467911195429,2.5783037743801067
I20,up,75,0.44970182793021046,0.5502981720697895,2.5803601485332637
I20,up,76,0.44883610945830993,0.55116389054169,2.5824459616391318
I20,up,77,0.44832425019664224,0.5516757498033578,2.5836767477234845
I20,up,78,0.44724404293699566,0.5527559570630043,2.586268162691315
I20,up,79,0.44587913040195426,0.5541208695980457,2.589530990498755
I20,up,80,0.4452317893155091,0.5547682106844909,2.591073945432532
I20,up,81,0.44439377780490485,0.5556062221950951,2.5930670614160993
I20,up,82,0.44303278102158095,0.556967218978419,2.5962937031797484
I20,up,83,0.44205394816708854,0.5579460518329115,2.5986064209113886
I20,up,84,0.44145229428666594,0.5585477057133341,2.6000246963155975
I20,up,85,0.4404957288362799,0.5595042711637201,2.602274485628069
I20,up,86,0.43934786101155554,0.5606521389884445,2.604965929933794
I20,up,87,0.4386661176786945,0.5613338823213054,2.6065601704043777
I20,up,88,0.4374351289860968,0.5625648710139032,2.6094307720653394
I20,up,89,0.43614867792438694,0.5638513220756131,2.612419680548408
I20,up,90,0.43537821848537983,0.5646217815146202,2.6142043624814644
I20,up,91,0.4350170853866119,0.5649829146133881,2.615039500244176
I20,up,92,0.4354398736102796,0.5645601263897204,2.614061693649374
I20,up,93,0.43514158313414003,0.5648584168658599,2.6147516930365162
I20,up,94,0.4335155194402995,0.5664844805597005,2.618502474576445
I20,up,95,0.430731195018005,0.569268804981995,2.624883529534345
I20,up,96,0.42842036668591227,0.5715796333140877,2.6301398872322057
I20,up,97,0.42747480448609915,0.5725251955139008,2.6322804247334943
I20,up,98,0.4265048376818561,0.5734951623181439,2.6344700129400724
I20,up,99,0.4252470456696805,0.5747529543303195,2.63730001063505
I20,up,100,0.42310558953284144,0.5768944104671585,2.642094085001008
I20,down,1,0.8514176725091191,0.14858232749088085,0.9483121743267571
I20,down,2,0.7259717439540615,0.2740282560459385,1.6067289474358502
I20,down,3,0.6874068585531258,0.3125931414468742,1.7824687458080666
I20,down,4,0.6587656337271361,0.34123436627286385,1.904361149325836
I20,down,5,0.6385326514344295,0.3614673485655705,1.9860264970413262
I20,down,6,0.621053403467282,0.378946596532718,2.0536321501316017
I20,down,7,0.608621961784702,0.39137803821529804,2.100066504577672
I20,down,8,0.5989045515026815,0.4010954484973185,2.1354179349083156
I20,down,9,0.5924177811899621,0.40758221881003787,2.158558204568182
I20,down,10,0.5862160590713533,0.4137839409286467,2.1803407805352233
I20,down,11,0.578231484937652,0.421768515062348,2.207897910077497
I20,down,12,0.5721256338130005,0.4278743661869995,2.228603309231721
I20,down,13,0.5666393492873927,0.4333606507126073,2.2469377959822925
I20,down,14,0.5613163522743224,0.4386836477256776,2.26448394921674
I20,down,15,0.5569614999359229,0.4430385000640771,2.278662133579613
I20,down,16,0.553352885436459,0.446647114563541,2.29029095349044
I20,down,17,0.5508286830631235,0.4491713169368765,2.2983609720145646
I20,down,18,0.5486907345437025,0.45130926545629746,2.305154882065098
I20,down,19,0.5475234630220707,0.45247653697792933,2.30884828349532
I20,down,20,0.5447006069044676,0.45529939309553236,2.317733821257371
I20,down,21,0.5397765404345173,0.4602234595654827,2.333077006255418
I20,down,22,0.5362390149385107,0.46376098506148933,2.3439777241442803
I20,down,23,0.5325555166078041,0.4674444833921959,2.3552203961743317
I20,down,24,0.5290014538924364,0.47099854610756364,2.3659642394079503
I20,down,25,0.5259417811011261,0.4740582188988739,2.3751323268982247
I20,down,26,0.5225841553573647,0.4774158446426353,2.3851071441253815
I20,down,27,0.5198409655878714,0.4801590344121286,2.393190057696125
I20,down,28,0.516932841624311,0.48306715837568903,2.4016939119575333
I20,down,29,0.5146104828832077,0.48538951711679235,2.408437011085404
I20,down,30,0.5120863639763834,0.4879136360236166,2.415717911588713
I20,down,31,0.5092875506533882,0.49071244934661185,2.423732932139181
I20,down,32,0.5068124575171014,0.49318754248289864,2.430770087947711
I20,down,33,0.5034579130090403,0.4965420869909597,2.4402319096715432
I20,down,34,0.5005301598371525,0.49946984016284746,2.4484189929823392
I20,down,35,0.4996305373083793,0.5003694626916206,2.4509214455522734
I20,down,36,0.49954002655661106,0.500459973443389,2.451172873078977
I20,down,37,0.4979374726054591,0.5020625273945409,2.45561418348099
I20,down,38,0.4958768048486991,0.5041231951513009,2.4612962804226877
I20,down,39,0.49447822465742286,0.5055217753425771,2.4651343104031644
I20,down,40,0.49364015219614327,0.5063598478038567,2.4674270561932143
I20,down,41,0.49362320214513167,0.5063767978548683,2.4674733720935897
I20,down,42,0.4934811283054973,0.5065188716945027,2.4678615022433004
I20,down,43,0.49208647013327705,0.507913529866723,2.4716634367565993
I20,down,44,0.4907460543291758,0.5092539456708243,2.475303638343826
I20,down,45,0.48941020705490845,0.5105897929450915,2.4789179449222454
I20,down,46,0.4878907838974715,0.5121092161025285,2.4830126119136215
I20,down,47,0.4860802992519475,0.5139197007480525,2.487869028022674
I20,down,48,0.48424454403889816,0.5157554559611018,2.492768183443829
I20,down,49,0.48306598933092987,0.5169340106690701,2.495900186183267
I20,down,50,0.48198702558282286,0.5180129744171771,2.4987584607200652
I20,down,51,0.48103682396789826,0.5189631760321017,2.5012684700389025
I20,down,52,0.4802536859417767,0.5197463140582232,2.503332137798271
I20,down,53,0.47939614097520034,0.5206038590247997,2.5055866678284007
I20,down,54,0.4777751592240191,0.5222248407759809,2.5098334662968043
I20,down,55,0.47523634866733766,0.5247636513326623,2.5164459718330487
I20,down,56,0.4734333484934264,0.5265666515065737,2.521113275438579
I20,down,57,0.47224998068896423,0.5277500193110358,2.524163651923648
I20,down,58,0.470139007376442,0.529860992623558,2.5295797667814686
I20,down,59,0.4675106109131444,0.5324893890868556,2.5362781780208152
I20,down,60,0.46562236132073626,0.5343776386792638,2.541059487663402
I20,down,61,0.46481295631685876,0.5351870436831412,2.5431011408499096
I20,down,62,0.46475766859763995,0.53524233140236,2.54324042721416
I20,down,63,0.463954506240433,0.536045493759567,2.545261355486139
I20,down,64,0.4630115862891641,0.5369884137108358,2.5476280312822936
I20,down,65,0.46240815587926476,0.5375918441207352,2.5491392616417645
I20,down,66,0.4610255341929222,0.5389744658070779,2.552592070029453
I20,down,67,0.45925765357175025,0.5407423464282497,2.55698709666206
I20,down,68,0.45756961945537034,0.5424303805446297,2.561162858977803
I20,down,69,0.4562640133910089,0.543735986608991,2.564378725162026
I20,down,70,0.45522094457467416,0.5447790554253258,2.566939261183639
I20,down,71,0.45355505114027617,0.5464449488597238,2.571012786304557
I20,down,72,0.45191771426799027,0.5480822857320098,2.5749974500866024
I20,down,73,0.4510277567853698,0.5489722432146302,2.577155379527923
I20,down,74,0.45055320888045713,0.5494467911195429,2.5783037743801067
I20,down,75,0.44970182793021046,0.5502981720697895,2.5803601485332637
I20,down,76,0.44883610945830993,0.55116389054169,2.5824459616391318
I20,down,77,0.44832425019664224,0.5516757498033578,2.5836767477234845
I20,down,78,0.44724404293699566,0.5527559570630043,2.586268162691315
I20,down,79,0.44587913040195426,0.5541208695980457,2.589530990498755
I20,down,80,0.4452317893155091,0.5547682106844909,2.591073945432532
I20,down,81,0.44439377780490485,0.5556062221950951,2.5930670614160993
I20,down,82,0.44303278102158095,0.556967218978419,2.5962937031797484
I20,down,83,0.44205394816708854,0.5579460518329115,2.5986064209113886
I20,down,84,0.44145229428666594,0.5585477057133341,2.6000246963155975
I20,down,85,0.4404957288362799,0.5595042711637201,2.602274485628069
I20,down,86,0.43934786101155554,0.5606521389884445,2.604965929933794
I20,down,87,0.4386661176786945,0.5613338823213054,2.6065601704043777
I20,down,88,0.4374351289860968,0.5625648710139032,2.6094307720653394
I20,down,89,0.43614867792438694,0.5638513220756131,2.612419680548408
I20,down,90,0.43537821848537983,0.5646217815146202,2.6142043624814644
I20,down,91,0.4350170853866119,0.5649829146133881,2.615039500244176
I20,down,92,0.4354398736102796,0.5645601263897204,2.614061693649374
I20,down,93,0.43514158313414003,0.5648584168658599,2.6147516930365162
I20,down,94,0.4335155194402995,0.5664844805597005,2.618502474576445
I20,down,95,0.430731195018005,0.569268804981995,2.624883529534345
I20,down,96,0.42842036668591227,0.5715796333140877,2.6301398872322057
I20,down,97,0.42747480448609915,0.5725251955139008,2.6322804247334943
I20,down,98,0.4265048376818561,0.5734951623181439,2.6344700129400724
I20,down,99,0.4252470456696805,0.5747529543303195,2.63730001063505
I20,down,100,0.42310558953284144,0.5768944104671585,2.642094085001008
I21,right,1,0.7965712673679022,0.20342873263209782,1.2515634965486617
I21,right,2,0.6187467201786804,0.3812532798213196,2.062351222629613
I21,right,3,0.5601876497806398,0.43981235021936016,2.2681739153697213
I21,right,4,0.5156935515538875,0.4843064484461125,2.405297539243147
I21,right,5,0.48876161025940146,0.5112383897405985,2.48066796037204
I21,right,6,0.47072686293903326,0.5292731370609667,2.5280747676871993
I21,right,7,0.4558515072942096,0.5441484927057905,2.565392268755784
I21,right,8,0.44296402131501966,0.5570359786849803,2.596456379228856
I21,right,9,0.4342879480102723,0.5657120519897276,2.616722972797933
I21,right,10,0.42889940985912667,0.5711005901408733,2.6290531629745297
I21,right,11,0.42356766983906363,0.5764323301609364,2.6410621949427666
I21,right,12,0.4184523303322378,0.5815476696677622,2.6524070681199925
I21,right,13,0.4134593581276948,0.5865406418723051,2.663315485326378
I21,right,14,0.40737274614079844,0.5926272538592016,2.676395281361306
I21,right,15,0.4016268513145156,0.5983731486854844,2.6885258868249053
I21,right,16,0.397926406980679,0.6020735930193211,2.6962279051680733
I21,right,17,0.3949669719021739,0.6050330280978261,2.702326008256483
I21,right,18,0.39251517343433046,0.6074848265656696,2.7073369195112544
I21,right,19,0.3898654577841775,0.6101345422158224,2.7127106362166176
I21,right,20,0.38558776940787864,0.6144122305921214,2.7212952040459832
I21,right,21,0.38179549735983476,0.6182045026401652,2.728812701487355
I21,right,22,0.37845772070270195,0.621542279297298,2.735357626162057
I21,right,23,0.37570160446933143,0.6242983955306686,2.7407118450652117
I21,right,24,0.37457703717369784,0.6254229628263022,2.7428835500706175
I21,right,25,0.3737358519652277,0.6262641480347724,2.7445031120047085
I21,right,26,0.37277534952210734,0.6272246504778927,2.746347293202663
I21,right,27,0.3716375724006712,0.6283624275993288,2.748524817099594
I21,right,28,0.36795178883998986,0.6320482111600101,2.755526726777278
I21,right,29,0.3638472396927741,0.6361527603072259,2.7632311514769885
I21,right,30,0.3618886483548821,0.6381113516451179,2.7668732440343398
I21,right,31,0.35996427592420877,0.6400357240757912,2.7704302801048026
I21,right,32,0.3567621698172221,0.6432378301827779,2.776302301944443
I21,right,33,0.35241177410162244,0.6475882258983776,2.7841871250570733
I21,right,34,0.349227156771944,0.650772843228056,2.789891777230758
I21,right,35,0.3487262513831731,0.651273748616827,2.79078391576756
I21,right,36,0.3499245244976672,0.6500754755023328,2.788647406954542
I21,right,37,0.3484153898870782,0.6515846101129218,2.791336875904598
I21,right,38,0.3440489321683424,0.6559510678316576,2.7990474908242717
I21,right,39,0.34265116024721654,0.6573488397527835,2.8014936294437414
I21,right,40,0.34295580402163883,0.6570441959783612,2.8009614059313703
I21,right,41,0.3412184142184535,0.6587815857815464,2.803989892012102
I21,right,42,0.33983301698062834,0.6601669830193717,2.806393028548964
I21,right,43,0.3405845929938421,0.659415407006158,2.8050906252134062
I21,right,44,0.3401008466515627,0.6598991533484373,2.8059292593096856
I21,right,45,0.34069052204400874,0.6593094779559913,2.8049068143649833
I21,right,46,0.34194060782194996,0.65805939217805,2.802733019292761
I21,right,47,0.34190169227391165,0.6580983077260883,2.802800818616542
I21,right,48,0.3429376522305145,0.6570623477694855,2.80099313197406
I21,right,49,0.3438967892146522,0.6561032107853477,2.799314264135285
I21,right,50,0.34343767917408746,0.6565623208259126,2.800118516256534
I21,right,51,0.34347993693211804,0.656520063067882,2.800044538919501
I21,right,52,0.34261659400017286,0.6573834059998271,2.801553985858921
I21,right,53,0.34025481268862934,0.6597451873113707,2.8056624780753276
I21,right,54,0.3373144913313284,0.6626855086686716,2.8107350611202744
I21,right,55,0.3360892549724809,0.6639107450275191,2.812835035547411
I21,right,56,0.3346304092221131,0.6653695907778869,2.815324880689107
I21,right,57,0.33199704056252005,0.6680029594374799,2.819790488965789
I21,right,58,0.3310356617669774,0.6689643382330226,2.8214115708382232
I21,right,59,0.32984311549139866,0.6701568845086013,2.8234156363645377
I21,right,60,0.3293196187133723,0.6706803812866278,2.8242929920365745
I21,right,61,0.32918642755190275,0.6708135724480973,2.8245159830251616
I21,right,62,0.3285394532871954,0.6714605467128045,2.8255978268491733
I21,right,63,0.3295058822128846,0.6704941177871153,2.82398098926262
I21,right,64,0.3301187195596496,0.6698812804403504,2.8229531548071716
I21,right,65,0.3301147378748706,0.6698852621251294,2.8229598391945716
I21,right,66,0.3300027532577972,0.6699972467422028,2.8231478027792942
I21,right,67,0.3284646492744576,0.6715353507255424,2.8257227686861963
I21,right,68,0.32736135868236,0.67263864131764,2.8275621243894715
I21,right,69,0.3268392672310337,0.6731607327689664,2.8284303006743183
I21,right,70,0.3261581234955457,0.6738418765044543,2.8295608119269646
I21,right,71,0.3254937986045158,0.6745062013954841,2.830661067364024
I21,right,72,0.32521019657183975,0.6747898034281603,2.8311300661378924
I21,right,73,0.3244399675357766,0.6755600324642235,2.832401690588874
I21,right,74,0.3219370002198358,0.6780629997801642,2.836512682265284
I21,right,75,0.3203968045117665,0.6796031954882336,2.839026227073946
I21,right,76,0.3206013307955832,0.6793986692044168,2.838693153324809
I21,right,77,0.3203995658671849,0.6796004341328151,2.8390217316079793
I21,right,78,0.31968210817737913,0.6803178918226209,2.840188425218816
I21,right,79,0.32101940784086497,0.678980592159135,2.8380116372785453
I21,right,80,0.3224865005124951,0.6775134994875049,2.8356129451870506
I21,right,81,0.32288512813360953,0.6771148718663904,2.834959262623258
I21,right,82,0.32275481091495706,0.6772451890850429,2.835173051806616
I21,right,83,0.32126288718810414,0.6787371128118959,2.837614320353568
I21,right,84,0.3180223085307721,0.6819776914692279,2.842877355046599
I21,right,85,0.31599848542122677,0.6840015145787732,2.8461369062165316
I21,right,86,0.312324069432816,0.687675930567184,2.852001566086228
I21,right,87,0.30969833066365526,0.6903016693363447,2.8561506338728213
I21,right,88,0.3108633159958283,0.6891366840041717,2.8543140618873704
I21,right,89,0.3111876504521795,0.6888123495478204,2.8538015418809826
I21,right,90,0.3106543885813074,0.6893456114186927,2.8546439329718103
I21,right,91,0.31070310866311585,0.6892968913368842,2.854567029493939
I21,right,92,0.3122854626607579,0.6877145373392421,2.852062822346781
I21,right,93,0.31386456361790177,0.6861354363820982,2.8495511559423345
I21,right,94,0.31274325307694184,0.6872567469230582,2.8513359745577818
I21,right,95,0.3105209575572602,0.6894790424427397,2.854854489526484
I21,right,96,0.3107842669069859,0.6892157330930141,2.8544388966484524
I21,right,97,0.3106990878570385,0.6893009121429615,2.8545733766916275
I21,right,98,0.30955705277436435,0.6904429472256357,2.8563728918636357
I21,right,99,0.3094461555235822,0.6905538444764179,2.8565472850009765
I21,right,100,0.3083965109786693,0.6916034890213307,2.858194868641551
I21,left,1,0.7965712673679022,0.20342873263209782,1.2515634965486617
I21,left,2,0.6187467201786804,0.3812532798213196,2.062351222629613
I21,left,3,0.5601876497806398,0.43981235021936016,2.2681739153697213
I21,left,4,0.5156935515538875,0.4843064484461125,2.405297539243147
I21,left,5,0.48876161025940146,0.5112383897405985,2.48066796037204
I21,left,6,0.47072686293903326,0.5292731370609667,2.5280747676871993
I21,left,7,0.4558515072942096,0.5441484927057905,2.565392268755784
I21,left,8,0.44296402131501966,0.5570359786849803,2.596456379228856
I21,left,9,0.4342879480102723,0.5657120519897276,2.616722972797933
I21,left,10,0.42889940985912667,0.5711005901408733,2.6290531629745297
I21,left,11,0.42356766983906363,0.5764323301609364,2.6410621949427666
I21,left,12,0.4184523303322378,0.5815476696677622,2.6524070681199925
I21,left,13,0.4134593581276948,0.5865406418723051,2.663315485326378
I21,left,14,0.40737274614079844,0.5926272538592016,2.676395281361306
I21,left,15,0.4016268513145156,0.5983731486854844,2.6885258868249053
I21,left,16,0.397926406980679,0.6020735930193211,2.6962279051680733
I21,left,17,0.3949669719021739,0.6050330280978261,2.702326008256483
I21,left,18,0.39251517343433046,0.6074848265656696,2.7073369195112544
I21,left,19,0.3898654577841775,0.6101345422158224,2.7127106362166176
I21,left,20,0.38558776940787864,0.6144122305921214,2.7212952040459832
I21,left,21,0.38179549735983476,0.6182045026401652,2.728812701487355
I21,left,22,0.37845772070270195,0.621542279297298,2.735357626162057
I21,left,23,0.37570160446933143,0.6242983955306686,2.7407118450652117
I21,left,24,0.37457703717369784,0.6254229628263022,2.7428835500706175
I21,left,25,0.3737358519652277,0.6262641480347724,2.7445031120047085
I21,left,26,0.37277534952210734,0.6272246504778927,2.746347293202663
I21,left,27,0.3716375724006712,0.6283624275993288,2.748524817099594
I21,left,28,0.36795178883998986,0.6320482111600101,2.755526726777278
I21,left,29,0.3638472396927741,0.6361527603072259,2.7632311514769885
I21,left,30,0.3618886483548821,0.6381113516451179,2.7668732440343398
I21,left,31,0.35996427592420877,0.6400357240757912,2.7704302801048026
I21,left,32,0.3567621698172221,0.6432378301827779,2.776302301944443
I21,left,33,0.35241177410162244,0.6475882258983776,2.7841871250570733
I21,left,34,0.349227156771944,0.650772843228056,2.789891777230758
I21,left,35,0.3487262513831731,0.651273748616827,2.79078391576756
I21,left,36,0.3499245244976672,0.6500754755023328,2.788647406954542
I21,left,37,0.3484153898870782,0.6515846101129218,2.791336875904598
I21,left,38,0.3440489321683424,0.6559510678316576,2.7990474908242717
I21,left,39,0.34265116024721654,0.6573488397527835,2.8014936294437414
I21,left,40,0.34295580402163883,0.6570441959783612,2.8009614059313703
I21,left,41,0.3412184142184535,0.6587815857815464,2.803989892012102
I21,left,42,0.33983301698062834,0.6601669830193717,2.806393028548964
I21,left,43,0.3405845929938421,0.659415407006158,2.8050906252134062
I21,left,44,0.3401008466515627,0.6598991533484373,2.8059292593096856
I21,left,45,0.34069052204400874,0.6593094779559913,2.8049068143649833
I21,left,46,0.34194060782194996,0.65805939217805,2.802733019292761
I21,left,47,0.34190169227391165,0.6580983077260883,2.802800818616542
I21,left,48,0.3429376522305145,0.6570623477694855,2.80099313197406
I21,left,49,0.3438967892146522,0.6561032107853477,2.799314264135285
I21,left,50,0.34343767917408746,0.6565623208259126,2.800118516256534
I21,left,51,0.34347993693211804,0.656520063067882,2.800044538919501
I21,left,52,0.34261659400017286,0.6573834059998271,2.801553985858921
I21,left,53,0.34025481268862934,0.6597451873113707,2.8056624780753276
I21,left,54,0.3373144913313284,0.6626855086686716,2.8107350611202744
I21,left,55,0.3360892549724809,0.6639107450275191,2.812835035547411
I21,left,56,0.3346304092221131,0.6653695907778869,2.815324880689107
I21,left,57,0.33199704056252005,0.6680029594374799,2.819790488965789
I21,left,58,0.3310356617669774,0.6689643382330226,2.8214115708382232
I21,left,59,0.32984311549139866,0.6701568845086013,2.8234156363645377
I21,left,60,0.3293196187133723,0.6706803812866278,2.8242929920365745
I21,left,61,0.32918642755190275,0.6708135724480973,2.8245159830251616
I21,left,62,0.3285394532871954,0.6714605467128045,2.8255978268491733
I21,left,63,0.3295058822128846,0.6704941177871153,2.82398098926262
I21,left,64,0.3301187195596496,0.6698812804403504,2.8229531548071716
I21,left,65,0.3301147378748706,0.6698852621251294,2.8229598391945716
I21,left,66,0.3300027532577972,0.6699972467422028,2.8231478027792942
I21,left,67,0.3284646492744576,0.6715353507255424,2.8257227686861963
I21,left,68,0.32736135868236,0.67263864131764,2.8275621243894715
I21,left,69,0.3268392672310337,0.6731607327689664,2.8284303006743183
I21,left,70,0.3261581234955457,0.6738418765044543,2.8295608119269646
I21,left,71,0.3254937986045158,0.6745062013954841,2.830661067364024
I21,left,72,0.32521019657183975,0.6747898034281603,2.8311300661378924
I21,left,73,0.3244399675357766,0.6755600324642235,2.832401690588874
I21,left,74,0.3219370002198358,0.6780629997801642,2.836512682265284
I21,left,75,0.3203968045117665,0.6796031954882336,2.839026227073946
I21,left,76,0.3206013307955832,0.6793986692044168,2.838693153324809
I21,left,77,0.3203995658671849,0.6796004341328151,2.8390217316079793
I21,left,78,0.31968210817737913,0.6803178918226209,2.840188425218816
I21,left,79,0.32101940784086497,0.678980592159135,2.8380116372785453
I21,left,80,0.3224865005124951,0.6775134994875049,2.8356129451870506
I21,left,81,0.32288512813360953,0.6771148718663904,2.834959262623258
I21,left,82,0.32275481091495706,0.6772451890850429,2.835173051806616
I21,left,83,0.32126288718810414,0.6787371128118959,2.837614320353568
I21,left,84,0.3180223085307721,0.6819776914692279,2.842877355046599
I21,left,85,0.31599848542122677,0.6840015145787732,2.8461369062165316
I21,left,86,0.312324069432816,0.687675930567184,2.852001566086228
I21,left,87,0.30969833066365526,0.6903016693363447,2.8561506338728213
I21,left,88,0.3108633159958283,0.6891366840041717,2.8543140618873704
I21,left,89,0.3111876504521795,0.6888123495478204,2.8538015418809826
I21,left,90,0.3106543885813074,0.6893456114186927,2.8546439329718103
I21,left,91,0.31070310866311585,0.6892968913368842,2.854567029493939
I21,left,92,0.3122854626607579,0.6877145373392421,2.852062822346781
I21,left,93,0.31386456361790177,0.6861354363820982,2.8495511559423345
I21,left,94,0.31274325307694184,0.6872567469230582,2.8513359745577818
I21,left,95,0.3105209575572602,0.6894790424427397,2.854854489526484
I21,left,96,0.3107842669069859,0.6892157330930141,2.8544388966484524
I21,left,97,0.3106990878570385,0.6893009121429615,2.8545733766916275
I21,left,98,0.30955705277436435,0.6904429472256357,2.8563728918636357
I21,left,99,0.3094461555235822,0.6905538444764179,2.8565472850009765
I21,left,100,0.3083965109786693,0.6916034890213307,2.858194868641551
I21,up,1,0.6945121446024185,0.3054878553975815,1.75108822879813
I21,up,2,0.46359856199178295,0.536401438008217,2.5461555051734113
I21,up,3,0.4343951369960199,0.56560486300398,2.616475714635996
I21,up,4,0.40626550868510125,0.5937344913148987,2.67874916192107
I21,up,5,0.3847602179326187,0.6152397820673813,2.722943096012524
I21,up,6,0.37947121312695736,0.6205287868730427,2.7333773604741793
I21,up,7,0.3801673406992953,0.6198326593007046,2.732013635300163
I21,up,8,0.38182226194698304,0.6181777380530169,2.7287599495972072
I21,up,9,0.37846686535555196,0.621533134644448,2.735339785832225
I21,up,10,0.3727941115542273,0.6272058884457727,2.7463113218391015
I21,up,11,0.365488222313937,0.6345117776860629,2.7601626542218582
I21,up,12,0.35928270443254406,0.6407172955674559,2.7716850324929156
I21,up,13,0.35549993219406095,0.644500067805939,2.7786010140659654
I21,up,14,0.353006391584685,0.646993608415315,2.783115697939124
I21,up,15,0.3512521584365067,0.6487478415634933,2.786270914509892
I21,up,16,0.35171443558950405,0.6482855644104959,2.7854411197976052
I21,up,17,0.35151162866897046,0.6484883713310295,2.785805308426352
I21,up,18,0.3501520333024631,0.649847966697537,2.788240858969208
I21,up,19,0.34781972342684164,0.6521802765731584,2.7923949499621505
I21,up,20,0.34382724339449344,0.6561727566055066,2.7994361661863385
I21,up,21,0.34055723872601723,0.6594427612739828,2.805138081140477
I21,up,22,0.34031640501228294,0.6596835949877171,2.805555719285783
I21,up,23,0.33856870118755483,0.6614312988124451,2.8085770447772367
I21,up,24,0.33899408105004925,0.6610059189499508,2.8078431976060543
I21,up,25,0.3385130408426221,0.6614869591573779,2.8086729951946525
I21,up,26,0.3357781036278872,0.6642218963721128,2.813367042802601
I21,up,27,0.3333652906707925,0.6666347093292075,2.8174748595549293
I21,up,28,0.33307567615858313,0.6669243238414169,2.8179658362108224
I21,up,29,0.33304300612656706,0.666956993873433,2.8180211928635828
I21,up,30,0.3315365902597469,0.6684634097402531,2.820567515225224
I21,up,31,0.33163000237016554,0.6683699976298345,2.820409970073289
I21,up,32,0.331982568046109,0.668017431953891,2.8198149290081105
I21,up,33,0.33293371190011745,0.6670662880998826,2.8182063414748963
I21,up,34,0.3319071335755676,0.6680928664244323,2.8199422987493596
I21,up,35,0.3283077420138497,0.6716922579861503,2.8259847481573717
I21,up,36,0.32609650843253335,0.6739034915674667,2.829662956051373
I21,up,37,0.3269070502629019,0.6730929497370981,2.828317666357054
I21,up,38,0.32749738941323475,0.6725026105867653,2.827335686244945
I21,up,39,0.32617841630584143,0.6738215836941586,2.8295271665897763
I21,up,40,0.3241423505109949,0.6758576494890052,2.8328922181126126
I21,up,41,0.32317286919204996,0.6768271308079501,2.834486902621612
I21,up,42,0.3220674383659899,0.6779325616340102,2.8362992480198503
I21,up,43,0.3209186388894493,0.6790813611105506,2.838175985426771
I21,up,44,0.32020982314058,0.67979017685942,2.839330539825945
I21,up,45,0.3213830118537436,0.6786169881462564,2.8374181843739654
I21,up,46,0.3233015923214314,0.6766984076785686,2.83427544951393
I21,up,47,0.32253537148368805,0.677464628516312,2.835532849336266
I21,up,48,0.3202430036568648,0.6797569963431351,2.8392765515971172
I21,up,49,0.31818675505098926,0.6818132449490107,2.8426115778084773
I21,up,50,0.3166507131332523,0.6833492868667477,2.845088721082851
I21,up,51,0.3145630060234674,0.6854369939765326,2.848436205290896
I21,up,52,0.3140993709920309,0.6859006290079691,2.8491766001504155
I21,up,53,0.31242728947167264,0.6875727105283274,2.8518377528277483
I21,up,54,0.309025758284943,0.6909742417150571,2.8572078273281862
I21,up,55,0.3041124992273783,0.6958875007726217,2.864862358828188
I21,up,56,0.30314429781256386,0.6968557021874362,2.866356632176789
I21,up,57,0.30383574557580584,0.6961642544241942,2.8652899587977254
I21,up,58,0.3036675271330749,0.6963324728669251,2.8655496809259864
I21,up,59,0.30257829429588234,0.6974217057041177,2.8672280326740163
I21,up,60,0.3025261991296553,0.6974738008703447,2.867308157415212
I21,up,61,0.3041874863205058,0.6958125136794941,2.8647464343874516
I21,up,62,0.30376129123104656,0.6962387087689534,2.865404930375819
I21,up,63,0.30139467478000675,0.6986053252199933,2.8690452014490866
I21,up,64,0.2997269394641461,0.7002730605358539,2.8715939566077884
I21,up,65,0.2953901898257351,0.7046098101742648,2.878158259919438
I21,up,66,0.2905454504928489,0.7094545495071511,2.8853841750645772
I21,up,67,0.28746738612782696,0.712532613872173,2.889916921257303
I21,up,68,0.28764026723118524,0.7123597327688147,2.8896635269355757
I21,up,69,0.2897916071356098,0.7102083928643902,2.886498440590075
I21,up,70,0.292747033521594,0.707252966478406,2.882114469157317
I21,up,71,0.29358783713517767,0.7064121628648223,2.8808596183127335
I21,up,72,0.2932986818534466,0.7067013181465533,2.8812915485697967
I21,up,73,0.29259748655506457,0.7074025134449354,2.882337304270645
I21,up,74,0.2904349298404517,0.7095650701595483,2.8855477062699633
I21,up,75,0.2896800294754671,0.7103199705245329,2.8866631353087095
I21,up,76,0.28933061460671355,0.7106693853932864,2.887178508069769
I21,up,77,0.2875237087455889,0.7124762912544111,2.8898343838939757
I21,up,78,0.28270173336626014,0.7172982666337399,2.8968466539096553
I21,up,79,0.27685746989090243,0.7231425301090976,2.90520039247827
I21,up,80,0.27129585528336975,0.7287041447166303,2.913004575465516
I21,up,81,0.27091637613498365,0.7290836238650164,2.913531952855653
I21,up,82,0.27519360035182,0.7248063996481799,2.9075499478099545
I21,up,83,0.2769384796693947,0.7230615203306052,2.9050856745763873
I21,up,84,0.2739782015992516,0.7260217984007484,2.9092582232042288
I21,up,85,0.27113502972026643,0.7288649702797336,2.913228160577771
I21,up,86,0.2713837920926302,0.7286162079073698,2.9128822733521504
I21,up,87,0.2720892243907651,0.7279107756092349,2.9118998963198575
I21,up,88,0.27028442239400097,0.729715577605999,2.9144087626408828
I21,up,89,0.26743510726227254,0.7325648927377275,2.918339777515322
I21,up,90,0.2676710660621705,0.7323289339378295,2.91801562215183
I21,up,91,0.2666539681611115,0.7333460318388885,2.9194111162897505
I21,up,92,0.2624301550965452,0.7375698449034548,2.925157136252545
I21,up,93,0.2578707011603878,0.7421292988396122,2.931271565275334
I21,up,94,0.25677851797931217,0.7432214820206878,2.9327227635795756
I21,up,95,0.2517066336059002,0.7482933663940998,2.9393943207055173
I21,up,96,0.2465075289198699,0.7534924710801301,2.946119126544991
I21,up,97,0.24724377516097507,0.7527562248390249,2.945173782435166
I21,up,98,0.24793025016655174,0.7520697498334483,2.9442902844127916
I21,up,99,0.2496022805402842,0.7503977194597158,2.942130025762255
I21,up,100,0.24955259870713692,0.750447401292863,2.9421943854765464
I21,down,1,0.6945121446024185,0.3054878553975815,1.75108822879813
I21,down,2,0.46359856199178295,0.536401438008217,2.5461555051734113
I21,down,3,0.4343951369960199,0.56560486300398,2.616475714635996
I21,down,4,0.40626550868510125,0.5937344913148987,2.67874916192107
I21,down,5,0.3847602179326187,0.6152397820673813,2.722943096012524
I21,down,6,0.37947121312695736,0.6205287868730427,2.7333773604741793
I21,down,7,0.3801673406992953,0.6198326593007046,2.732013635300163
I21,down,8,0.38182226194698304,0.6181777380530169,2.7287599495972072
I21,down,9,0.37846686535555196,0.621533134644448,2.735339785832225
I21,down,10,0.3727941115542273,0.6272058884457727,2.7463113218391015
I21,down,11,0.365488222313937,0.6345117776860629,2.7601626542218582
I21,down,12,0.35928270443254406,0.6407172955674559,2.7716850324929156
I21,down,13,0.35549993219406095,0.644500067805939,2.7786010140659654
I21,down,14,0.353006391584685,0.646993608415315,2.783115697939124
I21,down,15,0.3512521584365067,0.6487478415634933,2.786270914509892
I21,down,16,0.35171443558950405,0.6482855644104959,2.7854411197976052
I21,down,17,0.35151162866897046,0.6484883713310295,2.785805308426352
I21,down,18,0.3501520333024631,0.649847966697537,2.788240858969208
I21,down,19,0.34781972342684164,0.6521802765731584,2.7923949499621505
I21,down,20,0.34382724339449344,0.6561727566055066,2.7994361661863385
I21,down,21,0.34055723872601723,0.6594427612739828,2.805138081140477
I21,down,22,0.34031640501228294,0.6596835949877171,2.805555719285783
I21,down,23,0.33856870118755483,0.6614312988124451,2.8085770447772367
I21,down,24,0.33899408105004925,0.6610059189499508,2.8078431976060543
I21,down,25,0.3385130408426221,0.6614869591573779,2.8086729951946525
I21,down,26,0.3357781036278872,0.6642218963721128,2.813367042802601
I21,down,27,0.3333652906707925,0.6666347093292075,2.8174748595549293
I21,down,28,0.33307567615858313,0.6669243238414169,2.8179658362108224
I21,down,29,0.33304300612656706,0.666956993873433,2.8180211928635828
I21,down,30,0.3315365902597469,0.6684634097402531,2.820567515225224
I21,down,31,0.33163000237016554,0.6683699976298345,2.820409970073289
I21,down,32,0.331982568046109,0.668017431953891,2.8198149290081105
I21,down,33,0.33293371190011745,0.6670662880998826,2.8182063414748963
I21,down,34,0.3319071335755676,0.6680928664244323,2.8199422987493596
I21,down,35,0.3283077420138497,0.6716922579861503,2.8259847481573717
I21,down,36,0.32609650843253335,0.6739034915674667,2.829662956051373
I21,down,37,0.3269070502629019,0.6730929497370981,2.828317666357054
I21,down,38,0.32749738941323475,0.6725026105867653,2.827335686244945
I21,down,39,0.32617841630584143,0.6738215836941586,2.8295271665897763
I21,down,40,0.3241423505109949,0.6758576494890052,2.8328922181126126
I21,down,41,0.32317286919204996,0.6768271308079501,2.834486902621612
I21,down,42,0.3220674383659899,0.6779325616340102,2.8362992480198503
I21,down,43,0.3209186388894493,0.6790813611105506,2.838175985426771
I21,down,44,0.32020982314058,0.67979017685942,2.839330539825945
I21,down,45,0.3213830118537436,0.6786169881462564,2.8374181843739654
I21,down,46,0.3233015923214314,0.6766984076785686,2.83427544951393
I21,down,47,0.32253537148368805,0.677464628516312,2.835532849336266
I21,down,48,0.3202430036568648,0.6797569963431351,2.8392765515971172
I21,down,49,0.31818675505098926,0.6818132449490107,2.8426115778084773
I21,down,50,0.3166507131332523,0.6833492868667477,2.845088721082851
I21,down,51,0.3145630060234674,0.6854369939765326,2.848436205290896
I21,down,52,0.3140993709920309,0.6859006290079691,2.8491766001504155
I21,down,53,0.31242728947167264,0.6875727105283274,2.8518377528277483
I21,down,54,0.309025758284943,0.6909742417150571,2.8572078273281862
I21,down,55,0.3041124992273783,0.6958875007726217,2.864862358828188
I21,down,56,0.30314429781256386,0.6968557021874362,2.866356632176789
I21,down,57,0.30383574557580584,0.6961642544241942,2.8652899587977254
I21,down,58,0.3036675271330749,0.6963324728669251,2.8655496809259864
I21,down,59,0.30257829429588234,0.6974217057041177,2.8672280326740163
I21,down,60,0.3025261991296553,0.6974738008703447,2.867308157415212
I21,down,61,0.3041874863205058,0.6958125136794941,2.8647464343874516
I21,down,62,0.30376129123104656,0.6962387087689534,2.865404930375819
I21,down,63,0.30139467478000675,0.6986053252199933,2.8690452014490866
I21,down,64,0.2997269394641461,0.7002730605358539,2.8715939566077884
I21,down,65,0.2953901898257351,0.7046098101742648,2.878158259919438
I21,down,66,0.2905454504928489,0.7094545495071511,2.8853841750645772
I21,down,67,0.28746738612782696,0.712532613872173,2.889916921257303
I21,down,68,0.28764026723118524,0.7123597327688147,2.8896635269355757
I21,down,69,0.2897916071356098,0.7102083928643902,2.886498440590075
I21,down,70,0.292747033521594,0.707252966478406,2.882114469157317
I21,down,71,0.29358783713517767,0.7064121628648223,2.8808596183127335
I21,down,72,0.2932986818534466,0.7067013181465533,2.8812915485697967
I21,down,73,0.29259748655506457,0.7074025134449354,2.882337304270645
I21,down,74,0.2904349298404517,0.7095650701595483,2.8855477062699633
I21,down,75,0.2896800294754671,0.7103199705245329,2.8866631353087095
I21,down,76,0.28933061460671355,0.7106693853932864,2.887178508069769
I21,down,77,0.2875237087455889,0.7124762912544111,2.8898343838939757
I21,down,78,0.28270173336626014,0.7172982666337399,2.8968466539096553
I21,down,79,0.27685746989090243,0.7231425301090976,2.90520039247827
I21,down,80,0.27129585528336975,0.7287041447166303,2.913004575465516
I21,down,81,0.27091637613498365,0.7290836238650164,2.913531952855653
I21,down,82,0.27519360035182,0.7248063996481799,2.9075499478099545
I21,down,83,0.2769384796693947,0.7230615203306052,2.9050856745763873
I21,down,84,0.2739782015992516,0.7260217984007484,2.9092582232042288
I21,down,85,0.27113502972026643,0.7288649702797336,2.913228160577771
I21,down,86,0.2713837920926302,0.7286162079073698,2.9128822733521504
I21,down,87,0.2720892243907651,0.7279107756092349,2.9118998963198575
I21,down,88,0.27028442239400097,0.729715577605999,2.9144087626408828
I21,down,89,0.26743510726227254,0.7325648927377275,2.918339777515322
I21,down,90,0.2676710660621705,0.7323289339378295,2.91801562215183
I21,down,91,0.2666539681611115,0.7333460318388885,2.9194111162897505
I21,down,92,0.2624301550965452,0.7375698449034548,2.925157136252545
I21,down,93,0.2578707011603878,0.7421292988396122,2.931271565275334
I21,down,94,0.25677851797931217,0.7432214820206878,2.9327227635795756
I21,down,95,0.2517066336059002,0.7482933663940998,2.9393943207055173
I21,down,96,0.2465075289198699,0.7534924710801301,2.946119126544991
I21,down,97,0.24724377516097507,0.7527562248390249,2.945173782435166
I21,down,98,0.24793025016655174,0.7520697498334483,2.9442902844127916
I21,down,99,0.2496022805402842,0.7503977194597158,2.942130025762255
I21,down,100,0.24955259870713692,0.750447401292863,2.9421943854765464
I22,right,1,0.6954757945622922,0.30452420543770775,1.7467973928576201
I22,right,2,0.4535136262469428,0.5464863737530572,2.571113831347077
I22,right,3,0.4165090106295657,0.5834909893704343,2.6566720273527595
I22,right,4,0.3967149357202638,0.6032850642797363,2.6987308114231956
I22,right,5,0.38508009157005996,0.61491990842994,2.722306628390986
I22,right,6,0.3749338535193004,0.6250661464806996,2.7421952961712934
I22,right,7,0.3693242849587597,0.6306757150412403,2.7529286629284977
I22,right,8,0.3653617504362447,0.6346382495637553,2.7603996990756583
I22,right,9,0.3555444156951735,0.6444555843048265,2.7785201564053708
I22,right,10,0.3462300544505524,0.6537699455494477,2.795209046980058
I22,right,11,0.34220790425363407,0.6577920957463659,2.802267107638407
I22,right,12,0.33949627138950256,0.6605037286104974,2.8069755790789435
I22,right,13,0.3297486962542778,0.6702513037457223,2.823573985585197
I22,right,14,0.325016540256237,0.674983459743763,2.8314500782470144
I22,right,15,0.321616285086117,0.6783837149138829,2.837037089513397
I22,right,16,0.32104517921603615,0.6789548207839639,2.837969597275973
I22,right,17,0.31821969986104637,0.6817803001389536,2.842558315973351
I22,right,18,0.3147410144113044,0.6852589855886956,2.848151647403035
I22,right,19,0.3130352759021964,0.6869647240978036,2.8508717674612516
I22,right,20,0.3112180324691975,0.6887819675308025,2.8537535044601974
I22,right,21,0.30881299634668635,0.6911870036533136,2.8575417887370236
I22,right,22,0.30602319072147965,0.6939768092785203,2.861899890565531
I22,right,23,0.3042286441385717,0.6957713558614282,2.8646827956636054
I22,right,24,0.30357869469785786,0.6964213053021422,2.8656867780730995
I22,right,25,0.30056921474893283,0.6994307852510672,2.870308431490355
I22,right,26,0.29689646009126197,0.703103539908738,2.8758886441086
I22,right,27,0.29610986322416,0.70389013677584,2.877075240409078
I22,right,28,0.294332627284135,0.705667372715865,2.8797452261081897
I22,right,29,0.2910679629535395,0.7089320370464605,2.8846102545932606
I22,right,30,0.2890717387114257,0.7109282612885743,2.8875599656646367
I22,right,31,0.28645839088835384,0.7135416091116462,2.891393005775421
I22,right,32,0.28339202695643323,0.7166079730435668,2.8958494891362614
I22,right,33,0.28320308978720254,0.7167969102127975,2.8961226396958946
I22,right,34,0.2834438266238713,0.7165561733761288,2.895774572114262
I22,right,35,0.2802199777312848,0.7197800222687152,2.9004133576210425
I22,right,36,0.2785704179934712,0.7214295820065288,2.902768265161347
I22,right,37,0.27900168114476936,0.7209983188552307,2.9021538080995537
I22,right,38,0.27871844244207494,0.721281557557925,2.9025574588936065
I22,right,39,0.2754797825132447,0.7245202174867553,2.907146730879198
I22,right,40,0.2726394619520177,0.7273605380479823,2.9111320780996026
I22,right,41,0.27047282991115484,0.7295271700888452,2.9141475433136392
I22,right,42,0.2697734186933125,0.7302265813066875,2.915116443755167
I22,right,43,0.2691172280110638,0.7308827719889361,2.916023469918345
I22,right,44,0.26777890493078615,0.7322210950692138,2.917867392448831
I22,right,45,0.26917530550208607,0.730824694497914,2.9159432697490963
I22,right,46,0.26914875442924263,0.7308512455707574,2.9159799364444448
I22,right,47,0.26745153530313714,0.7325484646968629,2.9183172170687284
I22,right,48,0.2623406263920711,0.7376593736079289,2.9252780759242896
I22,right,49,0.2577286405998801,0.7422713594001199,2.9314606162146664
I22,right,50,0.25870795834097093,0.7412920416590291,2.930155578320261
I22,right,51,0.26222748529260936,0.7377725147073906,2.9254308618533074
I22,right,52,0.26276135432805664,0.7372386456719433,2.9247094293985914
I22,right,53,0.2620164714781933,0.7379835285218067,2.925715664678207
I22,right,54,0.2577045998590528,0.7422954001409472,2.931492600400391
I22,right,55,0.2551103302242203,0.7448896697757796,2.934929329223718
I22,right,56,0.25689430057008994,0.7431056994299101,2.9325691670804908
I22,right,57,0.2594888865686034,0.7405111134313966,2.929111918191672
I22,right,58,0.2619921911767316,0.7380078088232684,2.9257484229383275
I22,right,59,0.262240399067108,0.737759600932892,2.9254134259206888
I22,right,60,0.2583923955062486,0.7416076044937514,2.9305765530796135
I22,right,61,0.25682006136937613,0.7431799386306239,2.932667659051681
I22,right,62,0.25968801202337327,0.7403119879766267,2.9288453737721767
I22,right,63,0.2607113648422191,0.739288635157781,2.9274728021948144
I22,right,64,0.2576232777411164,0.7423767222588836,2.931600774021881
I22,right,65,0.25633113068844393,0.7436688693115561,2.933315718854412
I22,right,66,0.2553957409029342,0.7446042590970658,2.9345526604665046
I22,right,67,0.2537179023824689,0.7462820976175311,2.936761940493022
I22,right,68,0.2507813761627044,0.7492186238372955,2.940599500195849
I22,right,69,0.2476045765464246,0.7523954234535755,2.944709676741625
I22,right,70,0.24652831453613097,0.753471685463869,2.946092469034224
I22,right,71,0.24641567620635152,0.7535843237936485,2.9462369056835405
I22,right,72,0.24814247575825732,0.7518575242417427,2.9440167456239674
I22,right,73,0.25153764421381675,0.7484623557861833,2.9396147079851875
I22,right,74,0.25177213874529636,0.7482278612547036,2.9393088594489027
I22,right,75,0.25021887340001153,0.7497811265999885,2.94133039510828
I22,right,76,0.24704550651382481,0.7529544934861752,2.9454285852749447
I22,right,77,0.24550179443812298,0.754498205561877,2.947406807471287
I22,right,78,0.24310591319096547,0.7568940868090346,2.950457261339208
I22,right,79,0.24187435592271184,0.7581256440772881,2.952015964957881
I22,right,80,0.24384845906639427,0.7561515409336057,2.9495144136340796
I22,right,81,0.2468574567922661,0.7531425432077339,2.945670102187681
I22,right,82,0.2502607381173822,0.7497392618826177,2.9412760440761776
I22,right,83,0.25012034652956666,0.7498796534704333,2.941458278569737
I22,right,84,0.2508113408003386,0.7491886591996614,2.940560527456867
I22,right,85,0.25088891117970485,0.7491110888202952,2.9404596197482187
I22,right,86,0.2467441550299656,0.7532558449700344,2.9458155464849165
I22,right,87,0.24233166340993537,0.7576683365900646,2.9514379167525275
I22,right,88,0.240877948727718,0.759122051272282,2.953272441162831
I22,right,89,0.24253848586185678,0.7574615141381432,2.9511762022913306
I22,right,90,0.24376105506687848,0.7562389449331215,2.9496255144147545
I22,right,91,0.24325258092673593,0.756747419073264,2.9502712123292083
I22,right,92,0.24334750460699153,0.7566524953930085,2.950150753172754
I22,right,93,0.24469142084370937,0.7553085791562906,2.9484412701485896
I22,right,94,0.2463936502997986,0.7536063497002015,2.946265143361491
I22,right,95,0.24706452185257582,0.7529354781474242,2.945404155103634
I22,right,96,0.2462025688473224,0.7537974311526776,2.946510028135111
I22,right,97,0.2446373482168193,0.7553626517831807,2.9485101972753682
I22,right,98,0.24513982850972885,0.7548601714902712,2.9478692066076526
I22,right,99,0.24420205856606578,0.7557979414339342,2.9490646211243616
I22,right,100,0.23888096289406607,0.761119037105934,2.955778282710577
I22,left,1,0.6954757945622922,0.30452420543770775,1.7467973928576201
I22,left,2,0.4535136262469428,0.5464863737530572,2.571113831347077
I22,left,3,0.4165090106295657,0.5834909893704343,2.6566720273527595
I22,left,4,0.3967149357202638,0.6032850642797363,2.6987308114231956
I22,left,5,0.38508009157005996,0.61491990842994,2.722306628390986
I22,left,6,0.3749338535193004,0.6250661464806996,2.7421952961712934
I22,left,7,0.3693242849587597,0.6306757150412403,2.7529286629284977
I22,left,8,0.3653617504362447,0.6346382495637553,2.7603996990756583
I22,left,9,0.3555444156951735,0.6444555843048265,2.7785201564053708
I22,left,10,0.3462300544505524,0.6537699455494477,2.795209046980058
I22,left,11,0.34220790425363407,0.6577920957463659,2.802267107638407
I22,left,12,0.33949627138950256,0.6605037286104974,2.8069755790789435
I22,left,13,0.3297486962542778,0.6702513037457223,2.823573985585197
I22,left,14,0.325016540256237,0.674983459743763,2.8314500782470144
I22,left,15,0.321616285086117,0.6783837149138829,2.837037089513397
I22,left,16,0.32104517921603615,0.6789548207839639,2.837969597275973
I22,left,17,0.31821969986104637,0.6817803001389536,2.842558315973351
I22,left,18,0.3147410144113044,0.6852589855886956,2.848151647403035
I22,left,19,0.3130352759021964,0.6869647240978036,2.8508717674612516
I22,left,20,0.3112180324691975,0.6887819675308025,2.8537535044601974
I22,left,21,0.30881299634668635,0.6911870036533136,2.8575417887370236
I22,left,22,0.30602319072147965,0.6939768092785203,2.861899890565531
I22,left,23,0.3042286441385717,0.6957713558614282,2.8646827956636054
I22,left,24,0.30357869469785786,0.6964213053021422,2.8656867780730995
I22,left,25,0.30056921474893283,0.6994307852510672,2.870308431490355
I22,left,26,0.29689646009126197,0.703103539908738,2.8758886441086
I22,left,27,0.29610986322416,0.70389013677584,2.877075240409078
I22,left,28,0.294332627284135,0.705667372715865,2.8797452261081897
I22,left,29,0.2910679629535395,0.7089320370464605,2.8846102545932606
I22,left,30,0.2890717387114257,0.7109282612885743,2.8875599656646367
I22,left,31,0.28645839088835384,0.7135416091116462,2.891393005775421
I22,left,32,0.28339202695643323,0.7166079730435668,2.8958494891362614
I22,left,33,0.28320308978720254,0.7167969102127975,2.8961226396958946
I22,left,34,0.2834438266238713,0.7165561733761288,2.895774572114262
I22,left,35,0.2802199777312848,0.7197800222687152,2.9004133576210425
I22,left,36,0.2785704179934712,0.7214295820065288,2.902768265161347
I22,left,37,0.27900168114476936,0.7209983188552307,2.9021538080995537
I22,left,38,0.27871844244207494,0.721281557557925,2.9025574588936065
I22,left,39,0.2754797825132447,0.7245202174867553,2.907146730879198
I22,left,40,0.2726394619520177,0.7273605380479823,2.9111320780996026
I22,left,41,0.27047282991115484,0.7295271700888452,2.9141475433136392
I22,left,42,0.2697734186933125,0.7302265813066875,2.915116443755167
I22,left,43,0.2691172280110638,0.7308827719889361,2.916023469918345
I22,left,44,0.26777890493078615,0.7322210950692138,2.917867392448831
I22,left,45,0.26917530550208607,0.730824694497914,2.9159432697490963
I22,left,46,0.26914875442924263,0.7308512455707574,2.9159799364444448
I22,left,47,0.26745153530313714,0.7325484646968629,2.9183172170687284
I22,left,48,0.2623406263920711,0.7376593736079289,2.9252780759242896
I22,left,49,0.2577286405998801,0.7422713594001199,2.9314606162146664
I22,left,50,0.25870795834097093,0.7412920416590291,2.930155578320261
I22,left,51,0.26222748529260936,0.7377725147073906,2.9254308618533074
I22,left,52,0.26276135432805664,0.7372386456719433,2.9247094293985914
I22,left,53,0.2620164714781933,0.7379835285218067,2.925715664678207
I22,left,54,0.2577045998590528,0.7422954001409472,2.931492600400391
I22,left,55,0.2551103302242203,0.7448896697757796,2.934929329223718
I22,left,56,0.25689430057008994,0.7431056994299101,2.9325691670804908
I22,left,57,0.2594888865686034,0.7405111134313966,2.929111918191672
I22,left,58,0.2619921911767316,0.7380078088232684,2.9257484229383275
I22,left,59,0.262240399067108,0.737759600932892,2.9254134259206888
I22,left,60,0.2583923955062486,0.7416076044937514,2.9305765530796135
I22,left,61,0.25682006136937613,0.7431799386306239,2.932667659051681
I22,left,62,0.25968801202337327,0.7403119879766267,2.9288453737721767
I22,left,63,0.2607113648422191,0.739288635157781,2.9274728021948144
I22,left,64,0.2576232777411164,0.7423767222588836,2.931600774021881
I22,left,65,0.25633113068844393,0.7436688693115561,2.933315718854412
I22,left,66,0.2553957409029342,0.7446042590970658,2.9345526604665046
I22,left,67,0.2537179023824689,0.7462820976175311,2.936761940493022
I22,left,68,0.2507813761627044,0.7492186238372955,2.940599500195849
I22,left,69,0.2476045765464246,0.7523954234535755,2.944709676741625
I22,left,70,0.24652831453613097,0.753471685463869,2.946092469034224
I22,left,71,0.24641567620635152,0.7535843237936485,2.9462369056835405
I22,left,72,0.24814247575825732,0.7518575242417427,2.9440167456239674
I22,left,73,0.25153764421381675,0.7484623557861833,2.9396147079851875
I22,left,74,0.25177213874529636,0.7482278612547036,2.9393088594489027
I22,left,75,0.25021887340001153,0.7497811265999885,2.94133039510828
I22,left,76,0.24704550651382481,0.7529544934861752,2.9454285852749447
I22,left,77,0.24550179443812298,0.754498205561877,2.947406807471287
I22,left,78,0.24310591319096547,0.7568940868090346,2.950457261339208
I22,left,79,0.24187435592271184,0.7581256440772881,2.952015964957881
I22,left,80,0.24384845906639427,0.7561515409336057,2.9495144136340796
I22,left,81,0.2468574567922661,0.7531425432077339,2.945670102187681
I22,left,82,0.2502607381173822,0.7497392618826177,2.9412760440761776
I22,left,83,0.25012034652956666,0.7498796534704333,2.941458278569737
I22,left,84,0.2508113408003386,0.7491886591996614,2.940560527456867
I22,left,85,0.25088891117970485,0.7491110888202952,2.9404596197482187
I22,left,86,0.2467441550299656,0.7532558449700344,2.9458155464849165
I22,left,87,0.24233166340993537,0.7576683365900646,2.9514379167525275
I22,left,88,0.240877948727718,0.759122051272282,2.953272441162831
I22,left,89,0.24253848586185678,0.7574615141381432,2.9511762022913306
I22,left,90,0.24376105506687848,0.7562389449331215,2.9496255144147545
I22,left,91,0.24325258092673593,0.756747419073264,2.9502712123292083
I22,left,92,0.24334750460699153,0.7566524953930085,2.950150753172754
I22,left,93,0.24469142084370937,0.7553085791562906,2.9484412701485896
I22,left,94,0.2463936502997986,0.7536063497002015,2.946265143361491
I22,left,95,0.24706452185257582,0.7529354781474242,2.945404155103634
I22,left,96,0.2462025688473224,0.7537974311526776,2.946510028135111
I22,left,97,0.2446373482168193,0.7553626517831807,2.9485101972753682
I22,left,98,0.24513982850972885,0.7548601714902712,2.9478692066076526
I22,left,99,0.24420205856606578,0.7557979414339342,2.9490646211243616
I22,left,100,0.23888096289406607,0.761119037105934,2.955778282710577
I22,up,1,0.7060928775361507,0.2939071224638493,1.6989725553160087
I22,up,2,0.4818817689842409,0.518118231015759,2.4990368318961345
I22,up,3,0.45709407678013314,0.5429059232198669,2.5623355768258893
I22,up,4,0.42755006234424453,0.5724499376557555,2.6321102766524556
I22,up,5,0.40649580575837285,0.5935041942416271,2.6782602159409254
I22,up,6,0.3903406100955867,0.6096593899044134,2.711750186008631
I22,up,7,0.3767129724098262,0.6232870275901738,2.7387523404439422
I22,up,8,0.36600005058119883,0.6339999494188011,2.759202394818673
I22,up,9,0.35795508494881495,0.6420449150511851,2.7741215445613836
I22,up,10,0.3482006948742704,0.6517993051257296,2.791718462307646
I22,up,11,0.3397052922714723,0.6602947077285277,2.806614057363457
I22,up,12,0.33387183713262225,0.6661281628673777,2.8166150468753353
I22,up,13,0.3285406429651541,0.6714593570348459,2.8255958395443956
I22,up,14,0.3243337997934929,0.675666200206507,2.8325767275102143
I22,up,15,0.3189980574302091,0.6810019425697909,2.841298325188901
I22,up,16,0.31416726155482516,0.6858327384451748,2.84906825156646
I22,up,17,0.31227591060147575,0.6877240893985243,2.8520779771641687
I22,up,18,0.3105304235481661,0.6894695764518339,2.8548395549726164
I22,up,19,0.305569751982985,0.694430248017015,2.8626045709909036
I22,up,20,0.2992320730375511,0.7007679269624489,2.872347631604045
I22,up,21,0.2956283550232512,0.7043716449767488,2.8778001277418603
I22,up,22,0.29193256834371606,0.7080674316562839,2.8833267809636904
I22,up,23,0.28725406682973953,0.7127459331702605,2.8902293918547644
I22,up,24,0.2841719374646749,0.715828062535325,2.8947201899121264
I22,up,25,0.2798805317300776,0.7201194682699223,2.9008989776124734
I22,up,26,0.27318605586928574,0.7268139441307142,2.91036798527068
I22,up,27,0.2693615216291894,0.7306384783708106,2.9156860186712814
I22,up,28,0.26799853880980384,0.7320014611901962,2.917565334275066
I22,up,29,0.26568833692727356,0.7343116630727264,2.920731728044742
I22,up,30,0.2613329503655427,0.7386670496344573,2.926636860199036
I22,up,31,0.25674629516802727,0.7432537048319727,2.9327654998300474
I22,up,32,0.2543918446720866,0.7456081553279135,2.9358759898524918
I22,up,33,0.2515609533036069,0.748439046696393,2.9395843167222786
I22,up,34,0.24817592323219176,0.7518240767678083,2.943973617603864
I22,up,35,0.24400874254279709,0.755991257457203,2.949310591500348
I22,up,36,0.24011981381797462,0.7598801861820254,2.954225698297474
I22,up,37,0.23744306855840433,0.7625569314415956,2.957572391779271
I22,up,38,0.2364849686141905,0.7635150313858095,2.9587631346967163
I22,up,39,0.2356687804406658,0.7643312195593341,2.9597745448434383
I22,up,40,0.2319933394153421,0.7680066605846579,2.964295511626551
I22,up,41,0.2281550330458922,0.7718449669541078,2.9689585951963586
I22,up,42,0.2265273295887969,0.7734726704112032,2.9709182600183137
I22,up,43,0.22682651781058777,0.7731734821894123,2.9705588452083047
I22,up,44,0.22671918279334236,0.7732808172066576,2.9706878276997175
I22,up,45,0.22535815439494958,0.7746418456050504,2.9723193819639366
I22,up,46,0.22138334367836568,0.7786166563216343,2.9770423592076947
I22,up,47,0.21811029638889762,0.7818897036111023,2.9808850204418764
I22,up,48,0.21734581094421768,0.7826541890557823,2.9817765525881947
I22,up,49,0.2151259627476975,0.7848740372523025,2.9843525138327864
I22,up,50,0.2158683113900944,0.7841316886099056,2.9834931895704324
I22,up,51,0.2166520846767246,0.7833479153232754,2.982583609744032
I22,up,52,0.21525446469020715,0.7847455353097929,2.984203914884632
I22,up,53,0.213750099454631,0.786249900545369,2.985939582569328
I22,up,54,0.211542763094243,0.788457236905757,2.9884706386275273
I22,up,55,0.2095165873722458,0.7904834126277542,2.990777654858391
I22,up,56,0.21056987474034577,0.7894301252596543,2.989580317752621
I22,up,57,0.2110616596957563,0.7889383403042437,2.989019835652301
I22,up,58,0.20715872764298984,0.7928412723570102,2.993442800456248
I22,up,59,0.2024284044402928,0.7975715955597071,2.998726825665395
I22,up,60,0.2002301472672338,0.7997698527327662,3.001154144219856
I22,up,61,0.19973370147689218,0.8002662985231078,3.0016998570885143
I22,up,62,0.19867953978155994,0.8013204602184401,3.0028556348209356
I22,up,63,0.1949500411747558,0.8050499588252442,3.006912083489693
I22,up,64,0.1937835266661663,0.8062164733338337,3.008170501601092
I22,up,65,0.19372287252241097,0.8062771274775891,3.0082358000199854
I22,up,66,0.1937967281975608,0.8062032718024392,3.0081562874733674
I22,up,67,0.19359672429906746,0.8064032757009325,3.0083715649104708
I22,up,68,0.19320234126849858,0.8067976587315014,3.0087956431512257
I22,up,69,0.19139966872027425,0.8086003312797257,3.0107269303199713
I22,up,70,0.19054034647760404,0.8094596535223959,3.0116434636137344
I22,up,71,0.19068901336847122,0.8093109866315288,3.0114850877600414
I22,up,72,0.1910426638649863,0.8089573361350137,3.0111080240898485
I22,up,73,0.19214576911383677,0.8078542308861633,3.0099290129218463
I22,up,74,0.19247570114729703,0.8075242988527029,3.0095755302900633
I22,up,75,0.19244084690499622,0.8075591530950038,3.0096128908968414
I22,up,76,0.19144758666091669,0.8085524133390833,3.0106757443925423
I22,up,77,0.19039730661432683,0.8096026933856731,3.011795770457291
I22,up,78,0.18985196230400125,0.8101480376959987,3.0123757757365563
I22,up,79,0.18859601291638808,0.8114039870836119,3.01370752268983
I22,up,80,0.18773541613269565,0.8122645838673044,3.0146168227574055
I22,up,81,0.1867319064585636,0.8132680935414364,3.0156738122104985
I22,up,82,0.18641567922723856,0.8135843207727614,3.0160061549373935
I22,up,83,0.18693887883839216,0.8130611211616079,3.015456101044858
I22,up,84,0.18610512171900226,0.8138948782809977,3.016332195762182
I22,up,85,0.1846362381987095,0.8153637618012906,3.0178697134163963
I22,up,86,0.18476470802456743,0.8152352919754325,3.017735543296949
I22,up,87,0.18600776904923141,0.8139922309507686,3.016434332123917
I22,up,88,0.18490341735061053,0.8150965826493894,3.017590614319233
I22,up,89,0.18535611978981634,0.8146438802101836,3.0171171428491164
I22,up,90,0.18589611231976425,0.8141038876802358,3.01655143431464
I22,up,91,0.18392177368135298,0.816078226318647,3.0186148235782966
I22,up,92,0.1825822989316777,0.8174177010683223,3.0200069408901067
I22,up,93,0.1809178260678751,0.8190821739321249,3.0217281170414303
I22,up,94,0.18071075812676685,0.8192892418732332,3.0219415660748252
I22,up,95,0.18332767198366834,0.8166723280163317,3.0192330474721505
I22,up,96,0.18466941399906492,0.8153305860009351,3.0178350711288635
I22,up,97,0.18462266823608664,0.8153773317639134,3.017883882106579
I22,up,98,0.18479683108789197,0.815203168912108,3.0177019858610983
I22,up,99,0.18823196741960171,0.8117680325803983,3.0140924908803557
I22,up,100,0.18821051035056188,0.8117894896494381,3.0141151664747854
I22,down,1,0.7060928775361507,0.2939071224638493,1.6989725553160087
I22,down,2,0.4818817689842409,0.518118231015759,2.4990368318961345
I22,down,3,0.45709407678013314,0.5429059232198669,2.5623355768258893
I22,down,4,0.42755006234424453,0.5724499376557555,2.6321102766524556
I22,down,5,0.40649580575837285,0.5935041942416271,2.6782602159409254
I22,down,6,0.3903406100955867,0.6096593899044134,2.711750186008631
I22,down,7,0.3767129724098262,0.6232870275901738,2.7387523404439422
I22,down,8,0.36600005058119883,0.6339999494188011,2.759202394818673
I22,down,9,0.35795508494881495,0.6420449150511851,2.7741215445613836
I22,down,10,0.3482006948742704,0.6517993051257296,2.791718462307646
I22,down,11,0.3397052922714723,0.6602947077285277,2.806614057363457
I22,down,12,0.33387183713262225,0.6661281628673777,2.8166150468753353
I22,down,13,0.3285406429651541,0.6714593570348459,2.8255958395443956
I22,down,14,0.3243337997934929,0.675666200206507,2.8325767275102143
I22,down,15,0.3189980574302091,0.6810019425697909,2.841298325188901
I22,down,16,0.31416726155482516,0.6858327384451748,2.84906825156646
I22,down,17,0.31227591060147575,0.6877240893985243,2.8520779771641687
I22,down,18,0.3105304235481661,0.6894695764518339,2.8548395549726164
I22,down,19,0.305569751982985,0.694430248017015,2.8626045709909036
I22,down,20,0.2992320730375511,0.7007679269624489,2.872347631604045
I22,down,21,0.2956283550232512,0.7043716449767488,2.8778001277418603
I22,down,22,0.29193256834371606,0.7080674316562839,2.8833267809636904
I22,down,23,0.28725406682973953,0.7127459331702605,2.8902293918547644
I22,down,24,0.2841719374646749,0.715828062535325,2.8947201899121264
I22,down,25,0.2798805317300776,0.7201194682699223,2.9008989776124734
I22,down,26,0.27318605586928574,0.7268139441307142,2.91036798527068
I22,down,27,0.2693615216291894,0.7306384783708106,2.9156860186712814
I22,down,28,0.26799853880980384,0.7320014611901962,2.917565334275066
I22,down,29,0.26568833692727356,0.7343116630727264,2.920731728044742
I22,down,30,0.2613329503655427,0.7386670496344573,2.926636860199036
I22,down,31,0.25674629516802727,0.7432537048319727,2.9327654998300474
I22,down,32,0.2543918446720866,0.7456081553279135,2.9358759898524918
I22,down,33,0.2515609533036069,0.748439046696393,2.9395843167222786
I22,down,34,0.24817592323219176,0.7518240767678083,2.943973617603864
I22,down,35,0.24400874254279709,0.755991257457203,2.949310591500348
I22,down,36,0.24011981381797462,0.7598801861820254,2.954225698297474
I22,down,37,0.23744306855840433,0.7625569314415956,2.957572391779271
I22,down,38,0.2364849686141905,0.7635150313858095,2.9587631346967163
I22,down,39,0.2356687804406658,0.7643312195593341,2.9597745448434383
I22,down,40,0.2319933394153421,0.7680066605846579,2.964295511626551
I22,down,41,0.2281550330458922,0.7718449669541078,2.9689585951963586
I22,down,42,0.2265273295887969,0.7734726704112032,2.9709182600183137
I22,down,43,0.22682651781058777,0.7731734821894123,2.9705588452083047
I22,down,44,0.22671918279334236,0.7732808172066576,2.9706878276997175
I22,down,45,0.22535815439494958,0.7746418456050504,2.9723193819639366
I22,down,46,0.22138334367836568,0.7786166563216343,2.9770423592076947
I22,down,47,0.21811029638889762,0.7818897036111023,2.9808850204418764
I22,down,48,0.21734581094421768,0.7826541890557823,2.9817765525881947
I22,down,49,0.2151259627476975,0.7848740372523025,2.9843525138327864
I22,down,50,0.2158683113900944,0.7841316886099056,2.9834931895704324
I22,down,51,0.2166520846767246,0.7833479153232754,2.982583609744032
I22,down,52,0.21525446469020715,0.7847455353097929,2.984203914884632
I22,down,53,0.213750099454631,0.786249900545369,2.985939582569328
I22,down,54,0.211542763094243,0.788457236905757,2.9884706386275273
I22,down,55,0.2095165873722458,0.7904834126277542,2.990777654858391
I22,down,56,0.21056987474034577,0.7894301252596543,2.989580317752621
I22,down,57,0.2110616596957563,0.7889383403042437,2.989019835652301
I22,down,58,0.20715872764298984,0.7928412723570102,2.993442800456248
I22,down,59,0.2024284044402928,0.7975715955597071,2.998726825665395
I22,down,60,0.2002301472672338,0.7997698527327662,3.001154144219856
I22,down,61,0.19973370147689218,0.8002662985231078,3.0016998570885143
I22,down,62,0.19867953978155994,0.8013204602184401,3.0028556348209356
I22,down,63,0.1949500411747558,0.8050499588252442,3.006912083489693
I22,down,64,0.1937835266661663,0.8062164733338337,3.008170501601092
I22,down,65,0.19372287252241097,0.8062771274775891,3.0082358000199854
I22,down,66,0.1937967281975608,0.8062032718024392,3.0081562874733674
I22,down,67,0.19359672429906746,0.8064032757009325,3.0083715649104708
I22,down,68,0.19320234126849858,0.8067976587315014,3.0087956431512257
I22,down,69,0.19139966872027425,0.8086003312797257,3.0107269303199713
I22,down,70,0.19054034647760404,0.8094596535223959,3.0116434636137344
I22,down,71,0.19068901336847122,0.8093109866315288,3.0114850877600414
I22,down,72,0.1910426638649863,0.8089573361350137,3.0111080240898485
I22,down,73,0.19214576911383677,0.8078542308861633,3.0099290129218463
I22,down,74,0.19247570114729703,0.8075242988527029,3.0095755302900633
I22,down,75,0.19244084690499622,0.8075591530950038,3.0096128908968414
I22,down,76,0.19144758666091669,0.8085524133390833,3.0106757443925423
I22,down,77,0.19039730661432683,0.8096026933856731,3.011795770457291
I22,down,78,0.18985196230400125,0.8101480376959987,3.0123757757365563
I22,down,79,0.18859601291638808,0.8114039870836119,3.01370752268983
I22,down,80,0.18773541613269565,0.8122645838673044,3.0146168227574055
I22,down,81,0.1867319064585636,0.8132680935414364,3.0156738122104985
I22,down,82,0.18641567922723856,0.8135843207727614,3.0160061549373935
I22,down,83,0.18693887883839216,0.8130611211616079,3.015456101044858
I22,down,84,0.18610512171900226,0.8138948782809977,3.016332195762182
I22,down,85,0.1846362381987095,0.8153637618012906,3.0178697134163963
I22,down,86,0.18476470802456743,0.8152352919754325,3.017735543296949
I22,down,87,0.18600776904923141,0.8139922309507686,3.016434332123917
I22,down,88,0.18490341735061053,0.8150965826493894,3.017590614319233
I22,down,89,0.18535611978981634,0.8146438802101836,3.0171171428491164
I22,down,90,0.18589611231976425,0.8141038876802358,3.01655143431464
I22,down,91,0.18392177368135298,0.816078226318647,3.0186148235782966
I22,down,92,0.1825822989316777,0.8174177010683223,3.0200069408901067
I22,down,93,0.1809178260678751,0.8190821739321249,3.0217281170414303
I22,down,94,0.18071075812676685,0.8192892418732332,3.0219415660748252
I22,down,95,0.18332767198366834,0.8166723280163317,3.0192330474721505
I22,down,96,0.18466941399906492,0.8153305860009351,3.0178350711288635
I22,down,97,0.18462266823608664,0.8153773317639134,3.017883882106579
I22,down,98,0.18479683108789197,0.815203168912108,3.0177019858610983
I22,down,99,0.18823196741960171,0.8117680325803983,3.0140924908803557
I22,down,100,0.18821051035056188,0.8117894896494381,3.0141151664747854
I23,right,1,0.8738466316559386,0.12615336834406143,0.8183019235539648
I23,right,2,0.7563275766078313,0.24367242339216866,1.459182767853079
I23,right,3,0.7075768293981606,0.2924231706018394,1.6922078534666403
I23,right,4,0.672026924970818,0.32797307502918205,1.848840589247506
I23,right,5,0.6468954423835167,0.3531045576164833,1.952717138325955
I23,right,6,0.6290246009453369,0.37097539905466315,2.0231385611223622
I23,right,7,0.6150743754509024,0.3849256245490976,2.076135341916661
I23,right,8,0.6028347775909368,0.39716522240906316,2.1212194253290804
I23,right,9,0.5896780827832414,0.4103219172167586,2.1682219323139353
I23,right,10,0.5759413630809128,0.4240586369190872,2.2157010982516905
I23,right,11,0.5632138217744815,0.43678617822551846,2.258256651745965
I23,right,12,0.5523563851157366,0.4476436148842634,2.2934831292316087
I23,right,13,0.5442903231569308,0.4557096768430692,2.319019828053138
I23,right,14,0.538078626345667,0.46192137365433295,2.338321746729574
I23,right,15,0.5293291087774429,0.4706708912225571,2.3649779972967506
I23,right,16,0.5198096012790673,0.4801903987209327,2.3932821289127704
I23,right,17,0.5119922644313385,0.4880077355686615,2.4159883800835162
I23,right,18,0.5043642095396497,0.49563579046035033,2.4376841864110563
I23,right,19,0.4974537908889372,0.5025462091110628,2.456950799660846
I23,right,20,0.49183575311220973,0.5081642468877903,2.472345347618348
I23,right,21,0.48787313366826446,0.5121268663317355,2.483060075276404
I23,right,22,0.4845984529263846,0.5154015470736154,2.491825650742821
I23,right,23,0.4808788294093998,0.5191211705906003,2.5016851717191306
I23,right,24,0.47720287405074363,0.5227971259492563,2.5113281625318695
I23,right,25,0.4734455262826115,0.5265544737173885,2.52108183145866
I23,right,26,0.47054786596697873,0.5294521340330213,2.5285332931107467
I23,right,27,0.4696119675730726,0.5303880324269274,2.530926932933606
I23,right,28,0.469294957826144,0.530705042173856,2.5317362698524235
I23,right,29,0.4674929184253738,0.5325070815746262,2.536323097376595
I23,right,30,0.4667366397949205,0.5332633602050795,2.5382410933583452
I23,right,31,0.46779540192874636,0.5322045980712536,2.535554812195339
I23,right,32,0.46802835156007144,0.5319716484399286,2.5349626865410517
I23,right,33,0.4671229879699533,0.5328770120300468,2.5372617933166524
I23,right,34,0.4653520536312358,0.5346479463687642,2.541741839789405
I23,right,35,0.4629215898105123,0.5370784101894877,2.5478535839255168
I23,right,36,0.4622562059359122,0.5377437940640878,2.5495193937716722
I23,right,37,0.46188918487900354,0.5381108151209965,2.550436886089141
I23,right,38,0.46054751560001617,0.5394524843999838,2.5537826433334336
I23,right,39,0.45937103052466155,0.5406289694753385,2.5567059051219827
I23,right,40,0.4585878916029383,0.5414121083970618,2.5586463389653398
I23,right,41,0.4583154782946128,0.5416845217053872,2.559320292654812
I23,right,42,0.45830152038863886,0.5416984796113611,2.5593548104748027
I23,right,43,0.45783261760724775,0.5421673823927522,2.560513600278541
I23,right,44,0.45680638874405244,0.5431936112559476,2.5630442552166777
I23,right,45,0.4555235962373251,0.5444764037626749,2.566197100681684
I23,right,46,0.4535516680633338,0.5464483319366662,2.5710210388765464
I23,right,47,0.4510984536357862,0.5489015463642137,2.5769841598679335
I23,right,48,0.44850152506952157,0.5514984749304784,2.5832506898448893
I23,right,49,0.4462721315561012,0.5537278684438989,2.588592845128103
I23,right,50,0.44471048506558764,0.5552895149344124,2.592314379697763
I23,right,51,0.44320393091185323,0.5567960690881468,2.5958886445098983
I23,right,52,0.4426518624428242,0.5573481375571758,2.5971944948466454
I23,right,53,0.441117656707545,0.558882343292455,2.6008124595338975
I23,right,54,0.4397267156485025,0.5602732843514975,2.6040786138953154
I23,right,55,0.43905411284241525,0.5609458871575848,2.6056532424164587
I23,right,56,0.4381685123976221,0.5618314876023779,2.607721804547017
I23,right,57,0.4379641226811954,0.5620358773188046,2.6081984524427417
I23,right,58,0.4374369686439452,0.5625630313560548,2.609426489786016
I23,right,59,0.43586937462148284,0.5641306253785172,2.6130671205622953
I23,right,60,0.4344512720199496,0.5655487279800504,2.6163461941622304
I23,right,61,0.4327445712662967,0.5672554287337033,2.620274546860726
I23,right,62,0.42981592088389087,0.5701840791161091,2.626969749835685
I23,right,63,0.42629735253818735,0.5737026474618127,2.634937573292077
I23,right,64,0.4236253290069767,0.5763746709930233,2.640933334873652
I23,right,65,0.4214089040383567,0.5785910959616434,2.645870932156458
I23,right,66,0.41895451307944953,0.5810454869205505,2.65130092715261
I23,right,67,0.41732174798288724,0.5826782520171128,2.654891329536058
I23,right,68,0.4162540738509117,0.5837459261490883,2.6572297040645703
I23,right,69,0.41452970052517735,0.5854702994748227,2.66099069153464
I23,right,70,0.41280612270264444,0.5871938772973555,2.6647306758864087
I23,right,71,0.41148282204034287,0.5885171779596572,2.667589073832529
I23,right,72,0.40939279594979616,0.5906072040502038,2.672080676975236
I23,right,73,0.4076579508018745,0.5923420491981255,2.675787697147549
I23,right,74,0.4062297623430257,0.5937702376569742,2.67882502505534
I23,right,75,0.4045190046772525,0.5954809953227476,2.682446204600259
I23,right,76,0.40302438388924494,0.5969756161107551,2.6855946925671006
I23,right,77,0.40159590435337655,0.5984040956466234,2.6885906557979613
I23,right,78,0.4004916857200124,0.5995083142799875,2.6908977329375814
I23,right,79,0.398955324800111,0.601044675199889,2.694094956281676
I23,right,80,0.39724033874844067,0.6027596612515593,2.6976464501368422
I23,right,81,0.3951489032119928,0.6048510967880072,2.7019526986909534
I23,right,82,0.39314747709234144,0.6068525229076586,2.7060481938499708
I23,right,83,0.39232780947302626,0.6076721905269737,2.707718320268147
I23,right,84,0.3921418834599485,0.6078581165400515,2.7080965799161545
I23,right,85,0.3915163973715189,0.6084836026284811,2.7093675447018475
I23,right,86,0.39041026498882925,0.6095897350111708,2.7116092724967347
I23,right,87,0.3896822731305975,0.6103177268694024,2.7130805471229396
I23,right,88,0.38893832065927886,0.6110616793407211,2.7145807224649587
I23,right,89,0.3878415023807176,0.6121584976192824,2.7167862746618443
I23,right,90,0.38660519652468006,0.6133948034753199,2.7192635168576507
I23,right,91,0.3861351473480303,0.6138648526519697,2.720202933958249
I23,right,92,0.3851998670752738,0.6148001329247261,2.7220681458155376
I23,right,93,0.3840597344032567,0.6159402655967433,2.7243347164639014
I23,right,94,0.3829969381361381,0.6170030618638619,2.7264404619384113
I23,right,95,0.38238733312474726,0.6176126668752527,2.7276452112297322
I23,right,96,0.3819311459122837,0.6180688540877163,2.7285452993846215
I23,right,97,0.38150730954591,0.6184926904540899,2.7293804347167008
I23,right,98,0.3813196290723133,0.6186803709276867,2.729749898849586
I23,right,99,0.381103976592304,0.618896023407696,2.73017416677527
I23,right,100,0.3805898476193046,0.6194101523806954,2.7311845214086814
I23,left,1,0.8738466316559386,0.12615336834406143,0.8183019235539648
I23,left,2,0.7563275766078313,0.24367242339216866,1.459182767853079
I23,left,3,0.7075768293981606,0.2924231706018394,1.6922078534666403
I23,left,4,0.672026924970818,0.32797307502918205,1.848840589247506
I23,left,5,0.6468954423835167,0.3531045576164833,1.952717138325955
I23,left,6,0.6290246009453369,0.37097539905466315,2.0231385611223622
I23,left,7,0.6150743754509024,0.3849256245490976,2.076135341916661
I23,left,8,0.6028347775909368,0.39716522240906316,2.1212194253290804
I23,left,9,0.5896780827832414,0.4103219172167586,2.1682219323139353
I23,left,10,0.5759413630809128,0.4240586369190872,2.2157010982516905
I23,left,11,0.5632138217744815,0.43678617822551846,2.258256651745965
I23,left,12,0.5523563851157366,0.4476436148842634,2.2934831292316087
I23,left,13,0.5442903231569308,0.4557096768430692,2.319019828053138
I23,left,14,0.538078626345667,0.46192137365433295,2.338321746729574
I23,left,15,0.5293291087774429,0.4706708912225571,2.3649779972967506
I23,left,16,0.5198096012790673,0.4801903987209327,2.3932821289127704
I23,left,17,0.5119922644313385,0.4880077355686615,2.4159883800835162
I23,left,18,0.5043642095396497,0.49563579046035033,2.4376841864110563
I23,left,19,0.4974537908889372,0.5025462091110628,2.456950799660846
I23,left,20,0.49183575311220973,0.5081642468877903,2.472345347618348
I23,left,21,0.48787313366826446,0.5121268663317355,2.483060075276404
I23,left,22,0.4845984529263846,0.5154015470736154,2.491825650742821
I23,left,23,0.4808788294093998,0.5191211705906003,2.5016851717191306
I23,left,24,0.47720287405074363,0.5227971259492563,2.5113281625318695
I23,left,25,0.4734455262826115,0.5265544737173885,2.52108183145866
I23,left,26,0.47054786596697873,0.5294521340330213,2.5285332931107467
I23,left,27,0.4696119675730726,0.5303880324269274,2.530926932933606
I23,left,28,0.469294957826144,0.530705042173856,2.5317362698524235
I23,left,29,0.4674929184253738,0.5325070815746262,2.536323097376595
I23,left,30,0.4667366397949205,0.5332633602050795,2.5382410933583452
I23,left,31,0.46779540192874636,0.5322045980712536,2.535554812195339
I23,left,32,0.46802835156007144,0.5319716484399286,2.5349626865410517
I23,left,33,0.4671229879699533,0.5328770120300468,2.5372617933166524
I23,left,34,0.4653520536312358,0.5346479463687642,2.541741839789405
I23,left,35,0.4629215898105123,0.5370784101894877,2.5478535839255168
I23,left,36,0.4622562059359122,0.5377437940640878,2.5495193937716722
I23,left,37,0.46188918487900354,0.5381108151209965,2.550436886089141
I23,left,38,0.46054751560001617,0.5394524843999838,2.5537826433334336
I23,left,39,0.45937103052466155,0.5406289694753385,2.5567059051219827
I23,left,40,0.4585878916029383,0.5414121083970618,2.5586463389653398
I23,left,41,0.4583154782946128,0.5416845217053872,2.559320292654812
I23,left,42,0.45830152038863886,0.5416984796113611,2.5593548104748027
I23,left,43,0.45783261760724775,0.5421673823927522,2.560513600278541
I23,left,44,0.45680638874405244,0.5431936112559476,2.5630442552166777
I23,left,45,0.4555235962373251,0.5444764037626749,2.566197100681684
I23,left,46,0.4535516680633338,0.5464483319366662,2.5710210388765464
I23,left,47,0.4510984536357862,0.5489015463642137,2.5769841598679335
I23,left,48,0.44850152506952157,0.5514984749304784,2.5832506898448893
I23,left,49,0.4462721315561012,0.5537278684438989,2.588592845128103
I23,left,50,0.44471048506558764,0.5552895149344124,2.592314379697763
I23,left,51,0.44320393091185323,0.5567960690881468,2.5958886445098983
I23,left,52,0.4426518624428242,0.5573481375571758,2.5971944948466454
I23,left,53,0.441117656707545,0.558882343292455,2.6008124595338975
I23,left,54,0.4397267156485025,0.5602732843514975,2.6040786138953154
I23,left,55,0.43905411284241525,0.5609458871575848,2.6056532424164587
I23,left,56,0.4381685123976221,0.5618314876023779,2.607721804547017
I23,left,57,0.4379641226811954,0.5620358773188046,2.6081984524427417
I23,left,58,0.4374369686439452,0.5625630313560548,2.609426489786016
I23,left,59,0.43586937462148284,0.5641306253785172,2.6130671205622953
I23,left,60,0.4344512720199496,0.5655487279800504,2.6163461941622304
I23,left,61,0.4327445712662967,0.5672554287337033,2.620274546860726
I23,left,62,0.42981592088389087,0.5701840791161091,2.626969749835685
I23,left,63,0.42629735253818735,0.5737026474618127,2.634937573292077
I23,left,64,0.4236253290069767,0.5763746709930233,2.640933334873652
I23,left,65,0.4214089040383567,0.5785910959616434,2.645870932156458
I23,left,66,0.41895451307944953,0.5810454869205505,2.65130092715261
I23,left,67,0.41732174798288724,0.5826782520171128,2.654891329536058
I23,left,68,0.4162540738509117,0.5837459261490883,2.6572297040645703
I23,left,69,0.41452970052517735,0.5854702994748227,2.66099069153464
I23,left,70,0.41280612270264444,0.5871938772973555,2.6647306758864087
I23,left,71,0.41148282204034287,0.5885171779596572,2.667589073832529
I23,left,72,0.40939279594979616,0.5906072040502038,2.672080676975236
I23,left,73,0.4076579508018745,0.5923420491981255,2.675787697147549
I23,left,74,0.4062297623430257,0.5937702376569742,2.67882502505534
I23,left,75,0.4045190046772525,0.5954809953227476,2.682446204600259
I23,left,76,0.40302438388924494,0.5969756161107551,2.6855946925671006
I23,left,77,0.40159590435337655,0.5984040956466234,2.6885906557979613
I23,left,78,0.4004916857200124,0.5995083142799875,2.6908977329375814
I23,left,79,0.398955324800111,0.601044675199889,2.694094956281676
I23,left,80,0.39724033874844067,0.6027596612515593,2.6976464501368422
I23,left,81,0.3951489032119928,0.6048510967880072,2.7019526986909534
I23,left,82,0.39314747709234144,0.6068525229076586,2.7060481938499708
I23,left,83,0.39232780947302626,0.6076721905269737,2.707718320268147
I23,left,84,0.3921418834599485,0.6078581165400515,2.7080965799161545
I23,left,85,0.3915163973715189,0.6084836026284811,2.7093675447018475
I23,left,86,0.39041026498882925,0.6095897350111708,2.7116092724967347
I23,left,87,0.3896822731305975,0.6103177268694024,2.7130805471229396
I23,left,88,0.38893832065927886,0.6110616793407211,2.7145807224649587
I23,left,89,0.3878415023807176,0.6121584976192824,2.7167862746618443
I23,left,90,0.38660519652468006,0.6133948034753199,2.7192635168576507
I23,left,91,0.3861351473480303,0.6138648526519697,2.720202933958249
I23,left,92,0.3851998670752738,0.6148001329247261,2.7220681458155376
I23,left,93,0.3840597344032567,0.6159402655967433,2.7243347164639014
I23,left,94,0.3829969381361381,0.6170030618638619,2.7264404619384113
I23,left,95,0.38238733312474726,0.6176126668752527,2.7276452112297322
I23,left,96,0.3819311459122837,0.6180688540877163,2.7285452993846215
I23,left,97,0.38150730954591,0.6184926904540899,2.7293804347167008
I23,left,98,0.3813196290723133,0.6186803709276867,2.729749898849586
I23,left,99,0.381103976592304,0.618896023407696,2.73017416677527
I23,left,100,0.3805898476193046,0.6194101523806954,2.7311845214086814
I23,up,1,0.8736792709144587,0.12632072908554126,0.8192836560968839
I23,up,2,0.7573661678622953,0.24263383213770473,1.4539941460756074
I23,up,3,0.7152369256423563,0.2847630743576437,1.656976906181363
I23,up,4,0.6861900977725146,0.3138099022274854,1.7877971209669266
I23,up,5,0.666930078084354,0.333069921915646,1.8703665310376225
I23,up,6,0.6518614257095697,0.34813857429043027,1.9326409257954085
I23,up,7,0.6375642570694546,0.36243574293054537,1.9898432459392383
I23,up,8,0.625173232116032,0.37482676788396796,2.0379422777537606
I23,up,9,0.6124082480120154,0.38759175198798457,2.086068086897506
I23,up,10,0.5989910907876899,0.40100890921231014,2.135106749796546
I23,up,11,0.5893259668450367,0.4106740331549633,2.1694592427419632
I23,up,12,0.5809577391053141,0.4190422608946859,2.1985502557292183
I23,up,13,0.5718791691606616,0.4281208308393384,2.229432431869496
I23,up,14,0.5623070915415879,0.43769290845841213,2.2612362149236285
I23,up,15,0.5537573749788406,0.4462426250211594,2.288992866252306
I23,up,16,0.548453855777838,0.451546144222162,2.3059053062605104
I23,up,17,0.5435173331470201,0.4564826668529799,2.321438963251067
I23,up,18,0.5368728832998143,0.4631271167001857,2.342031967029377
I23,up,19,0.5303994697454957,0.4696005302545043,2.3617501976547866
I23,up,20,0.5246293239470645,0.4753706760529355,2.379042065921033
I23,up,21,0.5192404491296289,0.48075955087037114,2.3949515460486106
I23,up,22,0.514533937091751,0.485466062908249,2.408658544344778
I23,up,23,0.5100722236324728,0.48992777636752716,2.421492011535804
I23,up,24,0.5052453732583022,0.4947546267416978,2.4352010332110057
I23,up,25,0.5008396061375925,0.4991603938624075,2.4475567806390037
I23,up,26,0.4979980071361189,0.502001992863881,2.4554467752789026
I23,up,27,0.49531228515058545,0.5046877148494145,2.4628472442895735
I23,up,28,0.49258541332936856,0.5074145866706314,2.4703049750574397
I23,up,29,0.4896985171163775,0.5103014828836225,2.47813902283917
I23,up,30,0.4861962682570307,0.5138037317429693,2.487558690707462
I23,up,31,0.4830551575753449,0.5169448424246551,2.495928923534218
I23,up,32,0.48124571765547225,0.5187542823445277,2.5007172405980507
I23,up,33,0.47985499453644914,0.5201450054635508,2.5043809949790106
I23,up,34,0.4790227307254884,0.5209772692745116,2.5065666828403472
I23,up,35,0.4783092665563224,0.5216907334436776,2.508436304920364
I23,up,36,0.47654039256841785,0.5234596074315822,2.5130554218959666
I23,up,37,0.47491653846086734,0.5250834615391327,2.517275580684508
I23,up,38,0.4735455027652259,0.5264544972347741,2.5208236435568034
I23,up,39,0.47214256791035786,0.5278574320896421,2.5244400245020575
I23,up,40,0.46995407411808426,0.5300459258819157,2.530052704391359
I23,up,41,0.4671185115118171,0.532881488488183,2.537273146240474
I23,up,42,0.4655606640472409,0.534439335952759,2.5412152797461927
I23,up,43,0.465581334556801,0.534418665443199,2.5411630875981013
I23,up,44,0.466108456891911,0.5338915431080891,2.539831085738708
I23,up,45,0.4662799898016144,0.5337200101983857,2.5393972017916946
I23,up,46,0.4657612203277158,0.5342387796722843,2.5407087537714688
I23,up,47,0.4653294435386657,0.5346705564613343,2.54179889179926
I23,up,48,0.4643762010296864,0.5356237989703136,2.5442008593872343
I23,up,49,0.4632276651906712,0.5367723348093287,2.5470862488987676
I23,up,50,0.4609911562491542,0.5390088437508458,2.5526777476359337
I23,up,51,0.4571150149296652,0.5428849850703348,2.562283975788442
I23,up,52,0.4533027894701348,0.5466972105298652,2.571627924625182
I23,up,53,0.4500710831095402,0.5499289168904598,2.57946889406029
I23,up,54,0.44685248194394356,0.5531475180560564,2.587205513277885
I23,up,55,0.44429523911630736,0.5557047608836927,2.59330110560233
I23,up,56,0.4428932580163995,0.5571067419836004,2.5966237614931496
I23,up,57,0.44129125785672746,0.5587087421432726,2.600403884722743
I23,up,58,0.4392192071189175,0.5607807928810825,2.605267027137838
I23,up,59,0.4363538714424636,0.5636461285575364,2.6119436933480378
I23,up,60,0.43335915244762435,0.5666408475523756,2.6188622182113512
I23,up,61,0.4309847501966819,0.5690152498033181,2.624304596563337
I23,up,62,0.42907438803615416,0.5709256119638458,2.628655836866849
I23,up,63,0.42759948439142764,0.5724005156085723,2.6319985193777917
I23,up,64,0.425679158612618,0.5743208413873819,2.636328953850648
I23,up,65,0.42322375233156967,0.5767762476684304,2.6418303452235934
I23,up,66,0.4212762180575036,0.5787237819424964,2.6461654932876524
I23,up,67,0.41900574386814055,0.5809942561318595,2.651187990035476
I23,up,68,0.41672810882447925,0.5832718911755208,2.6561924096938476
I23,up,69,0.41520021580647154,0.5847997841935284,2.6595305425452063
I23,up,70,0.41464758336078,0.58535241663922,2.660734195075225
I23,up,71,0.41370368486511644,0.5862963151348836,2.6627854587761526
I23,up,72,0.4126594056521017,0.5873405943478983,2.6650481492704685
I23,up,73,0.41192915032283106,0.5880708496771689,2.6666262438245134
I23,up,74,0.4104372059185585,0.5895627940814415,2.669839680180539
I23,up,75,0.40802856544518645,0.5919714345548135,2.674997384092724
I23,up,76,0.40629751026002564,0.5937024897399743,2.678681239265977
I23,up,77,0.4051827750629287,0.5948172249370713,2.681043401909675
I23,up,78,0.40388944528665416,0.5961105547133458,2.6837741246111264
I23,up,79,0.40233326079658926,0.5976667392034107,2.6870457990907832
I23,up,80,0.4015237691335795,0.5984762308664204,2.6887416043616517
I23,up,81,0.4015941201137908,0.5984058798862092,2.688594389853546
I23,up,82,0.4010908768934101,0.59890912310659,2.6896467767880834
I23,up,83,0.40001177180442665,0.5999882281955733,2.6918980418277485
I23,up,84,0.39860647295896223,0.6013935270410378,2.69481886888519
I23,up,85,0.39803996035996353,0.6019600396400364,2.6959928337052554
I23,up,86,0.3978591237720756,0.6021408762279243,2.6963671528662676
I23,up,87,0.39761483775838735,0.6023851622416126,2.6968724836196385
I23,up,88,0.39743162461046166,0.6025683753895383,2.6972512343922963
I23,up,89,0.3974230483060606,0.6025769516939394,2.697268958783969
I23,up,90,0.3976501645516215,0.6023498354483785,2.696799429558282
I23,up,91,0.3971178512025606,0.6028821487974394,2.697899401810128
I23,up,92,0.3959205481264032,0.6040794518735968,2.700367055808554
I23,up,93,0.3950281854283166,0.6049718145716834,2.702200425565737
I23,up,94,0.39525404346415427,0.6047459565358457,2.7017368650165654
I23,up,95,0.3958853049696678,0.6041146950303322,2.7004395571434063
I23,up,96,0.39627537248597305,0.6037246275140269,2.6996366896495134
I23,up,97,0.3950020848388053,0.6049979151611947,2.702253975108097
I23,up,98,0.3940108923083103,0.6059891076916897,2.704284439393101
I23,up,99,0.3925995233406372,0.6074004766593628,2.707165144943252
I23,up,100,0.3908269622197427,0.6091730377802573,2.710765661774804
I23,down,1,0.8736792709144587,0.12632072908554126,0.8192836560968839
I23,down,2,0.7573661678622953,0.24263383213770473,1.4539941460756074
I23,down,3,0.7152369256423563,0.2847630743576437,1.656976906181363
I23,down,4,0.6861900977725146,0.3138099022274854,1.7877971209669266
I23,down,5,0.666930078084354,0.333069921915646,1.8703665310376225
I23,down,6,0.6518614257095697,0.34813857429043027,1.9326409257954085
I23,down,7,0.6375642570694546,0.36243574293054537,1.9898432459392383
I23,down,8,0.625173232116032,0.37482676788396796,2.0379422777537606
I23,down,9,0.6124082480120154,0.38759175198798457,2.086068086897506
I23,down,10,0.5989910907876899,0.40100890921231014,2.135106749796546
I23,down,11,0.5893259668450367,0.4106740331549633,2.1694592427419632
I23,down,12,0.5809577391053141,0.4190422608946859,2.1985502557292183
I23,down,13,0.5718791691606616,0.4281208308393384,2.229432431869496
I23,down,14,0.5623070915415879,0.43769290845841213,2.2612362149236285
I23,down,15,0.5537573749788406,0.4462426250211594,2.288992866252306
I23,down,16,0.548453855777838,0.451546144222162,2.3059053062605104
I23,down,17,0.5435173331470201,0.4564826668529799,2.321438963251067
I23,down,18,0.5368728832998143,0.4631271167001857,2.342031967029377
I23,down,19,0.5303994697454957,0.4696005302545043,2.3617501976547866
I23,down,20,0.5246293239470645,0.4753706760529355,2.379042065921033
I23,down,21,0.5192404491296289,0.48075955087037114,2.3949515460486106
I23,down,22,0.514533937091751,0.485466062908249,2.408658544344778
I23,down,23,0.5100722236324728,0.48992777636752716,2.421492011535804
I23,down,24,0.5052453732583022,0.4947546267416978,2.4352010332110057
I23,down,25,0.5008396061375925,0.4991603938624075,2.4475567806390037
I23,down,26,0.4979980071361189,0.502001992863881,2.4554467752789026
I23,down,27,0.49531228515058545,0.5046877148494145,2.4628472442895735
I23,down,28,0.49258541332936856,0.5074145866706314,2.4703049750574397
I23,down,29,0.4896985171163775,0.5103014828836225,2.47813902283917
I23,down,30,0.4861962682570307,0.5138037317429693,2.487558690707462
I23,down,31,0.4830551575753449,0.5169448424246551,2.495928923534218
I23,down,32,0.48124571765547225,0.5187542823445277,2.5007172405980507
I23,down,33,0.47985499453644914,0.5201450054635508,2.5043809949790106
I23,down,34,0.4790227307254884,0.5209772692745116,2.5065666828403472
I23,down,35,0.4783092665563224,0.5216907334436776,2.508436304920364
I23,down,36,0.47654039256841785,0.5234596074315822,2.5130554218959666
I23,down,37,0.47491653846086734,0.5250834615391327,2.517275580684508
I23,down,38,0.4735455027652259,0.5264544972347741,2.5208236435568034
I23,down,39,0.47214256791035786,0.5278574320896421,2.5244400245020575
I23,down,40,0.46995407411808426,0.5300459258819157,2.530052704391359
I23,down,41,0.4671185115118171,0.532881488488183,2.537273146240474
I23,down,42,0.4655606640472409,0.534439335952759,2.5412152797461927
I23,down,43,0.465581334556801,0.534418665443199,2.5411630875981013
I23,down,44,0.466108456891911,0.5338915431080891,2.539831085738708
I23,down,45,0.4662799898016144,0.5337200101983857,2.5393972017916946
I23,down,46,0.4657612203277158,0.5342387796722843,2.5407087537714688
I23,down,47,0.4653294435386657,0.5346705564613343,2.54179889179926
I23,down,48,0.4643762010296864,0.5356237989703136,2.5442008593872343
I23,down,49,0.4632276651906712,0.5367723348093287,2.5470862488987676
I23,down,50,0.4609911562491542,0.5390088437508458,2.5526777476359337
I23,down,51,0.4571150149296652,0.5428849850703348,2.562283975788442
I23,down,52,0.4533027894701348,0.5466972105298652,2.571627924625182
I23,down,53,0.4500710831095402,0.5499289168904598,2.57946889406029
I23,down,54,0.44685248194394356,0.5531475180560564,2.587205513277885
I23,down,55,0.44429523911630736,0.5557047608836927,2.59330110560233
I23,down,56,0.4428932580163995,0.5571067419836004,2.5966237614931496
I23,down,57,0.44129125785672746,0.5587087421432726,2.600403884722743
I23,down,58,0.4392192071189175,0.5607807928810825,2.605267027137838
I23,down,59,0.4363538714424636,0.5636461285575364,2.6119436933480378
I23,down,60,0.43335915244762435,0.5666408475523756,2.6188622182113512
I23,down,61,0.4309847501966819,0.5690152498033181,2.624304596563337
I23,down,62,0.42907438803615416,0.5709256119638458,2.628655836866849
I23,down,63,0.42759948439142764,0.5724005156085723,2.6319985193777917
I23,down,64,0.425679158612618,0.5743208413873819,2.636328953850648
I23,down,65,0.42322375233156967,0.5767762476684304,2.6418303452235934
I23,down,66,0.4212762180575036,0.5787237819424964,2.6461654932876524
I23,down,67,0.41900574386814055,0.5809942561318595,2.651187990035476
I23,down,68,0.41672810882447925,0.5832718911755208,2.6561924096938476
I23,down,69,0.41520021580647154,0.5847997841935284,2.6595305425452063
I23,down,70,0.41464758336078,0.58535241663922,2.660734195075225
I23,down,71,0.41370368486511644,0.5862963151348836,2.6627854587761526
I23,down,72,0.4126594056521017,0.5873405943478983,2.6650481492704685
I23,down,73,0.41192915032283106,0.5880708496771689,2.6666262438245134
I23,down,74,0.4104372059185585,0.5895627940814415,2.669839680180539
I23,down,75,0.40802856544518645,0.5919714345548135,2.674997384092724
I23,down,76,0.40629751026002564,0.5937024897399743,2.678681239265977
I23,down,77,0.4051827750629287,0.5948172249370713,2.681043401909675
I23,down,78,0.40388944528665416,0.5961105547133458,2.6837741246111264
I23,down,79,0.40233326079658926,0.5976667392034107,2.6870457990907832
I23,down,80,0.4015237691335795,0.5984762308664204,2.6887416043616517
I23,down,81,0.4015941201137908,0.5984058798862092,2.688594389853546
I23,down,82,0.4010908768934101,0.59890912310659,2.6896467767880834
I23,down,83,0.40001177180442665,0.5999882281955733,2.6918980418277485
I23,down,84,0.39860647295896223,0.6013935270410378,2.69481886888519
I23,down,85,0.39803996035996353,0.6019600396400364,2.6959928337052554
I23,down,86,0.3978591237720756,0.6021408762279243,2.6963671528662676
I23,down,87,0.39761483775838735,0.6023851622416126,2.6968724836196385
I23,down,88,0.39743162461046166,0.6025683753895383,2.6972512343922963
I23,down,89,0.3974230483060606,0.6025769516939394,2.697268958783969
I23,down,90,0.3976501645516215,0.6023498354483785,2.696799429558282
I23,down,91,0.3971178512025606,0.6028821487974394,2.697899401810128
I23,down,92,0.3959205481264032,0.6040794518735968,2.700367055808554
I23,down,93,0.3950281854283166,0.6049718145716834,2.702200425565737
I23,down,94,0.39525404346415427,0.6047459565358457,2.7017368650165654
I23,down,95,0.3958853049696678,0.6041146950303322,2.7004395571434063
I23,down,96,0.39627537248597305,0.6037246275140269,2.6996366896495134
I23,down,97,0.3950020848388053,0.6049979151611947,2.702253975108097
I23,down,98,0.3940108923083103,0.6059891076916897,2.704284439393101
I23,down,99,0.3925995233406372,0.6074004766593628,2.707165144943252
I23,down,100,0.3908269622197427,0.6091730377802573,2.710765661774804
I24,right,1,0.7266846963613077,0.2733153036386923,1.6033557094736501
I24,right,2,0.45177396915636064,0.5482260308436393,2.5753463728448436
I24,right,3,0.37725377381227665,0.6227462261877234,2.7377020549553155
I24,right,4,0.33669433510742963,0.6633056648925704,2.8117989780113515
I24,right,5,0.3085016818520403,0.6914983181479597,2.858030034793993
I24,right,6,0.2910732365055344,0.7089267634944656,2.88460243702463
I24,right,7,0.2886245896785186,0.7113754103214813,2.888218097835055
I24,right,8,0.28579692313296595,0.714203076867034,2.8923580802770994
I24,right,9,0.27644492932277576,0.7235550706772242,2.9057841240730466
I24,right,10,0.2686741292995057,0.7313258707004944,2.916634853963677
I24,right,11,0.25676582802631853,0.7432341719736815,2.9327395944612684
I24,right,12,0.24936561822848796,0.750634381771512,2.9424365130502546
I24,right,13,0.25219823559194876,0.7478017644080512,2.9387525045006715
I24,right,14,0.2553592626750453,0.7446407373249547,2.93460082195711
I24,right,15,0.2511189060732038,0.7488810939267962,2.9401602792297385
I24,right,16,0.24400967341529103,0.755990326584709,2.9493094074563446
I24,right,17,0.23821492915080178,0.7617850708491982,2.956610372050264
I24,right,18,0.23510202305879635,0.7648979769412037,2.960475263738819
I24,right,19,0.22857232806358094,0.771427671936419,2.9684544934468526
I24,right,20,0.2222520315559506,0.7777479684440494,2.976015466945671
I24,right,21,0.21773047502834494,0.782269524971655,2.9813282456502517
I24,right,22,0.2122054921069715,0.7877945078930285,2.9877126679203148
I24,right,23,0.20952808396353842,0.7904719160364616,2.9907646086274733
I24,right,24,0.20535551410769165,0.7946444858923083,2.995466927821086
I24,right,25,0.20162466800891854,0.7983753319910815,2.999616380198564
I24,right,26,0.2059903543019362,0.7940096456980638,2.9947557004172713
I24,right,27,0.2116033600848829,0.7883966399151171,2.9884014025784795
I24,right,28,0.21154334956315296,0.7884566504368471,2.9884699686151226
I24,right,29,0.20587667253193737,0.7941233274680626,2.9948831716692483
I24,right,30,0.2043022916099817,0.7956977083900183,2.9966435622891945
I24,right,31,0.20868843512467405,0.791311564875326,2.991716121757274
I24,right,32,0.2101969223929032,0.7898030776070968,2.9900047561468863
I24,right,33,0.2050446285716804,0.7949553714283196,2.9958146717313
I24,right,34,0.1996358472031936,0.8003641527968064,3.0018073155978735
I24,right,35,0.19807890917026016,0.8019210908297398,3.003512343926518
I24,right,36,0.19388989229555162,0.8061101077044484,3.0080559595461613
I24,right,37,0.18862788900804864,0.8113721109919514,3.0136737921979826
I24,right,38,0.18781169292423952,0.8121883070757605,3.0145363352891588
I24,right,39,0.1884489490860406,0.8115510509139594,3.013863095293339
I24,right,40,0.18988619233238135,0.8101138076676186,3.012339401308088
I24,right,41,0.18923389025030762,0.8107661097496923,3.0130318500755005
I24,right,42,0.1877692384464562,0.8122307615535438,3.0145811359066084
I24,right,43,0.1904706325190645,0.8095293674809355,3.0117177031855844
I24,right,44,0.19319304283810862,0.8068069571618914,3.008805634951816
I24,right,45,0.19267249546261478,0.8073275045373852,3.0093645026360605
I24,right,46,0.19233692700574545,0.8076630729942545,3.0097242577692045
I24,right,47,0.19298298236649694,0.8070170176335031,3.0090312764079643
I24,right,48,0.19364418177235262,0.8063558182276473,3.0083204963385075
I24,right,49,0.19256896618778555,0.8074310338122145,3.0094755371110677
I24,right,50,0.1922226265110174,0.8077773734889826,3.009846704342775
I24,right,51,0.19434637502048335,0.8056536249795166,3.0075639230182123
I24,right,52,0.19584875100534013,0.8041512489946598,3.0059392117580925
I24,right,53,0.19243478424747243,0.8075652157525276,3.009619389073894
I24,right,54,0.18990692143773835,0.8100930785622616,3.012317371561582
I24,right,55,0.18953430004576743,0.8104656999542326,3.0127131393922904
I24,right,56,0.18932135654274723,0.8106786434572528,3.0129390884955773
I24,right,57,0.1892547192687945,0.8107452807312054,3.01300976251832
I24,right,58,0.1901595762229212,0.8098404237770788,3.0120487409150156
I24,right,59,0.19141233758486656,0.8085876624151335,3.0107133982426797
I24,right,60,0.19238936807583965,0.8076106319241604,3.0096680635820388
I24,right,61,0.19466725537135054,0.8053327446286495,3.00721760001316
I24,right,62,0.19717927570904575,0.8028207242909542,3.004493508292046
I24,right,63,0.1970637545621026,0.8029362454378974,3.0046192849785083
I24,right,64,0.19202614130633586,0.8079738586936641,3.0100570832733764
I24,right,65,0.18490082929840884,0.8150991707015911,3.0175933190365827
I24,right,66,0.1824057589460681,0.8175942410539319,3.0201899520223483
I24,right,67,0.18456166030955484,0.8154383396904452,3.0179475738173016
I24,right,68,0.18304140793038645,0.8169585920696135,3.0195304942590306
I24,right,69,0.17981012904268445,0.8201898709573155,3.0228682215572675
I24,right,70,0.17853629781158895,0.821463702188411,3.0241740784276905
I24,right,71,0.1772790814357404,0.8227209185642597,3.0254574241369756
I24,right,72,0.17400209719391346,0.8259979028060865,3.028777083931466
I24,right,73,0.16991835909505473,0.8300816409049453,3.0328630035531727
I24,right,74,0.16920751706585754,0.8307924829341424,3.0335684901834554
I24,right,75,0.17364593946369258,0.8263540605363074,3.0291356760804886
I24,right,76,0.1771476505222438,0.8228523494777562,3.025591273260434
I24,right,77,0.17960052447979893,0.8203994755202011,3.0230834807892215
I24,right,78,0.18177995728585997,0.8182200427141401,3.0208378184104623
I24,right,79,0.1817342254063997,0.8182657745936003,3.0208851092913784
I24,right,80,0.18145934505591535,0.8185406549440847,3.0211692071453706
I24,right,81,0.18032692848280013,0.8196730715171998,3.0223368309709446
I24,right,82,0.1779361255109419,0.822063874489058,3.024787402043871
I24,right,83,0.17725632101195135,0.8227436789880487,3.0254806075734066
I24,right,84,0.17667032380969605,0.823329676190304,3.0260768843616184
I24,right,85,0.1740681429003355,0.8259318570996645,3.0287105394523683
I24,right,86,0.17085550477924258,0.8291444952207574,3.0319303277076948
I24,right,87,0.17034762389836278,0.8296523761016372,3.032436152297943
I24,right,88,0.17250562149386794,0.8274943785061321,3.030280896213302
I24,right,89,0.17342963460072738,0.8265703653992726,3.029353249373055
I24,right,90,0.1748774335269676,0.8251225664730324,3.027893933073078
I24,right,91,0.17529223950014974,0.8247077604998503,3.027474513214224
I24,right,92,0.17590356989679148,0.8240964301032085,3.026855313381751
I24,right,93,0.17687466299390964,0.8231253370060904,3.025869094266997
I24,right,94,0.17932683208274647,0.8206731679172535,3.023364328346357
I24,right,95,0.18125987124084106,0.8187401287591589,3.021375205499311
I24,right,96,0.18189296046888584,0.8181070395311142,3.020720931753992
I24,right,97,0.1851511742994131,0.8148488257005869,3.0173315799957594
I24,right,98,0.18876898541979292,0.8112310145802071,3.0135244441354914
I24,right,99,0.18881979013213834,0.8111802098678617,3.0134706509310556
I24,right,100,0.1862274785398787,0.8137725214601212,3.0162037792410707
I24,left,1,0.7266846963613077,0.2733153036386923,1.6033557094736501
I24,left,2,0.45177396915636064,0.5482260308436393,2.5753463728448436
I24,left,3,0.37725377381227665,0.6227462261877234,2.7377020549553155
I24,left,4,0.33669433510742963,0.6633056648925704,2.8117989780113515
I24,left,5,0.3085016818520403,0.6914983181479597,2.858030034793993
I24,left,6,0.2910732365055344,0.7089267634944656,2.88460243702463
I24,left,7,0.2886245896785186,0.7113754103214813,2.888218097835055
I24,left,8,0.28579692313296595,0.714203076867034,2.8923580802770994
I24,left,9,0.27644492932277576,0.7235550706772242,2.9057841240730466
I24,left,10,0.2686741292995057,0.7313258707004944,2.916634853963677
I24,left,11,0.25676582802631853,0.7432341719736815,2.9327395944612684
I24,left,12,0.24936561822848796,0.750634381771512,2.9424365130502546
I24,left,13,0.25219823559194876,0.7478017644080512,2.9387525045006715
I24,left,14,0.2553592626750453,0.7446407373249547,2.93460082195711
I24,left,15,0.2511189060732038,0.7488810939267962,2.9401602792297385
I24,left,16,0.24400967341529103,0.755990326584709,2.9493094074563446
I24,left,17,0.23821492915080178,0.7617850708491982,2.956610372050264
I24,left,18,0.23510202305879635,0.7648979769412037,2.960475263738819
I24,left,19,0.22857232806358094,0.771427671936419,2.9684544934468526
I24,left,20,0.2222520315559506,0.7777479684440494,2.976015466945671
I24,left,21,0.21773047502834494,0.782269524971655,2.9813282456502517
I24,left,22,0.2122054921069715,0.7877945078930285,2.9877126679203148
I24,left,23,0.20952808396353842,0.7904719160364616,2.9907646086274733
I24,left,24,0.20535551410769165,0.7946444858923083,2.995466927821086
I24,left,25,0.20162466800891854,0.7983753319910815,2.999616380198564
I24,left,26,0.2059903543019362,0.7940096456980638,2.9947557004172713
I24,left,27,0.2116033600848829,0.7883966399151171,2.9884014025784795
I24,left,28,0.21154334956315296,0.7884566504368471,2.9884699686151226
I24,left,29,0.20587667253193737,0.7941233274680626,2.9948831716692483
I24,left,30,0.2043022916099817,0.7956977083900183,2.9966435622891945
I24,left,31,0.20868843512467405,0.791311564875326,2.991716121757274
I24,left,32,0.2101969223929032,0.7898030776070968,2.9900047561468863
I24,left,33,0.2050446285716804,0.7949553714283196,2.9958146717313
I24,left,34,0.1996358472031936,0.8003641527968064,3.0018073155978735
I24,left,35,0.19807890917026016,0.8019210908297398,3.003512343926518
I24,left,36,0.19388989229555162,0.8061101077044484,3.0080559595461613
I24,left,37,0.18862788900804864,0.8113721109919514,3.0136737921979826
I24,left,38,0.18781169292423952,0.8121883070757605,3.0145363352891588
I24,left,39,0.1884489490860406,0.8115510509139594,3.013863095293339
I24,left,40,0.18988619233238135,0.8101138076676186,3.012339401308088
I24,left,41,0.18923389025030762,0.8107661097496923,3.0130318500755005
I24,left,42,0.1877692384464562,0.8122307615535438,3.0145811359066084
I24,left,43,0.1904706325190645,0.8095293674809355,3.0117177031855844
I24,left,44,0.19319304283810862,0.8068069571618914,3.008805634951816
I24,left,45,0.19267249546261478,0.8073275045373852,3.0093645026360605
I24,left,46,0.19233692700574545,0.8076630729942545,3.0097242577692045
I24,left,47,0.19298298236649694,0.8070170176335031,3.0090312764079643
I24,left,48,0.19364418177235262,0.8063558182276473,3.0083204963385075
I24,left,49,0.19256896618778555,0.8074310338122145,3.0094755371110677
I24,left,50,0.1922226265110174,0.8077773734889826,3.009846704342775
I24,left,51,0.19434637502048335,0.8056536249795166,3.0075639230182123
I24,left,52,0.19584875100534013,0.8041512489946598,3.0059392117580925
I24,left,53,0.19243478424747243,0.8075652157525276,3.009619389073894
I24,left,54,0.18990692143773835,0.8100930785622616,3.012317371561582
I24,left,55,0.18953430004576743,0.8104656999542326,3.0127131393922904
I24,left,56,0.18932135654274723,0.8106786434572528,3.0129390884955773
I24,left,57,0.1892547192687945,0.8107452807312054,3.01300976251832
I24,left,58,0.1901595762229212,0.8098404237770788,3.0120487409150156
I24,left,59,0.19141233758486656,0.8085876624151335,3.0107133982426797
I24,left,60,0.19238936807583965,0.8076106319241604,3.0096680635820388
I24,left,61,0.19466725537135054,0.8053327446286495,3.00721760001316
I24,left,62,0.19717927570904575,0.8028207242909542,3.004493508292046
I24,left,63,0.1970637545621026,0.8029362454378974,3.0046192849785083
I24,left,64,0.19202614130633586,0.8079738586936641,3.0100570832733764
I24,left,65,0.18490082929840884,0.8150991707015911,3.0175933190365827
I24,left,66,0.1824057589460681,0.8175942410539319,3.0201899520223483
I24,left,67,0.18456166030955484,0.8154383396904452,3.0179475738173016
I24,left,68,0.18304140793038645,0.8169585920696135,3.0195304942590306
I24,left,69,0.17981012904268445,0.8201898709573155,3.0228682215572675
I24,left,70,0.17853629781158895,0.821463702188411,3.0241740784276905
I24,left,71,0.1772790814357404,0.8227209185642597,3.0254574241369756
I24,left,72,0.17400209719391346,0.8259979028060865,3.028777083931466
I24,left,73,0.16991835909505473,0.8300816409049453,3.0328630035531727
I24,left,74,0.16920751706585754,0.8307924829341424,3.0335684901834554
I24,left,75,0.17364593946369258,0.8263540605363074,3.0291356760804886
I24,left,76,0.1771476505222438,0.8228523494777562,3.025591273260434
I24,left,77,0.17960052447979893,0.8203994755202011,3.0230834807892215
I24,left,78,0.18177995728585997,0.8182200427141401,3.0208378184104623
I24,left,79,0.1817342254063997,0.8182657745936003,3.0208851092913784
I24,left,80,0.18145934505591535,0.8185406549440847,3.0211692071453706
I24,left,81,0.18032692848280013,0.8196730715171998,3.0223368309709446
I24,left,82,0.1779361255109419,0.822063874489058,3.024787402043871
I24,left,83,0.17725632101195135,0.8227436789880487,3.0254806075734066
I24,left,84,0.17667032380969605,0.823329676190304,3.0260768843616184
I24,left,85,0.1740681429003355,0.8259318570996645,3.0287105394523683
I24,left,86,0.17085550477924258,0.8291444952207574,3.0319303277076948
I24,left,87,0.17034762389836278,0.8296523761016372,3.032436152297943
I24,left,88,0.17250562149386794,0.8274943785061321,3.030280896213302
I24,left,89,0.17342963460072738,0.8265703653992726,3.029353249373055
I24,left,90,0.1748774335269676,0.8251225664730324,3.027893933073078
I24,left,91,0.17529223950014974,0.8247077604998503,3.027474513214224
I24,left,92,0.17590356989679148,0.8240964301032085,3.026855313381751
I24,left,93,0.17687466299390964,0.8231253370060904,3.025869094266997
I24,left,94,0.17932683208274647,0.8206731679172535,3.023364328346357
I24,left,95,0.18125987124084106,0.8187401287591589,3.021375205499311
I24,left,96,0.18189296046888584,0.8181070395311142,3.020720931753992
I24,left,97,0.1851511742994131,0.8148488257005869,3.0173315799957594
I24,left,98,0.18876898541979292,0.8112310145802071,3.0135244441354914
I24,left,99,0.18881979013213834,0.8111802098678617,3.0134706509310556
I24,left,100,0.1862274785398787,0.8137725214601212,3.0162037792410707
I24,up,1,0.7724550431027021,0.22754495689729792,1.3775857391824085
I24,up,2,0.549559767652752,0.45044023234724795,2.3023978484241674
I24,up,3,0.4783967188006356,0.5216032811993644,2.5082073397279974
I24,up,4,0.43521771951319377,0.5647822804868062,2.6145756332728833
I24,up,5,0.4085430550666545,0.5914569449333456,2.673898811033065
I24,up,6,0.3855070039165717,0.6144929960834282,2.721456214207958
I24,up,7,0.3703541677517745,0.6296458322482255,2.7509719265401724
I24,up,8,0.36157431933787626,0.6384256806621238,2.7674557024114277
I24,up,9,0.35762180436696267,0.6423781956330373,2.7747316242733158
I24,up,10,0.351768413707473,0.648231586292527,2.7853441503511096
I24,up,11,0.345468839029057,0.654531160970943,2.796551643564599
I24,up,12,0.33757055992418505,0.662429440075815,2.8102951547283066
I24,up,13,0.3308773736876919,0.6691226263123081,2.8216780065749996
I24,up,14,0.32697182275541076,0.6730281772445892,2.8282100120876548
I24,up,15,0.3194428396525141,0.6805571603474859,2.840576921906181
I24,up,16,0.30936926424849454,0.6906307357515055,2.8566681653385926
I24,up,17,0.3042990813382154,0.6957009186617846,2.8645738653713106
I24,up,18,0.30221381714185813,0.6977861828581419,2.8677883350907596
I24,up,19,0.3000370611435961,0.6999629388564039,2.8711210358999537
I24,up,20,0.29658587423546046,0.7034141257645395,2.876357526675939
I24,up,21,0.2925535664418789,0.7074464335581211,2.882402727861469
I24,up,22,0.29114401807153684,0.7088559819284632,2.8844974968497823
I24,up,23,0.2873642604320133,0.7126357395679868,2.890068006844616
I24,up,24,0.28131773688175804,0.7186822631182419,2.898839220575499
I24,up,25,0.27863766720984684,0.7213623327901532,2.902672505960803
I24,up,26,0.27706708318658646,0.7229329168134135,2.90490349736039
I24,up,27,0.2723134213752886,0.7276865786247114,2.91158721060253
I24,up,28,0.2686433751132729,0.7313566248867271,2.916677255658933
I24,up,29,0.2671659398878618,0.7328340601121381,2.9187092503848806
I24,up,30,0.26259677676977167,0.7374032232302283,2.9249319616705645
I24,up,31,0.25669915686227107,0.7433008431377289,2.932828009991499
I24,up,32,0.2531949968189061,0.7468050031810939,2.937447996141514
I24,up,33,0.25069933439798103,0.7493006656020189,2.9407061861337684
I24,up,34,0.24950996834333428,0.7504900316566657,2.9422496020946243
I24,up,35,0.24854901113451458,0.7514509888654854,2.943492227655071
I24,up,36,0.24651596483464902,0.753484035165351,2.946108307720709
I24,up,37,0.24379576476418152,0.7562042352358185,2.949581398121084
I24,up,38,0.2394729037098948,0.7605270962901052,2.9550372255928066
I24,up,39,0.23482234586097545,0.7651776541390245,2.9608205643983254
I24,up,40,0.2319326264131296,0.7680673735868704,2.9643697319455518
I24,up,41,0.22878660263484482,0.7712133973651552,2.9681953745070313
I24,up,42,0.2261546452872689,0.7738453547127311,2.9713654681853727
I24,up,43,0.2260993543735823,0.7739006456264177,2.9714317683736944
I24,up,44,0.22713006800024127,0.7728699319997587,2.970193826515918
I24,up,45,0.22722050456555237,0.7727794954344476,2.9700850057625594
I24,up,46,0.22813911659408426,0.7718608834059157,2.9689778088565264
I24,up,47,0.23026817612347425,0.7697318238765257,2.9663986990405915
I24,up,48,0.23033949776982693,0.769660502230173,2.966311986487743
I24,up,49,0.2263969518068698,0.7736030481931302,2.9710747715495716
I24,up,50,0.22177082300342782,0.7782291769965721,2.976584678000493
I24,up,51,0.22046177203697825,0.7795382279630217,2.978128537454552
I24,up,52,0.21995483832239543,0.7800451616776045,2.9787246031289687
I24,up,53,0.21797488812872334,0.7820251118712767,2.9810430966193904
I24,up,54,0.2152974805350759,0.7847025194649241,2.9841541574148494
I24,up,55,0.2127114576249644,0.7872885423750355,2.987132863173424
I24,up,56,0.21217248124861848,0.7878275187513815,2.987750462385386
I24,up,57,0.21310534987453836,0.7868946501254617,2.986680811237635
I24,up,58,0.21211741422356287,0.7878825857764371,2.987813499940409
I24,up,59,0.20930339500773582,0.7906966049922641,2.9910194931771636
I24,up,60,0.20814463883540527,0.7918553611645948,2.992330948028635
I24,up,61,0.20859979438145773,0.7914002056185423,2.9918164166505576
I24,up,62,0.2082602119491699,0.7917397880508301,2.992200372108546
I24,up,63,0.2070445409253769,0.7929554590746231,2.993571337561158
I24,up,64,0.20682253999953332,0.7931774600004666,2.9938210984043634
I24,up,65,0.20716752381753936,0.7928324761824607,2.9934328967948254
I24,up,66,0.20781715678392076,0.7921828432160792,2.992700668243822
I24,up,67,0.20744354170950688,0.7925564582904931,2.9931219791608257
I24,up,68,0.2056096364884164,0.7943903635115837,2.995182408883581
I24,up,69,0.20337073039754278,0.7966292696024573,2.9976808390283853
I24,up,70,0.20043770114498016,0.7995622988550198,3.0009257242663407
I24,up,71,0.1986037299128038,0.8013962700871962,3.0029385955029264
I24,up,72,0.19682533758679058,0.8031746624132095,3.0048787140988376
I24,up,73,0.19490111540136615,0.8050988845986339,3.0069649626802324
I24,up,74,0.19412407423479183,0.8058759257652082,3.007803631970644
I24,up,75,0.19287007350020655,0.8071299264997934,3.009152494559107
I24,up,76,0.19288623468079538,0.8071137653192046,3.0091351468429064
I24,up,77,0.1923513786075284,0.8076486213924716,3.009708772876782
I24,up,78,0.1907654879470995,0.8092345120529005,3.0114035881168055
I24,up,79,0.1897215702571991,0.810278429742801,3.012514298179492
I24,up,80,0.18893724635808162,0.8110627536419184,3.013346250456684
I24,up,81,0.1871216181214156,0.8128783818785844,3.0152637545401904
I24,up,82,0.18578117967205152,0.8142188203279485,3.0166719263396473
I24,up,83,0.18562988149640394,0.8143701185035961,3.0168304720313994
I24,up,84,0.18349772498614958,0.8165022750138504,3.0190562159094876
I24,up,85,0.1816790206677936,0.8183209793322064,3.0209421862744614
I24,up,86,0.18196904789907004,0.8180309521009299,3.020642204475572
I24,up,87,0.18175269707817804,0.818247302921822,3.020866008795088
I24,up,88,0.18189872782444516,0.8181012721755548,3.0207149650058858
I24,up,89,0.1818229818155967,0.8181770181844032,3.020793320533233
I24,up,90,0.1826971164287595,0.8173028835712405,3.019887856405971
I24,up,91,0.18416156172108994,0.8158384382789101,3.018364949658495
I24,up,92,0.18311516335201636,0.8168848366479836,3.0194538849928865
I24,up,93,0.1797728671636752,0.8202271328363249,3.0229064997760453
I24,up,94,0.17731036979864623,0.8226896302013538,3.0254255513654487
I24,up,95,0.17768261948925823,0.8223173805107418,3.0250460909906938
I24,up,96,0.17907463190680864,0.8209253680931914,3.023622892908967
I24,up,97,0.17963569831056242,0.8203643016894375,3.023047368646073
I24,up,98,0.17845752455794694,0.821542475442053,3.0242546484698716
I24,up,99,0.17728037920909342,0.8227196207909065,3.025456102190377
I24,up,100,0.17604430289503695,0.8239556971049631,3.02671258809845
I24,down,1,0.7724550431027021,0.22754495689729792,1.3775857391824085
I24,down,2,0.549559767652752,0.45044023234724795,2.3023978484241674
I24,down,3,0.4783967188006356,0.5216032811993644,2.5082073397279974
I24,down,4,0.43521771951319377,0.5647822804868062,2.6145756332728833
I24,down,5,0.4085430550666545,0.5914569449333456,2.673898811033065
I24,down,6,0.3855070039165717,0.6144929960834282,2.721456214207958
I24,down,7,0.3703541677517745,0.6296458322482255,2.7509719265401724
I24,down,8,0.36157431933787626,0.6384256806621238,2.7674557024114277
I24,down,9,0.35762180436696267,0.6423781956330373,2.7747316242733158
I24,down,10,0.351768413707473,0.648231586292527,2.7853441503511096
I24,down,11,0.345468839029057,0.654531160970943,2.796551643564599
I24,down,12,0.33757055992418505,0.662429440075815,2.8102951547283066
I24,down,13,0.3308773736876919,0.6691226263123081,2.8216780065749996
I24,down,14,0.32697182275541076,0.6730281772445892,2.8282100120876548
I24,down,15,0.3194428396525141,0.6805571603474859,2.840576921906181
I24,down,16,0.30936926424849454,0.6906307357515055,2.8566681653385926
I24,down,17,0.3042990813382154,0.6957009186617846,2.8645738653713106
I24,down,18,0.30221381714185813,0.6977861828581419,2.8677883350907596
I24,down,19,0.3000370611435961,0.6999629388564039,2.8711210358999537
I24,down,20,0.29658587423546046,0.7034141257645395,2.876357526675939
I24,down,21,0.2925535664418789,0.7074464335581211,2.882402727861469
I24,down,22,0.29114401807153684,0.7088559819284632,2.8844974968497823
I24,down,23,0.2873642604320133,0.7126357395679868,2.890068006844616
I24,down,24,0.28131773688175804,0.7186822631182419,2.898839220575499
I24,down,25,0.27863766720984684,0.7213623327901532,2.902672505960803
I24,down,26,0.27706708318658646,0.7229329168134135,2.90490349736039
I24,down,27,0.2723134213752886,0.7276865786247114,2.91158721060253
I24,down,28,0.2686433751132729,0.7313566248867271,2.916677255658933
I24,down,29,0.2671659398878618,0.7328340601121381,2.9187092503848806
I24,down,30,0.26259677676977167,0.7374032232302283,2.9249319616705645
I24,down,31,0.25669915686227107,0.7433008431377289,2.932828009991499
I24,down,32,0.2531949968189061,0.7468050031810939,2.937447996141514
I24,down,33,0.25069933439798103,0.7493006656020189,2.9407061861337684
I24,down,34,0.24950996834333428,0.7504900316566657,2.9422496020946243
I24,down,35,0.24854901113451458,0.7514509888654854,2.943492227655071
I24,down,36,0.24651596483464902,0.753484035165351,2.946108307720709
I24,down,37,0.24379576476418152,0.7562042352358185,2.949581398121084
I24,down,38,0.2394729037098948,0.7605270962901052,2.9550372255928066
I24,down,39,0.23482234586097545,0.7651776541390245,2.9608205643983254
I24,down,40,0.2319326264131296,0.7680673735868704,2.9643697319455518
I24,down,41,0.22878660263484482,0.7712133973651552,2.9681953745070313
I24,down,42,0.2261546452872689,0.7738453547127311,2.9713654681853727
I24,down,43,0.2260993543735823,0.7739006456264177,2.9714317683736944
I24,down,44,0.22713006800024127,0.7728699319997587,2.970193826515918
I24,down,45,0.22722050456555237,0.7727794954344476,2.9700850057625594
I24,down,46,0.22813911659408426,0.7718608834059157,2.9689778088565264
I24,down,47,0.23026817612347425,0.7697318238765257,2.9663986990405915
I24,down,48,0.23033949776982693,0.769660502230173,2.966311986487743
I24,down,49,0.2263969518068698,0.7736030481931302,2.9710747715495716
I24,down,50,0.22177082300342782,0.7782291769965721,2.976584678000493
I24,down,51,0.22046177203697825,0.7795382279630217,2.978128537454552
I24,down,52,0.21995483832239543,0.7800451616776045,2.9787246031289687
I24,down,53,0.21797488812872334,0.7820251118712767,2.9810430966193904
I24,down,54,0.2152974805350759,0.7847025194649241,2.9841541574148494
I24,down,55,0.2127114576249644,0.7872885423750355,2.987132863173424
I24,down,56,0.21217248124861848,0.7878275187513815,2.987750462385386
I24,down,57,0.21310534987453836,0.7868946501254617,2.986680811237635
I24,down,58,0.21211741422356287,0.7878825857764371,2.987813499940409
I24,down,59,0.20930339500773582,0.7906966049922641,2.9910194931771636
I24,down,60,0.20814463883540527,0.7918553611645948,2.992330948028635
I24,down,61,0.20859979438145773,0.7914002056185423,2.9918164166505576
I24,down,62,0.2082602119491699,0.7917397880508301,2.992200372108546
I24,down,63,0.2070445409253769,0.7929554590746231,2.993571337561158
I24,down,64,0.20682253999953332,0.7931774600004666,2.9938210984043634
I24,down,65,0.20716752381753936,0.7928324761824607,2.9934328967948254
I24,down,66,0.20781715678392076,0.7921828432160792,2.992700668243822
I24,down,67,0.20744354170950688,0.7925564582904931,2.9931219791608257
I24,down,68,0.2056096364884164,0.7943903635115837,2.995182408883581
I24,down,69,0.20337073039754278,0.7966292696024573,2.9976808390283853
I24,down,70,0.20043770114498016,0.7995622988550198,3.0009257242663407
I24,down,71,0.1986037299128038,0.8013962700871962,3.0029385955029264
I24,down,72,0.19682533758679058,0.8031746624132095,3.0048787140988376
I24,down,73,0.19490111540136615,0.8050988845986339,3.0069649626802324
I24,down,74,0.19412407423479183,0.8058759257652082,3.007803631970644
I24,down,75,0.19287007350020655,0.8071299264997934,3.009152494559107
I24,down,76,0.19288623468079538,0.8071137653192046,3.0091351468429064
I24,down,77,0.1923513786075284,0.8076486213924716,3.009708772876782
I24,down,78,0.1907654879470995,0.8092345120529005,3.0114035881168055
I24,down,79,0.1897215702571991,0.810278429742801,3.012514298179492
I24,down,80,0.18893724635808162,0.8110627536419184,3.013346250456684
I24,down,81,0.1871216181214156,0.8128783818785844,3.0152637545401904
I24,down,82,0.18578117967205152,0.8142188203279485,3.0166719263396473
I24,down,83,0.18562988149640394,0.8143701185035961,3.0168304720313994
I24,down,84,0.18349772498614958,0.8165022750138504,3.0190562159094876
I24,down,85,0.1816790206677936,0.8183209793322064,3.0209421862744614
I24,down,86,0.18196904789907004,0.8180309521009299,3.020642204475572
I24,down,87,0.18175269707817804,0.818247302921822,3.020866008795088
I24,down,88,0.18189872782444516,0.8181012721755548,3.0207149650058858
I24,down,89,0.1818229818155967,0.8181770181844032,3.020793320533233
I24,down,90,0.1826971164287595,0.8173028835712405,3.019887856405971
I24,down,91,0.18416156172108994,0.8158384382789101,3.018364949658495
I24,down,92,0.18311516335201636,0.8168848366479836,3.0194538849928865
I24,down,93,0.1797728671636752,0.8202271328363249,3.0229064997760453
I24,down,94,0.17731036979864623,0.8226896302013538,3.0254255513654487
I24,down,95,0.17768261948925823,0.8223173805107418,3.0250460909906938
I24,down,96,0.17907463190680864,0.8209253680931914,3.023622892908967
I24,down,97,0.17963569831056242,0.8203643016894375,3.023047368646073
I24,down,98,0.17845752455794694,0.821542475442053,3.0242546484698716
I24,down,99,0.17728037920909342,0.8227196207909065,3.025456102190377
I24,down,100,0.17604430289503695,0.8239556971049631,3.02671258809845
I25,right,1,0.6609892147482808,0.33901078525171924,1.8951621317599097
I25,right,2,0.538781604786667,0.46121839521333297,2.336153141206778
I25,right,3,0.48117733761123876,0.5188226623887613,2.5008977177492557
I25,right,4,0.5345984149231278,0.46540158507687224,2.3489986753002654
I25,right,5,0.4126258924325371,0.5873741075674629,2.6651206472764937
I25,right,6,0.36773974358210115,0.6322602564178988,2.7559271387835764
I25,right,7,0.37798006186105837,0.6220199381389416,2.73628879847318
I25,right,8,0.4896992346993031,0.5103007653006969,2.4781370833774288
I25,right,9,0.37085431390895074,0.6291456860910493,2.7500194298442677
I25,right,10,0.35133116192670927,0.6486688380732908,2.786129186606332
I25,right,11,0.3513125283290802,0.6486874716709198,2.786162617394341
I25,right,12,0.4342258638278085,0.5657741361721915,2.6168661499123376
I25,right,13,0.35041151669504983,0.6495884833049501,2.7877768219162187
I25,right,14,0.3275660569322538,0.6724339430677462,2.8272213446489367
I25,right,15,0.40253015822441507,0.5974698417755849,2.686632693498269
I25,right,16,0.4687248788227787,0.5312751211772213,2.5331898668532453
I25,right,17,0.38596038226915313,0.6140396177308469,2.720551868258407
I25,right,18,0.34422841566237156,0.6557715843376284,2.7987326143252815
I25,right,19,0.3642694857214587,0.6357305142785413,2.7624430725542295
I25,right,20,0.4200513148331973,0.5799486851668028,2.6488792948724535
I25,right,21,0.3551417324655376,0.6448582675344624,2.7792517067377327
I25,right,22,0.3231401656382415,0.6768598343617585,2.8345406109323816
I25,right,23,0.3669964653666832,0.6330035346333168,2.7573286310585052
I25,right,24,0.4305490297401613,0.5694509702598387,2.625299194099095
I25,right,25,0.3603087494650537,0.6396912505349464,2.7697951064745734
I25,right,26,0.29899061289241,0.70100938710759,2.872714938523239
I25,right,27,0.3248501104392163,0.6751498895607837,2.831724942758979
I25,right,28,0.3512078245686975,0.6487921754313025,2.78635043175324
I25,right,29,0.31979186170322976,0.6802081382967702,2.840010121441259
I25,right,30,0.3254385784276941,0.6745614215723059,2.8307524191215236
I25,right,31,0.3603333599343419,0.6396666400656581,2.7697497013755763
I25,right,32,0.4216041280418148,0.5783958719581852,2.6454373267254283
I25,right,33,0.34969864228486797,0.650301357715132,2.789050763251714
I25,right,34,0.2986043361848584,0.7013956638151416,2.8733019481836264
I25,right,35,0.3261853110028297,0.6738146889971703,2.8295157347395214
I25,right,36,0.3286505519879202,0.6713494480120799,2.825412209165135
I25,right,37,0.2888809527541484,0.7111190472458516,2.8878408881706834
I25,right,38,0.2630869286818381,0.736913071318162,2.924268854631877
I25,right,39,0.3009639897894746,0.6990360102105254,2.869704710173191
I25,right,40,0.32692957265611755,0.6730704273438824,2.828280235807007
I25,right,41,0.2871177003813466,0.7128822996186535,2.8904290291753174
I25,right,42,0.2602528127271308,0.7397471872728691,2.9280884020207374
I25,right,43,0.28430877832281587,0.7156912216771841,2.894521752869135
I25,right,44,0.28375181721726045,0.7162481827827396,2.895328871395483
I25,right,45,0.2793004608544126,0.7206995391455874,2.9017276081702557
I25,right,46,0.252108918425224,0.747891081574776,2.9388691903237554
I25,right,47,0.2934101912777637,0.7065898087222363,2.8811250271646873
I25,right,48,0.29541236674847987,0.7045876332515202,2.8781249237483912
I25,right,49,0.27072632631924787,0.7292736736807521,2.913795828472021
I25,right,50,0.2440410727879144,0.7559589272120856,2.94926946620291
I25,right,51,0.2638131970759531,0.7361868029240469,2.9232843647972375
I25,right,52,0.24826309860859355,0.7517369013914065,2.9438611892198843
I25,right,53,0.24436928077488973,0.7556307192251103,2.948851725762686
I25,right,54,0.2307341027269496,0.7692658972730504,2.9658318579526233
I25,right,55,0.2566244249208334,0.7433755750791666,2.9329270923650705
I25,right,56,0.24440165758326785,0.7555983424167322,2.948810492404456
I25,right,57,0.23808995913710038,0.7619100408628996,2.9567662962907715
I25,right,58,0.22216626059549857,0.7778337394045014,2.976116990050535
I25,right,59,0.24368136500840043,0.7563186349915996,2.949726782053671
I25,right,60,0.23357852387564837,0.7664214761243516,2.9623523831413117
I25,right,61,0.23884405990156843,0.7611559400984316,2.955824434145539
I25,right,62,0.23712731767640974,0.7628726823235903,2.9579652278364135
I25,right,63,0.2539018879722859,0.7460981120277141,2.936520270724146
I25,right,64,0.2512793925585411,0.748720607441459,2.9399512708800026
I25,right,65,0.2398746820435557,0.7601253179564443,2.954533411385375
I25,right,66,0.23205801989563296,0.767941980104367,2.9642164247781952
I25,right,67,0.23307469216640483,0.7669253078335951,2.962971085793515
I25,right,68,0.21606470629785204,0.783935293702148,2.9832654928956774
I25,right,69,0.20921496594617567,0.7907850340538243,2.991119753781306
I25,right,70,0.20598088914609794,0.7940191108539021,2.994766315531246
I25,right,71,0.21072847480136972,0.7892715251986303,2.9893996631829642
I25,right,72,0.20784297479128935,0.7921570252087107,2.9926715349162487
I25,right,73,0.20731671449636005,0.79268328550364,2.993264877948481
I25,right,74,0.21168936245830755,0.7883106375416924,2.988303115233345
I25,right,75,0.2164251366566525,0.7835748633433475,2.9828472297518616
I25,right,76,0.21976859293273898,0.780231407067261,2.9789433435430928
I25,right,77,0.2151281737939739,0.7848718262060261,2.9843499575274857
I25,right,78,0.21615885878361907,0.7838411412163809,2.9831562815176875
I25,right,79,0.2145032751530899,0.7854967248469101,2.985071688059012
I25,right,80,0.214069459254855,0.785930540745145,2.9855718453680717
I25,right,81,0.2080487366037447,0.7919512633962553,2.992439261373856
I25,right,82,0.2100978118758125,0.7899021881241874,2.990117460245936
I25,right,83,0.2086470111837412,0.7913529888162588,2.9917629956481386
I25,right,84,0.21133472531759162,0.7886652746824083,2.988708229242717
I25,right,85,0.20110639057469376,0.7988936094253063,3.000188731065742
I25,right,86,0.20391840234316178,0.7960815976568383,2.9970714068051567
I25,right,87,0.19908293969156735,0.8009170603084327,3.002413830148476
I25,right,88,0.20473199208135526,0.7952680079186447,2.996164010672474
I25,right,89,0.19937443787419554,0.8006255621258045,3.0020942095242464
I25,right,90,0.20657238273231357,0.7934276172676864,2.994102314953124
I25,right,91,0.21019763723997129,0.7898023627600287,2.9900039431192873
I25,right,92,0.22448450459017386,0.7755154954098261,2.973362815730149
I25,right,93,0.21734760566927008,0.78265239433073,2.981774462254527
I25,right,94,0.2200430110574094,0.7799569889425906,2.97862099936875
I25,right,95,0.21643509792670862,0.7835649020732913,2.9828356630340442
I25,right,96,0.2324108176558139,0.767589182344186,2.963784750422973
I25,right,97,0.21838554321451464,0.7816144567854854,2.98056347699612
I25,right,98,0.21705604551097146,0.7829439544890285,2.9821138818463355
I25,right,99,0.21125401689395804,0.7887459831060419,2.9888003584304617
I25,right,100,0.21807583095950356,0.7819241690404964,2.980925262273141
I25,left,1,0.6609892147482808,0.33901078525171924,1.8951621317599097
I25,left,2,0.538781604786667,0.46121839521333297,2.336153141206778
I25,left,3,0.48117733761123876,0.5188226623887613,2.5008977177492557
I25,left,4,0.5345984149231278,0.46540158507687224,2.3489986753002654
I25,left,5,0.4126258924325371,0.5873741075674629,2.6651206472764937
I25,left,6,0.36773974358210115,0.6322602564178988,2.7559271387835764
I25,left,7,0.37798006186105837,0.6220199381389416,2.73628879847318
I25,left,8,0.4896992346993031,0.5103007653006969,2.4781370833774288
I25,left,9,0.37085431390895074,0.6291456860910493,2.7500194298442677
I25,left,10,0.35133116192670927,0.6486688380732908,2.786129186606332
I25,left,11,0.3513125283290802,0.6486874716709198,2.786162617394341
I25,left,12,0.4342258638278085,0.5657741361721915,2.6168661499123376
I25,left,13,0.35041151669504983,0.6495884833049501,2.7877768219162187
I25,left,14,0.3275660569322538,0.6724339430677462,2.8272213446489367
I25,left,15,0.40253015822441507,0.5974698417755849,2.686632693498269
I25,left,16,0.4687248788227787,0.5312751211772213,2.5331898668532453
I25,left,17,0.38596038226915313,0.6140396177308469,2.720551868258407
I25,left,18,0.34422841566237156,0.6557715843376284,2.7987326143252815
I25,left,19,0.3642694857214587,0.6357305142785413,2.7624430725542295
I25,left,20,0.4200513148331973,0.5799486851668028,2.6488792948724535
I25,left,21,0.3551417324655376,0.6448582675344624,2.7792517067377327
I25,left,22,0.3231401656382415,0.6768598343617585,2.8345406109323816
I25,left,23,0.3669964653666832,0.6330035346333168,2.7573286310585052
I25,left,24,0.4305490297401613,0.5694509702598387,2.625299194099095
I25,left,25,0.3603087494650537,0.6396912505349464,2.7697951064745734
I25,left,26,0.29899061289241,0.70100938710759,2.872714938523239
I25,left,27,0.3248501104392163,0.6751498895607837,2.831724942758979
I25,left,28,0.3512078245686975,0.6487921754313025,2.78635043175324
I25,left,29,0.31979186170322976,0.6802081382967702,2.840010121441259
I25,left,30,0.3254385784276941,0.6745614215723059,2.8307524191215236
I25,left,31,0.3603333599343419,0.6396666400656581,2.7697497013755763
I25,left,32,0.4216041280418148,0.5783958719581852,2.6454373267254283
I25,left,33,0.34969864228486797,0.650301357715132,2.789050763251714
I25,left,34,0.2986043361848584,0.7013956638151416,2.8733019481836264
I25,left,35,0.3261853110028297,0.6738146889971703,2.8295157347395214
I25,left,36,0.3286505519879202,0.6713494480120799,2.825412209165135
I25,left,37,0.2888809527541484,0.7111190472458516,2.8878408881706834
I25,left,38,0.2630869286818381,0.736913071318162,2.924268854631877
I25,left,39,0.3009639897894746,0.6990360102105254,2.869704710173191
I25,left,40,0.32692957265611755,0.6730704273438824,2.828280235807007
I25,left,41,0.2871177003813466,0.7128822996186535,2.8904290291753174
I25,left,42,0.2602528127271308,0.7397471872728691,2.9280884020207374
I25,left,43,0.28430877832281587,0.7156912216771841,2.894521752869135
I25,left,44,0.28375181721726045,0.7162481827827396,2.895328871395483
I25,left,45,0.2793004608544126,0.7206995391455874,2.9017276081702557
I25,left,46,0.252108918425224,0.747891081574776,2.9388691903237554
I25,left,47,0.2934101912777637,0.7065898087222363,2.8811250271646873
I25,left,48,0.29541236674847987,0.7045876332515202,2.8781249237483912
I25,left,49,0.27072632631924787,0.7292736736807521,2.913795828472021
I25,left,50,0.2440410727879144,0.7559589272120856,2.94926946620291
I25,left,51,0.2638131970759531,0.7361868029240469,2.9232843647972375
I25,left,52,0.24826309860859355,0.7517369013914065,2.9438611892198843
I25,left,53,0.24436928077488973,0.7556307192251103,2.948851725762686
I25,left,54,0.2307341027269496,0.7692658972730504,2.9658318579526233
I25,left,55,0.2566244249208334,0.7433755750791666,2.9329270923650705
I25,left,56,0.24440165758326785,0.7555983424167322,2.948810492404456
I25,left,57,0.23808995913710038,0.7619100408628996,2.9567662962907715
I25,left,58,0.22216626059549857,0.7778337394045014,2.976116990050535
I25,left,59,0.24368136500840043,0.7563186349915996,2.949726782053671
I25,left,60,0.23357852387564837,0.7664214761243516,2.9623523831413117
I25,left,61,0.23884405990156843,0.7611559400984316,2.955824434145539
I25,left,62,0.23712731767640974,0.7628726823235903,2.9579652278364135
I25,left,63,0.2539018879722859,0.7460981120277141,2.936520270724146
I25,left,64,0.2512793925585411,0.748720607441459,2.9399512708800026
I25,left,65,0.2398746820435557,0.7601253179564443,2.954533411385375
I25,left,66,0.23205801989563296,0.767941980104367,2.9642164247781952
I25,left,67,0.23307469216640483,0.7669253078335951,2.962971085793515
I25,left,68,0.21606470629785204,0.783935293702148,2.9832654928956774
I25,left,69,0.20921496594617567,0.7907850340538243,2.991119753781306
I25,left,70,0.20598088914609794,0.7940191108539021,2.994766315531246
I25,left,71,0.21072847480136972,0.7892715251986303,2.9893996631829642
I25,left,72,0.20784297479128935,0.7921570252087107,2.9926715349162487
I25,left,73,0.20731671449636005,0.79268328550364,2.993264877948481
I25,left,74,0.21168936245830755,0.7883106375416924,2.988303115233345
I25,left,75,0.2164251366566525,0.7835748633433475,2.9828472297518616
I25,left,76,0.21976859293273898,0.780231407067261,2.9789433435430928
I25,left,77,0.2151281737939739,0.7848718262060261,2.9843499575274857
I25,left,78,0.21615885878361907,0.7838411412163809,2.9831562815176875
I25,left,79,0.2145032751530899,0.7854967248469101,2.985071688059012
I25,left,80,0.214069459254855,0.785930540745145,2.9855718453680717
I25,left,81,0.2080487366037447,0.7919512633962553,2.992439261373856
I25,left,82,0.2100978118758125,0.7899021881241874,2.990117460245936
I25,left,83,0.2086470111837412,0.7913529888162588,2.9917629956481386
I25,left,84,0.21133472531759162,0.7886652746824083,2.988708229242717
I25,left,85,0.20110639057469376,0.7988936094253063,3.000188731065742
I25,left,86,0.20391840234316178,0.7960815976568383,2.9970714068051567
I25,left,87,0.19908293969156735,0.8009170603084327,3.002413830148476
I25,left,88,0.20473199208135526,0.7952680079186447,2.996164010672474
I25,left,89,0.19937443787419554,0.8006255621258045,3.0020942095242464
I25,left,90,0.20657238273231357,0.7934276172676864,2.994102314953124
I25,left,91,0.21019763723997129,0.7898023627600287,2.9900039431192873
I25,left,92,0.22448450459017386,0.7755154954098261,2.973362815730149
I25,left,93,0.21734760566927008,0.78265239433073,2.981774462254527
I25,left,94,0.2200430110574094,0.7799569889425906,2.97862099936875
I25,left,95,0.21643509792670862,0.7835649020732913,2.9828356630340442
I25,left,96,0.2324108176558139,0.767589182344186,2.963784750422973
I25,left,97,0.21838554321451464,0.7816144567854854,2.98056347699612
I25,left,98,0.21705604551097146,0.7829439544890285,2.9821138818463355
I25,left,99,0.21125401689395804,0.7887459831060419,2.9888003584304617
I25,left,100,0.21807583095950356,0.7819241690404964,2.980925262273141
I25,up,1,0.635648924691103,0.364351075308897,1.997367515944008
I25,up,2,0.5863041249060613,0.4136958750939387,2.1800337860849934
I25,up,3,0.49850944256985574,0.5014905574301443,2.45403128311861
I25,up,4,0.6140738387607678,0.3859261612392322,2.079870217436783
I25,up,5,0.4774871160683044,0.5225128839316956,2.5105860799582063
I25,up,6,0.49252622293486586,0.5074737770651341,2.470466229933413
I25,up,7,0.4401222002065917,0.5598777997934083,2.6031513010074274
I25,up,8,0.5846385580944057,0.4153614419055943,2.18582858635527
I25,up,9,0.43551435553872087,0.5644856444612791,2.613889309440504
I25,up,10,0.4460358741865933,0.5539641258134067,2.5891569508692527
I25,up,11,0.39605347725279155,0.6039465227472085,2.7000935278474056
I25,up,12,0.5087384037670148,0.49126159623298515,2.4252983703186812
I25,up,13,0.3964951982119485,0.6035048017880515,2.6991838100134506
I25,up,14,0.42322513095942227,0.5767748690405777,2.641827267576909
I25,up,15,0.4423909761305733,0.5576090238694267,2.5978108592137366
I25,up,16,0.5418623810401922,0.45813761895980776,2.326601818010568
I25,up,17,0.4213284250323445,0.5786715749676554,2.6460496083175924
I25,up,18,0.41749350741697255,0.5825064925830274,2.654514455300273
I25,up,19,0.3805952967264386,0.6194047032735615,2.7311738212645595
I25,up,20,0.459549808717384,0.5404501912826161,2.556262322942911
I25,up,21,0.35366059075984685,0.6463394092401531,2.7819346204273385
I25,up,22,0.36402511265668674,0.6359748873433133,2.7628992951153544
I25,up,23,0.3627570673125293,0.6372429326874707,2.765261098912407
I25,up,24,0.45112711578548687,0.5488728842145132,2.5769147334574765
I25,up,25,0.35345205693264997,0.64654794306735,2.7823113639440695
I25,up,26,0.31839366580920897,0.681606334190791,2.842276973080434
I25,up,27,0.31331133675800055,0.6866886632419995,2.850432537095358
I25,up,28,0.36863177203381564,0.6313682279661843,2.754240926489982
I25,up,29,0.30154355972468094,0.6984564402753191,2.868817002050445
I25,up,30,0.32008847853981465,0.6799115214601854,2.839527932045911
I25,up,31,0.3178984913887139,0.682101508611286,2.8430773758692753
I25,up,32,0.3856227303614671,0.6143772696385329,2.72122549530643
I25,up,33,0.3139489830405222,0.6860510169594778,2.8494165254957675
I25,up,34,0.2844322601333888,0.7155677398666112,2.8943426129186856
I25,up,35,0.28256566107379955,0.7174343389262005,2.897042955118012
I25,up,36,0.31820483551822804,0.6817951644817719,2.842582347828074
I25,up,37,0.2579679272124428,0.7420320727875571,2.9311421284811496
I25,up,38,0.2455745886733896,0.7544254113266105,2.9473137488977423
I25,up,39,0.2517827310819285,0.7482172689180715,2.9392950384380505
I25,up,40,0.3040480530829749,0.6959519469170251,2.864961965546482
I25,up,41,0.2387128317553839,0.7612871682446161,2.9559885045970367
I25,up,42,0.22701106968801005,0.7729889303119899,2.9703369655199525
I25,up,43,0.2203074925652365,0.7796925074347635,2.9783100493461845
I25,up,44,0.24499184413582123,0.7550081558641788,2.948058093313594
I25,up,45,0.21279227195034967,0.7872077280496503,2.987040164597227
I25,up,46,0.19966045933702606,0.800339540662974,3.0017802911317757
I25,up,47,0.20886693962075242,0.7911330603792476,2.991514058260912
I25,up,48,0.2371527200770767,0.7628472799229233,2.9579336389930235
I25,up,49,0.18842769832265885,0.8115723016773412,3.013885569229937
I25,up,50,0.1755964698120781,0.8244035301879219,3.027166526075634
I25,up,51,0.16969858029575907,0.8303014197042409,3.0330813073798053
I25,up,52,0.18105972465808826,0.8189402753419117,3.0215817597773693
I25,up,53,0.1459497855385624,0.8540502144614376,3.0557393957709644
I25,up,54,0.14009597046279826,0.8599040295372018,3.0610494109408837
I25,up,55,0.14461094282703357,0.8553890571729664,3.056963208062913
I25,up,56,0.16011680586683752,0.8398831941331625,3.042442885187702
I25,up,57,0.124053356517173,0.875946643482827,3.0750702098721874
I25,up,58,0.11461310822256111,0.8853868917774389,3.082968473946056
I25,up,59,0.11372567789981876,0.8862743221001812,3.0836978987760038
I25,up,60,0.1334946058428921,0.8665053941571079,3.066911899604613
I25,up,61,0.10988827793569896,0.890111722064301,3.0868266213906255
I25,up,62,0.11236162413882606,0.8876383758611739,3.084814765479173
I25,up,63,0.10272762805143555,0.8972723719485645,3.0925557727179394
I25,up,64,0.12085901119211943,0.8791409888078806,3.077771412079093
I25,up,65,0.09456097014038037,0.9054390298596197,3.0989199138870562
I25,up,66,0.10049257469848766,0.8995074253015123,3.094315328101824
I25,up,67,0.08896508355765839,0.9110349164423416,3.103178468858662
I25,up,68,0.10673805317747771,0.8932619468225222,3.0893644506328117
I25,up,69,0.08238488758456965,0.9176151124154304,3.1080820397019835
I25,up,70,0.08533050024915448,0.9146694997508455,3.1059007325152006
I25,up,71,0.07682729448809295,0.923172705511907,3.112137608281455
I25,up,72,0.09487320403602331,0.9051267959639767,3.0986798710411874
I25,up,73,0.07867380229378779,0.9213261977062122,3.1107987829013393
I25,up,74,0.0824249478117243,0.9175750521882757,3.108052522631432
I25,up,75,0.07661663208795808,0.9233833679120419,3.1122898080205914
I25,up,76,0.09147822779427717,0.9085217722057228,3.1012760881888717
I25,up,77,0.07839594740336349,0.9216040525966365,3.1110007907309294
I25,up,78,0.07965157601621951,0.9203484239837805,3.1100863704298636
I25,up,79,0.07527247025032285,0.9247275297496771,3.1132583326540697
I25,up,80,0.08468302464513708,0.9153169753548629,3.1063821106621416
I25,up,81,0.07106605435695458,0.9289339456430454,3.1162602781899817
I25,up,82,0.06943451056835619,0.9305654894316439,3.1174129238360075
I25,up,83,0.06475129281177247,0.9352487071882275,3.120685525873278
I25,up,84,0.0706795436623566,0.9293204563376434,3.116533927684481
I25,up,85,0.05937876496201405,0.9406212350379859,3.124374918698007
I25,up,86,0.05709533519171246,0.9429046648082875,3.1259222636821136
I25,up,87,0.0580011626045145,0.9419988373954855,3.1253099062733813
I25,up,88,0.064755531588908,0.935244468411092,3.1206825878061286
I25,up,89,0.05954387395163046,0.9404561260483696,3.1242625576911633
I25,up,90,0.056852535199926044,0.9431474648000739,3.12608607411162
I25,up,91,0.06098293178892871,0.9390170682110713,3.1232805089606153
I25,up,92,0.06655188543092543,0.9334481145690746,3.1194335668628117
I25,up,93,0.06315785437282811,0.9368421456271718,3.1217869472561874
I25,up,94,0.05572410252535882,0.9442758974746411,3.126845585421913
I25,up,95,0.05802158946437406,0.9419784105356259,3.1252960750812866
I25,up,96,0.05883152663943588,0.9411684733605641,3.1247468684893276
I25,up,97,0.057724629341043804,0.9422753706589562,3.1254970526463097
I25,up,98,0.049845852926442925,0.950154147073557,3.130754218937943
I25,up,99,0.05136400806628872,0.9486359919337113,3.1297523898989255
I25,up,100,0.047882966195840045,0.9521170338041599,3.1320417064812096
I25,down,1,0.635648924691103,0.364351075308897,1.997367515944008
I25,down,2,0.5863041249060613,0.4136958750939387,2.1800337860849934
I25,down,3,0.49850944256985574,0.5014905574301443,2.45403128311861
I25,down,4,0.6140738387607678,0.3859261612392322,2.079870217436783
I25,down,5,0.4774871160683044,0.5225128839316956,2.5105860799582063
I25,down,6,0.49252622293486586,0.5074737770651341,2.470466229933413
I25,down,7,0.4401222002065917,0.5598777997934083,2.6031513010074274
I25,down,8,0.5846385580944057,0.4153614419055943,2.18582858635527
I25,down,9,0.43551435553872087,0.5644856444612791,2.613889309440504
I25,down,10,0.4460358741865933,0.5539641258134067,2.5891569508692527
I25,down,11,0.39605347725279155,0.6039465227472085,2.7000935278474056
I25,down,12,0.5087384037670148,0.49126159623298515,2.4252983703186812
I25,down,13,0.3964951982119485,0.6035048017880515,2.6991838100134506
I25,down,14,0.42322513095942227,0.5767748690405777,2.641827267576909
I25,down,15,0.4423909761305733,0.5576090238694267,2.5978108592137366
I25,down,16,0.5418623810401922,0.45813761895980776,2.326601818010568
I25,down,17,0.4213284250323445,0.5786715749676554,2.6460496083175924
I25,down,18,0.41749350741697255,0.5825064925830274,2.654514455300273
I25,down,19,0.3805952967264386,0.6194047032735615,2.7311738212645595
I25,down,20,0.459549808717384,0.5404501912826161,2.556262322942911
I25,down,21,0.35366059075984685,0.6463394092401531,2.7819346204273385
I25,down,22,0.36402511265668674,0.6359748873433133,2.7628992951153544
I25,down,23,0.3627570673125293,0.6372429326874707,2.765261098912407
I25,down,24,0.45112711578548687,0.5488728842145132,2.5769147334574765
I25,down,25,0.35345205693264997,0.64654794306735,2.7823113639440695
I25,down,26,0.31839366580920897,0.681606334190791,2.842276973080434
I25,down,27,0.31331133675800055,0.6866886632419995,2.850432537095358
I25,down,28,0.36863177203381564,0.6313682279661843,2.754240926489982
I25,down,29,0.30154355972468094,0.6984564402753191,2.868817002050445
I25,down,30,0.32008847853981465,0.6799115214601854,2.839527932045911
I25,down,31,0.3178984913887139,0.682101508611286,2.8430773758692753
I25,down,32,0.3856227303614671,0.6143772696385329,2.72122549530643
I25,down,33,0.3139489830405222,0.6860510169594778,2.8494165254957675
I25,down,34,0.2844322601333888,0.7155677398666112,2.8943426129186856
I25,down,35,0.28256566107379955,0.7174343389262005,2.897042955118012
I25,down,36,0.31820483551822804,0.6817951644817719,2.842582347828074
I25,down,37,0.2579679272124428,0.7420320727875571,2.9311421284811496
I25,down,38,0.2455745886733896,0.7544254113266105,2.9473137488977423
I25,down,39,0.2517827310819285,0.7482172689180715,2.9392950384380505
I25,down,40,0.3040480530829749,0.6959519469170251,2.864961965546482
I25,down,41,0.2387128317553839,0.7612871682446161,2.9559885045970367
I25,down,42,0.22701106968801005,0.7729889303119899,2.9703369655199525
I25,down,43,0.2203074925652365,0.7796925074347635,2.9783100493461845
I25,down,44,0.24499184413582123,0.7550081558641788,2.948058093313594
I25,down,45,0.21279227195034967,0.7872077280496503,2.987040164597227
I25,down,46,0.19966045933702606,0.800339540662974,3.0017802911317757
I25,down,47,0.20886693962075242,0.7911330603792476,2.991514058260912
I25,down,48,0.2371527200770767,0.7628472799229233,2.9579336389930235
I25,down,49,0.18842769832265885,0.8115723016773412,3.013885569229937
I25,down,50,0.1755964698120781,0.8244035301879219,3.027166526075634
I25,down,51,0.16969858029575907,0.8303014197042409,3.0330813073798053
I25,down,52,0.18105972465808826,0.8189402753419117,3.0215817597773693
I25,down,53,0.1459497855385624,0.8540502144614376,3.0557393957709644
I25,down,54,0.14009597046279826,0.8599040295372018,3.0610494109408837
I25,down,55,0.14461094282703357,0.8553890571729664,3.056963208062913
I25,down,56,0.16011680586683752,0.8398831941331625,3.042442885187702
I25,down,57,0.124053356517173,0.875946643482827,3.0750702098721874
I25,down,58,0.11461310822256111,0.8853868917774389,3.082968473946056
I25,down,59,0.11372567789981876,0.8862743221001812,3.0836978987760038
I25,down,60,0.1334946058428921,0.8665053941571079,3.066911899604613
I25,down,61,0.10988827793569896,0.890111722064301,3.0868266213906255
I25,down,62,0.11236162413882606,0.8876383758611739,3.084814765479173
I25,down,63,0.10272762805143555,0.8972723719485645,3.0925557727179394
I25,down,64,0.12085901119211943,0.8791409888078806,3.077771412079093
I25,down,65,0.09456097014038037,0.9054390298596197,3.0989199138870562
I25,down,66,0.10049257469848766,0.8995074253015123,3.094315328101824
I25,down,67,0.08896508355765839,0.9110349164423416,3.103178468858662
I25,down,68,0.10673805317747771,0.8932619468225222,3.0893644506328117
I25,down,69,0.08238488758456965,0.9176151124154304,3.1080820397019835
I25,down,70,0.08533050024915448,0.9146694997508455,3.1059007325152006
I25,down,71,0.07682729448809295,0.923172705511907,3.112137608281455
I25,down,72,0.09487320403602331,0.9051267959639767,3.0986798710411874
I25,down,73,0.07867380229378779,0.9213261977062122,3.1107987829013393
I25,down,74,0.0824249478117243,0.9175750521882757,3.108052522631432
I25,down,75,0.07661663208795808,0.9233833679120419,3.1122898080205914
I25,down,76,0.09147822779427717,0.9085217722057228,3.1012760881888717
I25,down,77,0.07839594740336349,0.9216040525966365,3.1110007907309294
I25,down,78,0.07965157601621951,0.9203484239837805,3.1100863704298636
I25,down,79,0.07527247025032285,0.9247275297496771,3.1132583326540697
I25,down,80,0.08468302464513708,0.9153169753548629,3.1063821106621416
I25,down,81,0.07106605435695458,0.9289339456430454,3.1162602781899817
I25,down,82,0.06943451056835619,0.9305654894316439,3.1174129238360075
I25,down,83,0.06475129281177247,0.9352487071882275,3.120685525873278
I25,down,84,0.0706795436623566,0.9293204563376434,3.116533927684481
I25,down,85,0.05937876496201405,0.9406212350379859,3.124374918698007
I25,down,86,0.05709533519171246,0.9429046648082875,3.1259222636821136
I25,down,87,0.0580011626045145,0.9419988373954855,3.1253099062733813
I25,down,88,0.064755531588908,0.935244468411092,3.1206825878061286
I25,down,89,0.05954387395163046,0.9404561260483696,3.1242625576911633
I25,down,90,0.056852535199926044,0.9431474648000739,3.12608607411162
I25,down,91,0.06098293178892871,0.9390170682110713,3.1232805089606153
I25,down,92,0.06655188543092543,0.9334481145690746,3.1194335668628117
I25,down,93,0.06315785437282811,0.9368421456271718,3.1217869472561874
I25,down,94,0.05572410252535882,0.9442758974746411,3.126845585421913
I25,down,95,0.05802158946437406,0.9419784105356259,3.1252960750812866
I25,down,96,0.05883152663943588,0.9411684733605641,3.1247468684893276
I25,down,97,0.057724629341043804,0.9422753706589562,3.1254970526463097
I25,down,98,0.049845852926442925,0.950154147073557,3.130754218937943
I25,down,99,0.05136400806628872,0.9486359919337113,3.1297523898989255
I25,down,100,0.047882966195840045,0.9521170338041599,3.1320417064812096
