reference_file,distorted_file,distortion_type,distortion_level,mos,jod_quality,jod_distortion
i01.png,i01_01_1.png,additive_gaussian_noise,1,5.51429,0.034470919,-0.034470919
i01.png,i01_01_2.png,additive_gaussian_noise,2,5.56757,-0.175516306,0.175516306
i01.png,i01_01_3.png,additive_gaussian_noise,3,4.94444,-0.708361862,0.708361862
i01.png,i01_01_4.png,additive_gaussian_noise,4,4.37838,-1.25415525,1.25415525
i01.png,i01_01_5.png,additive_gaussian_noise,5,3.86486,-1.770809111,1.770809111
i01.png,i01_02_1.png,additive_noise_in_color_more_intensive_than_additive_noise_in_the_luminance,1,6.02857,0.237917791,-0.237917791
i01.png,i01_02_2.png,additive_noise_in_color_more_intensive_than_additive_noise_in_the_luminance,2,6.10811,0.17845558,-0.17845558
i01.png,i01_02_3.png,additive_noise_in_color_more_intensive_than_additive_noise_in_the_luminance,3,5.38889,-0.213000704,0.213000704
i01.png,i01_02_4.png,additive_noise_in_color_more_intensive_than_additive_noise_in_the_luminance,4,4.71429,-0.677279052,0.677279052
i01.png,i01_02_5.png,additive_noise_in_color_more_intensive_than_additive_noise_in_the_luminance,5,4.36111,-1.105593551,1.105593551
i01.png,i01_03_1.png,spatially_correlated_noise,1,4.77143,-0.722482513,0.722482513
i01.png,i01_03_2.png,spatially_correlated_noise,2,4.27027,-1.347806456,1.347806456
i01.png,i01_03_3.png,spatially_correlated_noise,3,3.7027,-2.028032256,2.028032256
i01.png,i01_03_4.png,spatially_correlated_noise,4,3.19444,-2.698561568,2.698561568
i01.png,i01_03_5.png,spatially_correlated_noise,5,2.71429,-3.418143827,3.418143827
i01.png,i01_04_1.png,masked_noise,1,5.97143,0.252240213,-0.252240213
i01.png,i01_04_2.png,masked_noise,2,5.75676,0.114476857,-0.114476857
i01.png,i01_04_3.png,masked_noise,3,5.27027,-0.195981535,0.195981535
i01.png,i01_04_4.png,masked_noise,4,5.24324,-0.260141596,0.260141596
i01.png,i01_04_5.png,masked_noise,5,4.71429,-0.779423315,0.779423315
i01.png,i01_05_1.png,high_frequency_noise,1,5.91892,0.15314117,-0.15314117
i01.png,i01_05_2.png,high_frequency_noise,2,5.7027,0.039458325,-0.039458325
i01.png,i01_05_3.png,high_frequency_noise,3,5.08333,-0.44135251,0.44135251
i01.png,i01_05_4.png,high_frequency_noise,4,4.13889,-1.501254704,1.501254704
i01.png,i01_05_5.png,high_frequency_noise,5,3.13889,-2.767657107,2.767657107
i01.png,i01_06_1.png,impulse_noise,1,4.0,-1.507473861,1.507473861
i01.png,i01_06_2.png,impulse_noise,2,3.89189,-1.68443084,1.68443084
i01.png,i01_06_3.png,impulse_noise,3,3.72973,-2.17178529,2.17178529
i01.png,i01_06_4.png,impulse_noise,4,3.48571,-2.300814706,2.300814706
i01.png,i01_06_5.png,impulse_noise,5,2.94444,-3.160037916,3.160037916
i01.png,i01_07_1.png,quantization_noise,1,5.08333,-0.324107309,0.324107309
i01.png,i01_07_2.png,quantization_noise,2,4.75,-0.847549575,0.847549575
i01.png,i01_07_3.png,quantization_noise,3,4.0,-1.615962525,1.615962525
i01.png,i01_07_4.png,quantization_noise,4,3.22222,-2.568082422,2.568082422
i01.png,i01_07_5.png,quantization_noise,5,2.19444,-3.832276997,3.832276997
i01.png,i01_08_1.png,gaussian_blur,1,5.18919,-0.325920964,0.325920964
i01.png,i01_08_2.png,gaussian_blur,2,4.47222,-0.972117158,0.972117158
i01.png,i01_08_3.png,gaussian_blur,3,3.48649,-2.196330347,2.196330347
i01.png,i01_08_4.png,gaussian_blur,4,3.0,-3.042865228,3.042865228
i01.png,i01_08_5.png,gaussian_blur,5,2.11111,-4.083968171,4.083968171
i01.png,i01_09_1.png,image_denoising,1,6.08333,0.304521081,-0.304521081
i01.png,i01_09_2.png,image_denoising,2,5.16667,-0.349252549,0.349252549
i01.png,i01_09_3.png,image_denoising,3,4.42857,-1.136595351,1.136595351
i01.png,i01_09_4.png,image_denoising,4,2.81081,-3.050853714,3.050853714
i01.png,i01_09_5.png,image_denoising,5,1.54054,-4.930595119,4.930595119
i01.png,i01_10_1.png,JPEG_compression,1,5.97297,0.232889224,-0.232889224
i01.png,i01_10_2.png,JPEG_compression,2,5.94595,0.190651383,-0.190651383
i01.png,i01_10_3.png,JPEG_compression,3,4.91667,-0.607514348,0.607514348
i01.png,i01_10_4.png,JPEG_compression,4,3.21622,-2.792865028,2.792865028
i01.png,i01_10_5.png,JPEG_compression,5,2.08108,-4.170779902,4.170779902
i01.png,i01_11_1.png,JPEG2000_compression,1,5.91429,0.088606555,-0.088606555
i01.png,i01_11_2.png,JPEG2000_compression,2,5.67568,-0.048344124,0.048344124
i01.png,i01_11_3.png,JPEG2000_compression,3,4.69444,-0.674189526,0.674189526
i01.png,i01_11_4.png,JPEG2000_compression,4,3.67568,-2.283154966,2.283154966
i01.png,i01_11_5.png,JPEG2000_compression,5,1.45946,-5.081500998,5.081500998
i01.png,i01_12_1.png,JPEG_transmission_errors,1,5.94595,0.237379419,-0.237379419
i01.png,i01_12_2.png,JPEG_transmission_errors,2,5.86486,0.148800755,-0.148800755
i01.png,i01_12_3.png,JPEG_transmission_errors,3,4.21622,-1.452828594,1.452828594
i01.png,i01_12_4.png,JPEG_transmission_errors,4,3.83333,-1.684811772,1.684811772
i01.png,i01_12_5.png,JPEG_transmission_errors,5,3.43243,-2.240702535,2.240702535
i01.png,i01_13_1.png,JPEG2000_transmission_errors,1,5.45946,-0.118007691,0.118007691
i01.png,i01_13_2.png,JPEG2000_transmission_errors,2,3.91429,-1.614873346,1.614873346
i01.png,i01_13_3.png,JPEG2000_transmission_errors,3,3.27778,-2.417397932,2.417397932
i01.png,i01_13_4.png,JPEG2000_transmission_errors,4,3.16667,-2.418521526,2.418521526
i01.png,i01_13_5.png,JPEG2000_transmission_errors,5,3.10811,-2.760355459,2.760355459
i01.png,i01_14_1.png,non_eccentricity_pattern_noise,1,5.69444,0.055210039,-0.055210039
i01.png,i01_14_2.png,non_eccentricity_pattern_noise,2,6.05405,0.288567303,-0.288567303
i01.png,i01_14_3.png,non_eccentricity_pattern_noise,3,5.75676,0.045920824,-0.045920824
i01.png,i01_14_4.png,non_eccentricity_pattern_noise,4,5.55556,-0.017791389,0.017791389
i01.png,i01_14_5.png,non_eccentricity_pattern_noise,5,4.47059,-0.839453567,0.839453567
i01.png,i01_15_1.png,local_block_wise_distortions_of_different_intensity,1,2.83333,-3.032553818,3.032553818
i01.png,i01_15_2.png,local_block_wise_distortions_of_different_intensity,2,2.82857,-2.845784063,2.845784063
i01.png,i01_15_3.png,local_block_wise_distortions_of_different_intensity,3,3.10811,-2.692728976,2.692728976
i01.png,i01_15_4.png,local_block_wise_distortions_of_different_intensity,4,3.58333,-2.23353737,2.23353737
i01.png,i01_15_5.png,local_block_wise_distortions_of_different_intensity,5,3.89189,-1.855328687,1.855328687
i01.png,i01_16_1.png,intensity_shift,1,5.80556,0.209282663,-0.209282663
i01.png,i01_16_2.png,intensity_shift,2,6.05405,0.275607855,-0.275607855
i01.png,i01_16_3.png,intensity_shift,3,4.88889,-0.486261066,0.486261066
i01.png,i01_16_4.png,intensity_shift,4,5.02778,-0.349536038,0.349536038
i01.png,i01_16_5.png,intensity_shift,5,4.19444,-1.480785642,1.480785642
i01.png,i01_17_1.png,contrast_change,1,5.35135,-0.24143027,0.24143027
i01.png,i01_17_2.png,contrast_change,2,6.62162,0.640740263,-0.640740263
i01.png,i01_17_3.png,contrast_change,3,4.08108,-1.388901972,1.388901972
i01.png,i01_17_4.png,contrast_change,4,6.24324,0.267461608,-0.267461608
i01.png,i01_17_5.png,contrast_change,5,2.97143,-2.801861955,2.801861955
i01.png,i01_18_1.png,change_of_color_saturation,1,4.62162,-0.970268394,0.970268394
i01.png,i01_18_2.png,change_of_color_saturation,2,4.22222,-1.299601163,1.299601163
i01.png,i01_18_3.png,change_of_color_saturation,3,3.77143,-1.690395502,1.690395502
i01.png,i01_18_4.png,change_of_color_saturation,4,3.47222,-2.263759845,2.263759845
i01.png,i01_18_5.png,change_of_color_saturation,5,3.41667,-2.5917398,2.5917398
i01.png,i01_19_1.png,multiplicative_gaussian_noise,1,5.94444,0.210499417,-0.210499417
i01.png,i01_19_2.png,multiplicative_gaussian_noise,2,5.47222,-0.033119957,0.033119957
i01.png,i01_19_3.png,multiplicative_gaussian_noise,3,5.08108,-0.440357246,0.440357246
i01.png,i01_19_4.png,multiplicative_gaussian_noise,4,4.52778,-0.891005869,0.891005869
i01.png,i01_19_5.png,multiplicative_gaussian_noise,5,3.94444,-1.619521983,1.619521983
i01.png,i01_20_1.png,comfort_noise,1,5.85714,0.246018816,-0.246018816
i01.png,i01_20_2.png,comfort_noise,2,5.83333,0.139549627,-0.139549627
i01.png,i01_20_3.png,comfort_noise,3,6.02778,0.213557751,-0.213557751
i01.png,i01_20_4.png,comfort_noise,4,5.08333,-0.330553394,0.330553394
i01.png,i01_20_5.png,comfort_noise,5,4.33333,-1.145986619,1.145986619
i01.png,i01_21_1.png,lossy_compression_of_noisy_images,1,5.7027,0.050171136,-0.050171136
i01.png,i01_21_2.png,lossy_compression_of_noisy_images,2,5.27778,-0.336121476,0.336121476
i01.png,i01_21_3.png,lossy_compression_of_noisy_images,3,4.67568,-0.836751563,0.836751563
i01.png,i01_21_4.png,lossy_compression_of_noisy_images,4,4.05714,-1.392080267,1.392080267
i01.png,i01_21_5.png,lossy_compression_of_noisy_images,5,3.05405,-2.799501941,2.799501941
i01.png,i01_22_1.png,image_color_quantization_with_dither,1,5.55556,-0.038368643,0.038368643
i01.png,i01_22_2.png,image_color_quantization_with_dither,2,5.18919,-0.393401178,0.393401178
i01.png,i01_22_3.png,image_color_quantization_with_dither,3,4.30556,-1.251489758,1.251489758
i01.png,i01_22_4.png,image_color_quantization_with_dither,4,3.16216,-2.659694447,2.659694447
i01.png,i01_22_5.png,image_color_quantization_with_dither,5,2.19444,-4.033748366,4.033748366
i01.png,i01_23_1.png,chromatic_aberrations,1,6.28571,0.378715773,-0.378715773
i01.png,i01_23_2.png,chromatic_aberrations,2,5.61111,-0.043595892,0.043595892
i01.png,i01_23_3.png,chromatic_aberrations,3,5.77778,0.13437471,-0.13437471
i01.png,i01_23_4.png,chromatic_aberrations,4,4.80556,-0.696250749,0.696250749
i01.png,i01_23_5.png,chromatic_aberrations,5,2.40541,-3.816702076,3.816702076
i01.png,i01_24_1.png,sparse_sampling_and_reconstruction,1,5.7027,0.031616727,-0.031616727
i01.png,i01_24_2.png,sparse_sampling_and_reconstruction,2,5.58333,0.076284169,-0.076284169
i01.png,i01_24_3.png,sparse_sampling_and_reconstruction,3,5.10811,-0.607179435,0.607179435
i01.png,i01_24_4.png,sparse_sampling_and_reconstruction,4,3.08108,-2.747077821,2.747077821
i01.png,i01_24_5.png,sparse_sampling_and_reconstruction,5,0.45946,-5.781255702,5.781255702
i02.png,i02_01_1.png,additive_gaussian_noise,1,5.74286,0.145255143,-0.145255143
i02.png,i02_01_2.png,additive_gaussian_noise,2,5.34286,-0.129375535,0.129375535
i02.png,i02_01_3.png,additive_gaussian_noise,3,5.22222,-0.511855511,0.511855511
i02.png,i02_01_4.png,additive_gaussian_noise,4,4.19444,-1.480440657,1.480440657
i02.png,i02_01_5.png,additive_gaussian_noise,5,3.97297,-1.992764721,1.992764721
i02.png,i02_02_1.png,additive_noise_in_color_more_intensive_than_additive_noise_in_the_luminance,1,6.05556,0.407129263,-0.407129263
i02.png,i02_02_2.png,additive_noise_in_color_more_intensive_than_additive_noise_in_the_luminance,2,6.05405,0.273730431,-0.273730431
i02.png,i02_02_3.png,additive_noise_in_color_more_intensive_than_additive_noise_in_the_luminance,3,5.88889,0.239068268,-0.239068268
i02.png,i02_02_4.png,additive_noise_in_color_more_intensive_than_additive_noise_in_the_luminance,4,5.2973,-0.401734856,0.401734856
i02.png,i02_02_5.png,additive_noise_in_color_more_intensive_than_additive_noise_in_the_luminance,5,4.38889,-1.377390056,1.377390056
i02.png,i02_03_1.png,spatially_correlated_noise,1,4.8,-0.559274137,0.559274137
i02.png,i02_03_2.png,spatially_correlated_noise,2,4.43243,-1.358203515,1.358203515
i02.png,i02_03_3.png,spatially_correlated_noise,3,3.83784,-2.100600355,2.100600355
i02.png,i02_03_4.png,spatially_correlated_noise,4,3.52778,-2.898392435,2.898392435
i02.png,i02_03_5.png,spatially_correlated_noise,5,2.91892,-3.620691161,3.620691161
i02.png,i02_04_1.png,masked_noise,1,6.28571,0.585109929,-0.585109929
i02.png,i02_04_2.png,masked_noise,2,6.16216,0.306825948,-0.306825948
i02.png,i02_04_3.png,masked_noise,3,5.19444,-0.18845683,0.18845683
i02.png,i02_04_4.png,masked_noise,4,4.74286,-0.669327847,0.669327847
i02.png,i02_04_5.png,masked_noise,5,4.28571,-1.492089434,1.492089434
i02.png,i02_05_1.png,high_frequency_noise,1,6.11765,0.450648621,-0.450648621
i02.png,i02_05_2.png,high_frequency_noise,2,6.11111,0.335096799,-0.335096799
i02.png,i02_05_3.png,high_frequency_noise,3,5.43243,-0.188010815,0.188010815
i02.png,i02_05_4.png,high_frequency_noise,4,4.37838,-1.519697652,1.519697652
i02.png,i02_05_5.png,high_frequency_noise,5,3.41667,-2.860816388,2.860816388
i02.png,i02_06_1.png,impulse_noise,1,4.55556,-1.143351666,1.143351666
i02.png,i02_06_2.png,impulse_noise,2,4.27778,-1.464519111,1.464519111
i02.png,i02_06_3.png,impulse_noise,3,3.72973,-2.296756657,2.296756657
i02.png,i02_06_4.png,impulse_noise,4,3.48571,-2.659752864,2.659752864
i02.png,i02_06_5.png,impulse_noise,5,3.10811,-3.32611391,3.32611391
i02.png,i02_07_1.png,quantization_noise,1,5.91429,0.241189273,-0.241189273
i02.png,i02_07_2.png,quantization_noise,2,5.58333,-0.154455768,0.154455768
i02.png,i02_07_3.png,quantization_noise,3,3.76471,-2.067338868,2.067338868
i02.png,i02_07_4.png,quantization_noise,4,3.75676,-2.299734236,2.299734236
i02.png,i02_07_5.png,quantization_noise,5,2.85714,-3.581995485,3.581995485
i02.png,i02_08_1.png,gaussian_blur,1,6.10811,0.30439632,-0.30439632
i02.png,i02_08_2.png,gaussian_blur,2,5.16667,-0.40578203,0.40578203
i02.png,i02_08_3.png,gaussian_blur,3,4.54286,-1.177064765,1.177064765
i02.png,i02_08_4.png,gaussian_blur,4,3.83784,-2.224679699,2.224679699
i02.png,i02_08_5.png,gaussian_blur,5,3.02703,-3.524779059,3.524779059
i02.png,i02_09_1.png,image_denoising,1,6.0,0.389032929,-0.389032929
i02.png,i02_09_2.png,image_denoising,2,5.51429,-0.035599692,0.035599692
i02.png,i02_09_3.png,image_denoising,3,4.52778,-0.963157756,0.963157756
i02.png,i02_09_4.png,image_denoising,4,3.64865,-2.491085011,2.491085011
i02.png,i02_09_5.png,image_denoising,5,2.41667,-4.51971933,4.51971933
i02.png,i02_10_1.png,JPEG_compression,1,6.0,0.214586785,-0.214586785
i02.png,i02_10_2.png,JPEG_compression,2,5.97222,0.303877535,-0.303877535
i02.png,i02_10_3.png,JPEG_compression,3,5.43243,-0.248628508,0.248628508
i02.png,i02_10_4.png,JPEG_compression,4,3.5,-2.609473158,2.609473158
i02.png,i02_10_5.png,JPEG_compression,5,2.71429,-4.260526623,4.260526623
i02.png,i02_11_1.png,JPEG2000_compression,1,5.91667,0.043019275,-0.043019275
i02.png,i02_11_2.png,JPEG2000_compression,2,4.80556,-0.709011698,0.709011698
i02.png,i02_11_3.png,JPEG2000_compression,3,2.97297,-3.640162965,3.640162965
i02.png,i02_11_4.png,JPEG2000_compression,4,1.91892,-5.548257195,5.548257195
i02.png,i02_11_5.png,JPEG2000_compression,5,1.27778,-6.7242234,6.7242234
i02.png,i02_12_1.png,JPEG_transmission_errors,1,5.30556,-0.520740138,0.520740138
i02.png,i02_12_2.png,JPEG_transmission_errors,2,4.43243,-1.417739313,1.417739313
i02.png,i02_12_3.png,JPEG_transmission_errors,3,3.08108,-3.401535051,3.401535051
i02.png,i02_12_4.png,JPEG_transmission_errors,4,2.67568,-4.13695877,4.13695877
i02.png,i02_12_5.png,JPEG_transmission_errors,5,2.37143,-4.840018669,4.840018669
i02.png,i02_13_1.png,JPEG2000_transmission_errors,1,4.47222,-1.204723989,1.204723989
i02.png,i02_13_2.png,JPEG2000_transmission_errors,2,4.0,-1.800108115,1.800108115
i02.png,i02_13_3.png,JPEG2000_transmission_errors,3,3.38889,-2.608569034,2.608569034
i02.png,i02_13_4.png,JPEG2000_transmission_errors,4,2.89189,-3.812806949,3.812806949
i02.png,i02_13_5.png,JPEG2000_transmission_errors,5,3.61111,-2.586596358,2.586596358
i02.png,i02_14_1.png,non_eccentricity_pattern_noise,1,5.75,0.017674205,-0.017674205
i02.png,i02_14_2.png,non_eccentricity_pattern_noise,2,6.08108,0.309073483,-0.309073483
i02.png,i02_14_3.png,non_eccentricity_pattern_noise,3,5.11429,-0.245525417,0.245525417
i02.png,i02_14_4.png,non_eccentricity_pattern_noise,4,5.31429,-0.450715887,0.450715887
i02.png,i02_14_5.png,non_eccentricity_pattern_noise,5,4.21622,-1.447464576,1.447464576
i02.png,i02_15_1.png,local_block_wise_distortions_of_different_intensity,1,3.4,-2.750306367,2.750306367
i02.png,i02_15_2.png,local_block_wise_distortions_of_different_intensity,2,3.62162,-2.541310596,2.541310596
i02.png,i02_15_3.png,local_block_wise_distortions_of_different_intensity,3,3.83333,-2.372303482,2.372303482
i02.png,i02_15_4.png,local_block_wise_distortions_of_different_intensity,4,3.83784,-2.222912773,2.222912773
i02.png,i02_15_5.png,local_block_wise_distortions_of_different_intensity,5,4.2,-1.612724282,1.612724282
i02.png,i02_16_1.png,intensity_shift,1,5.94595,0.195084591,-0.195084591
i02.png,i02_16_2.png,intensity_shift,2,6.08333,0.265019496,-0.265019496
i02.png,i02_16_3.png,intensity_shift,3,5.32432,-0.338056031,0.338056031
i02.png,i02_16_4.png,intensity_shift,4,5.13889,-0.594761212,0.594761212
i02.png,i02_16_5.png,intensity_shift,5,4.56757,-1.229159177,1.229159177
i02.png,i02_17_1.png,contrast_change,1,5.91667,0.131484504,-0.131484504
i02.png,i02_17_2.png,contrast_change,2,5.68571,0.044360521,-0.044360521
i02.png,i02_17_3.png,contrast_change,3,4.83784,-1.038131365,1.038131365
i02.png,i02_17_4.png,contrast_change,4,4.77143,-0.880060514,0.880060514
i02.png,i02_17_5.png,contrast_change,5,3.91667,-2.246902083,2.246902083
i02.png,i02_18_1.png,change_of_color_saturation,1,5.97222,0.276471579,-0.276471579
i02.png,i02_18_2.png,change_of_color_saturation,2,5.59459,-0.154889492,0.154889492
i02.png,i02_18_3.png,change_of_color_saturation,3,4.82857,-0.671616011,0.671616011
i02.png,i02_18_4.png,change_of_color_saturation,4,4.91892,-0.71918253,0.71918253
i02.png,i02_18_5.png,change_of_color_saturation,5,4.54286,-1.225517905,1.225517905
i02.png,i02_19_1.png,multiplicative_gaussian_noise,1,5.77778,0.158968086,-0.158968086
i02.png,i02_19_2.png,multiplicative_gaussian_noise,2,5.43243,-0.218542231,0.218542231
i02.png,i02_19_3.png,multiplicative_gaussian_noise,3,4.83333,-0.745884411,0.745884411
i02.png,i02_19_4.png,multiplicative_gaussian_noise,4,4.22222,-1.4335917,1.4335917
i02.png,i02_19_5.png,multiplicative_gaussian_noise,5,3.75676,-2.311226174,2.311226174
i02.png,i02_20_1.png,comfort_noise,1,6.05405,0.282658593,-0.282658593
i02.png,i02_20_2.png,comfort_noise,2,6.17143,0.399294566,-0.399294566
i02.png,i02_20_3.png,comfort_noise,3,5.30556,-0.273786159,0.273786159
i02.png,i02_20_4.png,comfort_noise,4,4.0,-1.610925983,1.610925983
i02.png,i02_20_5.png,comfort_noise,5,2.80556,-3.572963224,3.572963224
i02.png,i02_21_1.png,lossy_compression_of_noisy_images,1,5.97297,0.254873439,-0.254873439
i02.png,i02_21_2.png,lossy_compression_of_noisy_images,2,5.2973,-0.260389426,0.260389426
i02.png,i02_21_3.png,lossy_compression_of_noisy_images,3,4.6,-1.021235287,1.021235287
i02.png,i02_21_4.png,lossy_compression_of_noisy_images,4,3.27778,-3.040314824,3.040314824
i02.png,i02_21_5.png,lossy_compression_of_noisy_images,5,2.36111,-4.968619256,4.968619256
i02.png,i02_22_1.png,image_color_quantization_with_dither,1,5.51351,-0.184901728,0.184901728
i02.png,i02_22_2.png,image_color_quantization_with_dither,2,5.24324,-0.235552565,0.235552565
i02.png,i02_22_3.png,image_color_quantization_with_dither,3,4.48571,-1.32677548,1.32677548
i02.png,i02_22_4.png,image_color_quantization_with_dither,4,3.80556,-2.266274019,2.266274019
i02.png,i02_22_5.png,image_color_quantization_with_dither,5,2.22222,-4.996336849,4.996336849
i02.png,i02_23_1.png,chromatic_aberrations,1,6.77778,0.55897476,-0.55897476
i02.png,i02_23_2.png,chromatic_aberrations,2,5.54054,-0.231031806,0.231031806
i02.png,i02_23_3.png,chromatic_aberrations,3,3.44444,-2.653229132,2.653229132
i02.png,i02_23_4.png,chromatic_aberrations,4,2.16216,-4.968998142,4.968998142
i02.png,i02_23_5.png,chromatic_aberrations,5,0.81081,-7.238576143,7.238576143
i02.png,i02_24_1.png,sparse_sampling_and_reconstruction,1,6.08108,0.275185096,-0.275185096
i02.png,i02_24_2.png,sparse_sampling_and_reconstruction,2,4.91667,-0.876974284,0.876974284
i02.png,i02_24_3.png,sparse_sampling_and_reconstruction,3,3.0,-3.296905393,3.296905393
i02.png,i02_24_4.png,sparse_sampling_and_reconstruction,4,2.11111,-5.271417809,5.271417809
i02.png,i02_24_5.png,sparse_sampling_and_reconstruction,5,0.89189,-7.049672893,7.049672893
i03.png,i03_01_1.png,additive_gaussian_noise,1,5.76923,-0.446073244,0.446073244
i03.png,i03_01_2.png,additive_gaussian_noise,2,5.10526,-0.891741592,0.891741592
i03.png,i03_01_3.png,additive_gaussian_noise,3,4.68421,-1.398164394,1.398164394
i03.png,i03_01_4.png,additive_gaussian_noise,4,4.25,-1.975047584,1.975047584
i03.png,i03_01_5.png,additive_gaussian_noise,5,3.925,-2.511081324,2.511081324
i03.png,i03_02_1.png,additive_noise_in_color_more_intensive_than_additive_noise_in_the_luminance,1,6.18421,-0.00333606,0.00333606
i03.png,i03_02_2.png,additive_noise_in_color_more_intensive_than_additive_noise_in_the_luminance,2,6.28205,-0.171660167,0.171660167
i03.png,i03_02_3.png,additive_noise_in_color_more_intensive_than_additive_noise_in_the_luminance,3,5.25,-0.851936131,0.851936131
i03.png,i03_02_4.png,additive_noise_in_color_more_intensive_than_additive_noise_in_the_luminance,4,5.0,-1.240848583,1.240848583
i03.png,i03_02_5.png,additive_noise_in_color_more_intensive_than_additive_noise_in_the_luminance,5,4.6,-1.672250234,1.672250234
i03.png,i03_03_1.png,spatially_correlated_noise,1,4.65,-1.639650026,1.639650026
i03.png,i03_03_2.png,spatially_correlated_noise,2,4.07692,-2.268356576,2.268356576
i03.png,i03_03_3.png,spatially_correlated_noise,3,3.85,-2.802140951,2.802140951
i03.png,i03_03_4.png,spatially_correlated_noise,4,3.28205,-3.474191127,3.474191127
i03.png,i03_03_5.png,spatially_correlated_noise,5,2.89474,-4.145727491,4.145727491
i03.png,i03_04_1.png,masked_noise,1,6.38462,0.073206953,-0.073206953
i03.png,i03_04_2.png,masked_noise,2,5.65789,-0.405443604,0.405443604
i03.png,i03_04_3.png,masked_noise,3,5.225,-0.928400829,0.928400829
i03.png,i03_04_4.png,masked_noise,4,4.6,-1.617135993,1.617135993
i03.png,i03_04_5.png,masked_noise,5,3.575,-2.875351534,2.875351534
i03.png,i03_05_1.png,high_frequency_noise,1,6.5,0.217177741,-0.217177741
i03.png,i03_05_2.png,high_frequency_noise,2,5.63158,-0.285404804,0.285404804
i03.png,i03_05_3.png,high_frequency_noise,3,5.3,-1.000248061,1.000248061
i03.png,i03_05_4.png,high_frequency_noise,4,4.30769,-1.986620022,1.986620022
i03.png,i03_05_5.png,high_frequency_noise,5,3.47368,-3.20944002,3.20944002
i03.png,i03_06_1.png,impulse_noise,1,4.81579,-1.229521194,1.229521194
i03.png,i03_06_2.png,impulse_noise,2,4.53846,-1.722515048,1.722515048
i03.png,i03_06_3.png,impulse_noise,3,4.1,-2.304116884,2.304116884
i03.png,i03_06_4.png,impulse_noise,4,3.75,-2.676754116,2.676754116
i03.png,i03_06_5.png,impulse_noise,5,3.5,-3.299443865,3.299443865
i03.png,i03_07_1.png,quantization_noise,1,4.97436,-1.196082126,1.196082126
i03.png,i03_07_2.png,quantization_noise,2,4.1,-2.105090691,2.105090691
i03.png,i03_07_3.png,quantization_noise,3,3.84615,-2.569029003,2.569029003
i03.png,i03_07_4.png,quantization_noise,4,3.825,-2.60843134,2.60843134
i03.png,i03_07_5.png,quantization_noise,5,3.61538,-3.271565235,3.271565235
i03.png,i03_08_1.png,gaussian_blur,1,6.34211,0.113196815,-0.113196815
i03.png,i03_08_2.png,gaussian_blur,2,5.6,-0.533042909,0.533042909
i03.png,i03_08_3.png,gaussian_blur,3,4.47368,-1.604884941,1.604884941
i03.png,i03_08_4.png,gaussian_blur,4,3.75,-2.597056459,2.597056459
i03.png,i03_08_5.png,gaussian_blur,5,2.95,-3.926403159,3.926403159
i03.png,i03_09_1.png,image_denoising,1,6.65,0.28989484,-0.28989484
i03.png,i03_09_2.png,image_denoising,2,6.25641,0.05176494,-0.05176494
i03.png,i03_09_3.png,image_denoising,3,5.475,-0.699127619,0.699127619
i03.png,i03_09_4.png,image_denoising,4,3.74359,-2.552780308,2.552780308
i03.png,i03_09_5.png,image_denoising,5,2.47368,-4.883891971,4.883891971
i03.png,i03_10_1.png,JPEG_compression,1,6.23684,0.161922966,-0.161922966
i03.png,i03_10_2.png,JPEG_compression,2,5.66667,-0.348522148,0.348522148
i03.png,i03_10_3.png,JPEG_compression,3,5.05128,-1.16165483,1.16165483
i03.png,i03_10_4.png,JPEG_compression,4,3.3,-3.435565626,3.435565626
i03.png,i03_10_5.png,JPEG_compression,5,2.48718,-5.036059192,5.036059192
i03.png,i03_11_1.png,JPEG2000_compression,1,5.36842,-0.830515149,0.830515149
i03.png,i03_11_2.png,JPEG2000_compression,2,4.07692,-2.43924016,2.43924016
i03.png,i03_11_3.png,JPEG2000_compression,3,2.84615,-4.096476455,4.096476455
i03.png,i03_11_4.png,JPEG2000_compression,4,1.82051,-5.922049229,5.922049229
i03.png,i03_11_5.png,JPEG2000_compression,5,0.7,-7.571034381,7.571034381
i03.png,i03_12_1.png,JPEG_transmission_errors,1,5.41026,-0.893845787,0.893845787
i03.png,i03_12_2.png,JPEG_transmission_errors,2,4.07895,-2.174554764,2.174554764
i03.png,i03_12_3.png,JPEG_transmission_errors,3,2.84211,-4.015550277,4.015550277
i03.png,i03_12_4.png,JPEG_transmission_errors,4,3.1,-3.937930928,3.937930928
i03.png,i03_12_5.png,JPEG_transmission_errors,5,2.4,-4.993896661,4.993896661
i03.png,i03_13_1.png,JPEG2000_transmission_errors,1,5.12821,-0.999608742,0.999608742
i03.png,i03_13_2.png,JPEG2000_transmission_errors,2,3.64103,-3.218858135,3.218858135
i03.png,i03_13_3.png,JPEG2000_transmission_errors,3,3.925,-2.592559119,2.592559119
i03.png,i03_13_4.png,JPEG2000_transmission_errors,4,2.925,-3.902228722,3.902228722
i03.png,i03_13_5.png,JPEG2000_transmission_errors,5,2.42105,-5.049322705,5.049322705
i03.png,i03_14_1.png,non_eccentricity_pattern_noise,1,5.07692,-1.189101163,1.189101163
i03.png,i03_14_2.png,non_eccentricity_pattern_noise,2,6.0,-0.188549888,0.188549888
i03.png,i03_14_3.png,non_eccentricity_pattern_noise,3,4.85,-1.21178878,1.21178878
i03.png,i03_14_4.png,non_eccentricity_pattern_noise,4,4.46154,-1.792350017,1.792350017
i03.png,i03_14_5.png,non_eccentricity_pattern_noise,5,3.5,-3.190181072,3.190181072
i03.png,i03_15_1.png,local_block_wise_distortions_of_different_intensity,1,3.725,-2.70839764,2.70839764
i03.png,i03_15_2.png,local_block_wise_distortions_of_different_intensity,2,4.05,-2.514101977,2.514101977
i03.png,i03_15_3.png,local_block_wise_distortions_of_different_intensity,3,4.025,-2.439490085,2.439490085
i03.png,i03_15_4.png,local_block_wise_distortions_of_different_intensity,4,4.28205,-1.940924192,1.940924192
i03.png,i03_15_5.png,local_block_wise_distortions_of_different_intensity,5,4.79487,-1.567203895,1.567203895
i03.png,i03_16_1.png,intensity_shift,1,6.82051,0.532966163,-0.532966163
i03.png,i03_16_2.png,intensity_shift,2,6.525,0.283694323,-0.283694323
i03.png,i03_16_3.png,intensity_shift,3,5.975,-0.168546877,0.168546877
i03.png,i03_16_4.png,intensity_shift,4,6.075,-0.132085841,0.132085841
i03.png,i03_16_5.png,intensity_shift,5,5.02564,-1.14215291,1.14215291
i03.png,i03_17_1.png,contrast_change,1,6.28205,0.005459196,-0.005459196
i03.png,i03_17_2.png,contrast_change,2,6.75,0.470171139,-0.470171139
i03.png,i03_17_3.png,contrast_change,3,5.2,-0.866802971,0.866802971
i03.png,i03_17_4.png,contrast_change,4,6.575,0.19322656,-0.19322656
i03.png,i03_17_5.png,contrast_change,5,3.79487,-2.551996379,2.551996379
i03.png,i03_18_1.png,change_of_color_saturation,1,5.76923,-0.246325246,0.246325246
i03.png,i03_18_2.png,change_of_color_saturation,2,5.71795,-0.346246839,0.346246839
i03.png,i03_18_3.png,change_of_color_saturation,3,5.5641,-0.462340705,0.462340705
i03.png,i03_18_4.png,change_of_color_saturation,4,5.0,-1.096314435,1.096314435
i03.png,i03_18_5.png,change_of_color_saturation,5,4.65789,-1.519982495,1.519982495
i03.png,i03_19_1.png,multiplicative_gaussian_noise,1,5.51282,-0.577645573,0.577645573
i03.png,i03_19_2.png,multiplicative_gaussian_noise,2,5.02564,-1.105236542,1.105236542
i03.png,i03_19_3.png,multiplicative_gaussian_noise,3,4.7,-1.702934331,1.702934331
i03.png,i03_19_4.png,multiplicative_gaussian_noise,4,4.30769,-2.269171141,2.269171141
i03.png,i03_19_5.png,multiplicative_gaussian_noise,5,3.69231,-2.87193379,2.87193379
i03.png,i03_20_1.png,comfort_noise,1,5.84211,-0.132998643,0.132998643
i03.png,i03_20_2.png,comfort_noise,2,5.46154,-0.65768171,0.65768171
i03.png,i03_20_3.png,comfort_noise,3,4.15789,-2.075554359,2.075554359
i03.png,i03_20_4.png,comfort_noise,4,3.17949,-3.521758807,3.521758807
i03.png,i03_20_5.png,comfort_noise,5,2.825,-4.314148992,4.314148992
i03.png,i03_21_1.png,lossy_compression_of_noisy_images,1,5.23684,-0.817025447,0.817025447
i03.png,i03_21_2.png,lossy_compression_of_noisy_images,2,4.4359,-1.686880203,1.686880203
i03.png,i03_21_3.png,lossy_compression_of_noisy_images,3,3.89744,-2.537529593,2.537529593
i03.png,i03_21_4.png,lossy_compression_of_noisy_images,4,3.17949,-3.552358777,3.552358777
i03.png,i03_21_5.png,lossy_compression_of_noisy_images,5,2.1,-5.384229308,5.384229308
i03.png,i03_22_1.png,image_color_quantization_with_dither,1,5.97436,-0.209279207,0.209279207
i03.png,i03_22_2.png,image_color_quantization_with_dither,2,5.35897,-0.795678361,0.795678361
i03.png,i03_22_3.png,image_color_quantization_with_dither,3,5.23077,-0.864458838,0.864458838
i03.png,i03_22_4.png,image_color_quantization_with_dither,4,4.35897,-1.883701815,1.883701815
i03.png,i03_22_5.png,image_color_quantization_with_dither,5,3.92105,-2.616472064,2.616472064
i03.png,i03_23_1.png,chromatic_aberrations,1,6.71795,0.358897754,-0.358897754
i03.png,i03_23_2.png,chromatic_aberrations,2,5.84615,-0.256871106,0.256871106
i03.png,i03_23_3.png,chromatic_aberrations,3,3.9,-2.716123326,2.716123326
i03.png,i03_23_4.png,chromatic_aberrations,4,2.65789,-4.386139024,4.386139024
i03.png,i03_23_5.png,chromatic_aberrations,5,1.975,-5.67858523,5.67858523
i03.png,i03_24_1.png,sparse_sampling_and_reconstruction,1,5.74359,-0.410545097,0.410545097
i03.png,i03_24_2.png,sparse_sampling_and_reconstruction,2,4.20513,-2.184501853,2.184501853
i03.png,i03_24_3.png,sparse_sampling_and_reconstruction,3,2.825,-4.475023689,4.475023689
i03.png,i03_24_4.png,sparse_sampling_and_reconstruction,4,1.81579,-6.173213625,6.173213625
i03.png,i03_24_5.png,sparse_sampling_and_reconstruction,5,0.42105,-7.565670863,7.565670863
i04.png,i04_01_1.png,additive_gaussian_noise,1,5.7619,-0.38953403,0.38953403
i04.png,i04_01_2.png,additive_gaussian_noise,2,5.47619,-0.798856352,0.798856352
i04.png,i04_01_3.png,additive_gaussian_noise,3,4.92857,-1.621842711,1.621842711
i04.png,i04_01_4.png,additive_gaussian_noise,4,4.26829,-2.316436187,2.316436187
i04.png,i04_01_5.png,additive_gaussian_noise,5,4.0,-2.960308549,2.960308549
i04.png,i04_02_1.png,additive_noise_in_color_more_intensive_than_additive_noise_in_the_luminance,1,6.275,0.163002561,-0.163002561
i04.png,i04_02_2.png,additive_noise_in_color_more_intensive_than_additive_noise_in_the_luminance,2,6.15385,-0.136972009,0.136972009
i04.png,i04_02_3.png,additive_noise_in_color_more_intensive_than_additive_noise_in_the_luminance,3,5.68293,-0.515788801,0.515788801
i04.png,i04_02_4.png,additive_noise_in_color_more_intensive_than_additive_noise_in_the_luminance,4,5.30952,-1.292261177,1.292261177
i04.png,i04_02_5.png,additive_noise_in_color_more_intensive_than_additive_noise_in_the_luminance,5,4.53659,-2.04447595,2.04447595
i04.png,i04_03_1.png,spatially_correlated_noise,1,4.78049,-1.8067158,1.8067158
i04.png,i04_03_2.png,spatially_correlated_noise,2,4.21429,-2.594369004,2.594369004
i04.png,i04_03_3.png,spatially_correlated_noise,3,3.9,-3.308547385,3.308547385
i04.png,i04_03_4.png,spatially_correlated_noise,4,3.425,-4.015243255,4.015243255
i04.png,i04_03_5.png,spatially_correlated_noise,5,3.02381,-4.675247,4.675247
i04.png,i04_04_1.png,masked_noise,1,6.125,0.122499109,-0.122499109
i04.png,i04_04_2.png,masked_noise,2,6.26829,0.160554481,-0.160554481
i04.png,i04_04_3.png,masked_noise,3,6.15,-0.207480684,0.207480684
i04.png,i04_04_4.png,masked_noise,4,5.47619,-0.687272695,0.687272695
i04.png,i04_04_5.png,masked_noise,5,4.80952,-1.871519799,1.871519799
i04.png,i04_05_1.png,high_frequency_noise,1,6.30952,0.078768791,-0.078768791
i04.png,i04_05_2.png,high_frequency_noise,2,5.90244,-0.206289294,0.206289294
i04.png,i04_05_3.png,high_frequency_noise,3,5.325,-1.063541049,1.063541049
i04.png,i04_05_4.png,high_frequency_noise,4,4.47619,-2.212237843,2.212237843
i04.png,i04_05_5.png,high_frequency_noise,5,3.70732,-3.571197178,3.571197178
i04.png,i04_06_1.png,impulse_noise,1,5.02381,-1.309188696,1.309188696
i04.png,i04_06_2.png,impulse_noise,2,4.56098,-2.005934856,2.005934856
i04.png,i04_06_3.png,impulse_noise,3,4.2619,-2.383738558,2.383738558
i04.png,i04_06_4.png,impulse_noise,4,4.19512,-2.826708714,2.826708714
i04.png,i04_06_5.png,impulse_noise,5,3.45,-4.006392591,4.006392591
i04.png,i04_07_1.png,quantization_noise,1,4.69048,-1.902395897,1.902395897
i04.png,i04_07_2.png,quantization_noise,2,4.075,-2.937517269,2.937517269
i04.png,i04_07_3.png,quantization_noise,3,3.52381,-4.035692458,4.035692458
i04.png,i04_07_4.png,quantization_noise,4,3.14286,-4.740112396,4.740112396
i04.png,i04_07_5.png,quantization_noise,5,2.95238,-5.298174631,5.298174631
i04.png,i04_08_1.png,gaussian_blur,1,6.30952,0.145192244,-0.145192244
i04.png,i04_08_2.png,gaussian_blur,2,5.92683,-0.189383327,0.189383327
i04.png,i04_08_3.png,gaussian_blur,3,5.38095,-0.860736513,0.860736513
i04.png,i04_08_4.png,gaussian_blur,4,4.375,-2.271527296,2.271527296
i04.png,i04_08_5.png,gaussian_blur,5,3.66667,-3.663156857,3.663156857
i04.png,i04_09_1.png,image_denoising,1,6.38095,0.165393036,-0.165393036
i04.png,i04_09_2.png,image_denoising,2,5.80488,-0.332148837,0.332148837
i04.png,i04_09_3.png,image_denoising,3,5.04878,-1.395773967,1.395773967
i04.png,i04_09_4.png,image_denoising,4,3.78049,-3.303867402,3.303867402
i04.png,i04_09_5.png,image_denoising,5,2.5,-5.668144881,5.668144881
i04.png,i04_10_1.png,JPEG_compression,1,6.07143,0.008966991,-0.008966991
i04.png,i04_10_2.png,JPEG_compression,2,5.97561,-0.301094669,0.301094669
i04.png,i04_10_3.png,JPEG_compression,3,5.07143,-1.349116235,1.349116235
i04.png,i04_10_4.png,JPEG_compression,4,3.2619,-4.428617932,4.428617932
i04.png,i04_10_5.png,JPEG_compression,5,2.19048,-6.523001493,6.523001493
i04.png,i04_11_1.png,JPEG2000_compression,1,5.3,-1.065293612,1.065293612
i04.png,i04_11_2.png,JPEG2000_compression,2,4.0,-3.07545149,3.07545149
i04.png,i04_11_3.png,JPEG2000_compression,3,2.90244,-5.074671536,5.074671536
i04.png,i04_11_4.png,JPEG2000_compression,4,2.0,-6.484649801,6.484649801
i04.png,i04_11_5.png,JPEG2000_compression,5,0.88095,-8.656109406,8.656109406
i04.png,i04_12_1.png,JPEG_transmission_errors,1,6.05,-0.011406848,0.011406848
i04.png,i04_12_2.png,JPEG_transmission_errors,2,4.64286,-2.046754219,2.046754219
i04.png,i04_12_3.png,JPEG_transmission_errors,3,3.92857,-2.983978471,2.983978471
i04.png,i04_12_4.png,JPEG_transmission_errors,4,2.90476,-5.035014436,5.035014436
i04.png,i04_12_5.png,JPEG_transmission_errors,5,2.65854,-5.256767023,5.256767023
i04.png,i04_13_1.png,JPEG2000_transmission_errors,1,4.66667,-1.945737227,1.945737227
i04.png,i04_13_2.png,JPEG2000_transmission_errors,2,3.84615,-3.371353342,3.371353342
i04.png,i04_13_3.png,JPEG2000_transmission_errors,3,3.35714,-4.277940587,4.277940587
i04.png,i04_13_4.png,JPEG2000_transmission_errors,4,3.46341,-4.075476435,4.075476435
i04.png,i04_13_5.png,JPEG2000_transmission_errors,5,2.38095,-5.69368119,5.69368119
i04.png,i04_14_1.png,non_eccentricity_pattern_noise,1,5.07143,-1.215715162,1.215715162
i04.png,i04_14_2.png,non_eccentricity_pattern_noise,2,6.40476,0.059581134,-0.059581134
i04.png,i04_14_3.png,non_eccentricity_pattern_noise,3,6.0,-0.230211888,0.230211888
i04.png,i04_14_4.png,non_eccentricity_pattern_noise,4,4.40476,-2.051461481,2.051461481
i04.png,i04_14_5.png,non_eccentricity_pattern_noise,5,3.60976,-3.580161613,3.580161613
i04.png,i04_15_1.png,local_block_wise_distortions_of_different_intensity,1,3.38095,-4.01156547,4.01156547
i04.png,i04_15_2.png,local_block_wise_distortions_of_different_intensity,2,3.40476,-3.860395161,3.860395161
i04.png,i04_15_3.png,local_block_wise_distortions_of_different_intensity,3,3.5,-3.861241376,3.861241376
i04.png,i04_15_4.png,local_block_wise_distortions_of_different_intensity,4,3.7561,-3.543029567,3.543029567
i04.png,i04_15_5.png,local_block_wise_distortions_of_different_intensity,5,4.05128,-2.875540943,2.875540943
i04.png,i04_16_1.png,intensity_shift,1,6.28571,0.101741646,-0.101741646
i04.png,i04_16_2.png,intensity_shift,2,6.64286,0.294111401,-0.294111401
i04.png,i04_16_3.png,intensity_shift,3,6.09524,-0.183063479,0.183063479
i04.png,i04_16_4.png,intensity_shift,4,5.66667,-0.326679732,0.326679732
i04.png,i04_16_5.png,intensity_shift,5,5.15385,-1.157735638,1.157735638
i04.png,i04_17_1.png,contrast_change,1,6.0,-0.110735689,0.110735689
i04.png,i04_17_2.png,contrast_change,2,6.66667,0.619693447,-0.619693447
i04.png,i04_17_3.png,contrast_change,3,4.78049,-1.466980961,1.466980961
i04.png,i04_17_4.png,contrast_change,4,7.21429,0.771359669,-0.771359669
i04.png,i04_17_5.png,contrast_change,5,3.925,-2.849107617,2.849107617
i04.png,i04_18_1.png,change_of_color_saturation,1,5.41463,-0.595157986,0.595157986
i04.png,i04_18_2.png,change_of_color_saturation,2,5.02439,-1.279614874,1.279614874
i04.png,i04_18_3.png,change_of_color_saturation,3,4.66667,-1.946026441,1.946026441
i04.png,i04_18_4.png,change_of_color_saturation,4,4.2381,-2.291406032,2.291406032
i04.png,i04_18_5.png,change_of_color_saturation,5,3.92683,-2.897254858,2.897254858
i04.png,i04_19_1.png,multiplicative_gaussian_noise,1,5.45238,-0.74925111,0.74925111
i04.png,i04_19_2.png,multiplicative_gaussian_noise,2,5.35714,-1.044926605,1.044926605
i04.png,i04_19_3.png,multiplicative_gaussian_noise,3,4.90244,-1.812455642,1.812455642
i04.png,i04_19_4.png,multiplicative_gaussian_noise,4,4.425,-2.399417567,2.399417567
i04.png,i04_19_5.png,multiplicative_gaussian_noise,5,4.16667,-2.805861095,2.805861095
i04.png,i04_20_1.png,comfort_noise,1,6.45238,0.103838709,-0.103838709
i04.png,i04_20_2.png,comfort_noise,2,5.225,-0.784055098,0.784055098
i04.png,i04_20_3.png,comfort_noise,3,4.19048,-2.70819771,2.70819771
i04.png,i04_20_4.png,comfort_noise,4,3.11905,-4.682820108,4.682820108
i04.png,i04_20_5.png,comfort_noise,5,2.41463,-5.858627428,5.858627428
i04.png,i04_21_1.png,lossy_compression_of_noisy_images,1,5.14634,-1.047669304,1.047669304
i04.png,i04_21_2.png,lossy_compression_of_noisy_images,2,4.73171,-1.741176958,1.741176958
i04.png,i04_21_3.png,lossy_compression_of_noisy_images,3,3.80952,-3.211078641,3.211078641
i04.png,i04_21_4.png,lossy_compression_of_noisy_images,4,3.21951,-4.172818116,4.172818116
i04.png,i04_21_5.png,lossy_compression_of_noisy_images,5,2.0,-7.161505027,7.161505027
i04.png,i04_22_1.png,image_color_quantization_with_dither,1,6.02439,0.001622324,-0.001622324
i04.png,i04_22_2.png,image_color_quantization_with_dither,2,5.78571,-0.408726391,0.408726391
i04.png,i04_22_3.png,image_color_quantization_with_dither,3,4.42857,-2.376035233,2.376035233
i04.png,i04_22_4.png,image_color_quantization_with_dither,4,4.12195,-2.773659323,2.773659323
i04.png,i04_22_5.png,image_color_quantization_with_dither,5,2.90476,-4.970072696,4.970072696
i04.png,i04_23_1.png,chromatic_aberrations,1,6.425,0.144384486,-0.144384486
i04.png,i04_23_2.png,chromatic_aberrations,2,5.40476,-0.850486819,0.850486819
i04.png,i04_23_3.png,chromatic_aberrations,3,3.87805,-3.246890672,3.246890672
i04.png,i04_23_4.png,chromatic_aberrations,4,2.95122,-4.825203045,4.825203045
i04.png,i04_23_5.png,chromatic_aberrations,5,1.47619,-7.852001797,7.852001797
i04.png,i04_24_1.png,sparse_sampling_and_reconstruction,1,5.54762,-0.800774069,0.800774069
i04.png,i04_24_2.png,sparse_sampling_and_reconstruction,2,3.7619,-3.542151007,3.542151007
i04.png,i04_24_3.png,sparse_sampling_and_reconstruction,3,2.58537,-5.312156104,5.312156104
i04.png,i04_24_4.png,sparse_sampling_and_reconstruction,4,1.90476,-7.127896457,7.127896457
i04.png,i04_24_5.png,sparse_sampling_and_reconstruction,5,0.58537,-8.854307636,8.854307636
i05.png,i05_01_1.png,additive_gaussian_noise,1,5.525,-0.201618444,0.201618444
i05.png,i05_01_2.png,additive_gaussian_noise,2,5.5,-0.244992248,0.244992248
i05.png,i05_01_3.png,additive_gaussian_noise,3,4.84615,-0.787365816,0.787365816
i05.png,i05_01_4.png,additive_gaussian_noise,4,4.05128,-1.224834716,1.224834716
i05.png,i05_01_5.png,additive_gaussian_noise,5,3.56098,-1.878574158,1.878574158
i05.png,i05_02_1.png,additive_noise_in_color_more_intensive_than_additive_noise_in_the_luminance,1,5.82927,0.0492253,-0.0492253
i05.png,i05_02_2.png,additive_noise_in_color_more_intensive_than_additive_noise_in_the_luminance,2,5.68293,0.064746232,-0.064746232
i05.png,i05_02_3.png,additive_noise_in_color_more_intensive_than_additive_noise_in_the_luminance,3,5.325,-0.247354248,0.247354248
i05.png,i05_02_4.png,additive_noise_in_color_more_intensive_than_additive_noise_in_the_luminance,4,5.09756,-0.409028799,0.409028799
i05.png,i05_02_5.png,additive_noise_in_color_more_intensive_than_additive_noise_in_the_luminance,5,4.25641,-1.156030521,1.156030521
i05.png,i05_03_1.png,spatially_correlated_noise,1,5.09756,-0.464723207,0.464723207
i05.png,i05_03_2.png,spatially_correlated_noise,2,4.4878,-0.963053255,0.963053255
i05.png,i05_03_3.png,spatially_correlated_noise,3,3.675,-1.699433272,1.699433272
i05.png,i05_03_4.png,spatially_correlated_noise,4,3.07317,-2.39899896,2.39899896
i05.png,i05_03_5.png,spatially_correlated_noise,5,2.375,-3.178154543,3.178154543
i05.png,i05_04_1.png,masked_noise,1,5.63415,-0.041853151,0.041853151
i05.png,i05_04_2.png,masked_noise,2,5.75,0.104309353,-0.104309353
i05.png,i05_04_3.png,masked_noise,3,5.575,-0.05436624,0.05436624
i05.png,i05_04_4.png,masked_noise,4,4.92683,-0.596055677,0.596055677
i05.png,i05_04_5.png,masked_noise,5,4.4,-1.053760232,1.053760232
i05.png,i05_05_1.png,high_frequency_noise,1,5.625,0.027378676,-0.027378676
i05.png,i05_05_2.png,high_frequency_noise,2,5.39024,-0.211563682,0.211563682
i05.png,i05_05_3.png,high_frequency_noise,3,4.7,-0.68698274,0.68698274
i05.png,i05_05_4.png,high_frequency_noise,4,3.81579,-1.618173355,1.618173355
i05.png,i05_05_5.png,high_frequency_noise,5,2.92308,-2.557477374,2.557477374
i05.png,i05_06_1.png,impulse_noise,1,4.375,-0.991034844,0.991034844
i05.png,i05_06_2.png,impulse_noise,2,3.92308,-1.458378428,1.458378428
i05.png,i05_06_3.png,impulse_noise,3,3.5,-1.867842425,1.867842425
i05.png,i05_06_4.png,impulse_noise,4,3.31707,-2.29232177,2.29232177
i05.png,i05_06_5.png,impulse_noise,5,2.51282,-2.890711177,2.890711177
i05.png,i05_07_1.png,quantization_noise,1,5.275,-0.226329909,0.226329909
i05.png,i05_07_2.png,quantization_noise,2,5.26829,-0.341297974,0.341297974
i05.png,i05_07_3.png,quantization_noise,3,4.53846,-0.875162035,0.875162035
i05.png,i05_07_4.png,quantization_noise,4,4.05128,-1.285320583,1.285320583
i05.png,i05_07_5.png,quantization_noise,5,3.14634,-2.38083508,2.38083508
i05.png,i05_08_1.png,gaussian_blur,1,5.4,-0.212419286,0.212419286
i05.png,i05_08_2.png,gaussian_blur,2,4.66667,-0.70313548,0.70313548
i05.png,i05_08_3.png,gaussian_blur,3,3.65854,-1.723933628,1.723933628
i05.png,i05_08_4.png,gaussian_blur,4,2.78049,-2.706443189,2.706443189
i05.png,i05_08_5.png,gaussian_blur,5,1.25,-4.01329211,4.01329211
i05.png,i05_09_1.png,image_denoising,1,5.825,0.02746724,-0.02746724
i05.png,i05_09_2.png,image_denoising,2,5.825,0.116961427,-0.116961427
i05.png,i05_09_3.png,image_denoising,3,5.325,-0.345083565,0.345083565
i05.png,i05_09_4.png,image_denoising,4,3.5,-1.908478211,1.908478211
i05.png,i05_09_5.png,image_denoising,5,1.36585,-3.855282695,3.855282695
i05.png,i05_10_1.png,JPEG_compression,1,5.73171,-0.05749482,0.05749482
i05.png,i05_10_2.png,JPEG_compression,2,5.15385,-0.359729841,0.359729841
i05.png,i05_10_3.png,JPEG_compression,3,4.70732,-0.740369859,0.740369859
i05.png,i05_10_4.png,JPEG_compression,4,3.43902,-1.975937392,1.975937392
i05.png,i05_10_5.png,JPEG_compression,5,1.87805,-3.570105435,3.570105435
i05.png,i05_11_1.png,JPEG2000_compression,1,5.7561,0.05769489,-0.05769489
i05.png,i05_11_2.png,JPEG2000_compression,2,5.4,-0.183513897,0.183513897
i05.png,i05_11_3.png,JPEG2000_compression,3,4.5,-0.833129272,0.833129272
i05.png,i05_11_4.png,JPEG2000_compression,4,3.66667,-1.523440007,1.523440007
i05.png,i05_11_5.png,JPEG2000_compression,5,2.25,-3.293556099,3.293556099
i05.png,i05_12_1.png,JPEG_transmission_errors,1,5.68293,-0.001008063,0.001008063
i05.png,i05_12_2.png,JPEG_transmission_errors,2,5.775,-0.038820835,0.038820835
i05.png,i05_12_3.png,JPEG_transmission_errors,3,5.35,-0.159894782,0.159894782
i05.png,i05_12_4.png,JPEG_transmission_errors,4,3.8,-1.61523167,1.61523167
i05.png,i05_12_5.png,JPEG_transmission_errors,5,2.725,-2.815944022,2.815944022
i05.png,i05_13_1.png,JPEG2000_transmission_errors,1,5.46341,-0.216433442,0.216433442
i05.png,i05_13_2.png,JPEG2000_transmission_errors,2,4.90244,-0.533516077,0.533516077
i05.png,i05_13_3.png,JPEG2000_transmission_errors,3,3.475,-1.887997551,1.887997551
i05.png,i05_13_4.png,JPEG2000_transmission_errors,4,2.97561,-2.476175561,2.476175561
i05.png,i05_13_5.png,JPEG2000_transmission_errors,5,1.97368,-3.457845677,3.457845677
i05.png,i05_14_1.png,non_eccentricity_pattern_noise,1,5.92683,0.148456332,-0.148456332
i05.png,i05_14_2.png,non_eccentricity_pattern_noise,2,5.53659,-0.076373014,0.076373014
i05.png,i05_14_3.png,non_eccentricity_pattern_noise,3,5.60976,-0.058811898,0.058811898
i05.png,i05_14_4.png,non_eccentricity_pattern_noise,4,5.225,-0.439620668,0.439620668
i05.png,i05_14_5.png,non_eccentricity_pattern_noise,5,4.31707,-1.124509552,1.124509552
i05.png,i05_15_1.png,local_block_wise_distortions_of_different_intensity,1,3.05,-2.358839391,2.358839391
i05.png,i05_15_2.png,local_block_wise_distortions_of_different_intensity,2,3.1,-2.234337852,2.234337852
i05.png,i05_15_3.png,local_block_wise_distortions_of_different_intensity,3,3.31707,-2.09623681,2.09623681
i05.png,i05_15_4.png,local_block_wise_distortions_of_different_intensity,4,3.9,-1.615300693,1.615300693
i05.png,i05_15_5.png,local_block_wise_distortions_of_different_intensity,5,3.84615,-1.55974927,1.55974927
i05.png,i05_16_1.png,intensity_shift,1,6.15,0.314357894,-0.314357894
i05.png,i05_16_2.png,intensity_shift,2,5.95,0.085293846,-0.085293846
i05.png,i05_16_3.png,intensity_shift,3,5.58537,-0.189046969,0.189046969
i05.png,i05_16_4.png,intensity_shift,4,5.09756,-0.62645211,0.62645211
i05.png,i05_16_5.png,intensity_shift,5,4.25,-1.09897682,1.09897682
i05.png,i05_17_1.png,contrast_change,1,5.3,-0.220597297,0.220597297
i05.png,i05_17_2.png,contrast_change,2,6.82927,0.664673045,-0.664673045
i05.png,i05_17_3.png,contrast_change,3,4.025,-1.386384514,1.386384514
i05.png,i05_17_4.png,contrast_change,4,6.56098,0.50723741,-0.50723741
i05.png,i05_17_5.png,contrast_change,5,2.8,-2.585818886,2.585818886
i05.png,i05_18_1.png,change_of_color_saturation,1,4.775,-0.694149405,0.694149405
i05.png,i05_18_2.png,change_of_color_saturation,2,4.20513,-1.016477145,1.016477145
i05.png,i05_18_3.png,change_of_color_saturation,3,3.74359,-1.60219273,1.60219273
i05.png,i05_18_4.png,change_of_color_saturation,4,3.53846,-1.817265564,1.817265564
i05.png,i05_18_5.png,change_of_color_saturation,5,3.15,-2.163464563,2.163464563
i05.png,i05_19_1.png,multiplicative_gaussian_noise,1,5.175,-0.370083757,0.370083757
i05.png,i05_19_2.png,multiplicative_gaussian_noise,2,4.80488,-0.67540882,0.67540882
i05.png,i05_19_3.png,multiplicative_gaussian_noise,3,4.225,-1.110845839,1.110845839
i05.png,i05_19_4.png,multiplicative_gaussian_noise,4,3.65,-1.719112826,1.719112826
i05.png,i05_19_5.png,multiplicative_gaussian_noise,5,3.36585,-2.050260567,2.050260567
i05.png,i05_20_1.png,comfort_noise,1,5.68293,-0.0855934,0.0855934
i05.png,i05_20_2.png,comfort_noise,2,5.56098,-0.081869706,0.081869706
i05.png,i05_20_3.png,comfort_noise,3,5.02439,-0.476039034,0.476039034
i05.png,i05_20_4.png,comfort_noise,4,4.475,-0.949033312,0.949033312
i05.png,i05_20_5.png,comfort_noise,5,3.28205,-2.012487471,2.012487471
i05.png,i05_21_1.png,lossy_compression_of_noisy_images,1,5.6,-0.025804392,0.025804392
i05.png,i05_21_2.png,lossy_compression_of_noisy_images,2,4.925,-0.656677697,0.656677697
i05.png,i05_21_3.png,lossy_compression_of_noisy_images,3,4.36585,-1.080268664,1.080268664
i05.png,i05_21_4.png,lossy_compression_of_noisy_images,4,3.35,-1.981115581,1.981115581
i05.png,i05_21_5.png,lossy_compression_of_noisy_images,5,2.475,-2.959952396,2.959952396
i05.png,i05_22_1.png,image_color_quantization_with_dither,1,5.275,-0.248059772,0.248059772
i05.png,i05_22_2.png,image_color_quantization_with_dither,2,5.25,-0.27274357,0.27274357
i05.png,i05_22_3.png,image_color_quantization_with_dither,3,4.7561,-0.726921021,0.726921021
i05.png,i05_22_4.png,image_color_quantization_with_dither,4,4.1,-1.39000291,1.39000291
i05.png,i05_22_5.png,image_color_quantization_with_dither,5,3.17073,-2.14048064,2.14048064
i05.png,i05_23_1.png,chromatic_aberrations,1,5.73171,-0.001307201,0.001307201
i05.png,i05_23_2.png,chromatic_aberrations,2,5.575,-0.098587465,0.098587465
i05.png,i05_23_3.png,chromatic_aberrations,3,5.63415,-0.000554647,0.000554647
i05.png,i05_23_4.png,chromatic_aberrations,4,5.7561,-0.025445516,0.025445516
i05.png,i05_23_5.png,chromatic_aberrations,5,5.43902,-0.206847055,0.206847055
i05.png,i05_24_1.png,sparse_sampling_and_reconstruction,1,5.525,0.024408137,-0.024408137
i05.png,i05_24_2.png,sparse_sampling_and_reconstruction,2,5.60976,-0.098376379,0.098376379
i05.png,i05_24_3.png,sparse_sampling_and_reconstruction,3,5.2,-0.377295626,0.377295626
i05.png,i05_24_4.png,sparse_sampling_and_reconstruction,4,3.95122,-1.486894207,1.486894207
i05.png,i05_24_5.png,sparse_sampling_and_reconstruction,5,2.60976,-2.861721746,2.861721746
i06.png,i06_01_1.png,additive_gaussian_noise,1,5.75676,-0.675275764,0.675275764
i06.png,i06_01_2.png,additive_gaussian_noise,2,5.16667,-0.977597476,0.977597476
i06.png,i06_01_3.png,additive_gaussian_noise,3,5.02703,-1.248110578,1.248110578
i06.png,i06_01_4.png,additive_gaussian_noise,4,4.31429,-1.683781269,1.683781269
i06.png,i06_01_5.png,additive_gaussian_noise,5,3.61111,-2.520341275,2.520341275
i06.png,i06_02_1.png,additive_noise_in_color_more_intensive_than_additive_noise_in_the_luminance,1,6.16216,-0.442654954,0.442654954
i06.png,i06_02_2.png,additive_noise_in_color_more_intensive_than_additive_noise_in_the_luminance,2,5.78378,-0.64642743,0.64642743
i06.png,i06_02_3.png,additive_noise_in_color_more_intensive_than_additive_noise_in_the_luminance,3,5.45946,-0.884090469,0.884090469
i06.png,i06_02_4.png,additive_noise_in_color_more_intensive_than_additive_noise_in_the_luminance,4,4.83333,-1.287795663,1.287795663
i06.png,i06_02_5.png,additive_noise_in_color_more_intensive_than_additive_noise_in_the_luminance,5,4.38889,-1.794620269,1.794620269
i06.png,i06_03_1.png,spatially_correlated_noise,1,4.58333,-1.391482848,1.391482848
i06.png,i06_03_2.png,spatially_correlated_noise,2,4.05714,-1.899603511,1.899603511
i06.png,i06_03_3.png,spatially_correlated_noise,3,3.47222,-2.480086577,2.480086577
i06.png,i06_03_4.png,spatially_correlated_noise,4,2.94595,-3.158801264,3.158801264
i06.png,i06_03_5.png,spatially_correlated_noise,5,2.5,-3.736697056,3.736697056
i06.png,i06_04_1.png,masked_noise,1,5.83333,-0.627019585,0.627019585
i06.png,i06_04_2.png,masked_noise,2,5.86111,-0.541434704,0.541434704
i06.png,i06_04_3.png,masked_noise,3,5.69444,-0.688223539,0.688223539
i06.png,i06_04_4.png,masked_noise,4,5.08108,-1.097814799,1.097814799
i06.png,i06_04_5.png,masked_noise,5,4.58333,-1.51077186,1.51077186
i06.png,i06_05_1.png,high_frequency_noise,1,5.91892,-0.53401974,0.53401974
i06.png,i06_05_2.png,high_frequency_noise,2,5.71429,-0.814352809,0.814352809
i06.png,i06_05_3.png,high_frequency_noise,3,4.97297,-1.231559594,1.231559594
i06.png,i06_05_4.png,high_frequency_noise,4,4.02857,-2.040168779,2.040168779
i06.png,i06_05_5.png,high_frequency_noise,5,2.94595,-3.308680813,3.308680813
i06.png,i06_06_1.png,impulse_noise,1,4.61111,-1.449992833,1.449992833
i06.png,i06_06_2.png,impulse_noise,2,4.38889,-1.699575485,1.699575485
i06.png,i06_06_3.png,impulse_noise,3,3.77778,-2.177622637,2.177622637
i06.png,i06_06_4.png,impulse_noise,4,3.52778,-2.653619444,2.653619444
i06.png,i06_06_5.png,impulse_noise,5,3.05405,-3.100864335,3.100864335
i06.png,i06_07_1.png,quantization_noise,1,5.32432,-0.99082703,0.99082703
i06.png,i06_07_2.png,quantization_noise,2,5.11429,-1.153429724,1.153429724
i06.png,i06_07_3.png,quantization_noise,3,4.40541,-1.694820341,1.694820341
i06.png,i06_07_4.png,quantization_noise,4,3.14286,-2.859527981,2.859527981
i06.png,i06_07_5.png,quantization_noise,5,2.68571,-3.547192604,3.547192604
i06.png,i06_08_1.png,gaussian_blur,1,5.18919,-1.084972841,1.084972841
i06.png,i06_08_2.png,gaussian_blur,2,4.58333,-1.576748808,1.576748808
i06.png,i06_08_3.png,gaussian_blur,3,3.48571,-2.488537207,2.488537207
i06.png,i06_08_4.png,gaussian_blur,4,2.7027,-3.630352985,3.630352985
i06.png,i06_08_5.png,gaussian_blur,5,2.05405,-4.545306488,4.545306488
i06.png,i06_09_1.png,image_denoising,1,6.05405,-0.519982061,0.519982061
i06.png,i06_09_2.png,image_denoising,2,5.86486,-0.672170869,0.672170869
i06.png,i06_09_3.png,image_denoising,3,4.86486,-1.353522345,1.353522345
i06.png,i06_09_4.png,image_denoising,4,3.0,-3.083514475,3.083514475
i06.png,i06_09_5.png,image_denoising,5,1.65714,-4.91103435,4.91103435
i06.png,i06_10_1.png,JPEG_compression,1,5.83784,-0.621612611,0.621612611
i06.png,i06_10_2.png,JPEG_compression,2,5.62857,-0.718581211,0.718581211
i06.png,i06_10_3.png,JPEG_compression,3,5.42857,-1.058874426,1.058874426
i06.png,i06_10_4.png,JPEG_compression,4,3.16216,-3.01097695,3.01097695
i06.png,i06_10_5.png,JPEG_compression,5,1.77778,-4.95355972,4.95355972
i06.png,i06_11_1.png,JPEG2000_compression,1,5.54054,-0.842988597,0.842988597
i06.png,i06_11_2.png,JPEG2000_compression,2,5.19444,-1.000299955,1.000299955
i06.png,i06_11_3.png,JPEG2000_compression,3,4.5,-1.630501911,1.630501911
i06.png,i06_11_4.png,JPEG2000_compression,4,3.08108,-3.098835448,3.098835448
i06.png,i06_11_5.png,JPEG2000_compression,5,0.75676,-5.98391222,5.98391222
i06.png,i06_12_1.png,JPEG_transmission_errors,1,5.86111,-0.691092474,0.691092474
i06.png,i06_12_2.png,JPEG_transmission_errors,2,4.75,-1.496449125,1.496449125
i06.png,i06_12_3.png,JPEG_transmission_errors,3,4.35135,-1.794511326,1.794511326
i06.png,i06_12_4.png,JPEG_transmission_errors,4,3.62857,-2.240017378,2.240017378
i06.png,i06_12_5.png,JPEG_transmission_errors,5,3.83784,-2.229287287,2.229287287
i06.png,i06_13_1.png,JPEG2000_transmission_errors,1,4.67568,-1.49031236,1.49031236
i06.png,i06_13_2.png,JPEG2000_transmission_errors,2,4.82857,-1.314311068,1.314311068
i06.png,i06_13_3.png,JPEG2000_transmission_errors,3,4.17143,-1.853511892,1.853511892
i06.png,i06_13_4.png,JPEG2000_transmission_errors,4,3.19444,-3.08484177,3.08484177
i06.png,i06_13_5.png,JPEG2000_transmission_errors,5,2.7027,-3.635017162,3.635017162
i06.png,i06_14_1.png,non_eccentricity_pattern_noise,1,6.0,-0.559558929,0.559558929
i06.png,i06_14_2.png,non_eccentricity_pattern_noise,2,6.0,-0.477381893,0.477381893
i06.png,i06_14_3.png,non_eccentricity_pattern_noise,3,4.77143,-1.261729511,1.261729511
i06.png,i06_14_4.png,non_eccentricity_pattern_noise,4,4.33333,-1.667916013,1.667916013
i06.png,i06_14_5.png,non_eccentricity_pattern_noise,5,4.30556,-1.761446703,1.761446703
i06.png,i06_15_1.png,local_block_wise_distortions_of_different_intensity,1,3.62162,-2.70887435,2.70887435
i06.png,i06_15_2.png,local_block_wise_distortions_of_different_intensity,2,3.32432,-2.740948499,2.740948499
i06.png,i06_15_3.png,local_block_wise_distortions_of_different_intensity,3,3.75,-2.271217671,2.271217671
i06.png,i06_15_4.png,local_block_wise_distortions_of_different_intensity,4,4.40541,-1.796372932,1.796372932
i06.png,i06_15_5.png,local_block_wise_distortions_of_different_intensity,5,4.83333,-1.266010689,1.266010689
i06.png,i06_16_1.png,intensity_shift,1,5.56757,-0.760322471,0.760322471
i06.png,i06_16_2.png,intensity_shift,2,6.25,-0.406003241,0.406003241
i06.png,i06_16_3.png,intensity_shift,3,5.08333,-1.09970647,1.09970647
i06.png,i06_16_4.png,intensity_shift,4,5.83784,-0.784620643,0.784620643
i06.png,i06_16_5.png,intensity_shift,5,4.13889,-1.873322005,1.873322005
i06.png,i06_17_1.png,contrast_change,1,5.55556,-0.818568003,0.818568003
i06.png,i06_17_2.png,contrast_change,2,6.08108,-0.50665852,0.50665852
i06.png,i06_17_3.png,contrast_change,3,4.05556,-1.944976586,1.944976586
i06.png,i06_17_4.png,contrast_change,4,5.83784,-0.83745189,0.83745189
i06.png,i06_17_5.png,contrast_change,5,3.37838,-2.860326971,2.860326971
i06.png,i06_18_1.png,change_of_color_saturation,1,5.2,-1.20773177,1.20773177
i06.png,i06_18_2.png,change_of_color_saturation,2,4.36111,-1.652473449,1.652473449
i06.png,i06_18_3.png,change_of_color_saturation,3,3.88889,-2.128858961,2.128858961
i06.png,i06_18_4.png,change_of_color_saturation,4,3.72973,-2.369747666,2.369747666
i06.png,i06_18_5.png,change_of_color_saturation,5,3.78378,-2.52786882,2.52786882
i06.png,i06_19_1.png,multiplicative_gaussian_noise,1,5.33333,-0.980709402,0.980709402
i06.png,i06_19_2.png,multiplicative_gaussian_noise,2,5.27027,-1.075690769,1.075690769
i06.png,i06_19_3.png,multiplicative_gaussian_noise,3,4.94595,-1.25751747,1.25751747
i06.png,i06_19_4.png,multiplicative_gaussian_noise,4,4.19444,-1.869444722,1.869444722
i06.png,i06_19_5.png,multiplicative_gaussian_noise,5,3.59459,-2.497787015,2.497787015
i06.png,i06_20_1.png,comfort_noise,1,5.61111,-0.694548302,0.694548302
i06.png,i06_20_2.png,comfort_noise,2,5.27778,-0.826104846,0.826104846
i06.png,i06_20_3.png,comfort_noise,3,5.59459,-0.767876844,0.767876844
i06.png,i06_20_4.png,comfort_noise,4,4.94595,-1.334083322,1.334083322
i06.png,i06_20_5.png,comfort_noise,5,3.97297,-2.158022327,2.158022327
i06.png,i06_21_1.png,lossy_compression_of_noisy_images,1,5.7027,-0.726270614,0.726270614
i06.png,i06_21_2.png,lossy_compression_of_noisy_images,2,5.11111,-1.146525036,1.146525036
i06.png,i06_21_3.png,lossy_compression_of_noisy_images,3,4.71429,-1.432051787,1.432051787
i06.png,i06_21_4.png,lossy_compression_of_noisy_images,4,3.63889,-2.390860541,2.390860541
i06.png,i06_21_5.png,lossy_compression_of_noisy_images,5,2.80556,-3.436192541,3.436192541
i06.png,i06_22_1.png,image_color_quantization_with_dither,1,5.63889,-0.688955996,0.688955996
i06.png,i06_22_2.png,image_color_quantization_with_dither,2,5.27778,-0.985824833,0.985824833
i06.png,i06_22_3.png,image_color_quantization_with_dither,3,4.16216,-1.969776076,1.969776076
i06.png,i06_22_4.png,image_color_quantization_with_dither,4,3.56757,-2.736638702,2.736638702
i06.png,i06_22_5.png,image_color_quantization_with_dither,5,2.97297,-3.401170759,3.401170759
i06.png,i06_23_1.png,chromatic_aberrations,1,5.91429,-0.669969038,0.669969038
i06.png,i06_23_2.png,chromatic_aberrations,2,5.80556,-0.620044391,0.620044391
i06.png,i06_23_3.png,chromatic_aberrations,3,5.67568,-0.741901226,0.741901226
i06.png,i06_23_4.png,chromatic_aberrations,4,5.32432,-1.027721269,1.027721269
i06.png,i06_23_5.png,chromatic_aberrations,5,2.34286,-4.12164108,4.12164108
i06.png,i06_24_1.png,sparse_sampling_and_reconstruction,1,5.83784,-0.564635086,0.564635086
i06.png,i06_24_2.png,sparse_sampling_and_reconstruction,2,5.8,-0.832736891,0.832736891
i06.png,i06_24_3.png,sparse_sampling_and_reconstruction,3,4.81081,-1.360008402,1.360008402
i06.png,i06_24_4.png,sparse_sampling_and_reconstruction,4,3.21622,-3.090965584,3.090965584
i06.png,i06_24_5.png,sparse_sampling_and_reconstruction,5,0.88889,-5.621045987,5.621045987
i07.png,i07_01_1.png,additive_gaussian_noise,1,5.68182,-0.678162569,0.678162569
i07.png,i07_01_2.png,additive_gaussian_noise,2,5.09091,-0.961150041,0.961150041
i07.png,i07_01_3.png,additive_gaussian_noise,3,4.8,-1.506275024,1.506275024
i07.png,i07_01_4.png,additive_gaussian_noise,4,4.45455,-1.742783765,1.742783765
i07.png,i07_01_5.png,additive_gaussian_noise,5,3.97619,-2.306089382,2.306089382
i07.png,i07_02_1.png,additive_noise_in_color_more_intensive_than_additive_noise_in_the_luminance,1,6.04444,-0.327541838,0.327541838
i07.png,i07_02_2.png,additive_noise_in_color_more_intensive_than_additive_noise_in_the_luminance,2,5.86364,-0.545485978,0.545485978
i07.png,i07_02_3.png,additive_noise_in_color_more_intensive_than_additive_noise_in_the_luminance,3,5.55814,-0.703337177,0.703337177
i07.png,i07_02_4.png,additive_noise_in_color_more_intensive_than_additive_noise_in_the_luminance,4,5.23256,-1.088177913,1.088177913
i07.png,i07_02_5.png,additive_noise_in_color_more_intensive_than_additive_noise_in_the_luminance,5,4.75556,-1.547973269,1.547973269
i07.png,i07_03_1.png,spatially_correlated_noise,1,4.93333,-1.238665461,1.238665461
i07.png,i07_03_2.png,spatially_correlated_noise,2,4.22727,-1.922827866,1.922827866
i07.png,i07_03_3.png,spatially_correlated_noise,3,3.73333,-2.435514414,2.435514414
i07.png,i07_03_4.png,spatially_correlated_noise,4,3.31111,-3.063235676,3.063235676
i07.png,i07_03_5.png,spatially_correlated_noise,5,2.73333,-3.708056605,3.708056605
i07.png,i07_04_1.png,masked_noise,1,5.86667,-0.422732281,0.422732281
i07.png,i07_04_2.png,masked_noise,2,6.0,-0.427765238,0.427765238
i07.png,i07_04_3.png,masked_noise,3,5.42222,-0.815871852,0.815871852
i07.png,i07_04_4.png,masked_noise,4,4.95122,-1.385701688,1.385701688
i07.png,i07_04_5.png,masked_noise,5,4.2093,-1.935838967,1.935838967
i07.png,i07_05_1.png,high_frequency_noise,1,6.04444,-0.475585932,0.475585932
i07.png,i07_05_2.png,high_frequency_noise,2,5.8,-0.538497483,0.538497483
i07.png,i07_05_3.png,high_frequency_noise,3,5.15909,-1.074421918,1.074421918
i07.png,i07_05_4.png,high_frequency_noise,4,4.27907,-1.923910118,1.923910118
i07.png,i07_05_5.png,high_frequency_noise,5,3.31818,-2.936861955,2.936861955
i07.png,i07_06_1.png,impulse_noise,1,4.83333,-1.35456129,1.35456129
i07.png,i07_06_2.png,impulse_noise,2,4.61364,-1.61571273,1.61571273
i07.png,i07_06_3.png,impulse_noise,3,4.15909,-2.132713693,2.132713693
i07.png,i07_06_4.png,impulse_noise,4,3.75,-2.506023149,2.506023149
i07.png,i07_06_5.png,impulse_noise,5,3.31818,-3.021755233,3.021755233
i07.png,i07_07_1.png,quantization_noise,1,5.5814,-0.692182567,0.692182567
i07.png,i07_07_2.png,quantization_noise,2,5.19048,-0.992047473,0.992047473
i07.png,i07_07_3.png,quantization_noise,3,4.31818,-1.898977806,1.898977806
i07.png,i07_07_4.png,quantization_noise,4,3.62222,-2.686839005,2.686839005
i07.png,i07_07_5.png,quantization_noise,5,2.83721,-3.395680818,3.395680818
i07.png,i07_08_1.png,gaussian_blur,1,5.86364,-0.406191837,0.406191837
i07.png,i07_08_2.png,gaussian_blur,2,5.53333,-0.768124075,0.768124075
i07.png,i07_08_3.png,gaussian_blur,3,4.5814,-1.566864171,1.566864171
i07.png,i07_08_4.png,gaussian_blur,4,3.42222,-2.861699265,2.861699265
i07.png,i07_08_5.png,gaussian_blur,5,2.63636,-3.957351562,3.957351562
i07.png,i07_09_1.png,image_denoising,1,6.42222,-0.24436049,0.24436049
i07.png,i07_09_2.png,image_denoising,2,6.02222,-0.383928373,0.383928373
i07.png,i07_09_3.png,image_denoising,3,5.22727,-0.988846942,0.988846942
i07.png,i07_09_4.png,image_denoising,4,3.97674,-2.31809549,2.31809549
i07.png,i07_09_5.png,image_denoising,5,2.46667,-4.083785856,4.083785856
i07.png,i07_10_1.png,JPEG_compression,1,6.13333,-0.307506794,0.307506794
i07.png,i07_10_2.png,JPEG_compression,2,5.88636,-0.586441564,0.586441564
i07.png,i07_10_3.png,JPEG_compression,3,5.04545,-1.279828066,1.279828066
i07.png,i07_10_4.png,JPEG_compression,4,3.70455,-2.680687382,2.680687382
i07.png,i07_10_5.png,JPEG_compression,5,2.22727,-4.274460391,4.274460391
i07.png,i07_11_1.png,JPEG2000_compression,1,5.48837,-0.712932129,0.712932129
i07.png,i07_11_2.png,JPEG2000_compression,2,4.51111,-1.580033017,1.580033017
i07.png,i07_11_3.png,JPEG2000_compression,3,3.43182,-2.79459555,2.79459555
i07.png,i07_11_4.png,JPEG2000_compression,4,2.42222,-4.166121262,4.166121262
i07.png,i07_11_5.png,JPEG2000_compression,5,0.97727,-5.499572692,5.499572692
i07.png,i07_12_1.png,JPEG_transmission_errors,1,5.34091,-0.875822796,0.875822796
i07.png,i07_12_2.png,JPEG_transmission_errors,2,4.72727,-1.423112765,1.423112765
i07.png,i07_12_3.png,JPEG_transmission_errors,3,3.53333,-2.802294725,2.802294725
i07.png,i07_12_4.png,JPEG_transmission_errors,4,2.86364,-3.529755323,3.529755323
i07.png,i07_12_5.png,JPEG_transmission_errors,5,2.51111,-4.041003435,4.041003435
i07.png,i07_13_1.png,JPEG2000_transmission_errors,1,4.5814,-1.571841322,1.571841322
i07.png,i07_13_2.png,JPEG2000_transmission_errors,2,4.06818,-2.291993473,2.291993473
i07.png,i07_13_3.png,JPEG2000_transmission_errors,3,3.37209,-3.042863026,3.042863026
i07.png,i07_13_4.png,JPEG2000_transmission_errors,4,2.72727,-3.898785134,3.898785134
i07.png,i07_13_5.png,JPEG2000_transmission_errors,5,2.51111,-4.006183256,4.006183256
i07.png,i07_14_1.png,non_eccentricity_pattern_noise,1,5.79545,-0.471056488,0.471056488
i07.png,i07_14_2.png,non_eccentricity_pattern_noise,2,6.15909,-0.207262696,0.207262696
i07.png,i07_14_3.png,non_eccentricity_pattern_noise,3,5.70455,-0.571116156,0.571116156
i07.png,i07_14_4.png,non_eccentricity_pattern_noise,4,5.22222,-0.976263941,0.976263941
i07.png,i07_14_5.png,non_eccentricity_pattern_noise,5,4.20455,-1.943417965,1.943417965
i07.png,i07_15_1.png,local_block_wise_distortions_of_different_intensity,1,3.63636,-2.424174491,2.424174491
i07.png,i07_15_2.png,local_block_wise_distortions_of_different_intensity,2,3.28889,-3.006842505,3.006842505
i07.png,i07_15_3.png,local_block_wise_distortions_of_different_intensity,3,3.04545,-3.179230691,3.179230691
i07.png,i07_15_4.png,local_block_wise_distortions_of_different_intensity,4,3.34091,-2.857865159,2.857865159
i07.png,i07_15_5.png,local_block_wise_distortions_of_different_intensity,5,3.65116,-2.5038253,2.5038253
i07.png,i07_16_1.png,intensity_shift,1,6.20455,-0.19489148,0.19489148
i07.png,i07_16_2.png,intensity_shift,2,6.34884,-0.267300223,0.267300223
i07.png,i07_16_3.png,intensity_shift,3,5.93333,-0.431215619,0.431215619
i07.png,i07_16_4.png,intensity_shift,4,5.35556,-0.89788319,0.89788319
i07.png,i07_16_5.png,intensity_shift,5,4.81818,-1.265917766,1.265917766
i07.png,i07_17_1.png,contrast_change,1,5.54545,-0.711797299,0.711797299
i07.png,i07_17_2.png,contrast_change,2,6.4,-0.10714283,0.10714283
i07.png,i07_17_3.png,contrast_change,3,4.40476,-1.576903733,1.576903733
i07.png,i07_17_4.png,contrast_change,4,6.72727,-0.039238023,0.039238023
i07.png,i07_17_5.png,contrast_change,5,3.34091,-2.915276966,2.915276966
i07.png,i07_18_1.png,change_of_color_saturation,1,5.38636,-0.840377543,0.840377543
i07.png,i07_18_2.png,change_of_color_saturation,2,4.95455,-1.332274045,1.332274045
i07.png,i07_18_3.png,change_of_color_saturation,3,4.37778,-1.883022919,1.883022919
i07.png,i07_18_4.png,change_of_color_saturation,4,3.86364,-2.388291568,2.388291568
i07.png,i07_18_5.png,change_of_color_saturation,5,3.63636,-2.574233079,2.574233079
i07.png,i07_19_1.png,multiplicative_gaussian_noise,1,5.86667,-0.568700243,0.568700243
i07.png,i07_19_2.png,multiplicative_gaussian_noise,2,5.44444,-0.850050704,0.850050704
i07.png,i07_19_3.png,multiplicative_gaussian_noise,3,4.8,-1.46379744,1.46379744
i07.png,i07_19_4.png,multiplicative_gaussian_noise,4,4.11364,-2.163145495,2.163145495
i07.png,i07_19_5.png,multiplicative_gaussian_noise,5,3.70455,-2.706186226,2.706186226
i07.png,i07_20_1.png,comfort_noise,1,5.75,-0.595241235,0.595241235
i07.png,i07_20_2.png,comfort_noise,2,5.42222,-0.831107346,0.831107346
i07.png,i07_20_3.png,comfort_noise,3,4.4186,-1.694393773,1.694393773
i07.png,i07_20_4.png,comfort_noise,4,3.62222,-2.768269373,2.768269373
i07.png,i07_20_5.png,comfort_noise,5,2.93023,-3.471626386,3.471626386
i07.png,i07_21_1.png,lossy_compression_of_noisy_images,1,5.66667,-0.852057352,0.852057352
i07.png,i07_21_2.png,lossy_compression_of_noisy_images,2,4.95455,-1.260659115,1.260659115
i07.png,i07_21_3.png,lossy_compression_of_noisy_images,3,4.11111,-2.058939506,2.058939506
i07.png,i07_21_4.png,lossy_compression_of_noisy_images,4,3.38636,-3.003749207,3.003749207
i07.png,i07_21_5.png,lossy_compression_of_noisy_images,5,2.32558,-3.998062249,3.998062249
i07.png,i07_22_1.png,image_color_quantization_with_dither,1,5.93333,-0.459680386,0.459680386
i07.png,i07_22_2.png,image_color_quantization_with_dither,2,5.23256,-0.914106091,0.914106091
i07.png,i07_22_3.png,image_color_quantization_with_dither,3,4.65116,-1.470434265,1.470434265
i07.png,i07_22_4.png,image_color_quantization_with_dither,4,4.14286,-2.305338227,2.305338227
i07.png,i07_22_5.png,image_color_quantization_with_dither,5,2.65909,-3.753161793,3.753161793
i07.png,i07_23_1.png,chromatic_aberrations,1,6.02222,-0.320938239,0.320938239
i07.png,i07_23_2.png,chromatic_aberrations,2,5.73333,-0.674630683,0.674630683
i07.png,i07_23_3.png,chromatic_aberrations,3,5.04444,-1.177317178,1.177317178
i07.png,i07_23_4.png,chromatic_aberrations,4,4.2093,-1.837042973,1.837042973
i07.png,i07_23_5.png,chromatic_aberrations,5,2.64444,-3.714754889,3.714754889
i07.png,i07_24_1.png,sparse_sampling_and_reconstruction,1,5.72093,-0.611405737,0.611405737
i07.png,i07_24_2.png,sparse_sampling_and_reconstruction,2,4.93333,-1.356896502,1.356896502
i07.png,i07_24_3.png,sparse_sampling_and_reconstruction,3,3.86364,-2.510682831,2.510682831
i07.png,i07_24_4.png,sparse_sampling_and_reconstruction,4,2.25,-4.359692597,4.359692597
i07.png,i07_24_5.png,sparse_sampling_and_reconstruction,5,0.47619,-5.682696357,5.682696357
i08.png,i08_01_1.png,additive_gaussian_noise,1,5.54839,-0.176546208,0.176546208
i08.png,i08_01_2.png,additive_gaussian_noise,2,4.70968,-0.75133182,0.75133182
i08.png,i08_01_3.png,additive_gaussian_noise,3,4.83871,-0.612480492,0.612480492
i08.png,i08_01_4.png,additive_gaussian_noise,4,4.1,-1.195704374,1.195704374
i08.png,i08_01_5.png,additive_gaussian_noise,5,3.54839,-1.740074375,1.740074375
i08.png,i08_02_1.png,additive_noise_in_color_more_intensive_than_additive_noise_in_the_luminance,1,5.59375,-0.114992548,0.114992548
i08.png,i08_02_2.png,additive_noise_in_color_more_intensive_than_additive_noise_in_the_luminance,2,5.54839,-0.214796269,0.214796269
i08.png,i08_02_3.png,additive_noise_in_color_more_intensive_than_additive_noise_in_the_luminance,3,5.40625,-0.209133079,0.209133079
i08.png,i08_02_4.png,additive_noise_in_color_more_intensive_than_additive_noise_in_the_luminance,4,5.22581,-0.397754591,0.397754591
i08.png,i08_02_5.png,additive_noise_in_color_more_intensive_than_additive_noise_in_the_luminance,5,4.64516,-0.967656195,0.967656195
i08.png,i08_03_1.png,spatially_correlated_noise,1,4.64516,-0.860237651,0.860237651
i08.png,i08_03_2.png,spatially_correlated_noise,2,4.29032,-1.156122393,1.156122393
i08.png,i08_03_3.png,spatially_correlated_noise,3,3.46667,-1.862028399,1.862028399
i08.png,i08_03_4.png,spatially_correlated_noise,4,2.96875,-2.390624451,2.390624451
i08.png,i08_03_5.png,spatially_correlated_noise,5,2.34375,-3.05671689,3.05671689
i08.png,i08_04_1.png,masked_noise,1,6.06452,0.294632075,-0.294632075
i08.png,i08_04_2.png,masked_noise,2,5.83871,-0.081026276,0.081026276
i08.png,i08_04_3.png,masked_noise,3,5.625,-0.155334624,0.155334624
i08.png,i08_04_4.png,masked_noise,4,5.4375,-0.304127295,0.304127295
i08.png,i08_04_5.png,masked_noise,5,4.96774,-0.713284107,0.713284107
i08.png,i08_05_1.png,high_frequency_noise,1,5.33333,-0.242559662,0.242559662
i08.png,i08_05_2.png,high_frequency_noise,2,5.45161,-0.118511821,0.118511821
i08.png,i08_05_3.png,high_frequency_noise,3,4.71875,-0.694262591,0.694262591
i08.png,i08_05_4.png,high_frequency_noise,4,3.96774,-1.290165608,1.290165608
i08.png,i08_05_5.png,high_frequency_noise,5,3.125,-2.296476422,2.296476422
i08.png,i08_06_1.png,impulse_noise,1,4.3871,-0.985723624,0.985723624
i08.png,i08_06_2.png,impulse_noise,2,4.09375,-1.34848474,1.34848474
i08.png,i08_06_3.png,impulse_noise,3,3.93333,-1.499106506,1.499106506
i08.png,i08_06_4.png,impulse_noise,4,3.6129,-1.86042826,1.86042826
i08.png,i08_06_5.png,impulse_noise,5,3.06452,-2.260461119,2.260461119
i08.png,i08_07_1.png,quantization_noise,1,5.5,-0.231501469,0.231501469
i08.png,i08_07_2.png,quantization_noise,2,4.64516,-0.741238726,0.741238726
i08.png,i08_07_3.png,quantization_noise,3,4.16667,-1.261619639,1.261619639
i08.png,i08_07_4.png,quantization_noise,4,3.45161,-1.907132348,1.907132348
i08.png,i08_07_5.png,quantization_noise,5,2.3871,-2.891192741,2.891192741
i08.png,i08_08_1.png,gaussian_blur,1,5.21875,-0.381474964,0.381474964
i08.png,i08_08_2.png,gaussian_blur,2,4.59375,-0.906871415,0.906871415
i08.png,i08_08_3.png,gaussian_blur,3,3.90323,-1.617198606,1.617198606
i08.png,i08_08_4.png,gaussian_blur,4,2.87097,-2.667224726,2.667224726
i08.png,i08_08_5.png,gaussian_blur,5,1.96774,-3.303782747,3.303782747
i08.png,i08_09_1.png,image_denoising,1,5.70968,0.087476997,-0.087476997
i08.png,i08_09_2.png,image_denoising,2,5.875,-0.008173451,0.008173451
i08.png,i08_09_3.png,image_denoising,3,5.03125,-0.607728536,0.607728536
i08.png,i08_09_4.png,image_denoising,4,3.5,-1.964696545,1.964696545
i08.png,i08_09_5.png,image_denoising,5,1.75,-3.633986104,3.633986104
i08.png,i08_10_1.png,JPEG_compression,1,5.96774,0.048134748,-0.048134748
i08.png,i08_10_2.png,JPEG_compression,2,5.59375,-0.15745561,0.15745561
i08.png,i08_10_3.png,JPEG_compression,3,4.6875,-0.737170726,0.737170726
i08.png,i08_10_4.png,JPEG_compression,4,3.21875,-1.985109188,1.985109188
i08.png,i08_10_5.png,JPEG_compression,5,1.34375,-3.931334262,3.931334262
i08.png,i08_11_1.png,JPEG2000_compression,1,6.0,0.04562737,-0.04562737
i08.png,i08_11_2.png,JPEG2000_compression,2,5.25,-0.366462811,0.366462811
i08.png,i08_11_3.png,JPEG2000_compression,3,4.56667,-0.800617102,0.800617102
i08.png,i08_11_4.png,JPEG2000_compression,4,4.19355,-1.374912083,1.374912083
i08.png,i08_11_5.png,JPEG2000_compression,5,2.26667,-3.154217441,3.154217441
i08.png,i08_12_1.png,JPEG_transmission_errors,1,6.19355,0.191453999,-0.191453999
i08.png,i08_12_2.png,JPEG_transmission_errors,2,5.74194,0.02028525,-0.02028525
i08.png,i08_12_3.png,JPEG_transmission_errors,3,5.5,-0.22066103,0.22066103
i08.png,i08_12_4.png,JPEG_transmission_errors,4,4.8125,-0.667524139,0.667524139
i08.png,i08_12_5.png,JPEG_transmission_errors,5,4.25,-1.136985958,1.136985958
i08.png,i08_13_1.png,JPEG2000_transmission_errors,1,5.78125,-0.083926139,0.083926139
i08.png,i08_13_2.png,JPEG2000_transmission_errors,2,3.26667,-2.02477012,2.02477012
i08.png,i08_13_3.png,JPEG2000_transmission_errors,3,4.3871,-0.977454316,0.977454316
i08.png,i08_13_4.png,JPEG2000_transmission_errors,4,2.73333,-2.560427745,2.560427745
i08.png,i08_13_5.png,JPEG2000_transmission_errors,5,2.125,-3.233940622,3.233940622
i08.png,i08_14_1.png,non_eccentricity_pattern_noise,1,5.65625,-0.096169795,0.096169795
i08.png,i08_14_2.png,non_eccentricity_pattern_noise,2,5.4375,-0.183626982,0.183626982
i08.png,i08_14_3.png,non_eccentricity_pattern_noise,3,4.87097,-0.569473516,0.569473516
i08.png,i08_14_4.png,non_eccentricity_pattern_noise,4,4.75,-0.811515328,0.811515328
i08.png,i08_14_5.png,non_eccentricity_pattern_noise,5,4.0,-1.389432846,1.389432846
i08.png,i08_15_1.png,local_block_wise_distortions_of_different_intensity,1,3.77419,-1.716103633,1.716103633
i08.png,i08_15_2.png,local_block_wise_distortions_of_different_intensity,2,2.93548,-2.25108146,2.25108146
i08.png,i08_15_3.png,local_block_wise_distortions_of_different_intensity,3,3.28125,-2.204490894,2.204490894
i08.png,i08_15_4.png,local_block_wise_distortions_of_different_intensity,4,3.6875,-1.788026525,1.788026525
i08.png,i08_15_5.png,local_block_wise_distortions_of_different_intensity,5,3.51613,-1.763067243,1.763067243
i08.png,i08_16_1.png,intensity_shift,1,6.0625,0.223434691,-0.223434691
i08.png,i08_16_2.png,intensity_shift,2,5.75,-0.050498913,0.050498913
i08.png,i08_16_3.png,intensity_shift,3,5.87097,-0.05894883,0.05894883
i08.png,i08_16_4.png,intensity_shift,4,4.90323,-0.571559731,0.571559731
i08.png,i08_16_5.png,intensity_shift,5,4.56667,-0.797687046,0.797687046
i08.png,i08_17_1.png,contrast_change,1,5.40625,-0.201500544,0.201500544
i08.png,i08_17_2.png,contrast_change,2,5.58065,-0.034781903,0.034781903
i08.png,i08_17_3.png,contrast_change,3,4.1875,-1.110672819,1.110672819
i08.png,i08_17_4.png,contrast_change,4,5.06452,-0.487095651,0.487095651
i08.png,i08_17_5.png,contrast_change,5,3.25806,-2.087809172,2.087809172
i08.png,i08_18_1.png,change_of_color_saturation,1,4.25,-0.987634456,0.987634456
i08.png,i08_18_2.png,change_of_color_saturation,2,3.74194,-1.712454775,1.712454775
i08.png,i08_18_3.png,change_of_color_saturation,3,2.9375,-2.437361394,2.437361394
i08.png,i08_18_4.png,change_of_color_saturation,4,2.84375,-2.42674071,2.42674071
i08.png,i08_18_5.png,change_of_color_saturation,5,2.87097,-2.349773057,2.349773057
i08.png,i08_19_1.png,multiplicative_gaussian_noise,1,5.3871,-0.21760816,0.21760816
i08.png,i08_19_2.png,multiplicative_gaussian_noise,2,4.93548,-0.608076892,0.608076892
i08.png,i08_19_3.png,multiplicative_gaussian_noise,3,4.6875,-0.778645802,0.778645802
i08.png,i08_19_4.png,multiplicative_gaussian_noise,4,4.03226,-1.210494719,1.210494719
i08.png,i08_19_5.png,multiplicative_gaussian_noise,5,3.59375,-1.89780449,1.89780449
i08.png,i08_20_1.png,comfort_noise,1,5.87097,0.151843137,-0.151843137
i08.png,i08_20_2.png,comfort_noise,2,5.96774,0.041496928,-0.041496928
i08.png,i08_20_3.png,comfort_noise,3,5.26667,-0.271077264,0.271077264
i08.png,i08_20_4.png,comfort_noise,4,4.625,-0.851547493,0.851547493
i08.png,i08_20_5.png,comfort_noise,5,3.8125,-1.4734828,1.4734828
i08.png,i08_21_1.png,lossy_compression_of_noisy_images,1,5.6875,-0.070740387,0.070740387
i08.png,i08_21_2.png,lossy_compression_of_noisy_images,2,4.93548,-0.682632011,0.682632011
i08.png,i08_21_3.png,lossy_compression_of_noisy_images,3,4.29032,-1.009215427,1.009215427
i08.png,i08_21_4.png,lossy_compression_of_noisy_images,4,3.80645,-1.563216327,1.563216327
i08.png,i08_21_5.png,lossy_compression_of_noisy_images,5,2.67742,-2.522807638,2.522807638
i08.png,i08_22_1.png,image_color_quantization_with_dither,1,5.6129,-0.150433548,0.150433548
i08.png,i08_22_2.png,image_color_quantization_with_dither,2,5.45161,-0.301669524,0.301669524
i08.png,i08_22_3.png,image_color_quantization_with_dither,3,4.16129,-1.109972716,1.109972716
i08.png,i08_22_4.png,image_color_quantization_with_dither,4,3.0625,-2.261439079,2.261439079
i08.png,i08_22_5.png,image_color_quantization_with_dither,5,2.375,-3.096362803,3.096362803
i08.png,i08_23_1.png,chromatic_aberrations,1,6.03226,0.08352354,-0.08352354
i08.png,i08_23_2.png,chromatic_aberrations,2,6.16129,0.084312979,-0.084312979
i08.png,i08_23_3.png,chromatic_aberrations,3,5.67742,0.026097622,-0.026097622
i08.png,i08_23_4.png,chromatic_aberrations,4,5.5,-0.24554508,0.24554508
i08.png,i08_23_5.png,chromatic_aberrations,5,5.4375,-0.240107099,0.240107099
i08.png,i08_24_1.png,sparse_sampling_and_reconstruction,1,5.93548,0.065955377,-0.065955377
i08.png,i08_24_2.png,sparse_sampling_and_reconstruction,2,5.78125,-0.078438198,0.078438198
i08.png,i08_24_3.png,sparse_sampling_and_reconstruction,3,5.29032,-0.296332086,0.296332086
i08.png,i08_24_4.png,sparse_sampling_and_reconstruction,4,3.96774,-1.424277564,1.424277564
i08.png,i08_24_5.png,sparse_sampling_and_reconstruction,5,2.625,-2.726019268,2.726019268
i09.png,i09_01_1.png,additive_gaussian_noise,1,5.36364,-0.717043631,0.717043631
i09.png,i09_01_2.png,additive_gaussian_noise,2,5.0,-0.969360981,0.969360981
i09.png,i09_01_3.png,additive_gaussian_noise,3,4.54545,-1.461360045,1.461360045
i09.png,i09_01_4.png,additive_gaussian_noise,4,4.03226,-2.067374849,2.067374849
i09.png,i09_01_5.png,additive_gaussian_noise,5,3.63636,-2.568339795,2.568339795
i09.png,i09_02_1.png,additive_noise_in_color_more_intensive_than_additive_noise_in_the_luminance,1,5.87879,-0.277730883,0.277730883
i09.png,i09_02_2.png,additive_noise_in_color_more_intensive_than_additive_noise_in_the_luminance,2,6.0303,-0.206214577,0.206214577
i09.png,i09_02_3.png,additive_noise_in_color_more_intensive_than_additive_noise_in_the_luminance,3,5.5625,-0.520650946,0.520650946
i09.png,i09_02_4.png,additive_noise_in_color_more_intensive_than_additive_noise_in_the_luminance,4,4.875,-1.130555465,1.130555465
i09.png,i09_02_5.png,additive_noise_in_color_more_intensive_than_additive_noise_in_the_luminance,5,4.54545,-1.594038619,1.594038619
i09.png,i09_03_1.png,spatially_correlated_noise,1,4.60606,-1.557421289,1.557421289
i09.png,i09_03_2.png,spatially_correlated_noise,2,4.09375,-2.106683723,2.106683723
i09.png,i09_03_3.png,spatially_correlated_noise,3,3.69697,-2.621825243,2.621825243
i09.png,i09_03_4.png,spatially_correlated_noise,4,3.25,-3.332872518,3.332872518
i09.png,i09_03_5.png,spatially_correlated_noise,5,2.87879,-3.671948127,3.671948127
i09.png,i09_04_1.png,masked_noise,1,5.74194,-0.308420971,0.308420971
i09.png,i09_04_2.png,masked_noise,2,5.59375,-0.584194949,0.584194949
i09.png,i09_04_3.png,masked_noise,3,5.3871,-0.669653395,0.669653395
i09.png,i09_04_4.png,masked_noise,4,4.67742,-1.260082071,1.260082071
i09.png,i09_04_5.png,masked_noise,5,4.27273,-1.89035681,1.89035681
i09.png,i09_05_1.png,high_frequency_noise,1,5.93548,-0.213475449,0.213475449
i09.png,i09_05_2.png,high_frequency_noise,2,5.5,-0.550264423,0.550264423
i09.png,i09_05_3.png,high_frequency_noise,3,4.96875,-1.03971418,1.03971418
i09.png,i09_05_4.png,high_frequency_noise,4,4.09091,-1.993926852,1.993926852
i09.png,i09_05_5.png,high_frequency_noise,5,3.59375,-2.917628985,2.917628985
i09.png,i09_06_1.png,impulse_noise,1,5.21875,-1.068992451,1.068992451
i09.png,i09_06_2.png,impulse_noise,2,4.3125,-1.717913652,1.717913652
i09.png,i09_06_3.png,impulse_noise,3,4.16129,-1.937835588,1.937835588
i09.png,i09_06_4.png,impulse_noise,4,3.8125,-2.452904354,2.452904354
i09.png,i09_06_5.png,impulse_noise,5,3.34375,-3.063351187,3.063351187
i09.png,i09_07_1.png,quantization_noise,1,4.87879,-1.084286157,1.084286157
i09.png,i09_07_2.png,quantization_noise,2,4.75,-1.481087745,1.481087745
i09.png,i09_07_3.png,quantization_noise,3,4.12903,-1.932951497,1.932951497
i09.png,i09_07_4.png,quantization_noise,4,3.66667,-2.700335693,2.700335693
i09.png,i09_07_5.png,quantization_noise,5,2.70968,-3.624080443,3.624080443
i09.png,i09_08_1.png,gaussian_blur,1,5.875,-0.108152966,0.108152966
i09.png,i09_08_2.png,gaussian_blur,2,5.24242,-0.830797099,0.830797099
i09.png,i09_08_3.png,gaussian_blur,3,4.34375,-1.621595888,1.621595888
i09.png,i09_08_4.png,gaussian_blur,4,3.48485,-2.8936663,2.8936663
i09.png,i09_08_5.png,gaussian_blur,5,2.375,-4.065849796,4.065849796
i09.png,i09_09_1.png,image_denoising,1,6.54545,0.153499991,-0.153499991
i09.png,i09_09_2.png,image_denoising,2,6.09091,-0.094861824,0.094861824
i09.png,i09_09_3.png,image_denoising,3,5.15152,-0.837415899,0.837415899
i09.png,i09_09_4.png,image_denoising,4,3.90625,-2.298532081,2.298532081
i09.png,i09_09_5.png,image_denoising,5,2.51515,-4.240009285,4.240009285
i09.png,i09_10_1.png,JPEG_compression,1,6.0,-0.092299154,0.092299154
i09.png,i09_10_2.png,JPEG_compression,2,5.65625,-0.449366554,0.449366554
i09.png,i09_10_3.png,JPEG_compression,3,4.90625,-1.123197904,1.123197904
i09.png,i09_10_4.png,JPEG_compression,4,3.19355,-3.02836391,3.02836391
i09.png,i09_10_5.png,JPEG_compression,5,2.34375,-4.39800349,4.39800349
i09.png,i09_11_1.png,JPEG2000_compression,1,5.90625,-0.203935319,0.203935319
i09.png,i09_11_2.png,JPEG2000_compression,2,5.15625,-0.919755131,0.919755131
i09.png,i09_11_3.png,JPEG2000_compression,3,3.96875,-2.32401488,2.32401488
i09.png,i09_11_4.png,JPEG2000_compression,4,2.40625,-4.247233001,4.247233001
i09.png,i09_11_5.png,JPEG2000_compression,5,0.87879,-6.605871407,6.605871407
i09.png,i09_12_1.png,JPEG_transmission_errors,1,6.06061,-0.172915753,0.172915753
i09.png,i09_12_2.png,JPEG_transmission_errors,2,5.90625,-0.238428086,0.238428086
i09.png,i09_12_3.png,JPEG_transmission_errors,3,4.90625,-1.242730028,1.242730028
i09.png,i09_12_4.png,JPEG_transmission_errors,4,2.96875,-3.55374633,3.55374633
i09.png,i09_12_5.png,JPEG_transmission_errors,5,2.84375,-3.854261867,3.854261867
i09.png,i09_13_1.png,JPEG2000_transmission_errors,1,4.51515,-1.542724181,1.542724181
i09.png,i09_13_2.png,JPEG2000_transmission_errors,2,3.77419,-2.686732714,2.686732714
i09.png,i09_13_3.png,JPEG2000_transmission_errors,3,3.33333,-3.274871422,3.274871422
i09.png,i09_13_4.png,JPEG2000_transmission_errors,4,2.81818,-3.681296567,3.681296567
i09.png,i09_13_5.png,JPEG2000_transmission_errors,5,2.87879,-3.61440585,3.61440585
i09.png,i09_14_1.png,non_eccentricity_pattern_noise,1,5.84375,-0.311329528,0.311329528
i09.png,i09_14_2.png,non_eccentricity_pattern_noise,2,5.48485,-0.527165232,0.527165232
i09.png,i09_14_3.png,non_eccentricity_pattern_noise,3,6.28125,0.004800743,-0.004800743
i09.png,i09_14_4.png,non_eccentricity_pattern_noise,4,4.4375,-1.598883306,1.598883306
i09.png,i09_14_5.png,non_eccentricity_pattern_noise,5,3.3125,-2.965324704,2.965324704
i09.png,i09_15_1.png,local_block_wise_distortions_of_different_intensity,1,2.90909,-3.452581243,3.452581243
i09.png,i09_15_2.png,local_block_wise_distortions_of_different_intensity,2,3.06061,-3.204602587,3.204602587
i09.png,i09_15_3.png,local_block_wise_distortions_of_different_intensity,3,3.25,-2.988848288,2.988848288
i09.png,i09_15_4.png,local_block_wise_distortions_of_different_intensity,4,3.59375,-2.66460734,2.66460734
i09.png,i09_15_5.png,local_block_wise_distortions_of_different_intensity,5,5.84848,-0.258280731,0.258280731
i09.png,i09_16_1.png,intensity_shift,1,6.06061,-0.169450285,0.169450285
i09.png,i09_16_2.png,intensity_shift,2,6.30303,-0.006704087,0.006704087
i09.png,i09_16_3.png,intensity_shift,3,5.75,-0.408654446,0.408654446
i09.png,i09_16_4.png,intensity_shift,4,5.90323,-0.247723369,0.247723369
i09.png,i09_16_5.png,intensity_shift,5,4.66667,-1.396055664,1.396055664
i09.png,i09_17_1.png,contrast_change,1,5.8125,-0.361679325,0.361679325
i09.png,i09_17_2.png,contrast_change,2,6.78788,0.463693855,-0.463693855
i09.png,i09_17_3.png,contrast_change,3,4.78125,-1.26568563,1.26568563
i09.png,i09_17_4.png,contrast_change,4,6.36364,-0.093742705,0.093742705
i09.png,i09_17_5.png,contrast_change,5,3.60606,-2.671471758,2.671471758
i09.png,i09_18_1.png,change_of_color_saturation,1,4.81818,-1.201670853,1.201670853
i09.png,i09_18_2.png,change_of_color_saturation,2,4.30303,-1.758104557,1.758104557
i09.png,i09_18_3.png,change_of_color_saturation,3,4.06452,-2.156770053,2.156770053
i09.png,i09_18_4.png,change_of_color_saturation,4,3.3125,-2.823092395,2.823092395
i09.png,i09_18_5.png,change_of_color_saturation,5,3.15625,-3.196550314,3.196550314
i09.png,i09_19_1.png,multiplicative_gaussian_noise,1,5.5,-0.570974714,0.570974714
i09.png,i09_19_2.png,multiplicative_gaussian_noise,2,4.67742,-1.246402399,1.246402399
i09.png,i09_19_3.png,multiplicative_gaussian_noise,3,4.51613,-1.563699551,1.563699551
i09.png,i09_19_4.png,multiplicative_gaussian_noise,4,4.0625,-2.25004403,2.25004403
i09.png,i09_19_5.png,multiplicative_gaussian_noise,5,3.48485,-2.751642007,2.751642007
i09.png,i09_20_1.png,comfort_noise,1,5.8125,-0.260230038,0.260230038
i09.png,i09_20_2.png,comfort_noise,2,5.66667,-0.427178177,0.427178177
i09.png,i09_20_3.png,comfort_noise,3,4.5,-1.329852656,1.329852656
i09.png,i09_20_4.png,comfort_noise,4,3.90909,-2.283699088,2.283699088
i09.png,i09_20_5.png,comfort_noise,5,2.90909,-3.601802637,3.601802637
i09.png,i09_21_1.png,lossy_compression_of_noisy_images,1,5.27273,-0.649922795,0.649922795
i09.png,i09_21_2.png,lossy_compression_of_noisy_images,2,4.8125,-1.213240686,1.213240686
i09.png,i09_21_3.png,lossy_compression_of_noisy_images,3,4.25,-1.929207697,1.929207697
i09.png,i09_21_4.png,lossy_compression_of_noisy_images,4,3.5,-2.801363644,2.801363644
i09.png,i09_21_5.png,lossy_compression_of_noisy_images,5,2.16129,-4.800727776,4.800727776
i09.png,i09_22_1.png,image_color_quantization_with_dither,1,5.71875,-0.321646841,0.321646841
i09.png,i09_22_2.png,image_color_quantization_with_dither,2,5.78788,-0.431291521,0.431291521
i09.png,i09_22_3.png,image_color_quantization_with_dither,3,5.5,-0.752499737,0.752499737
i09.png,i09_22_4.png,image_color_quantization_with_dither,4,4.09375,-1.983227228,1.983227228
i09.png,i09_22_5.png,image_color_quantization_with_dither,5,2.71875,-3.717326139,3.717326139
i09.png,i09_23_1.png,chromatic_aberrations,1,6.25,-0.000643518,0.000643518
i09.png,i09_23_2.png,chromatic_aberrations,2,6.28125,-0.089035408,0.089035408
i09.png,i09_23_3.png,chromatic_aberrations,3,6.0303,-0.211319906,0.211319906
i09.png,i09_23_4.png,chromatic_aberrations,4,4.8125,-1.10409982,1.10409982
i09.png,i09_23_5.png,chromatic_aberrations,5,2.875,-3.474812365,3.474812365
i09.png,i09_24_1.png,sparse_sampling_and_reconstruction,1,5.75,-0.305809331,0.305809331
i09.png,i09_24_2.png,sparse_sampling_and_reconstruction,2,5.09375,-0.941428344,0.941428344
i09.png,i09_24_3.png,sparse_sampling_and_reconstruction,3,3.75,-2.301458618,2.301458618
i09.png,i09_24_4.png,sparse_sampling_and_reconstruction,4,2.0303,-5.003070386,5.003070386
i09.png,i09_24_5.png,sparse_sampling_and_reconstruction,5,0.24242,-7.163154383,7.163154383
i10.png,i10_01_1.png,additive_gaussian_noise,1,5.71795,-0.80944361,0.80944361
i10.png,i10_01_2.png,additive_gaussian_noise,2,5.43243,-1.092266523,1.092266523
i10.png,i10_01_3.png,additive_gaussian_noise,3,4.74359,-1.610617382,1.610617382
i10.png,i10_01_4.png,additive_gaussian_noise,4,4.53846,-1.931459199,1.931459199
i10.png,i10_01_5.png,additive_gaussian_noise,5,3.81579,-2.512576062,2.512576062
i10.png,i10_02_1.png,additive_noise_in_color_more_intensive_than_additive_noise_in_the_luminance,1,6.05405,-0.463533044,0.463533044
i10.png,i10_02_2.png,additive_noise_in_color_more_intensive_than_additive_noise_in_the_luminance,2,5.83784,-0.644276233,0.644276233
i10.png,i10_02_3.png,additive_noise_in_color_more_intensive_than_additive_noise_in_the_luminance,3,5.76923,-0.853201341,0.853201341
i10.png,i10_02_4.png,additive_noise_in_color_more_intensive_than_additive_noise_in_the_luminance,4,5.52632,-0.968943596,0.968943596
i10.png,i10_02_5.png,additive_noise_in_color_more_intensive_than_additive_noise_in_the_luminance,5,4.72973,-1.637363923,1.637363923
i10.png,i10_03_1.png,spatially_correlated_noise,1,5.05405,-1.527332766,1.527332766
i10.png,i10_03_2.png,spatially_correlated_noise,2,4.36111,-1.919773914,1.919773914
i10.png,i10_03_3.png,spatially_correlated_noise,3,4.02564,-2.534395218,2.534395218
i10.png,i10_03_4.png,spatially_correlated_noise,4,3.30769,-3.211286926,3.211286926
i10.png,i10_03_5.png,spatially_correlated_noise,5,2.92308,-3.519302831,3.519302831
i10.png,i10_04_1.png,masked_noise,1,6.07692,-0.603952441,0.603952441
i10.png,i10_04_2.png,masked_noise,2,5.11111,-1.062203149,1.062203149
i10.png,i10_04_3.png,masked_noise,3,5.15789,-1.238118262,1.238118262
i10.png,i10_04_4.png,masked_noise,4,4.76923,-1.589330357,1.589330357
i10.png,i10_04_5.png,masked_noise,5,4.23077,-2.135314555,2.135314555
i10.png,i10_05_1.png,high_frequency_noise,1,6.05128,-0.539337213,0.539337213
i10.png,i10_05_2.png,high_frequency_noise,2,5.79487,-0.760195288,0.760195288
i10.png,i10_05_3.png,high_frequency_noise,3,5.17949,-1.341300947,1.341300947
i10.png,i10_05_4.png,high_frequency_noise,4,4.39474,-1.968314809,1.968314809
i10.png,i10_05_5.png,high_frequency_noise,5,3.34211,-3.205451875,3.205451875
i10.png,i10_06_1.png,impulse_noise,1,5.15789,-1.333797195,1.333797195
i10.png,i10_06_2.png,impulse_noise,2,4.64865,-1.683849632,1.683849632
i10.png,i10_06_3.png,impulse_noise,3,4.57895,-1.943776006,1.943776006
i10.png,i10_06_4.png,impulse_noise,4,3.84211,-2.666474296,2.666474296
i10.png,i10_06_5.png,impulse_noise,5,3.40541,-2.959560481,2.959560481
i10.png,i10_07_1.png,quantization_noise,1,5.54054,-1.030457601,1.030457601
i10.png,i10_07_2.png,quantization_noise,2,5.02564,-1.375473481,1.375473481
i10.png,i10_07_3.png,quantization_noise,3,4.46154,-2.073102737,2.073102737
i10.png,i10_07_4.png,quantization_noise,4,4.0,-2.604197849,2.604197849
i10.png,i10_07_5.png,quantization_noise,5,3.05263,-3.684253441,3.684253441
i10.png,i10_08_1.png,gaussian_blur,1,5.97368,-0.757887415,0.757887415
i10.png,i10_08_2.png,gaussian_blur,2,5.30769,-1.214906311,1.214906311
i10.png,i10_08_3.png,gaussian_blur,3,4.35135,-1.97332627,1.97332627
i10.png,i10_08_4.png,gaussian_blur,4,3.5,-2.998758237,2.998758237
i10.png,i10_08_5.png,gaussian_blur,5,2.78947,-4.181881691,4.181881691
i10.png,i10_09_1.png,image_denoising,1,5.97436,-0.628901536,0.628901536
i10.png,i10_09_2.png,image_denoising,2,5.69231,-0.861713613,0.861713613
i10.png,i10_09_3.png,image_denoising,3,5.17949,-1.312218935,1.312218935
i10.png,i10_09_4.png,image_denoising,4,3.81579,-2.728763437,2.728763437
i10.png,i10_09_5.png,image_denoising,5,2.28205,-4.715536775,4.715536775
i10.png,i10_10_1.png,JPEG_compression,1,5.86842,-0.583777356,0.583777356
i10.png,i10_10_2.png,JPEG_compression,2,5.81579,-0.746765769,0.746765769
i10.png,i10_10_3.png,JPEG_compression,3,5.20513,-1.366818495,1.366818495
i10.png,i10_10_4.png,JPEG_compression,4,3.64103,-3.016559563,3.016559563
i10.png,i10_10_5.png,JPEG_compression,5,2.4359,-4.592458752,4.592458752
i10.png,i10_11_1.png,JPEG2000_compression,1,5.15385,-1.13058423,1.13058423
i10.png,i10_11_2.png,JPEG2000_compression,2,4.46154,-1.883361123,1.883361123
i10.png,i10_11_3.png,JPEG2000_compression,3,3.61538,-3.032673261,3.032673261
i10.png,i10_11_4.png,JPEG2000_compression,4,2.18421,-4.940619033,4.940619033
i10.png,i10_11_5.png,JPEG2000_compression,5,1.23684,-6.413853674,6.413853674
i10.png,i10_12_1.png,JPEG_transmission_errors,1,4.76923,-1.562220791,1.562220791
i10.png,i10_12_2.png,JPEG_transmission_errors,2,5.84211,-0.92979888,0.92979888
i10.png,i10_12_3.png,JPEG_transmission_errors,3,4.92308,-1.419328885,1.419328885
i10.png,i10_12_4.png,JPEG_transmission_errors,4,4.05263,-2.237696666,2.237696666
i10.png,i10_12_5.png,JPEG_transmission_errors,5,2.68421,-4.121946411,4.121946411
i10.png,i10_13_1.png,JPEG2000_transmission_errors,1,5.78947,-0.690369035,0.690369035
i10.png,i10_13_2.png,JPEG2000_transmission_errors,2,3.92105,-2.550127564,2.550127564
i10.png,i10_13_3.png,JPEG2000_transmission_errors,3,3.42105,-3.167360142,3.167360142
i10.png,i10_13_4.png,JPEG2000_transmission_errors,4,2.68421,-4.072758016,4.072758016
i10.png,i10_13_5.png,JPEG2000_transmission_errors,5,2.89744,-3.760260785,3.760260785
i10.png,i10_14_1.png,non_eccentricity_pattern_noise,1,5.82051,-0.723379554,0.723379554
i10.png,i10_14_2.png,non_eccentricity_pattern_noise,2,6.15385,-0.498909761,0.498909761
i10.png,i10_14_3.png,non_eccentricity_pattern_noise,3,5.55263,-0.986345061,0.986345061
i10.png,i10_14_4.png,non_eccentricity_pattern_noise,4,4.27027,-2.145615627,2.145615627
i10.png,i10_14_5.png,non_eccentricity_pattern_noise,5,3.84211,-2.470469803,2.470469803
i10.png,i10_15_1.png,local_block_wise_distortions_of_different_intensity,1,3.07895,-3.665062907,3.665062907
i10.png,i10_15_2.png,local_block_wise_distortions_of_different_intensity,2,3.23077,-3.388853906,3.388853906
i10.png,i10_15_3.png,local_block_wise_distortions_of_different_intensity,3,3.61538,-3.028974221,3.028974221
i10.png,i10_15_4.png,local_block_wise_distortions_of_different_intensity,4,3.36842,-3.061208736,3.061208736
i10.png,i10_15_5.png,local_block_wise_distortions_of_different_intensity,5,4.17949,-2.352786889,2.352786889
i10.png,i10_16_1.png,intensity_shift,1,6.12821,-0.44728647,0.44728647
i10.png,i10_16_2.png,intensity_shift,2,6.10256,-0.511480164,0.511480164
i10.png,i10_16_3.png,intensity_shift,3,6.02564,-0.543629529,0.543629529
i10.png,i10_16_4.png,intensity_shift,4,5.57895,-0.931595399,0.931595399
i10.png,i10_16_5.png,intensity_shift,5,5.12821,-1.229964382,1.229964382
i10.png,i10_17_1.png,contrast_change,1,5.71053,-0.791549951,0.791549951
i10.png,i10_17_2.png,contrast_change,2,6.58974,-0.211107441,0.211107441
i10.png,i10_17_3.png,contrast_change,3,4.56757,-1.520040588,1.520040588
i10.png,i10_17_4.png,contrast_change,4,6.5641,-0.354630478,0.354630478
i10.png,i10_17_5.png,contrast_change,5,3.69231,-2.742964942,2.742964942
i10.png,i10_18_1.png,change_of_color_saturation,1,4.51282,-1.870534291,1.870534291
i10.png,i10_18_2.png,change_of_color_saturation,2,4.07692,-2.295137661,2.295137661
i10.png,i10_18_3.png,change_of_color_saturation,3,3.82051,-2.596109382,2.596109382
i10.png,i10_18_4.png,change_of_color_saturation,4,3.63158,-2.887000006,2.887000006
i10.png,i10_18_5.png,change_of_color_saturation,5,3.31579,-3.063815538,3.063815538
i10.png,i10_19_1.png,multiplicative_gaussian_noise,1,5.57895,-0.951786827,0.951786827
i10.png,i10_19_2.png,multiplicative_gaussian_noise,2,5.42105,-1.087138815,1.087138815
i10.png,i10_19_3.png,multiplicative_gaussian_noise,3,4.67568,-1.582321502,1.582321502
i10.png,i10_19_4.png,multiplicative_gaussian_noise,4,4.21622,-2.105476608,2.105476608
i10.png,i10_19_5.png,multiplicative_gaussian_noise,5,3.87179,-2.51739696,2.51739696
i10.png,i10_20_1.png,comfort_noise,1,5.84615,-0.671954441,0.671954441
i10.png,i10_20_2.png,comfort_noise,2,5.38462,-1.096167401,1.096167401
i10.png,i10_20_3.png,comfort_noise,3,4.4359,-1.992586812,1.992586812
i10.png,i10_20_4.png,comfort_noise,4,3.57895,-2.801968835,2.801968835
i10.png,i10_20_5.png,comfort_noise,5,2.86486,-3.665666476,3.665666476
i10.png,i10_21_1.png,lossy_compression_of_noisy_images,1,5.5,-0.981802642,0.981802642
i10.png,i10_21_2.png,lossy_compression_of_noisy_images,2,5.17949,-1.446795856,1.446795856
i10.png,i10_21_3.png,lossy_compression_of_noisy_images,3,4.25641,-2.257256733,2.257256733
i10.png,i10_21_4.png,lossy_compression_of_noisy_images,4,3.76923,-2.914126178,2.914126178
i10.png,i10_21_5.png,lossy_compression_of_noisy_images,5,2.51282,-4.52092282,4.52092282
i10.png,i10_22_1.png,image_color_quantization_with_dither,1,5.97368,-0.658139497,0.658139497
i10.png,i10_22_2.png,image_color_quantization_with_dither,2,4.87179,-1.52444046,1.52444046
i10.png,i10_22_3.png,image_color_quantization_with_dither,3,4.48649,-1.868319827,1.868319827
i10.png,i10_22_4.png,image_color_quantization_with_dither,4,4.02778,-2.335818507,2.335818507
i10.png,i10_22_5.png,image_color_quantization_with_dither,5,3.25641,-3.523190143,3.523190143
i10.png,i10_23_1.png,chromatic_aberrations,1,6.15385,-0.530419406,0.530419406
i10.png,i10_23_2.png,chromatic_aberrations,2,5.94872,-0.617734689,0.617734689
i10.png,i10_23_3.png,chromatic_aberrations,3,4.55263,-1.798035533,1.798035533
i10.png,i10_23_4.png,chromatic_aberrations,4,2.60526,-4.224722922,4.224722922
i10.png,i10_23_5.png,chromatic_aberrations,5,1.44737,-5.964150201,5.964150201
i10.png,i10_24_1.png,sparse_sampling_and_reconstruction,1,5.46154,-0.911529317,0.911529317
i10.png,i10_24_2.png,sparse_sampling_and_reconstruction,2,4.78947,-1.645451726,1.645451726
i10.png,i10_24_3.png,sparse_sampling_and_reconstruction,3,3.51282,-3.202186285,3.202186285
i10.png,i10_24_4.png,sparse_sampling_and_reconstruction,4,1.86486,-5.75971318,5.75971318
i10.png,i10_24_5.png,sparse_sampling_and_reconstruction,5,0.36842,-7.197748395,7.197748395
i11.png,i11_01_1.png,additive_gaussian_noise,1,5.54054,-0.533379258,0.533379258
i11.png,i11_01_2.png,additive_gaussian_noise,2,5.16216,-0.79636314,0.79636314
i11.png,i11_01_3.png,additive_gaussian_noise,3,5.35135,-0.823195655,0.823195655
i11.png,i11_01_4.png,additive_gaussian_noise,4,4.28571,-1.681404419,1.681404419
i11.png,i11_01_5.png,additive_gaussian_noise,5,3.86111,-2.317751594,2.317751594
i11.png,i11_02_1.png,additive_noise_in_color_more_intensive_than_additive_noise_in_the_luminance,1,5.55556,-0.372166727,0.372166727
i11.png,i11_02_2.png,additive_noise_in_color_more_intensive_than_additive_noise_in_the_luminance,2,5.88571,-0.306689541,0.306689541
i11.png,i11_02_3.png,additive_noise_in_color_more_intensive_than_additive_noise_in_the_luminance,3,5.44444,-0.554553428,0.554553428
i11.png,i11_02_4.png,additive_noise_in_color_more_intensive_than_additive_noise_in_the_luminance,4,5.19444,-0.792608838,0.792608838
i11.png,i11_02_5.png,additive_noise_in_color_more_intensive_than_additive_noise_in_the_luminance,5,4.75,-1.308021207,1.308021207
i11.png,i11_03_1.png,spatially_correlated_noise,1,5.0,-1.171452419,1.171452419
i11.png,i11_03_2.png,spatially_correlated_noise,2,4.43243,-1.57963565,1.57963565
i11.png,i11_03_3.png,spatially_correlated_noise,3,3.82857,-2.368910603,2.368910603
i11.png,i11_03_4.png,spatially_correlated_noise,4,3.27027,-2.90416713,2.90416713
i11.png,i11_03_5.png,spatially_correlated_noise,5,2.91667,-3.56409611,3.56409611
i11.png,i11_04_1.png,masked_noise,1,5.47059,-0.466777072,0.466777072
i11.png,i11_04_2.png,masked_noise,2,5.62162,-0.320526386,0.320526386
i11.png,i11_04_3.png,masked_noise,3,5.28571,-0.651089642,0.651089642
i11.png,i11_04_4.png,masked_noise,4,5.19444,-0.833756893,0.833756893
i11.png,i11_04_5.png,masked_noise,5,4.67568,-1.300118759,1.300118759
i11.png,i11_05_1.png,high_frequency_noise,1,6.02703,-0.268100722,0.268100722
i11.png,i11_05_2.png,high_frequency_noise,2,5.80556,-0.266409717,0.266409717
i11.png,i11_05_3.png,high_frequency_noise,3,5.2973,-0.790852883,0.790852883
i11.png,i11_05_4.png,high_frequency_noise,4,4.19444,-1.718861577,1.718861577
i11.png,i11_05_5.png,high_frequency_noise,5,3.05556,-3.122814989,3.122814989
i11.png,i11_06_1.png,impulse_noise,1,4.69444,-1.299841488,1.299841488
i11.png,i11_06_2.png,impulse_noise,2,4.38889,-1.597640411,1.597640411
i11.png,i11_06_3.png,impulse_noise,3,3.97297,-2.031317519,2.031317519
i11.png,i11_06_4.png,impulse_noise,4,3.54054,-2.543021677,2.543021677
i11.png,i11_06_5.png,impulse_noise,5,3.02857,-3.16200128,3.16200128
i11.png,i11_07_1.png,quantization_noise,1,5.56757,-0.537397631,0.537397631
i11.png,i11_07_2.png,quantization_noise,2,4.8,-1.031246467,1.031246467
i11.png,i11_07_3.png,quantization_noise,3,4.52778,-1.320945049,1.320945049
i11.png,i11_07_4.png,quantization_noise,4,3.94118,-2.302075723,2.302075723
i11.png,i11_07_5.png,quantization_noise,5,2.75676,-3.561081448,3.561081448
i11.png,i11_08_1.png,gaussian_blur,1,4.94286,-0.892474517,0.892474517
i11.png,i11_08_2.png,gaussian_blur,2,4.57143,-1.240636943,1.240636943
i11.png,i11_08_3.png,gaussian_blur,3,3.75676,-2.266131414,2.266131414
i11.png,i11_08_4.png,gaussian_blur,4,2.85714,-3.198757968,3.198757968
i11.png,i11_08_5.png,gaussian_blur,5,2.33333,-4.157780619,4.157780619
i11.png,i11_09_1.png,image_denoising,1,5.81081,-0.427044586,0.427044586
i11.png,i11_09_2.png,image_denoising,2,5.86486,-0.281988652,0.281988652
i11.png,i11_09_3.png,image_denoising,3,4.66667,-1.271128324,1.271128324
i11.png,i11_09_4.png,image_denoising,4,3.33333,-2.826903975,2.826903975
i11.png,i11_09_5.png,image_denoising,5,1.97222,-4.773574059,4.773574059
i11.png,i11_10_1.png,JPEG_compression,1,5.81081,-0.392148071,0.392148071
i11.png,i11_10_2.png,JPEG_compression,2,5.64865,-0.396362905,0.396362905
i11.png,i11_10_3.png,JPEG_compression,3,5.02778,-0.86333414,0.86333414
i11.png,i11_10_4.png,JPEG_compression,4,3.48649,-2.478003895,2.478003895
i11.png,i11_10_5.png,JPEG_compression,5,2.27027,-4.342630474,4.342630474
i11.png,i11_11_1.png,JPEG2000_compression,1,5.86111,-0.302895855,0.302895855
i11.png,i11_11_2.png,JPEG2000_compression,2,5.42857,-0.525802605,0.525802605
i11.png,i11_11_3.png,JPEG2000_compression,3,4.47222,-1.540965993,1.540965993
i11.png,i11_11_4.png,JPEG2000_compression,4,2.91429,-3.484384751,3.484384751
i11.png,i11_11_5.png,JPEG2000_compression,5,0.97222,-5.692014944,5.692014944
i11.png,i11_12_1.png,JPEG_transmission_errors,1,5.61111,-0.436191302,0.436191302
i11.png,i11_12_2.png,JPEG_transmission_errors,2,5.97222,-0.248419244,0.248419244
i11.png,i11_12_3.png,JPEG_transmission_errors,3,4.62162,-1.264492799,1.264492799
i11.png,i11_12_4.png,JPEG_transmission_errors,4,3.77778,-2.006697272,2.006697272
i11.png,i11_12_5.png,JPEG_transmission_errors,5,2.02778,-4.393876092,4.393876092
i11.png,i11_13_1.png,JPEG2000_transmission_errors,1,4.08333,-1.978807596,1.978807596
i11.png,i11_13_2.png,JPEG2000_transmission_errors,2,4.54054,-1.382687621,1.382687621
i11.png,i11_13_3.png,JPEG2000_transmission_errors,3,3.25,-2.835421244,2.835421244
i11.png,i11_13_4.png,JPEG2000_transmission_errors,4,2.75,-3.624815768,3.624815768
i11.png,i11_13_5.png,JPEG2000_transmission_errors,5,2.27778,-4.335862011,4.335862011
i11.png,i11_14_1.png,non_eccentricity_pattern_noise,1,5.83333,-0.274607928,0.274607928
i11.png,i11_14_2.png,non_eccentricity_pattern_noise,2,5.45714,-0.420221296,0.420221296
i11.png,i11_14_3.png,non_eccentricity_pattern_noise,3,5.2973,-0.703438716,0.703438716
i11.png,i11_14_4.png,non_eccentricity_pattern_noise,4,5.16667,-0.977381143,0.977381143
i11.png,i11_14_5.png,non_eccentricity_pattern_noise,5,4.38889,-1.651119577,1.651119577
i11.png,i11_15_1.png,local_block_wise_distortions_of_different_intensity,1,3.18919,-2.763565147,2.763565147
i11.png,i11_15_2.png,local_block_wise_distortions_of_different_intensity,2,3.38889,-2.646791054,2.646791054
i11.png,i11_15_3.png,local_block_wise_distortions_of_different_intensity,3,3.5,-2.271489534,2.271489534
i11.png,i11_15_4.png,local_block_wise_distortions_of_different_intensity,4,3.67568,-2.088397241,2.088397241
i11.png,i11_15_5.png,local_block_wise_distortions_of_different_intensity,5,3.5,-2.6903559,2.6903559
i11.png,i11_16_1.png,intensity_shift,1,6.10811,-0.169504225,0.169504225
i11.png,i11_16_2.png,intensity_shift,2,5.91892,-0.325346451,0.325346451
i11.png,i11_16_3.png,intensity_shift,3,5.69444,-0.456492076,0.456492076
i11.png,i11_16_4.png,intensity_shift,4,4.94595,-1.20005802,1.20005802
i11.png,i11_16_5.png,intensity_shift,5,4.56757,-1.263974152,1.263974152
i11.png,i11_17_1.png,contrast_change,1,5.59459,-0.519993834,0.519993834
i11.png,i11_17_2.png,contrast_change,2,6.75,0.245277751,-0.245277751
i11.png,i11_17_3.png,contrast_change,3,4.34286,-1.707778929,1.707778929
i11.png,i11_17_4.png,contrast_change,4,6.83784,0.26304508,-0.26304508
i11.png,i11_17_5.png,contrast_change,5,3.21622,-3.035700617,3.035700617
i11.png,i11_18_1.png,change_of_color_saturation,1,4.55556,-1.349507838,1.349507838
i11.png,i11_18_2.png,change_of_color_saturation,2,4.27027,-1.715537,1.715537
i11.png,i11_18_3.png,change_of_color_saturation,3,3.58333,-2.305913726,2.305913726
i11.png,i11_18_4.png,change_of_color_saturation,4,3.44118,-2.476373612,2.476373612
i11.png,i11_18_5.png,change_of_color_saturation,5,3.51351,-2.732799192,2.732799192
i11.png,i11_19_1.png,multiplicative_gaussian_noise,1,5.64865,-0.477902212,0.477902212
i11.png,i11_19_2.png,multiplicative_gaussian_noise,2,5.11111,-0.776314244,0.776314244
i11.png,i11_19_3.png,multiplicative_gaussian_noise,3,4.64865,-1.28933305,1.28933305
i11.png,i11_19_4.png,multiplicative_gaussian_noise,4,3.97143,-1.853573893,1.853573893
i11.png,i11_19_5.png,multiplicative_gaussian_noise,5,3.62162,-2.480591325,2.480591325
i11.png,i11_20_1.png,comfort_noise,1,6.02857,-0.111055711,0.111055711
i11.png,i11_20_2.png,comfort_noise,2,5.59459,-0.459259891,0.459259891
i11.png,i11_20_3.png,comfort_noise,3,5.35135,-0.707275933,0.707275933
i11.png,i11_20_4.png,comfort_noise,4,4.88889,-1.12202863,1.12202863
i11.png,i11_20_5.png,comfort_noise,5,3.63889,-2.30218376,2.30218376
i11.png,i11_21_1.png,lossy_compression_of_noisy_images,1,5.7027,-0.345547175,0.345547175
i11.png,i11_21_2.png,lossy_compression_of_noisy_images,2,5.41667,-0.544556059,0.544556059
i11.png,i11_21_3.png,lossy_compression_of_noisy_images,3,4.40541,-1.413048724,1.413048724
i11.png,i11_21_4.png,lossy_compression_of_noisy_images,4,3.86111,-2.028701864,2.028701864
i11.png,i11_21_5.png,lossy_compression_of_noisy_images,5,2.64865,-3.724584019,3.724584019
i11.png,i11_22_1.png,image_color_quantization_with_dither,1,5.56757,-0.444816285,0.444816285
i11.png,i11_22_2.png,image_color_quantization_with_dither,2,5.40541,-0.605864803,0.605864803
i11.png,i11_22_3.png,image_color_quantization_with_dither,3,4.89189,-0.979609745,0.979609745
i11.png,i11_22_4.png,image_color_quantization_with_dither,4,3.64865,-2.302765997,2.302765997
i11.png,i11_22_5.png,image_color_quantization_with_dither,5,2.52778,-3.811697944,3.811697944
i11.png,i11_23_1.png,chromatic_aberrations,1,5.86486,-0.268853101,0.268853101
i11.png,i11_23_2.png,chromatic_aberrations,2,5.83784,-0.32456493,0.32456493
i11.png,i11_23_3.png,chromatic_aberrations,3,5.94595,-0.139627492,0.139627492
i11.png,i11_23_4.png,chromatic_aberrations,4,5.27027,-0.762986716,0.762986716
i11.png,i11_23_5.png,chromatic_aberrations,5,2.75676,-3.523166233,3.523166233
i11.png,i11_24_1.png,sparse_sampling_and_reconstruction,1,5.91892,-0.19694152,0.19694152
i11.png,i11_24_2.png,sparse_sampling_and_reconstruction,2,5.47222,-0.61239113,0.61239113
i11.png,i11_24_3.png,sparse_sampling_and_reconstruction,3,4.62857,-1.37272289,1.37272289
i11.png,i11_24_4.png,sparse_sampling_and_reconstruction,4,2.88571,-3.447126519,3.447126519
i11.png,i11_24_5.png,sparse_sampling_and_reconstruction,5,0.58333,-5.807473024,5.807473024
i12.png,i12_01_1.png,additive_gaussian_noise,1,5.94595,-0.747425603,0.747425603
i12.png,i12_01_2.png,additive_gaussian_noise,2,4.97222,-1.358093873,1.358093873
i12.png,i12_01_3.png,additive_gaussian_noise,3,4.78947,-1.869977935,1.869977935
i12.png,i12_01_4.png,additive_gaussian_noise,4,4.13889,-2.343493556,2.343493556
i12.png,i12_01_5.png,additive_gaussian_noise,5,3.76316,-2.871091514,2.871091514
i12.png,i12_02_1.png,additive_noise_in_color_more_intensive_than_additive_noise_in_the_luminance,1,6.08108,-0.550178458,0.550178458
i12.png,i12_02_2.png,additive_noise_in_color_more_intensive_than_additive_noise_in_the_luminance,2,5.97297,-0.703865873,0.703865873
i12.png,i12_02_3.png,additive_noise_in_color_more_intensive_than_additive_noise_in_the_luminance,3,5.52632,-0.969830669,0.969830669
i12.png,i12_02_4.png,additive_noise_in_color_more_intensive_than_additive_noise_in_the_luminance,4,5.05263,-1.474378584,1.474378584
i12.png,i12_02_5.png,additive_noise_in_color_more_intensive_than_additive_noise_in_the_luminance,5,4.54054,-1.977649081,1.977649081
i12.png,i12_03_1.png,spatially_correlated_noise,1,4.56757,-1.879305143,1.879305143
i12.png,i12_03_2.png,spatially_correlated_noise,2,4.16216,-2.385759034,2.385759034
i12.png,i12_03_3.png,spatially_correlated_noise,3,3.75676,-3.103094361,3.103094361
i12.png,i12_03_4.png,spatially_correlated_noise,4,3.10526,-3.921056923,3.921056923
i12.png,i12_03_5.png,spatially_correlated_noise,5,2.71053,-4.418594967,4.418594967
i12.png,i12_04_1.png,masked_noise,1,5.91892,-0.694281529,0.694281529
i12.png,i12_04_2.png,masked_noise,2,5.52632,-1.106138864,1.106138864
i12.png,i12_04_3.png,masked_noise,3,5.21053,-1.348903158,1.348903158
i12.png,i12_04_4.png,masked_noise,4,4.7027,-1.845390819,1.845390819
i12.png,i12_04_5.png,masked_noise,5,3.78378,-2.743227266,2.743227266
i12.png,i12_05_1.png,high_frequency_noise,1,5.64865,-0.863783535,0.863783535
i12.png,i12_05_2.png,high_frequency_noise,2,5.81081,-0.874304792,0.874304792
i12.png,i12_05_3.png,high_frequency_noise,3,5.21053,-1.396296269,1.396296269
i12.png,i12_05_4.png,high_frequency_noise,4,4.35135,-2.390219477,2.390219477
i12.png,i12_05_5.png,high_frequency_noise,5,3.65789,-3.209874448,3.209874448
i12.png,i12_06_1.png,impulse_noise,1,5.08108,-1.385249356,1.385249356
i12.png,i12_06_2.png,impulse_noise,2,4.81579,-1.781657761,1.781657761
i12.png,i12_06_3.png,impulse_noise,3,4.45946,-2.176902163,2.176902163
i12.png,i12_06_4.png,impulse_noise,4,4.08108,-2.656164111,2.656164111
i12.png,i12_06_5.png,impulse_noise,5,3.75,-3.170852409,3.170852409
i12.png,i12_07_1.png,quantization_noise,1,4.69444,-1.766048107,1.766048107
i12.png,i12_07_2.png,quantization_noise,2,4.39474,-2.180933888,2.180933888
i12.png,i12_07_3.png,quantization_noise,3,4.18421,-2.667706665,2.667706665
i12.png,i12_07_4.png,quantization_noise,4,3.18919,-3.738835147,3.738835147
i12.png,i12_07_5.png,quantization_noise,5,3.02778,-4.088256594,4.088256594
i12.png,i12_08_1.png,gaussian_blur,1,6.18421,-0.467377164,0.467377164
i12.png,i12_08_2.png,gaussian_blur,2,5.47368,-1.307657206,1.307657206
i12.png,i12_08_3.png,gaussian_blur,3,4.52632,-2.181557119,2.181557119
i12.png,i12_08_4.png,gaussian_blur,4,3.60526,-3.208885821,3.208885821
i12.png,i12_08_5.png,gaussian_blur,5,2.77778,-4.212353192,4.212353192
i12.png,i12_09_1.png,image_denoising,1,6.31579,-0.422675204,0.422675204
i12.png,i12_09_2.png,image_denoising,2,5.52778,-1.03035345,1.03035345
i12.png,i12_09_3.png,image_denoising,3,4.73684,-1.838531647,1.838531647
i12.png,i12_09_4.png,image_denoising,4,3.43243,-3.45724197,3.45724197
i12.png,i12_09_5.png,image_denoising,5,2.25714,-4.811140173,4.811140173
i12.png,i12_10_1.png,JPEG_compression,1,6.08108,-0.598287764,0.598287764
i12.png,i12_10_2.png,JPEG_compression,2,5.89474,-0.754999735,0.754999735
i12.png,i12_10_3.png,JPEG_compression,3,5.10526,-1.486437292,1.486437292
i12.png,i12_10_4.png,JPEG_compression,4,3.10526,-3.732246517,3.732246517
i12.png,i12_10_5.png,JPEG_compression,5,2.23684,-5.460011623,5.460011623
i12.png,i12_11_1.png,JPEG2000_compression,1,5.40541,-1.122530687,1.122530687
i12.png,i12_11_2.png,JPEG2000_compression,2,4.67568,-1.877271132,1.877271132
i12.png,i12_11_3.png,JPEG2000_compression,3,2.77778,-4.492838303,4.492838303
i12.png,i12_11_4.png,JPEG2000_compression,4,1.94737,-6.055104542,6.055104542
i12.png,i12_11_5.png,JPEG2000_compression,5,0.81579,-7.484083898,7.484083898
i12.png,i12_12_1.png,JPEG_transmission_errors,1,5.5,-1.033811246,1.033811246
i12.png,i12_12_2.png,JPEG_transmission_errors,2,5.05263,-1.507747294,1.507747294
i12.png,i12_12_3.png,JPEG_transmission_errors,3,3.64865,-3.387612162,3.387612162
i12.png,i12_12_4.png,JPEG_transmission_errors,4,3.07895,-3.881753935,3.881753935
i12.png,i12_12_5.png,JPEG_transmission_errors,5,3.08108,-3.816687322,3.816687322
i12.png,i12_13_1.png,JPEG2000_transmission_errors,1,5.37838,-1.051681267,1.051681267
i12.png,i12_13_2.png,JPEG2000_transmission_errors,2,4.56757,-1.983566514,1.983566514
i12.png,i12_13_3.png,JPEG2000_transmission_errors,3,3.23684,-3.478187286,3.478187286
i12.png,i12_13_4.png,JPEG2000_transmission_errors,4,2.83333,-4.418773129,4.418773129
i12.png,i12_13_5.png,JPEG2000_transmission_errors,5,4.0,-2.606714466,2.606714466
i12.png,i12_14_1.png,non_eccentricity_pattern_noise,1,5.55263,-1.062763551,1.062763551
i12.png,i12_14_2.png,non_eccentricity_pattern_noise,2,6.15789,-0.513566955,0.513566955
i12.png,i12_14_3.png,non_eccentricity_pattern_noise,3,4.54054,-1.81917104,1.81917104
i12.png,i12_14_4.png,non_eccentricity_pattern_noise,4,4.47368,-2.034844215,2.034844215
i12.png,i12_14_5.png,non_eccentricity_pattern_noise,5,3.56757,-2.959667002,2.959667002
i12.png,i12_15_1.png,local_block_wise_distortions_of_different_intensity,1,3.5,-3.427081487,3.427081487
i12.png,i12_15_2.png,local_block_wise_distortions_of_different_intensity,2,3.51429,-3.249262969,3.249262969
i12.png,i12_15_3.png,local_block_wise_distortions_of_different_intensity,3,3.65789,-2.987658606,2.987658606
i12.png,i12_15_4.png,local_block_wise_distortions_of_different_intensity,4,4.07895,-2.699033179,2.699033179
i12.png,i12_15_5.png,local_block_wise_distortions_of_different_intensity,5,4.54286,-2.048573705,2.048573705
i12.png,i12_16_1.png,intensity_shift,1,6.52632,-0.151894875,0.151894875
i12.png,i12_16_2.png,intensity_shift,2,6.2973,-0.418749109,0.418749109
i12.png,i12_16_3.png,intensity_shift,3,6.05263,-0.617076476,0.617076476
i12.png,i12_16_4.png,intensity_shift,4,6.11111,-0.568069158,0.568069158
i12.png,i12_16_5.png,intensity_shift,5,5.67568,-1.031899221,1.031899221
i12.png,i12_17_1.png,contrast_change,1,6.26316,-0.520092728,0.520092728
i12.png,i12_17_2.png,contrast_change,2,6.81579,0.023484576,-0.023484576
i12.png,i12_17_3.png,contrast_change,3,4.81081,-1.487398826,1.487398826
i12.png,i12_17_4.png,contrast_change,4,6.26316,-0.519073137,0.519073137
i12.png,i12_17_5.png,contrast_change,5,4.02632,-2.732416613,2.732416613
i12.png,i12_18_1.png,change_of_color_saturation,1,5.64865,-0.812161236,0.812161236
i12.png,i12_18_2.png,change_of_color_saturation,2,5.35135,-1.057254146,1.057254146
i12.png,i12_18_3.png,change_of_color_saturation,3,5.0,-1.610814078,1.610814078
i12.png,i12_18_4.png,change_of_color_saturation,4,4.48649,-2.0439177,2.0439177
i12.png,i12_18_5.png,change_of_color_saturation,5,4.2973,-2.260016021,2.260016021
i12.png,i12_19_1.png,multiplicative_gaussian_noise,1,5.72973,-0.761581438,0.761581438
i12.png,i12_19_2.png,multiplicative_gaussian_noise,2,5.51351,-1.087064478,1.087064478
i12.png,i12_19_3.png,multiplicative_gaussian_noise,3,5.2973,-1.162119391,1.162119391
i12.png,i12_19_4.png,multiplicative_gaussian_noise,4,4.71053,-1.859189201,1.859189201
i12.png,i12_19_5.png,multiplicative_gaussian_noise,5,4.02632,-2.601495202,2.601495202
i12.png,i12_20_1.png,comfort_noise,1,5.58333,-0.891829759,0.891829759
i12.png,i12_20_2.png,comfort_noise,2,5.27778,-1.152977302,1.152977302
i12.png,i12_20_3.png,comfort_noise,3,4.43243,-2.150456813,2.150456813
i12.png,i12_20_4.png,comfort_noise,4,3.60526,-3.145460134,3.145460134
i12.png,i12_20_5.png,comfort_noise,5,2.80556,-4.040218085,4.040218085
i12.png,i12_21_1.png,lossy_compression_of_noisy_images,1,5.15789,-1.226418284,1.226418284
i12.png,i12_21_2.png,lossy_compression_of_noisy_images,2,4.94595,-1.654508043,1.654508043
i12.png,i12_21_3.png,lossy_compression_of_noisy_images,3,4.02632,-2.764885414,2.764885414
i12.png,i12_21_4.png,lossy_compression_of_noisy_images,4,3.02778,-3.705433879,3.705433879
i12.png,i12_21_5.png,lossy_compression_of_noisy_images,5,2.0,-5.650043817,5.650043817
i12.png,i12_22_1.png,image_color_quantization_with_dither,1,5.25,-1.242086327,1.242086327
i12.png,i12_22_2.png,image_color_quantization_with_dither,2,5.13158,-1.541293173,1.541293173
i12.png,i12_22_3.png,image_color_quantization_with_dither,3,4.56757,-2.132382014,2.132382014
i12.png,i12_22_4.png,image_color_quantization_with_dither,4,3.5,-3.536175475,3.536175475
i12.png,i12_22_5.png,image_color_quantization_with_dither,5,2.62162,-4.699252643,4.699252643
i12.png,i12_23_1.png,chromatic_aberrations,1,6.05405,-0.529087337,0.529087337
i12.png,i12_23_2.png,chromatic_aberrations,2,6.18421,-0.563173309,0.563173309
i12.png,i12_23_3.png,chromatic_aberrations,3,4.89474,-1.687197782,1.687197782
i12.png,i12_23_4.png,chromatic_aberrations,4,3.18919,-3.531869506,3.531869506
i12.png,i12_23_5.png,chromatic_aberrations,5,2.21053,-5.201346404,5.201346404
i12.png,i12_24_1.png,sparse_sampling_and_reconstruction,1,5.86486,-0.904702222,0.904702222
i12.png,i12_24_2.png,sparse_sampling_and_reconstruction,2,4.37838,-2.150039557,2.150039557
i12.png,i12_24_3.png,sparse_sampling_and_reconstruction,3,3.07895,-4.00444716,4.00444716
i12.png,i12_24_4.png,sparse_sampling_and_reconstruction,4,1.97368,-5.90975792,5.90975792
i12.png,i12_24_5.png,sparse_sampling_and_reconstruction,5,0.40541,-7.922977629,7.922977629
i13.png,i13_01_1.png,additive_gaussian_noise,1,5.53488,-0.347059724,0.347059724
i13.png,i13_01_2.png,additive_gaussian_noise,2,5.425,-0.299424482,0.299424482
i13.png,i13_01_3.png,additive_gaussian_noise,3,5.06977,-0.628360172,0.628360172
i13.png,i13_01_4.png,additive_gaussian_noise,4,4.7907,-0.77977272,0.77977272
i13.png,i13_01_5.png,additive_gaussian_noise,5,4.02381,-1.687410305,1.687410305
i13.png,i13_02_1.png,additive_noise_in_color_more_intensive_than_additive_noise_in_the_luminance,1,5.30952,-0.445668936,0.445668936
i13.png,i13_02_2.png,additive_noise_in_color_more_intensive_than_additive_noise_in_the_luminance,2,5.53659,-0.389800108,0.389800108
i13.png,i13_02_3.png,additive_noise_in_color_more_intensive_than_additive_noise_in_the_luminance,3,5.62791,-0.228267274,0.228267274
i13.png,i13_02_4.png,additive_noise_in_color_more_intensive_than_additive_noise_in_the_luminance,4,5.40476,-0.389192655,0.389192655
i13.png,i13_02_5.png,additive_noise_in_color_more_intensive_than_additive_noise_in_the_luminance,5,4.66667,-0.968892416,0.968892416
i13.png,i13_03_1.png,spatially_correlated_noise,1,5.14286,-0.502253712,0.502253712
i13.png,i13_03_2.png,spatially_correlated_noise,2,5.07143,-0.704229341,0.704229341
i13.png,i13_03_3.png,spatially_correlated_noise,3,4.16667,-1.290668186,1.290668186
i13.png,i13_03_4.png,spatially_correlated_noise,4,3.66667,-1.945796254,1.945796254
i13.png,i13_03_5.png,spatially_correlated_noise,5,2.7619,-2.971369189,2.971369189
i13.png,i13_04_1.png,masked_noise,1,5.73171,-0.2685508,0.2685508
i13.png,i13_04_2.png,masked_noise,2,5.475,-0.290676612,0.290676612
i13.png,i13_04_3.png,masked_noise,3,5.55814,-0.201121051,0.201121051
i13.png,i13_04_4.png,masked_noise,4,5.43902,-0.298956741,0.298956741
i13.png,i13_04_5.png,masked_noise,5,4.92857,-0.626978193,0.626978193
i13.png,i13_05_1.png,high_frequency_noise,1,5.35714,-0.374578773,0.374578773
i13.png,i13_05_2.png,high_frequency_noise,2,5.04762,-0.50520033,0.50520033
i13.png,i13_05_3.png,high_frequency_noise,3,5.51163,-0.419462909,0.419462909
i13.png,i13_05_4.png,high_frequency_noise,4,4.16667,-1.116349707,1.116349707
i13.png,i13_05_5.png,high_frequency_noise,5,3.09524,-2.580052331,2.580052331
i13.png,i13_06_1.png,impulse_noise,1,4.55,-0.988820917,0.988820917
i13.png,i13_06_2.png,impulse_noise,2,4.25581,-1.375360394,1.375360394
i13.png,i13_06_3.png,impulse_noise,3,3.66667,-1.882265927,1.882265927
i13.png,i13_06_4.png,impulse_noise,4,3.44186,-2.196099046,2.196099046
i13.png,i13_06_5.png,impulse_noise,5,3.09524,-2.603055251,2.603055251
i13.png,i13_07_1.png,quantization_noise,1,5.725,-0.324044958,0.324044958
i13.png,i13_07_2.png,quantization_noise,2,5.31707,-0.405877805,0.405877805
i13.png,i13_07_3.png,quantization_noise,3,4.64286,-0.938455483,0.938455483
i13.png,i13_07_4.png,quantization_noise,4,3.41463,-2.094587297,2.094587297
i13.png,i13_07_5.png,quantization_noise,5,2.82927,-3.097979792,3.097979792
i13.png,i13_08_1.png,gaussian_blur,1,4.80952,-0.846200715,0.846200715
i13.png,i13_08_2.png,gaussian_blur,2,3.95238,-1.569554665,1.569554665
i13.png,i13_08_3.png,gaussian_blur,3,3.12195,-2.582754398,2.582754398
i13.png,i13_08_4.png,gaussian_blur,4,2.5814,-3.312137824,3.312137824
i13.png,i13_08_5.png,gaussian_blur,5,1.7381,-4.433384061,4.433384061
i13.png,i13_09_1.png,image_denoising,1,5.07317,-0.603414309,0.603414309
i13.png,i13_09_2.png,image_denoising,2,4.76744,-0.90591738,0.90591738
i13.png,i13_09_3.png,image_denoising,3,3.18605,-2.4169384,2.4169384
i13.png,i13_09_4.png,image_denoising,4,2.16667,-3.845241284,3.845241284
i13.png,i13_09_5.png,image_denoising,5,0.4878,-5.847963705,5.847963705
i13.png,i13_10_1.png,JPEG_compression,1,5.48837,-0.317041698,0.317041698
i13.png,i13_10_2.png,JPEG_compression,2,5.46512,-0.409279094,0.409279094
i13.png,i13_10_3.png,JPEG_compression,3,4.475,-0.909909385,0.909909385
i13.png,i13_10_4.png,JPEG_compression,4,3.25581,-2.508846143,2.508846143
i13.png,i13_10_5.png,JPEG_compression,5,1.16279,-5.119330072,5.119330072
i13.png,i13_11_1.png,JPEG2000_compression,1,5.32558,-0.421975826,0.421975826
i13.png,i13_11_2.png,JPEG2000_compression,2,5.32558,-0.407301436,0.407301436
i13.png,i13_11_3.png,JPEG2000_compression,3,4.69048,-0.91419902,0.91419902
i13.png,i13_11_4.png,JPEG2000_compression,4,4.34884,-1.151742674,1.151742674
i13.png,i13_11_5.png,JPEG2000_compression,5,2.38095,-3.665535065,3.665535065
i13.png,i13_12_1.png,JPEG_transmission_errors,1,5.23256,-0.469738006,0.469738006
i13.png,i13_12_2.png,JPEG_transmission_errors,2,5.44186,-0.388610981,0.388610981
i13.png,i13_12_3.png,JPEG_transmission_errors,3,5.11628,-0.583934917,0.583934917
i13.png,i13_12_4.png,JPEG_transmission_errors,4,5.2619,-0.412346555,0.412346555
i13.png,i13_12_5.png,JPEG_transmission_errors,5,5.04762,-0.657585484,0.657585484
i13.png,i13_13_1.png,JPEG2000_transmission_errors,1,5.4186,-0.40203249,0.40203249
i13.png,i13_13_2.png,JPEG2000_transmission_errors,2,4.92857,-0.73569846,0.73569846
i13.png,i13_13_3.png,JPEG2000_transmission_errors,3,4.7907,-0.792861769,0.792861769
i13.png,i13_13_4.png,JPEG2000_transmission_errors,4,3.63415,-1.787399337,1.787399337
i13.png,i13_13_5.png,JPEG2000_transmission_errors,5,2.40476,-3.565292444,3.565292444
i13.png,i13_14_1.png,non_eccentricity_pattern_noise,1,5.64286,-0.181750858,0.181750858
i13.png,i13_14_2.png,non_eccentricity_pattern_noise,2,5.40476,-0.306153043,0.306153043
i13.png,i13_14_3.png,non_eccentricity_pattern_noise,3,5.7381,-0.088398888,0.088398888
i13.png,i13_14_4.png,non_eccentricity_pattern_noise,4,5.02326,-0.664542848,0.664542848
i13.png,i13_14_5.png,non_eccentricity_pattern_noise,5,3.97619,-1.485341199,1.485341199
i13.png,i13_15_1.png,local_block_wise_distortions_of_different_intensity,1,2.73171,-2.939330255,2.939330255
i13.png,i13_15_2.png,local_block_wise_distortions_of_different_intensity,2,2.87805,-2.754716318,2.754716318
i13.png,i13_15_3.png,local_block_wise_distortions_of_different_intensity,3,3.04762,-2.492249238,2.492249238
i13.png,i13_15_4.png,local_block_wise_distortions_of_different_intensity,4,3.57143,-2.036909381,2.036909381
i13.png,i13_15_5.png,local_block_wise_distortions_of_different_intensity,5,3.70732,-1.977117438,1.977117438
i13.png,i13_16_1.png,intensity_shift,1,5.60465,-0.260334819,0.260334819
i13.png,i13_16_2.png,intensity_shift,2,5.27907,-0.525698988,0.525698988
i13.png,i13_16_3.png,intensity_shift,3,5.43902,-0.332966152,0.332966152
i13.png,i13_16_4.png,intensity_shift,4,4.29268,-1.287955567,1.287955567
i13.png,i13_16_5.png,intensity_shift,5,4.44186,-1.104040529,1.104040529
i13.png,i13_17_1.png,contrast_change,1,4.48837,-0.993973932,0.993973932
i13.png,i13_17_2.png,contrast_change,2,6.62791,0.326315993,-0.326315993
i13.png,i13_17_3.png,contrast_change,3,3.72093,-1.768788525,1.768788525
i13.png,i13_17_4.png,contrast_change,4,6.48837,0.149495838,-0.149495838
i13.png,i13_17_5.png,contrast_change,5,2.58537,-3.071831308,3.071831308
i13.png,i13_18_1.png,change_of_color_saturation,1,3.95122,-1.488281281,1.488281281
i13.png,i13_18_2.png,change_of_color_saturation,2,3.74419,-1.785839073,1.785839073
i13.png,i13_18_3.png,change_of_color_saturation,3,3.14286,-2.458053652,2.458053652
i13.png,i13_18_4.png,change_of_color_saturation,4,2.84615,-2.646224703,2.646224703
i13.png,i13_18_5.png,change_of_color_saturation,5,2.73171,-2.95653492,2.95653492
i13.png,i13_19_1.png,multiplicative_gaussian_noise,1,5.2439,-0.483000366,0.483000366
i13.png,i13_19_2.png,multiplicative_gaussian_noise,2,5.2619,-0.465343744,0.465343744
i13.png,i13_19_3.png,multiplicative_gaussian_noise,3,5.32558,-0.519425325,0.519425325
i13.png,i13_19_4.png,multiplicative_gaussian_noise,4,4.5122,-0.901778228,0.901778228
i13.png,i13_19_5.png,multiplicative_gaussian_noise,5,4.16279,-1.532276365,1.532276365
i13.png,i13_20_1.png,comfort_noise,1,5.67442,-0.161922141,0.161922141
i13.png,i13_20_2.png,comfort_noise,2,5.09524,-0.586652773,0.586652773
i13.png,i13_20_3.png,comfort_noise,3,5.52381,-0.360597627,0.360597627
i13.png,i13_20_4.png,comfort_noise,4,5.28571,-0.543225243,0.543225243
i13.png,i13_20_5.png,comfort_noise,5,5.23256,-0.590176236,0.590176236
i13.png,i13_21_1.png,lossy_compression_of_noisy_images,1,5.65116,-0.284244831,0.284244831
i13.png,i13_21_2.png,lossy_compression_of_noisy_images,2,5.54762,-0.264744924,0.264744924
i13.png,i13_21_3.png,lossy_compression_of_noisy_images,3,5.09524,-0.583096607,0.583096607
i13.png,i13_21_4.png,lossy_compression_of_noisy_images,4,4.72093,-1.007773818,1.007773818
i13.png,i13_21_5.png,lossy_compression_of_noisy_images,5,3.47619,-2.14372723,2.14372723
i13.png,i13_22_1.png,image_color_quantization_with_dither,1,5.42857,-0.399840534,0.399840534
i13.png,i13_22_2.png,image_color_quantization_with_dither,2,4.78049,-0.736664228,0.736664228
i13.png,i13_22_3.png,image_color_quantization_with_dither,3,3.97674,-1.466589734,1.466589734
i13.png,i13_22_4.png,image_color_quantization_with_dither,4,2.93023,-2.778638396,2.778638396
i13.png,i13_22_5.png,image_color_quantization_with_dither,5,2.4186,-3.712175851,3.712175851
i13.png,i13_23_1.png,chromatic_aberrations,1,5.65116,-0.375688107,0.375688107
i13.png,i13_23_2.png,chromatic_aberrations,2,5.39535,-0.413235305,0.413235305
i13.png,i13_23_3.png,chromatic_aberrations,3,5.45,-0.344369331,0.344369331
i13.png,i13_23_4.png,chromatic_aberrations,4,5.04651,-0.617353424,0.617353424
i13.png,i13_23_5.png,chromatic_aberrations,5,5.2093,-0.546910622,0.546910622
i13.png,i13_24_1.png,sparse_sampling_and_reconstruction,1,5.44186,-0.413850311,0.413850311
i13.png,i13_24_2.png,sparse_sampling_and_reconstruction,2,5.19048,-0.491748043,0.491748043
i13.png,i13_24_3.png,sparse_sampling_and_reconstruction,3,4.39535,-1.066495016,1.066495016
i13.png,i13_24_4.png,sparse_sampling_and_reconstruction,4,3.86047,-1.634978022,1.634978022
i13.png,i13_24_5.png,sparse_sampling_and_reconstruction,5,2.88095,-2.805239444,2.805239444
i14.png,i14_01_1.png,additive_gaussian_noise,1,5.89189,-0.339638153,0.339638153
i14.png,i14_01_2.png,additive_gaussian_noise,2,5.69444,-0.442676483,0.442676483
i14.png,i14_01_3.png,additive_gaussian_noise,3,4.77778,-1.155038058,1.155038058
i14.png,i14_01_4.png,additive_gaussian_noise,4,4.31429,-1.581711137,1.581711137
i14.png,i14_01_5.png,additive_gaussian_noise,5,3.75,-2.341041722,2.341041722
i14.png,i14_02_1.png,additive_noise_in_color_more_intensive_than_additive_noise_in_the_luminance,1,5.97297,-0.350707688,0.350707688
i14.png,i14_02_2.png,additive_noise_in_color_more_intensive_than_additive_noise_in_the_luminance,2,5.91667,-0.439695001,0.439695001
i14.png,i14_02_3.png,additive_noise_in_color_more_intensive_than_additive_noise_in_the_luminance,3,5.77143,-0.482176575,0.482176575
i14.png,i14_02_4.png,additive_noise_in_color_more_intensive_than_additive_noise_in_the_luminance,4,5.13889,-0.999204014,0.999204014
i14.png,i14_02_5.png,additive_noise_in_color_more_intensive_than_additive_noise_in_the_luminance,5,4.52778,-1.43126215,1.43126215
i14.png,i14_03_1.png,spatially_correlated_noise,1,5.19444,-0.861404283,0.861404283
i14.png,i14_03_2.png,spatially_correlated_noise,2,4.43243,-1.474844382,1.474844382
i14.png,i14_03_3.png,spatially_correlated_noise,3,3.77778,-2.227755578,2.227755578
i14.png,i14_03_4.png,spatially_correlated_noise,4,3.08333,-2.939462144,2.939462144
i14.png,i14_03_5.png,spatially_correlated_noise,5,2.59459,-3.629190411,3.629190411
i14.png,i14_04_1.png,masked_noise,1,6.02857,-0.276735815,0.276735815
i14.png,i14_04_2.png,masked_noise,2,5.63889,-0.558305981,0.558305981
i14.png,i14_04_3.png,masked_noise,3,5.5,-0.675569716,0.675569716
i14.png,i14_04_4.png,masked_noise,4,4.65714,-1.318451863,1.318451863
i14.png,i14_04_5.png,masked_noise,5,4.02778,-1.977911926,1.977911926
i14.png,i14_05_1.png,high_frequency_noise,1,6.05405,-0.260635979,0.260635979
i14.png,i14_05_2.png,high_frequency_noise,2,5.59459,-0.536070278,0.536070278
i14.png,i14_05_3.png,high_frequency_noise,3,4.97222,-1.132444752,1.132444752
i14.png,i14_05_4.png,high_frequency_noise,4,4.16216,-1.784928292,1.784928292
i14.png,i14_05_5.png,high_frequency_noise,5,3.02703,-3.216378309,3.216378309
i14.png,i14_06_1.png,impulse_noise,1,5.08333,-0.990540646,0.990540646
i14.png,i14_06_2.png,impulse_noise,2,4.33333,-1.518431204,1.518431204
i14.png,i14_06_3.png,impulse_noise,3,4.02778,-1.983389231,1.983389231
i14.png,i14_06_4.png,impulse_noise,4,3.77778,-2.431502888,2.431502888
i14.png,i14_06_5.png,impulse_noise,5,3.16667,-2.970667009,2.970667009
i14.png,i14_07_1.png,quantization_noise,1,5.72222,-0.499688029,0.499688029
i14.png,i14_07_2.png,quantization_noise,2,5.44444,-0.650805324,0.650805324
i14.png,i14_07_3.png,quantization_noise,3,4.27778,-1.695164915,1.695164915
i14.png,i14_07_4.png,quantization_noise,4,3.61111,-2.476690216,2.476690216
i14.png,i14_07_5.png,quantization_noise,5,2.91892,-3.410831059,3.410831059
i14.png,i14_08_1.png,gaussian_blur,1,5.43243,-0.717026161,0.717026161
i14.png,i14_08_2.png,gaussian_blur,2,4.55556,-1.545617111,1.545617111
i14.png,i14_08_3.png,gaussian_blur,3,3.48649,-2.602716725,2.602716725
i14.png,i14_08_4.png,gaussian_blur,4,2.83784,-3.472505077,3.472505077
i14.png,i14_08_5.png,gaussian_blur,5,1.59459,-4.922456631,4.922456631
i14.png,i14_09_1.png,image_denoising,1,6.05405,-0.244657623,0.244657623
i14.png,i14_09_2.png,image_denoising,2,5.89189,-0.390440265,0.390440265
i14.png,i14_09_3.png,image_denoising,3,4.5,-1.347034587,1.347034587
i14.png,i14_09_4.png,image_denoising,4,2.89189,-3.274464452,3.274464452
i14.png,i14_09_5.png,image_denoising,5,1.75,-4.843752056,4.843752056
i14.png,i14_10_1.png,JPEG_compression,1,5.77778,-0.588101453,0.588101453
i14.png,i14_10_2.png,JPEG_compression,2,5.16667,-0.786841831,0.786841831
i14.png,i14_10_3.png,JPEG_compression,3,4.25,-1.551478965,1.551478965
i14.png,i14_10_4.png,JPEG_compression,4,3.05556,-3.009020888,3.009020888
i14.png,i14_10_5.png,JPEG_compression,5,1.86111,-4.458636753,4.458636753
i14.png,i14_11_1.png,JPEG2000_compression,1,5.97297,-0.271370134,0.271370134
i14.png,i14_11_2.png,JPEG2000_compression,2,5.47222,-0.602983334,0.602983334
i14.png,i14_11_3.png,JPEG2000_compression,3,4.24324,-1.751066917,1.751066917
i14.png,i14_11_4.png,JPEG2000_compression,4,3.08333,-3.067993195,3.067993195
i14.png,i14_11_5.png,JPEG2000_compression,5,1.28571,-5.177980938,5.177980938
i14.png,i14_12_1.png,JPEG_transmission_errors,1,5.81081,-0.403080299,0.403080299
i14.png,i14_12_2.png,JPEG_transmission_errors,2,5.64706,-0.555823098,0.555823098
i14.png,i14_12_3.png,JPEG_transmission_errors,3,4.05714,-1.932416658,1.932416658
i14.png,i14_12_4.png,JPEG_transmission_errors,4,4.13514,-2.008525894,2.008525894
i14.png,i14_12_5.png,JPEG_transmission_errors,5,3.18919,-2.895551119,2.895551119
i14.png,i14_13_1.png,JPEG2000_transmission_errors,1,5.02703,-0.953058405,0.953058405
i14.png,i14_13_2.png,JPEG2000_transmission_errors,2,4.52778,-1.290088219,1.290088219
i14.png,i14_13_3.png,JPEG2000_transmission_errors,3,3.62162,-2.555185433,2.555185433
i14.png,i14_13_4.png,JPEG2000_transmission_errors,4,3.08333,-2.991205247,2.991205247
i14.png,i14_13_5.png,JPEG2000_transmission_errors,5,1.91667,-4.526917414,4.526917414
i14.png,i14_14_1.png,non_eccentricity_pattern_noise,1,6.05405,-0.273287684,0.273287684
i14.png,i14_14_2.png,non_eccentricity_pattern_noise,2,5.7027,-0.472305173,0.472305173
i14.png,i14_14_3.png,non_eccentricity_pattern_noise,3,4.69444,-1.308002473,1.308002473
i14.png,i14_14_4.png,non_eccentricity_pattern_noise,4,4.16667,-1.854130749,1.854130749
i14.png,i14_14_5.png,non_eccentricity_pattern_noise,5,3.37143,-2.61700586,2.61700586
i14.png,i14_15_1.png,local_block_wise_distortions_of_different_intensity,1,2.94595,-3.196421563,3.196421563
i14.png,i14_15_2.png,local_block_wise_distortions_of_different_intensity,2,3.35135,-2.882967924,2.882967924
i14.png,i14_15_3.png,local_block_wise_distortions_of_different_intensity,3,3.52941,-2.593655595,2.593655595
i14.png,i14_15_4.png,local_block_wise_distortions_of_different_intensity,4,3.62162,-2.370516305,2.370516305
i14.png,i14_15_5.png,local_block_wise_distortions_of_different_intensity,5,3.97297,-1.966600099,1.966600099
i14.png,i14_16_1.png,intensity_shift,1,5.77143,-0.314206864,0.314206864
i14.png,i14_16_2.png,intensity_shift,2,5.97297,-0.366090763,0.366090763
i14.png,i14_16_3.png,intensity_shift,3,5.30556,-0.837629963,0.837629963
i14.png,i14_16_4.png,intensity_shift,4,5.17143,-0.772338463,0.772338463
i14.png,i14_16_5.png,intensity_shift,5,4.02857,-1.754718503,1.754718503
i14.png,i14_17_1.png,contrast_change,1,5.40541,-0.74463387,0.74463387
i14.png,i14_17_2.png,contrast_change,2,6.43243,0.069861542,-0.069861542
i14.png,i14_17_3.png,contrast_change,3,4.13889,-1.868078715,1.868078715
i14.png,i14_17_4.png,contrast_change,4,5.91892,-0.423161321,0.423161321
i14.png,i14_17_5.png,contrast_change,5,3.24324,-2.842733455,2.842733455
i14.png,i14_18_1.png,change_of_color_saturation,1,5.37143,-0.600403417,0.600403417
i14.png,i14_18_2.png,change_of_color_saturation,2,5.13889,-0.959896954,0.959896954
i14.png,i14_18_3.png,change_of_color_saturation,3,4.66667,-1.305692587,1.305692587
i14.png,i14_18_4.png,change_of_color_saturation,4,4.14706,-1.674921177,1.674921177
i14.png,i14_18_5.png,change_of_color_saturation,5,3.75,-2.140888611,2.140888611
i14.png,i14_19_1.png,multiplicative_gaussian_noise,1,5.37143,-0.633531145,0.633531145
i14.png,i14_19_2.png,multiplicative_gaussian_noise,2,5.11111,-0.921228106,0.921228106
i14.png,i14_19_3.png,multiplicative_gaussian_noise,3,4.97222,-1.200441741,1.200441741
i14.png,i14_19_4.png,multiplicative_gaussian_noise,4,3.91429,-1.940195369,1.940195369
i14.png,i14_19_5.png,multiplicative_gaussian_noise,5,3.22857,-2.67249194,2.67249194
i14.png,i14_20_1.png,comfort_noise,1,5.72222,-0.39256851,0.39256851
i14.png,i14_20_2.png,comfort_noise,2,5.59459,-0.567079332,0.567079332
i14.png,i14_20_3.png,comfort_noise,3,5.41667,-0.900004844,0.900004844
i14.png,i14_20_4.png,comfort_noise,4,4.19444,-1.639445175,1.639445175
i14.png,i14_20_5.png,comfort_noise,5,3.27027,-2.893956086,2.893956086
i14.png,i14_21_1.png,lossy_compression_of_noisy_images,1,5.2973,-0.739944228,0.739944228
i14.png,i14_21_2.png,lossy_compression_of_noisy_images,2,5.16667,-0.905636599,0.905636599
i14.png,i14_21_3.png,lossy_compression_of_noisy_images,3,4.54054,-1.526536478,1.526536478
i14.png,i14_21_4.png,lossy_compression_of_noisy_images,4,3.75,-2.448053411,2.448053411
i14.png,i14_21_5.png,lossy_compression_of_noisy_images,5,2.64865,-3.69910949,3.69910949
i14.png,i14_22_1.png,image_color_quantization_with_dither,1,5.40541,-0.685561651,0.685561651
i14.png,i14_22_2.png,image_color_quantization_with_dither,2,5.37143,-0.661552833,0.661552833
i14.png,i14_22_3.png,image_color_quantization_with_dither,3,5.05556,-0.852420735,0.852420735
i14.png,i14_22_4.png,image_color_quantization_with_dither,4,3.97143,-1.859034262,1.859034262
i14.png,i14_22_5.png,image_color_quantization_with_dither,5,3.27778,-2.930082973,2.930082973
i14.png,i14_23_1.png,chromatic_aberrations,1,6.02778,-0.398101803,0.398101803
i14.png,i14_23_2.png,chromatic_aberrations,2,6.02703,-0.358793241,0.358793241
i14.png,i14_23_3.png,chromatic_aberrations,3,5.61111,-0.578199951,0.578199951
i14.png,i14_23_4.png,chromatic_aberrations,4,5.0,-0.966636846,0.966636846
i14.png,i14_23_5.png,chromatic_aberrations,5,2.77778,-3.317036083,3.317036083
i14.png,i14_24_1.png,sparse_sampling_and_reconstruction,1,6.13514,-0.246952262,0.246952262
i14.png,i14_24_2.png,sparse_sampling_and_reconstruction,2,5.58333,-0.554532254,0.554532254
i14.png,i14_24_3.png,sparse_sampling_and_reconstruction,3,4.44444,-1.545729007,1.545729007
i14.png,i14_24_4.png,sparse_sampling_and_reconstruction,4,3.18919,-2.940924925,2.940924925
i14.png,i14_24_5.png,sparse_sampling_and_reconstruction,5,0.91892,-5.513592926,5.513592926
i15.png,i15_01_1.png,additive_gaussian_noise,1,5.82222,-0.34472642,0.34472642
i15.png,i15_01_2.png,additive_gaussian_noise,2,5.06818,-0.826637879,0.826637879
i15.png,i15_01_3.png,additive_gaussian_noise,3,4.95556,-1.149786798,1.149786798
i15.png,i15_01_4.png,additive_gaussian_noise,4,4.27907,-1.73167764,1.73167764
i15.png,i15_01_5.png,additive_gaussian_noise,5,3.91111,-2.438449501,2.438449501
i15.png,i15_02_1.png,additive_noise_in_color_more_intensive_than_additive_noise_in_the_luminance,1,6.09091,-0.046729477,0.046729477
i15.png,i15_02_2.png,additive_noise_in_color_more_intensive_than_additive_noise_in_the_luminance,2,5.81818,-0.265339207,0.265339207
i15.png,i15_02_3.png,additive_noise_in_color_more_intensive_than_additive_noise_in_the_luminance,3,5.63636,-0.506984997,0.506984997
i15.png,i15_02_4.png,additive_noise_in_color_more_intensive_than_additive_noise_in_the_luminance,4,4.88636,-1.084077887,1.084077887
i15.png,i15_02_5.png,additive_noise_in_color_more_intensive_than_additive_noise_in_the_luminance,5,4.63636,-1.395377961,1.395377961
i15.png,i15_03_1.png,spatially_correlated_noise,1,4.32558,-1.697816595,1.697816595
i15.png,i15_03_2.png,spatially_correlated_noise,2,3.81395,-2.214299726,2.214299726
i15.png,i15_03_3.png,spatially_correlated_noise,3,3.61364,-2.704754043,2.704754043
i15.png,i15_03_4.png,spatially_correlated_noise,4,3.17778,-3.412388745,3.412388745
i15.png,i15_03_5.png,spatially_correlated_noise,5,2.62791,-4.092495996,4.092495996
i15.png,i15_04_1.png,masked_noise,1,6.02273,-0.033065149,0.033065149
i15.png,i15_04_2.png,masked_noise,2,6.04444,-0.157328097,0.157328097
i15.png,i15_04_3.png,masked_noise,3,5.83721,-0.233505102,0.233505102
i15.png,i15_04_4.png,masked_noise,4,5.77778,-0.322288584,0.322288584
i15.png,i15_04_5.png,masked_noise,5,4.97727,-1.054563598,1.054563598
i15.png,i15_05_1.png,high_frequency_noise,1,5.78571,-0.200647942,0.200647942
i15.png,i15_05_2.png,high_frequency_noise,2,5.65116,-0.372238829,0.372238829
i15.png,i15_05_3.png,high_frequency_noise,3,5.11364,-0.887764843,0.887764843
i15.png,i15_05_4.png,high_frequency_noise,4,4.06818,-1.954214521,1.954214521
i15.png,i15_05_5.png,high_frequency_noise,5,3.31818,-3.112800193,3.112800193
i15.png,i15_06_1.png,impulse_noise,1,4.43182,-1.57460118,1.57460118
i15.png,i15_06_2.png,impulse_noise,2,4.17778,-2.06144032,2.06144032
i15.png,i15_06_3.png,impulse_noise,3,3.97674,-2.301840478,2.301840478
i15.png,i15_06_4.png,impulse_noise,4,3.36364,-3.062513991,3.062513991
i15.png,i15_06_5.png,impulse_noise,5,3.17778,-3.515387579,3.515387579
i15.png,i15_07_1.png,quantization_noise,1,4.81395,-1.567946525,1.567946525
i15.png,i15_07_2.png,quantization_noise,2,3.93023,-2.322572759,2.322572759
i15.png,i15_07_3.png,quantization_noise,3,3.61364,-2.590053354,2.590053354
i15.png,i15_07_4.png,quantization_noise,4,2.91111,-3.761338051,3.761338051
i15.png,i15_07_5.png,quantization_noise,5,2.44444,-4.45671281,4.45671281
i15.png,i15_08_1.png,gaussian_blur,1,5.95556,-0.16181453,0.16181453
i15.png,i15_08_2.png,gaussian_blur,2,6.06667,-0.199744318,0.199744318
i15.png,i15_08_3.png,gaussian_blur,3,5.13636,-0.933153999,0.933153999
i15.png,i15_08_4.png,gaussian_blur,4,3.93182,-2.211332303,2.211332303
i15.png,i15_08_5.png,gaussian_blur,5,3.36364,-3.000292525,3.000292525
i15.png,i15_09_1.png,image_denoising,1,5.93023,-0.291372661,0.291372661
i15.png,i15_09_2.png,image_denoising,2,5.54545,-0.420247262,0.420247262
i15.png,i15_09_3.png,image_denoising,3,4.69767,-1.241829925,1.241829925
i15.png,i15_09_4.png,image_denoising,4,3.74419,-2.552857708,2.552857708
i15.png,i15_09_5.png,image_denoising,5,2.5,-4.590718609,4.590718609
i15.png,i15_10_1.png,JPEG_compression,1,5.77778,-0.241188508,0.241188508
i15.png,i15_10_2.png,JPEG_compression,2,5.70455,-0.287698286,0.287698286
i15.png,i15_10_3.png,JPEG_compression,3,4.6,-1.37178403,1.37178403
i15.png,i15_10_4.png,JPEG_compression,4,3.17778,-3.447444226,3.447444226
i15.png,i15_10_5.png,JPEG_compression,5,1.86667,-5.619121758,5.619121758
i15.png,i15_11_1.png,JPEG2000_compression,1,5.84444,-0.415107469,0.415107469
i15.png,i15_11_2.png,JPEG2000_compression,2,4.4,-1.793200178,1.793200178
i15.png,i15_11_3.png,JPEG2000_compression,3,3.04878,-3.416332147,3.416332147
i15.png,i15_11_4.png,JPEG2000_compression,4,2.0,-5.128049453,5.128049453
i15.png,i15_11_5.png,JPEG2000_compression,5,0.65116,-6.858627355,6.858627355
i15.png,i15_12_1.png,JPEG_transmission_errors,1,5.66667,-0.426909885,0.426909885
i15.png,i15_12_2.png,JPEG_transmission_errors,2,5.40909,-0.575991855,0.575991855
i15.png,i15_12_3.png,JPEG_transmission_errors,3,4.22222,-1.807515267,1.807515267
i15.png,i15_12_4.png,JPEG_transmission_errors,4,3.2,-3.590993496,3.590993496
i15.png,i15_12_5.png,JPEG_transmission_errors,5,2.56818,-4.352721284,4.352721284
i15.png,i15_13_1.png,JPEG2000_transmission_errors,1,4.84091,-1.108875695,1.108875695
i15.png,i15_13_2.png,JPEG2000_transmission_errors,2,3.76744,-2.531978932,2.531978932
i15.png,i15_13_3.png,JPEG2000_transmission_errors,3,3.34884,-3.204377467,3.204377467
i15.png,i15_13_4.png,JPEG2000_transmission_errors,4,2.86364,-3.968603767,3.968603767
i15.png,i15_13_5.png,JPEG2000_transmission_errors,5,2.11364,-5.309926923,5.309926923
i15.png,i15_14_1.png,non_eccentricity_pattern_noise,1,5.59091,-0.396410233,0.396410233
i15.png,i15_14_2.png,non_eccentricity_pattern_noise,2,6.15556,-0.00640249,0.00640249
i15.png,i15_14_3.png,non_eccentricity_pattern_noise,3,5.95556,-0.250113097,0.250113097
i15.png,i15_14_4.png,non_eccentricity_pattern_noise,4,5.02381,-0.946611651,0.946611651
i15.png,i15_14_5.png,non_eccentricity_pattern_noise,5,3.79545,-2.220166879,2.220166879
i15.png,i15_15_1.png,local_block_wise_distortions_of_different_intensity,1,3.88636,-2.457706629,2.457706629
i15.png,i15_15_2.png,local_block_wise_distortions_of_different_intensity,2,4.02273,-2.392548305,2.392548305
i15.png,i15_15_3.png,local_block_wise_distortions_of_different_intensity,3,3.95455,-2.336068404,2.336068404
i15.png,i15_15_4.png,local_block_wise_distortions_of_different_intensity,4,4.13636,-2.084255197,2.084255197
i15.png,i15_15_5.png,local_block_wise_distortions_of_different_intensity,5,4.95455,-1.008533702,1.008533702
i15.png,i15_16_1.png,intensity_shift,1,6.22727,-0.012823578,0.012823578
i15.png,i15_16_2.png,intensity_shift,2,5.90698,-0.105915056,0.105915056
i15.png,i15_16_3.png,intensity_shift,3,5.42222,-0.697762636,0.697762636
i15.png,i15_16_4.png,intensity_shift,4,5.38636,-0.611950204,0.611950204
i15.png,i15_16_5.png,intensity_shift,5,4.02326,-2.20309628,2.20309628
i15.png,i15_17_1.png,contrast_change,1,5.93182,-0.27728648,0.27728648
i15.png,i15_17_2.png,contrast_change,2,6.66667,0.311191436,-0.311191436
i15.png,i15_17_3.png,contrast_change,3,5.0,-1.118037946,1.118037946
i15.png,i15_17_4.png,contrast_change,4,6.31111,-0.055874505,0.055874505
i15.png,i15_17_5.png,contrast_change,5,3.82222,-2.574528718,2.574528718
i15.png,i15_18_1.png,change_of_color_saturation,1,5.15556,-0.862027751,0.862027751
i15.png,i15_18_2.png,change_of_color_saturation,2,4.81395,-1.239533206,1.239533206
i15.png,i15_18_3.png,change_of_color_saturation,3,4.37209,-1.643585942,1.643585942
i15.png,i15_18_4.png,change_of_color_saturation,4,4.09091,-2.13690442,2.13690442
i15.png,i15_18_5.png,change_of_color_saturation,5,3.76744,-2.333534218,2.333534218
i15.png,i15_19_1.png,multiplicative_gaussian_noise,1,5.90909,-0.27621675,0.27621675
i15.png,i15_19_2.png,multiplicative_gaussian_noise,2,5.33333,-0.62334697,0.62334697
i15.png,i15_19_3.png,multiplicative_gaussian_noise,3,4.72093,-1.292210496,1.292210496
i15.png,i15_19_4.png,multiplicative_gaussian_noise,4,4.37209,-1.735025802,1.735025802
i15.png,i15_19_5.png,multiplicative_gaussian_noise,5,3.91111,-2.222334756,2.222334756
i15.png,i15_20_1.png,comfort_noise,1,6.32558,0.066673763,-0.066673763
i15.png,i15_20_2.png,comfort_noise,2,5.64444,-0.464870298,0.464870298
i15.png,i15_20_3.png,comfort_noise,3,4.74419,-1.196749919,1.196749919
i15.png,i15_20_4.png,comfort_noise,4,3.13333,-3.199222186,3.199222186
i15.png,i15_20_5.png,comfort_noise,5,2.44444,-4.600263632,4.600263632
i15.png,i15_21_1.png,lossy_compression_of_noisy_images,1,5.22727,-0.867478745,0.867478745
i15.png,i15_21_2.png,lossy_compression_of_noisy_images,2,4.55556,-1.538313343,1.538313343
i15.png,i15_21_3.png,lossy_compression_of_noisy_images,3,3.91111,-2.375577187,2.375577187
i15.png,i15_21_4.png,lossy_compression_of_noisy_images,4,3.11364,-3.442615508,3.442615508
i15.png,i15_21_5.png,lossy_compression_of_noisy_images,5,2.30233,-4.773903217,4.773903217
i15.png,i15_22_1.png,image_color_quantization_with_dither,1,6.33333,0.068116697,-0.068116697
i15.png,i15_22_2.png,image_color_quantization_with_dither,2,5.8,-0.316388957,0.316388957
i15.png,i15_22_3.png,image_color_quantization_with_dither,3,5.38636,-0.717521364,0.717521364
i15.png,i15_22_4.png,image_color_quantization_with_dither,4,4.48889,-1.779432074,1.779432074
i15.png,i15_22_5.png,image_color_quantization_with_dither,5,3.71111,-2.58670879,2.58670879
i15.png,i15_23_1.png,chromatic_aberrations,1,5.90909,-0.261741632,0.261741632
i15.png,i15_23_2.png,chromatic_aberrations,2,5.90909,-0.17352235,0.17352235
i15.png,i15_23_3.png,chromatic_aberrations,3,5.36364,-0.656586566,0.656586566
i15.png,i15_23_4.png,chromatic_aberrations,4,4.47727,-1.717482262,1.717482262
i15.png,i15_23_5.png,chromatic_aberrations,5,3.37209,-2.989582832,2.989582832
i15.png,i15_24_1.png,sparse_sampling_and_reconstruction,1,5.77273,-0.323760139,0.323760139
i15.png,i15_24_2.png,sparse_sampling_and_reconstruction,2,4.81395,-1.067101092,1.067101092
i15.png,i15_24_3.png,sparse_sampling_and_reconstruction,3,3.22727,-3.137648453,3.137648453
i15.png,i15_24_4.png,sparse_sampling_and_reconstruction,4,1.88636,-5.720858395,5.720858395
i15.png,i15_24_5.png,sparse_sampling_and_reconstruction,5,0.72727,-7.077028164,7.077028164
i16.png,i16_01_1.png,additive_gaussian_noise,1,5.61538,-0.861332131,0.861332131
i16.png,i16_01_2.png,additive_gaussian_noise,2,5.65,-1.084884172,1.084884172
i16.png,i16_01_3.png,additive_gaussian_noise,3,5.02632,-1.442137198,1.442137198
i16.png,i16_01_4.png,additive_gaussian_noise,4,4.15385,-2.249447722,2.249447722
i16.png,i16_01_5.png,additive_gaussian_noise,5,3.94872,-2.867768439,2.867768439
i16.png,i16_02_1.png,additive_noise_in_color_more_intensive_than_additive_noise_in_the_luminance,1,5.9,-0.620980839,0.620980839
i16.png,i16_02_2.png,additive_noise_in_color_more_intensive_than_additive_noise_in_the_luminance,2,6.15,-0.518319495,0.518319495
i16.png,i16_02_3.png,additive_noise_in_color_more_intensive_than_additive_noise_in_the_luminance,3,5.575,-0.947888542,0.947888542
i16.png,i16_02_4.png,additive_noise_in_color_more_intensive_than_additive_noise_in_the_luminance,4,5.2,-1.279931066,1.279931066
i16.png,i16_02_5.png,additive_noise_in_color_more_intensive_than_additive_noise_in_the_luminance,5,4.61538,-1.875210982,1.875210982
i16.png,i16_03_1.png,spatially_correlated_noise,1,4.74359,-1.659225151,1.659225151
i16.png,i16_03_2.png,spatially_correlated_noise,2,4.07895,-2.392319368,2.392319368
i16.png,i16_03_3.png,spatially_correlated_noise,3,3.69231,-2.928616972,2.928616972
i16.png,i16_03_4.png,spatially_correlated_noise,4,3.23684,-3.455862667,3.455862667
i16.png,i16_03_5.png,spatially_correlated_noise,5,2.79487,-4.19714659,4.19714659
i16.png,i16_04_1.png,masked_noise,1,5.825,-0.670562807,0.670562807
i16.png,i16_04_2.png,masked_noise,2,5.82051,-0.699196578,0.699196578
i16.png,i16_04_3.png,masked_noise,3,5.75,-0.945022244,0.945022244
i16.png,i16_04_4.png,masked_noise,4,5.12821,-1.386694829,1.386694829
i16.png,i16_04_5.png,masked_noise,5,4.61538,-1.844472332,1.844472332
i16.png,i16_05_1.png,high_frequency_noise,1,5.8,-0.716837771,0.716837771
i16.png,i16_05_2.png,high_frequency_noise,2,5.61538,-0.826488254,0.826488254
i16.png,i16_05_3.png,high_frequency_noise,3,5.23077,-1.237014061,1.237014061
i16.png,i16_05_4.png,high_frequency_noise,4,4.35,-2.115813309,2.115813309
i16.png,i16_05_5.png,high_frequency_noise,5,3.39474,-3.604725638,3.604725638
i16.png,i16_06_1.png,impulse_noise,1,5.28205,-1.288131544,1.288131544
i16.png,i16_06_2.png,impulse_noise,2,4.82051,-1.683134583,1.683134583
i16.png,i16_06_3.png,impulse_noise,3,4.53846,-2.069462063,2.069462063
i16.png,i16_06_4.png,impulse_noise,4,3.97368,-2.462234845,2.462234845
i16.png,i16_06_5.png,impulse_noise,5,3.58974,-3.034692965,3.034692965
i16.png,i16_07_1.png,quantization_noise,1,5.475,-1.171306037,1.171306037
i16.png,i16_07_2.png,quantization_noise,2,4.75,-1.826104259,1.826104259
i16.png,i16_07_3.png,quantization_noise,3,4.35,-2.34664346,2.34664346
i16.png,i16_07_4.png,quantization_noise,4,3.66667,-2.899190736,2.899190736
i16.png,i16_07_5.png,quantization_noise,5,3.10256,-3.653165837,3.653165837
i16.png,i16_08_1.png,gaussian_blur,1,5.82051,-0.717019543,0.717019543
i16.png,i16_08_2.png,gaussian_blur,2,5.225,-1.229134773,1.229134773
i16.png,i16_08_3.png,gaussian_blur,3,4.275,-2.180580878,2.180580878
i16.png,i16_08_4.png,gaussian_blur,4,3.61538,-3.145733079,3.145733079
i16.png,i16_08_5.png,gaussian_blur,5,2.925,-4.119465191,4.119465191
i16.png,i16_09_1.png,image_denoising,1,6.02564,-0.573395244,0.573395244
i16.png,i16_09_2.png,image_denoising,2,5.76923,-0.814088971,0.814088971
i16.png,i16_09_3.png,image_denoising,3,4.58974,-1.741477795,1.741477795
i16.png,i16_09_4.png,image_denoising,4,3.12821,-3.570655586,3.570655586
i16.png,i16_09_5.png,image_denoising,5,2.34211,-5.004341618,5.004341618
i16.png,i16_10_1.png,JPEG_compression,1,5.9,-0.599150133,0.599150133
i16.png,i16_10_2.png,JPEG_compression,2,5.76923,-0.914002085,0.914002085
i16.png,i16_10_3.png,JPEG_compression,3,5.25641,-1.33430003,1.33430003
i16.png,i16_10_4.png,JPEG_compression,4,3.61538,-3.086233297,3.086233297
i16.png,i16_10_5.png,JPEG_compression,5,2.46154,-4.866193642,4.866193642
i16.png,i16_11_1.png,JPEG2000_compression,1,5.875,-0.688813068,0.688813068
i16.png,i16_11_2.png,JPEG2000_compression,2,5.075,-1.355289976,1.355289976
i16.png,i16_11_3.png,JPEG2000_compression,3,2.89744,-4.043216624,4.043216624
i16.png,i16_11_4.png,JPEG2000_compression,4,2.075,-5.9607692,5.9607692
i16.png,i16_11_5.png,JPEG2000_compression,5,0.95,-7.691598305,7.691598305
i16.png,i16_12_1.png,JPEG_transmission_errors,1,5.875,-0.669400604,0.669400604
i16.png,i16_12_2.png,JPEG_transmission_errors,2,5.575,-0.890788619,0.890788619
i16.png,i16_12_3.png,JPEG_transmission_errors,3,4.925,-1.56282967,1.56282967
i16.png,i16_12_4.png,JPEG_transmission_errors,4,3.28205,-3.461261004,3.461261004
i16.png,i16_12_5.png,JPEG_transmission_errors,5,2.6,-4.641614449,4.641614449
i16.png,i16_13_1.png,JPEG2000_transmission_errors,1,4.6,-2.046591097,2.046591097
i16.png,i16_13_2.png,JPEG2000_transmission_errors,2,3.81579,-2.607691174,2.607691174
i16.png,i16_13_3.png,JPEG2000_transmission_errors,3,4.46154,-2.021211452,2.021211452
i16.png,i16_13_4.png,JPEG2000_transmission_errors,4,3.05128,-4.023335993,4.023335993
i16.png,i16_13_5.png,JPEG2000_transmission_errors,5,3.625,-3.141734185,3.141734185
i16.png,i16_14_1.png,non_eccentricity_pattern_noise,1,5.76923,-0.740871241,0.740871241
i16.png,i16_14_2.png,non_eccentricity_pattern_noise,2,6.13158,-0.402299685,0.402299685
i16.png,i16_14_3.png,non_eccentricity_pattern_noise,3,5.61538,-0.767655897,0.767655897
i16.png,i16_14_4.png,non_eccentricity_pattern_noise,4,5.52632,-1.009167948,1.009167948
i16.png,i16_14_5.png,non_eccentricity_pattern_noise,5,4.575,-1.903927584,1.903927584
i16.png,i16_15_1.png,local_block_wise_distortions_of_different_intensity,1,3.41026,-3.297821648,3.297821648
i16.png,i16_15_2.png,local_block_wise_distortions_of_different_intensity,2,3.53846,-2.919055545,2.919055545
i16.png,i16_15_3.png,local_block_wise_distortions_of_different_intensity,3,3.475,-3.034556785,3.034556785
i16.png,i16_15_4.png,local_block_wise_distortions_of_different_intensity,4,3.65,-3.021585206,3.021585206
i16.png,i16_15_5.png,local_block_wise_distortions_of_different_intensity,5,4.02632,-2.528229436,2.528229436
i16.png,i16_16_1.png,intensity_shift,1,5.92308,-0.604034311,0.604034311
i16.png,i16_16_2.png,intensity_shift,2,6.275,-0.385250796,0.385250796
i16.png,i16_16_3.png,intensity_shift,3,5.68421,-0.708673467,0.708673467
i16.png,i16_16_4.png,intensity_shift,4,5.75,-0.808062536,0.808062536
i16.png,i16_16_5.png,intensity_shift,5,4.61538,-1.719521622,1.719521622
i16.png,i16_17_1.png,contrast_change,1,5.825,-0.754261081,0.754261081
i16.png,i16_17_2.png,contrast_change,2,7.1,0.151827098,-0.151827098
i16.png,i16_17_3.png,contrast_change,3,4.75,-1.626645329,1.626645329
i16.png,i16_17_4.png,contrast_change,4,6.65,-0.180277969,0.180277969
i16.png,i16_17_5.png,contrast_change,5,3.35897,-3.212467146,3.212467146
i16.png,i16_18_1.png,change_of_color_saturation,1,4.6,-1.897496012,1.897496012
i16.png,i16_18_2.png,change_of_color_saturation,2,4.39474,-2.118203896,2.118203896
i16.png,i16_18_3.png,change_of_color_saturation,3,4.05,-2.443042202,2.443042202
i16.png,i16_18_4.png,change_of_color_saturation,4,3.92308,-2.669432583,2.669432583
i16.png,i16_18_5.png,change_of_color_saturation,5,3.94737,-2.681533536,2.681533536
i16.png,i16_19_1.png,multiplicative_gaussian_noise,1,5.575,-0.985501095,0.985501095
i16.png,i16_19_2.png,multiplicative_gaussian_noise,2,5.375,-1.174946702,1.174946702
i16.png,i16_19_3.png,multiplicative_gaussian_noise,3,4.61538,-1.722059128,1.722059128
i16.png,i16_19_4.png,multiplicative_gaussian_noise,4,4.15385,-2.47129533,2.47129533
i16.png,i16_19_5.png,multiplicative_gaussian_noise,5,3.66667,-2.917579899,2.917579899
i16.png,i16_20_1.png,comfort_noise,1,6.07692,-0.476642963,0.476642963
i16.png,i16_20_2.png,comfort_noise,2,5.74359,-0.73551386,0.73551386
i16.png,i16_20_3.png,comfort_noise,3,5.18421,-1.461728253,1.461728253
i16.png,i16_20_4.png,comfort_noise,4,4.125,-2.288396687,2.288396687
i16.png,i16_20_5.png,comfort_noise,5,3.58974,-3.065160929,3.065160929
i16.png,i16_21_1.png,lossy_compression_of_noisy_images,1,5.825,-0.859285533,0.859285533
i16.png,i16_21_2.png,lossy_compression_of_noisy_images,2,5.46154,-1.185972219,1.185972219
i16.png,i16_21_3.png,lossy_compression_of_noisy_images,3,4.25641,-2.024609338,2.024609338
i16.png,i16_21_4.png,lossy_compression_of_noisy_images,4,3.76923,-2.969480827,2.969480827
i16.png,i16_21_5.png,lossy_compression_of_noisy_images,5,1.84615,-6.503903426,6.503903426
i16.png,i16_22_1.png,image_color_quantization_with_dither,1,5.61538,-0.853576794,0.853576794
i16.png,i16_22_2.png,image_color_quantization_with_dither,2,5.35,-1.236958284,1.236958284
i16.png,i16_22_3.png,image_color_quantization_with_dither,3,4.94595,-1.649716833,1.649716833
i16.png,i16_22_4.png,image_color_quantization_with_dither,4,3.97368,-2.425055155,2.425055155
i16.png,i16_22_5.png,image_color_quantization_with_dither,5,2.775,-4.433550982,4.433550982
i16.png,i16_23_1.png,chromatic_aberrations,1,6.125,-0.472433665,0.472433665
i16.png,i16_23_2.png,chromatic_aberrations,2,4.825,-1.68426473,1.68426473
i16.png,i16_23_3.png,chromatic_aberrations,3,2.7,-4.665890919,4.665890919
i16.png,i16_23_4.png,chromatic_aberrations,4,2.15789,-5.909781662,5.909781662
i16.png,i16_23_5.png,chromatic_aberrations,5,1.52632,-6.592964551,6.592964551
i16.png,i16_24_1.png,sparse_sampling_and_reconstruction,1,5.36842,-1.067812717,1.067812717
i16.png,i16_24_2.png,sparse_sampling_and_reconstruction,2,4.05263,-2.347538325,2.347538325
i16.png,i16_24_3.png,sparse_sampling_and_reconstruction,3,2.64103,-4.45771518,4.45771518
i16.png,i16_24_4.png,sparse_sampling_and_reconstruction,4,1.84211,-6.421673064,6.421673064
i16.png,i16_24_5.png,sparse_sampling_and_reconstruction,5,0.97436,-7.000664397,7.000664397
i17.png,i17_01_1.png,additive_gaussian_noise,1,5.89189,-0.079475201,0.079475201
i17.png,i17_01_2.png,additive_gaussian_noise,2,5.21053,-0.718123657,0.718123657
i17.png,i17_01_3.png,additive_gaussian_noise,3,5.05128,-1.035184282,1.035184282
i17.png,i17_01_4.png,additive_gaussian_noise,4,4.38462,-1.556243221,1.556243221
i17.png,i17_01_5.png,additive_gaussian_noise,5,3.87179,-2.132913539,2.132913539
i17.png,i17_02_1.png,additive_noise_in_color_more_intensive_than_additive_noise_in_the_luminance,1,5.75,-0.355177174,0.355177174
i17.png,i17_02_2.png,additive_noise_in_color_more_intensive_than_additive_noise_in_the_luminance,2,6.0,-0.201111905,0.201111905
i17.png,i17_02_3.png,additive_noise_in_color_more_intensive_than_additive_noise_in_the_luminance,3,5.825,-0.365606818,0.365606818
i17.png,i17_02_4.png,additive_noise_in_color_more_intensive_than_additive_noise_in_the_luminance,4,5.275,-0.789406238,0.789406238
i17.png,i17_02_5.png,additive_noise_in_color_more_intensive_than_additive_noise_in_the_luminance,5,4.48718,-1.416937322,1.416937322
i17.png,i17_03_1.png,spatially_correlated_noise,1,4.97368,-1.002264546,1.002264546
i17.png,i17_03_2.png,spatially_correlated_noise,2,4.4359,-1.589601827,1.589601827
i17.png,i17_03_3.png,spatially_correlated_noise,3,3.82051,-2.266216829,2.266216829
i17.png,i17_03_4.png,spatially_correlated_noise,4,3.35,-2.834107307,2.834107307
i17.png,i17_03_5.png,spatially_correlated_noise,5,2.89744,-3.504652763,3.504652763
i17.png,i17_04_1.png,masked_noise,1,5.76923,-0.381747977,0.381747977
i17.png,i17_04_2.png,masked_noise,2,5.97368,-0.299350064,0.299350064
i17.png,i17_04_3.png,masked_noise,3,5.33333,-0.729165975,0.729165975
i17.png,i17_04_4.png,masked_noise,4,5.23684,-0.73693751,0.73693751
i17.png,i17_04_5.png,masked_noise,5,4.73684,-1.324435243,1.324435243
i17.png,i17_05_1.png,high_frequency_noise,1,5.825,-0.395197993,0.395197993
i17.png,i17_05_2.png,high_frequency_noise,2,5.925,-0.336989548,0.336989548
i17.png,i17_05_3.png,high_frequency_noise,3,5.23684,-0.809289764,0.809289764
i17.png,i17_05_4.png,high_frequency_noise,4,4.17949,-1.685263792,1.685263792
i17.png,i17_05_5.png,high_frequency_noise,5,3.34211,-2.635767765,2.635767765
i17.png,i17_06_1.png,impulse_noise,1,4.23684,-1.57944816,1.57944816
i17.png,i17_06_2.png,impulse_noise,2,4.43243,-1.644936924,1.644936924
i17.png,i17_06_3.png,impulse_noise,3,4.0,-2.063920242,2.063920242
i17.png,i17_06_4.png,impulse_noise,4,3.55,-2.515109807,2.515109807
i17.png,i17_06_5.png,impulse_noise,5,3.30769,-3.000515016,3.000515016
i17.png,i17_07_1.png,quantization_noise,1,5.71795,-0.550779498,0.550779498
i17.png,i17_07_2.png,quantization_noise,2,4.65789,-1.26377308,1.26377308
i17.png,i17_07_3.png,quantization_noise,3,3.89744,-2.29547757,2.29547757
i17.png,i17_07_4.png,quantization_noise,4,3.20513,-2.901799864,2.901799864
i17.png,i17_07_5.png,quantization_noise,5,2.47368,-3.846937474,3.846937474
i17.png,i17_08_1.png,gaussian_blur,1,5.74359,-0.312947421,0.312947421
i17.png,i17_08_2.png,gaussian_blur,2,5.225,-0.780978396,0.780978396
i17.png,i17_08_3.png,gaussian_blur,3,4.575,-1.499570843,1.499570843
i17.png,i17_08_4.png,gaussian_blur,4,3.71795,-2.380992559,2.380992559
i17.png,i17_08_5.png,gaussian_blur,5,2.95,-3.373500858,3.373500858
i17.png,i17_09_1.png,image_denoising,1,6.025,-0.232155326,0.232155326
i17.png,i17_09_2.png,image_denoising,2,6.10526,-0.287349847,0.287349847
i17.png,i17_09_3.png,image_denoising,3,5.025,-0.918583004,0.918583004
i17.png,i17_09_4.png,image_denoising,4,3.82051,-2.14913789,2.14913789
i17.png,i17_09_5.png,image_denoising,5,2.45946,-3.919533182,3.919533182
i17.png,i17_10_1.png,JPEG_compression,1,6.05128,-0.262750755,0.262750755
i17.png,i17_10_2.png,JPEG_compression,2,5.925,-0.25553694,0.25553694
i17.png,i17_10_3.png,JPEG_compression,3,5.15385,-0.826084336,0.826084336
i17.png,i17_10_4.png,JPEG_compression,4,3.425,-2.697108637,2.697108637
i17.png,i17_10_5.png,JPEG_compression,5,2.25,-4.280371869,4.280371869
i17.png,i17_11_1.png,JPEG2000_compression,1,5.5641,-0.401888495,0.401888495
i17.png,i17_11_2.png,JPEG2000_compression,2,5.4359,-0.645927927,0.645927927
i17.png,i17_11_3.png,JPEG2000_compression,3,3.84615,-2.270542632,2.270542632
i17.png,i17_11_4.png,JPEG2000_compression,4,2.76923,-3.492125926,3.492125926
i17.png,i17_11_5.png,JPEG2000_compression,5,1.025,-5.774833285,5.774833285
i17.png,i17_12_1.png,JPEG_transmission_errors,1,5.875,-0.226477776,0.226477776
i17.png,i17_12_2.png,JPEG_transmission_errors,2,5.92308,-0.381321557,0.381321557
i17.png,i17_12_3.png,JPEG_transmission_errors,3,5.07692,-0.819189379,0.819189379
i17.png,i17_12_4.png,JPEG_transmission_errors,4,3.925,-2.144315324,2.144315324
i17.png,i17_12_5.png,JPEG_transmission_errors,5,2.48718,-3.907605357,3.907605357
i17.png,i17_13_1.png,JPEG2000_transmission_errors,1,5.15,-1.122457661,1.122457661
i17.png,i17_13_2.png,JPEG2000_transmission_errors,2,4.45,-1.598344156,1.598344156
i17.png,i17_13_3.png,JPEG2000_transmission_errors,3,3.26316,-3.091990791,3.091990791
i17.png,i17_13_4.png,JPEG2000_transmission_errors,4,2.425,-4.021019642,4.021019642
i17.png,i17_13_5.png,JPEG2000_transmission_errors,5,2.36842,-4.210954495,4.210954495
i17.png,i17_14_1.png,non_eccentricity_pattern_noise,1,5.875,-0.291159039,0.291159039
i17.png,i17_14_2.png,non_eccentricity_pattern_noise,2,5.79487,-0.356323316,0.356323316
i17.png,i17_14_3.png,non_eccentricity_pattern_noise,3,5.52632,-0.364803577,0.364803577
i17.png,i17_14_4.png,non_eccentricity_pattern_noise,4,4.35897,-1.492968037,1.492968037
i17.png,i17_14_5.png,non_eccentricity_pattern_noise,5,3.525,-2.517716773,2.517716773
i17.png,i17_15_1.png,local_block_wise_distortions_of_different_intensity,1,3.55,-2.685232213,2.685232213
i17.png,i17_15_2.png,local_block_wise_distortions_of_different_intensity,2,3.41026,-2.905157844,2.905157844
i17.png,i17_15_3.png,local_block_wise_distortions_of_different_intensity,3,3.25641,-2.770253269,2.770253269
i17.png,i17_15_4.png,local_block_wise_distortions_of_different_intensity,4,3.625,-2.546032313,2.546032313
i17.png,i17_15_5.png,local_block_wise_distortions_of_different_intensity,5,4.0,-2.154333253,2.154333253
i17.png,i17_16_1.png,intensity_shift,1,5.925,-0.245854263,0.245854263
i17.png,i17_16_2.png,intensity_shift,2,6.025,-0.285238541,0.285238541
i17.png,i17_16_3.png,intensity_shift,3,5.57895,-0.518713579,0.518713579
i17.png,i17_16_4.png,intensity_shift,4,5.15789,-0.757767909,0.757767909
i17.png,i17_16_5.png,intensity_shift,5,4.17949,-1.653821413,1.653821413
i17.png,i17_17_1.png,contrast_change,1,5.575,-0.53903375,0.53903375
i17.png,i17_17_2.png,contrast_change,2,6.625,0.236927902,-0.236927902
i17.png,i17_17_3.png,contrast_change,3,4.48718,-1.405291945,1.405291945
i17.png,i17_17_4.png,contrast_change,4,7.1,0.496804842,-0.496804842
i17.png,i17_17_5.png,contrast_change,5,3.36842,-2.723241586,2.723241586
i17.png,i17_18_1.png,change_of_color_saturation,1,4.55,-1.450382779,1.450382779
i17.png,i17_18_2.png,change_of_color_saturation,2,4.07692,-1.778117431,1.778117431
i17.png,i17_18_3.png,change_of_color_saturation,3,4.12821,-1.925901509,1.925901509
i17.png,i17_18_4.png,change_of_color_saturation,4,3.82051,-2.199667072,2.199667072
i17.png,i17_18_5.png,change_of_color_saturation,5,3.71795,-2.302087491,2.302087491
i17.png,i17_19_1.png,multiplicative_gaussian_noise,1,5.725,-0.537962058,0.537962058
i17.png,i17_19_2.png,multiplicative_gaussian_noise,2,5.33333,-0.743716432,0.743716432
i17.png,i17_19_3.png,multiplicative_gaussian_noise,3,4.76923,-1.181756566,1.181756566
i17.png,i17_19_4.png,multiplicative_gaussian_noise,4,4.30769,-1.669577305,1.669577305
i17.png,i17_19_5.png,multiplicative_gaussian_noise,5,3.92308,-2.261926174,2.261926174
i17.png,i17_20_1.png,comfort_noise,1,5.75,-0.360131146,0.360131146
i17.png,i17_20_2.png,comfort_noise,2,5.45,-0.568918152,0.568918152
i17.png,i17_20_3.png,comfort_noise,3,4.86842,-1.056747265,1.056747265
i17.png,i17_20_4.png,comfort_noise,4,4.36842,-1.697902526,1.697902526
i17.png,i17_20_5.png,comfort_noise,5,2.86486,-3.287618393,3.287618393
i17.png,i17_21_1.png,lossy_compression_of_noisy_images,1,5.425,-0.669147659,0.669147659
i17.png,i17_21_2.png,lossy_compression_of_noisy_images,2,4.79487,-1.172421464,1.172421464
i17.png,i17_21_3.png,lossy_compression_of_noisy_images,3,4.25,-1.613710281,1.613710281
i17.png,i17_21_4.png,lossy_compression_of_noisy_images,4,3.38462,-2.629207346,2.629207346
i17.png,i17_21_5.png,lossy_compression_of_noisy_images,5,2.52632,-3.707099463,3.707099463
i17.png,i17_22_1.png,image_color_quantization_with_dither,1,5.975,-0.315098361,0.315098361
i17.png,i17_22_2.png,image_color_quantization_with_dither,2,5.61538,-0.460534031,0.460534031
i17.png,i17_22_3.png,image_color_quantization_with_dither,3,4.34211,-1.578318579,1.578318579
i17.png,i17_22_4.png,image_color_quantization_with_dither,4,3.58974,-2.45819769,2.45819769
i17.png,i17_22_5.png,image_color_quantization_with_dither,5,2.89744,-3.370953642,3.370953642
i17.png,i17_23_1.png,chromatic_aberrations,1,5.9,-0.336609082,0.336609082
i17.png,i17_23_2.png,chromatic_aberrations,2,5.9,-0.317568913,0.317568913
i17.png,i17_23_3.png,chromatic_aberrations,3,4.5641,-1.230358496,1.230358496
i17.png,i17_23_4.png,chromatic_aberrations,4,3.15385,-3.002531962,3.002531962
i17.png,i17_23_5.png,chromatic_aberrations,5,1.92308,-4.872347272,4.872347272
i17.png,i17_24_1.png,sparse_sampling_and_reconstruction,1,6.05,-0.149820318,0.149820318
i17.png,i17_24_2.png,sparse_sampling_and_reconstruction,2,5.525,-0.514834754,0.514834754
i17.png,i17_24_3.png,sparse_sampling_and_reconstruction,3,3.97368,-1.983199838,1.983199838
i17.png,i17_24_4.png,sparse_sampling_and_reconstruction,4,2.02564,-4.366527881,4.366527881
i17.png,i17_24_5.png,sparse_sampling_and_reconstruction,5,0.34211,-6.370268683,6.370268683
i18.png,i18_01_1.png,additive_gaussian_noise,1,5.69048,-0.319306957,0.319306957
i18.png,i18_01_2.png,additive_gaussian_noise,2,5.41463,-0.544721842,0.544721842
i18.png,i18_01_3.png,additive_gaussian_noise,3,4.85,-1.274311396,1.274311396
i18.png,i18_01_4.png,additive_gaussian_noise,4,4.46341,-1.49070766,1.49070766
i18.png,i18_01_5.png,additive_gaussian_noise,5,4.0,-2.286826379,2.286826379
i18.png,i18_02_1.png,additive_noise_in_color_more_intensive_than_additive_noise_in_the_luminance,1,5.95122,-0.162952235,0.162952235
i18.png,i18_02_2.png,additive_noise_in_color_more_intensive_than_additive_noise_in_the_luminance,2,5.88095,-0.310055814,0.310055814
i18.png,i18_02_3.png,additive_noise_in_color_more_intensive_than_additive_noise_in_the_luminance,3,5.7381,-0.4951313,0.4951313
i18.png,i18_02_4.png,additive_noise_in_color_more_intensive_than_additive_noise_in_the_luminance,4,4.63415,-1.208847954,1.208847954
i18.png,i18_02_5.png,additive_noise_in_color_more_intensive_than_additive_noise_in_the_luminance,5,4.2439,-1.643508202,1.643508202
i18.png,i18_03_1.png,spatially_correlated_noise,1,4.97619,-1.076681359,1.076681359
i18.png,i18_03_2.png,spatially_correlated_noise,2,4.55,-1.566611024,1.566611024
i18.png,i18_03_3.png,spatially_correlated_noise,3,3.7381,-2.322959164,2.322959164
i18.png,i18_03_4.png,spatially_correlated_noise,4,3.11905,-3.030680191,3.030680191
i18.png,i18_03_5.png,spatially_correlated_noise,5,2.54762,-3.819218406,3.819218406
i18.png,i18_04_1.png,masked_noise,1,6.175,-0.060447614,0.060447614
i18.png,i18_04_2.png,masked_noise,2,5.88095,-0.305588335,0.305588335
i18.png,i18_04_3.png,masked_noise,3,5.87805,-0.375166664,0.375166664
i18.png,i18_04_4.png,masked_noise,4,5.31707,-0.83533557,0.83533557
i18.png,i18_04_5.png,masked_noise,5,4.34146,-1.635022885,1.635022885
i18.png,i18_05_1.png,high_frequency_noise,1,6.2439,-0.048499631,0.048499631
i18.png,i18_05_2.png,high_frequency_noise,2,5.60976,-0.529648115,0.529648115
i18.png,i18_05_3.png,high_frequency_noise,3,5.17073,-0.912365889,0.912365889
i18.png,i18_05_4.png,high_frequency_noise,4,4.0,-1.984893772,1.984893772
i18.png,i18_05_5.png,high_frequency_noise,5,3.125,-2.987011793,2.987011793
i18.png,i18_06_1.png,impulse_noise,1,4.57143,-1.427509445,1.427509445
i18.png,i18_06_2.png,impulse_noise,2,4.15,-1.86898708,1.86898708
i18.png,i18_06_3.png,impulse_noise,3,3.80952,-2.279462424,2.279462424
i18.png,i18_06_4.png,impulse_noise,4,3.73171,-2.489392946,2.489392946
i18.png,i18_06_5.png,impulse_noise,5,3.19512,-3.139061462,3.139061462
i18.png,i18_07_1.png,quantization_noise,1,5.57143,-0.502343716,0.502343716
i18.png,i18_07_2.png,quantization_noise,2,4.92857,-1.073220887,1.073220887
i18.png,i18_07_3.png,quantization_noise,3,4.21429,-1.903656813,1.903656813
i18.png,i18_07_4.png,quantization_noise,4,3.40476,-2.545442675,2.545442675
i18.png,i18_07_5.png,quantization_noise,5,3.0,-3.30083549,3.30083549
i18.png,i18_08_1.png,gaussian_blur,1,5.69048,-0.401782261,0.401782261
i18.png,i18_08_2.png,gaussian_blur,2,4.65854,-1.423103327,1.423103327
i18.png,i18_08_3.png,gaussian_blur,3,4.14286,-2.023573056,2.023573056
i18.png,i18_08_4.png,gaussian_blur,4,3.04762,-3.101277153,3.101277153
i18.png,i18_08_5.png,gaussian_blur,5,2.04878,-4.462828094,4.462828094
i18.png,i18_09_1.png,image_denoising,1,6.02439,-0.162047515,0.162047515
i18.png,i18_09_2.png,image_denoising,2,5.88095,-0.298681958,0.298681958
i18.png,i18_09_3.png,image_denoising,3,4.2619,-1.727549499,1.727549499
i18.png,i18_09_4.png,image_denoising,4,3.02439,-3.334954384,3.334954384
i18.png,i18_09_5.png,image_denoising,5,1.70732,-4.841608792,4.841608792
i18.png,i18_10_1.png,JPEG_compression,1,6.07317,-0.132124997,0.132124997
i18.png,i18_10_2.png,JPEG_compression,2,5.78049,-0.492243011,0.492243011
i18.png,i18_10_3.png,JPEG_compression,3,4.675,-1.208451433,1.208451433
i18.png,i18_10_4.png,JPEG_compression,4,3.5,-2.759612585,2.759612585
i18.png,i18_10_5.png,JPEG_compression,5,2.17073,-4.278139447,4.278139447
i18.png,i18_11_1.png,JPEG2000_compression,1,5.80488,-0.422641932,0.422641932
i18.png,i18_11_2.png,JPEG2000_compression,2,5.5,-0.55397507,0.55397507
i18.png,i18_11_3.png,JPEG2000_compression,3,4.5122,-1.545722629,1.545722629
i18.png,i18_11_4.png,JPEG2000_compression,4,3.07143,-3.269902631,3.269902631
i18.png,i18_11_5.png,JPEG2000_compression,5,1.0,-5.427196289,5.427196289
i18.png,i18_12_1.png,JPEG_transmission_errors,1,6.35714,0.039387884,-0.039387884
i18.png,i18_12_2.png,JPEG_transmission_errors,2,5.36585,-0.603038871,0.603038871
i18.png,i18_12_3.png,JPEG_transmission_errors,3,5.56098,-0.570131177,0.570131177
i18.png,i18_12_4.png,JPEG_transmission_errors,4,4.925,-1.19271965,1.19271965
i18.png,i18_12_5.png,JPEG_transmission_errors,5,2.65854,-3.627094214,3.627094214
i18.png,i18_13_1.png,JPEG2000_transmission_errors,1,4.14634,-1.812169361,1.812169361
i18.png,i18_13_2.png,JPEG2000_transmission_errors,2,4.35714,-1.806310699,1.806310699
i18.png,i18_13_3.png,JPEG2000_transmission_errors,3,3.88095,-2.191349581,2.191349581
i18.png,i18_13_4.png,JPEG2000_transmission_errors,4,2.90244,-3.416951772,3.416951772
i18.png,i18_13_5.png,JPEG2000_transmission_errors,5,2.46341,-3.884277177,3.884277177
i18.png,i18_14_1.png,non_eccentricity_pattern_noise,1,4.95122,-1.115305448,1.115305448
i18.png,i18_14_2.png,non_eccentricity_pattern_noise,2,6.0,-0.209453813,0.209453813
i18.png,i18_14_3.png,non_eccentricity_pattern_noise,3,4.19512,-1.870036363,1.870036363
i18.png,i18_14_4.png,non_eccentricity_pattern_noise,4,4.16667,-1.982984572,1.982984572
i18.png,i18_14_5.png,non_eccentricity_pattern_noise,5,3.34146,-2.858920815,2.858920815
i18.png,i18_15_1.png,local_block_wise_distortions_of_different_intensity,1,3.21951,-3.11417214,3.11417214
i18.png,i18_15_2.png,local_block_wise_distortions_of_different_intensity,2,3.34146,-2.968579069,2.968579069
i18.png,i18_15_3.png,local_block_wise_distortions_of_different_intensity,3,3.2,-2.896340533,2.896340533
i18.png,i18_15_4.png,local_block_wise_distortions_of_different_intensity,4,3.525,-2.647259705,2.647259705
i18.png,i18_15_5.png,local_block_wise_distortions_of_different_intensity,5,3.95238,-2.11396479,2.11396479
i18.png,i18_16_1.png,intensity_shift,1,6.41463,0.191440784,-0.191440784
i18.png,i18_16_2.png,intensity_shift,2,5.95238,-0.328799466,0.328799466
i18.png,i18_16_3.png,intensity_shift,3,5.69048,-0.46696319,0.46696319
i18.png,i18_16_4.png,intensity_shift,4,5.0,-0.94098331,0.94098331
i18.png,i18_16_5.png,intensity_shift,5,4.25641,-1.651572375,1.651572375
i18.png,i18_17_1.png,contrast_change,1,5.92857,-0.280595985,0.280595985
i18.png,i18_17_2.png,contrast_change,2,6.09756,-0.054603584,0.054603584
i18.png,i18_17_3.png,contrast_change,3,4.41463,-1.502192461,1.502192461
i18.png,i18_17_4.png,contrast_change,4,5.90476,-0.443820988,0.443820988
i18.png,i18_17_5.png,contrast_change,5,3.4878,-2.58791339,2.58791339
i18.png,i18_18_1.png,change_of_color_saturation,1,5.02439,-0.935536176,0.935536176
i18.png,i18_18_2.png,change_of_color_saturation,2,4.8,-1.351271904,1.351271904
i18.png,i18_18_3.png,change_of_color_saturation,3,4.35714,-1.681780131,1.681780131
i18.png,i18_18_4.png,change_of_color_saturation,4,4.07143,-1.947503489,1.947503489
i18.png,i18_18_5.png,change_of_color_saturation,5,4.09524,-2.08268515,2.08268515
i18.png,i18_19_1.png,multiplicative_gaussian_noise,1,5.14286,-0.935527135,0.935527135
i18.png,i18_19_2.png,multiplicative_gaussian_noise,2,5.07143,-1.072545773,1.072545773
i18.png,i18_19_3.png,multiplicative_gaussian_noise,3,4.375,-1.687634393,1.687634393
i18.png,i18_19_4.png,multiplicative_gaussian_noise,4,3.85366,-2.219858414,2.219858414
i18.png,i18_19_5.png,multiplicative_gaussian_noise,5,3.70732,-2.561942928,2.561942928
i18.png,i18_20_1.png,comfort_noise,1,6.16667,-0.153669018,0.153669018
i18.png,i18_20_2.png,comfort_noise,2,5.57143,-0.537600473,0.537600473
i18.png,i18_20_3.png,comfort_noise,3,5.36585,-0.752470965,0.752470965
i18.png,i18_20_4.png,comfort_noise,4,4.36585,-1.744932045,1.744932045
i18.png,i18_20_5.png,comfort_noise,5,3.325,-2.661062568,2.661062568
i18.png,i18_21_1.png,lossy_compression_of_noisy_images,1,5.52381,-0.573369252,0.573369252
i18.png,i18_21_2.png,lossy_compression_of_noisy_images,2,5.34146,-0.838994268,0.838994268
i18.png,i18_21_3.png,lossy_compression_of_noisy_images,3,4.5,-1.580022412,1.580022412
i18.png,i18_21_4.png,lossy_compression_of_noisy_images,4,3.2619,-2.870439451,2.870439451
i18.png,i18_21_5.png,lossy_compression_of_noisy_images,5,2.31707,-4.10672033,4.10672033
i18.png,i18_22_1.png,image_color_quantization_with_dither,1,5.71429,-0.456702123,0.456702123
i18.png,i18_22_2.png,image_color_quantization_with_dither,2,4.40476,-1.545879256,1.545879256
i18.png,i18_22_3.png,image_color_quantization_with_dither,3,3.68293,-2.175362799,2.175362799
i18.png,i18_22_4.png,image_color_quantization_with_dither,4,2.95238,-3.384033547,3.384033547
i18.png,i18_22_5.png,image_color_quantization_with_dither,5,2.33333,-4.196757265,4.196757265
i18.png,i18_23_1.png,chromatic_aberrations,1,6.30952,0.024495431,-0.024495431
i18.png,i18_23_2.png,chromatic_aberrations,2,6.19048,-0.031510184,0.031510184
i18.png,i18_23_3.png,chromatic_aberrations,3,6.075,0.019432875,-0.019432875
i18.png,i18_23_4.png,chromatic_aberrations,4,5.92857,-0.383009975,0.383009975
i18.png,i18_23_5.png,chromatic_aberrations,5,4.0,-1.989098955,1.989098955
i18.png,i18_24_1.png,sparse_sampling_and_reconstruction,1,5.90244,-0.127191942,0.127191942
i18.png,i18_24_2.png,sparse_sampling_and_reconstruction,2,5.59524,-0.499057528,0.499057528
i18.png,i18_24_3.png,sparse_sampling_and_reconstruction,3,4.58537,-1.508753138,1.508753138
i18.png,i18_24_4.png,sparse_sampling_and_reconstruction,4,3.21951,-2.933479504,2.933479504
i18.png,i18_24_5.png,sparse_sampling_and_reconstruction,5,1.02381,-5.425205391,5.425205391
i19.png,i19_01_1.png,additive_gaussian_noise,1,5.72973,-0.363124178,0.363124178
i19.png,i19_01_2.png,additive_gaussian_noise,2,5.10811,-0.684196976,0.684196976
i19.png,i19_01_3.png,additive_gaussian_noise,3,4.60526,-1.186667641,1.186667641
i19.png,i19_01_4.png,additive_gaussian_noise,4,4.13514,-1.568715376,1.568715376
i19.png,i19_01_5.png,additive_gaussian_noise,5,3.56757,-2.104535636,2.104535636
i19.png,i19_02_1.png,additive_noise_in_color_more_intensive_than_additive_noise_in_the_luminance,1,6.08108,-0.176515826,0.176515826
i19.png,i19_02_2.png,additive_noise_in_color_more_intensive_than_additive_noise_in_the_luminance,2,5.64865,-0.225657588,0.225657588
i19.png,i19_02_3.png,additive_noise_in_color_more_intensive_than_additive_noise_in_the_luminance,3,5.57895,-0.428750087,0.428750087
i19.png,i19_02_4.png,additive_noise_in_color_more_intensive_than_additive_noise_in_the_luminance,4,5.0,-0.755356128,0.755356128
i19.png,i19_02_5.png,additive_noise_in_color_more_intensive_than_additive_noise_in_the_luminance,5,4.47222,-1.20415937,1.20415937
i19.png,i19_03_1.png,spatially_correlated_noise,1,4.66667,-1.007119631,1.007119631
i19.png,i19_03_2.png,spatially_correlated_noise,2,4.05405,-1.736348264,1.736348264
i19.png,i19_03_3.png,spatially_correlated_noise,3,3.63158,-2.212112665,2.212112665
i19.png,i19_03_4.png,spatially_correlated_noise,4,3.0,-2.948274401,2.948274401
i19.png,i19_03_5.png,spatially_correlated_noise,5,2.52632,-3.419962778,3.419962778
i19.png,i19_04_1.png,masked_noise,1,5.89474,-0.127073512,0.127073512
i19.png,i19_04_2.png,masked_noise,2,5.94595,-0.203186656,0.203186656
i19.png,i19_04_3.png,masked_noise,3,5.89474,-0.247455555,0.247455555
i19.png,i19_04_4.png,masked_noise,4,5.24324,-0.546205365,0.546205365
i19.png,i19_04_5.png,masked_noise,5,4.48649,-1.192497936,1.192497936
i19.png,i19_05_1.png,high_frequency_noise,1,5.97368,-0.150757178,0.150757178
i19.png,i19_05_2.png,high_frequency_noise,2,5.5,-0.447424608,0.447424608
i19.png,i19_05_3.png,high_frequency_noise,3,5.07895,-0.798233494,0.798233494
i19.png,i19_05_4.png,high_frequency_noise,4,4.0,-1.671532775,1.671532775
i19.png,i19_05_5.png,high_frequency_noise,5,3.18421,-2.651310027,2.651310027
i19.png,i19_06_1.png,impulse_noise,1,4.73684,-0.970847999,0.970847999
i19.png,i19_06_2.png,impulse_noise,2,4.64865,-1.209870777,1.209870777
i19.png,i19_06_3.png,impulse_noise,3,3.86842,-1.824087469,1.824087469
i19.png,i19_06_4.png,impulse_noise,4,3.56757,-2.033233689,2.033233689
i19.png,i19_06_5.png,impulse_noise,5,3.18919,-2.569856916,2.569856916
i19.png,i19_07_1.png,quantization_noise,1,5.37838,-0.65932687,0.65932687
i19.png,i19_07_2.png,quantization_noise,2,4.67568,-1.167625152,1.167625152
i19.png,i19_07_3.png,quantization_noise,3,3.88889,-1.822079647,1.822079647
i19.png,i19_07_4.png,quantization_noise,4,3.19444,-2.539248079,2.539248079
i19.png,i19_07_5.png,quantization_noise,5,2.60526,-3.381810151,3.381810151
i19.png,i19_08_1.png,gaussian_blur,1,5.35135,-0.454398921,0.454398921
i19.png,i19_08_2.png,gaussian_blur,2,4.7027,-0.924483879,0.924483879
i19.png,i19_08_3.png,gaussian_blur,3,3.76316,-1.966213652,1.966213652
i19.png,i19_08_4.png,gaussian_blur,4,2.89189,-3.15813539,3.15813539
i19.png,i19_08_5.png,gaussian_blur,5,2.27027,-3.867078139,3.867078139
i19.png,i19_09_1.png,image_denoising,1,6.08108,-0.065076092,0.065076092
i19.png,i19_09_2.png,image_denoising,2,5.89474,-0.246824315,0.246824315
i19.png,i19_09_3.png,image_denoising,3,4.86842,-1.059055361,1.059055361
i19.png,i19_09_4.png,image_denoising,4,3.27027,-2.396046208,2.396046208
i19.png,i19_09_5.png,image_denoising,5,1.86486,-4.242540638,4.242540638
i19.png,i19_10_1.png,JPEG_compression,1,5.73684,-0.232253037,0.232253037
i19.png,i19_10_2.png,JPEG_compression,2,5.47222,-0.411849294,0.411849294
i19.png,i19_10_3.png,JPEG_compression,3,4.86111,-0.915101887,0.915101887
i19.png,i19_10_4.png,JPEG_compression,4,3.0,-2.782341179,2.782341179
i19.png,i19_10_5.png,JPEG_compression,5,1.65789,-4.543014768,4.543014768
i19.png,i19_11_1.png,JPEG2000_compression,1,5.52632,-0.489860927,0.489860927
i19.png,i19_11_2.png,JPEG2000_compression,2,4.97368,-0.794598464,0.794598464
i19.png,i19_11_3.png,JPEG2000_compression,3,4.52632,-1.253482874,1.253482874
i19.png,i19_11_4.png,JPEG2000_compression,4,2.94595,-2.836365665,2.836365665
i19.png,i19_11_5.png,JPEG2000_compression,5,1.23684,-5.007569689,5.007569689
i19.png,i19_12_1.png,JPEG_transmission_errors,1,6.13158,-0.041135806,0.041135806
i19.png,i19_12_2.png,JPEG_transmission_errors,2,5.59459,-0.282003158,0.282003158
i19.png,i19_12_3.png,JPEG_transmission_errors,3,5.18421,-0.675943669,0.675943669
i19.png,i19_12_4.png,JPEG_transmission_errors,4,5.08108,-0.931733121,0.931733121
i19.png,i19_12_5.png,JPEG_transmission_errors,5,4.52778,-1.269973299,1.269973299
i19.png,i19_13_1.png,JPEG2000_transmission_errors,1,4.67568,-1.06190243,1.06190243
i19.png,i19_13_2.png,JPEG2000_transmission_errors,2,4.05263,-1.709818385,1.709818385
i19.png,i19_13_3.png,JPEG2000_transmission_errors,3,3.62162,-2.108051784,2.108051784
i19.png,i19_13_4.png,JPEG2000_transmission_errors,4,3.07895,-2.80780806,2.80780806
i19.png,i19_13_5.png,JPEG2000_transmission_errors,5,1.94737,-4.102173967,4.102173967
i19.png,i19_14_1.png,non_eccentricity_pattern_noise,1,5.61111,-0.283885413,0.283885413
i19.png,i19_14_2.png,non_eccentricity_pattern_noise,2,6.02632,-0.062986025,0.062986025
i19.png,i19_14_3.png,non_eccentricity_pattern_noise,3,5.45946,-0.435486603,0.435486603
i19.png,i19_14_4.png,non_eccentricity_pattern_noise,4,4.92105,-0.872427665,0.872427665
i19.png,i19_14_5.png,non_eccentricity_pattern_noise,5,3.64865,-1.839063118,1.839063118
i19.png,i19_15_1.png,local_block_wise_distortions_of_different_intensity,1,2.88889,-2.629675053,2.629675053
i19.png,i19_15_2.png,local_block_wise_distortions_of_different_intensity,2,3.27778,-2.464567219,2.464567219
i19.png,i19_15_3.png,local_block_wise_distortions_of_different_intensity,3,3.51351,-2.183200931,2.183200931
i19.png,i19_15_4.png,local_block_wise_distortions_of_different_intensity,4,3.68421,-1.821645448,1.821645448
i19.png,i19_15_5.png,local_block_wise_distortions_of_different_intensity,5,3.54054,-2.127173621,2.127173621
i19.png,i19_16_1.png,intensity_shift,1,6.13158,-0.090978471,0.090978471
i19.png,i19_16_2.png,intensity_shift,2,6.26316,0.016864432,-0.016864432
i19.png,i19_16_3.png,intensity_shift,3,5.28947,-0.531597238,0.531597238
i19.png,i19_16_4.png,intensity_shift,4,5.84211,-0.309522248,0.309522248
i19.png,i19_16_5.png,intensity_shift,5,4.41667,-1.247148872,1.247148872
i19.png,i19_17_1.png,contrast_change,1,5.47368,-0.379703265,0.379703265
i19.png,i19_17_2.png,contrast_change,2,6.18919,0.121496146,-0.121496146
i19.png,i19_17_3.png,contrast_change,3,4.43243,-1.192821413,1.192821413
i19.png,i19_17_4.png,contrast_change,4,5.75676,-0.438485978,0.438485978
i19.png,i19_17_5.png,contrast_change,5,3.34211,-2.5858286,2.5858286
i19.png,i19_18_1.png,change_of_color_saturation,1,5.13514,-0.619136087,0.619136087
i19.png,i19_18_2.png,change_of_color_saturation,2,4.38889,-1.246788976,1.246788976
i19.png,i19_18_3.png,change_of_color_saturation,3,4.24324,-1.5187736,1.5187736
i19.png,i19_18_4.png,change_of_color_saturation,4,4.08108,-1.697760114,1.697760114
i19.png,i19_18_5.png,change_of_color_saturation,5,4.05405,-1.738743349,1.738743349
i19.png,i19_19_1.png,multiplicative_gaussian_noise,1,5.54054,-0.445122476,0.445122476
i19.png,i19_19_2.png,multiplicative_gaussian_noise,2,4.97297,-0.711347014,0.711347014
i19.png,i19_19_3.png,multiplicative_gaussian_noise,3,4.55556,-1.119837608,1.119837608
i19.png,i19_19_4.png,multiplicative_gaussian_noise,4,4.31429,-1.366711598,1.366711598
i19.png,i19_19_5.png,multiplicative_gaussian_noise,5,3.55556,-2.304833587,2.304833587
i19.png,i19_20_1.png,comfort_noise,1,5.7027,-0.22848697,0.22848697
i19.png,i19_20_2.png,comfort_noise,2,5.71053,-0.36098819,0.36098819
i19.png,i19_20_3.png,comfort_noise,3,5.18919,-0.783870496,0.783870496
i19.png,i19_20_4.png,comfort_noise,4,4.13889,-1.512092706,1.512092706
i19.png,i19_20_5.png,comfort_noise,5,3.05263,-2.618540911,2.618540911
i19.png,i19_21_1.png,lossy_compression_of_noisy_images,1,5.40541,-0.356981851,0.356981851
i19.png,i19_21_2.png,lossy_compression_of_noisy_images,2,5.16216,-0.792541299,0.792541299
i19.png,i19_21_3.png,lossy_compression_of_noisy_images,3,4.08108,-1.598734264,1.598734264
i19.png,i19_21_4.png,lossy_compression_of_noisy_images,4,3.56757,-2.258808156,2.258808156
i19.png,i19_21_5.png,lossy_compression_of_noisy_images,5,2.25,-3.658680525,3.658680525
i19.png,i19_22_1.png,image_color_quantization_with_dither,1,5.73684,-0.297378429,0.297378429
i19.png,i19_22_2.png,image_color_quantization_with_dither,2,5.32432,-0.486555948,0.486555948
i19.png,i19_22_3.png,image_color_quantization_with_dither,3,4.4,-1.145879819,1.145879819
i19.png,i19_22_4.png,image_color_quantization_with_dither,4,3.94737,-1.682107874,1.682107874
i19.png,i19_22_5.png,image_color_quantization_with_dither,5,2.75676,-3.195499714,3.195499714
i19.png,i19_23_1.png,chromatic_aberrations,1,5.86842,-0.216801845,0.216801845
i19.png,i19_23_2.png,chromatic_aberrations,2,6.28947,0.029682588,-0.029682588
i19.png,i19_23_3.png,chromatic_aberrations,3,5.75676,-0.287486878,0.287486878
i19.png,i19_23_4.png,chromatic_aberrations,4,5.76316,-0.289544571,0.289544571
i19.png,i19_23_5.png,chromatic_aberrations,5,5.21622,-0.640299401,0.640299401
i19.png,i19_24_1.png,sparse_sampling_and_reconstruction,1,5.45946,-0.389915097,0.389915097
i19.png,i19_24_2.png,sparse_sampling_and_reconstruction,2,4.7027,-0.991219263,0.991219263
i19.png,i19_24_3.png,sparse_sampling_and_reconstruction,3,3.63889,-1.981543281,1.981543281
i19.png,i19_24_4.png,sparse_sampling_and_reconstruction,4,2.5,-3.513332486,3.513332486
i19.png,i19_24_5.png,sparse_sampling_and_reconstruction,5,0.77778,-5.02219877,5.02219877
i20.png,i20_01_1.png,additive_gaussian_noise,1,5.76923,-0.392439957,0.392439957
i20.png,i20_01_2.png,additive_gaussian_noise,2,5.51282,-0.498032572,0.498032572
i20.png,i20_01_3.png,additive_gaussian_noise,3,4.92105,-1.031693246,1.031693246
i20.png,i20_01_4.png,additive_gaussian_noise,4,4.4359,-1.574324632,1.574324632
i20.png,i20_01_5.png,additive_gaussian_noise,5,3.78378,-2.155900268,2.155900268
i20.png,i20_02_1.png,additive_noise_in_color_more_intensive_than_additive_noise_in_the_luminance,1,5.84211,-0.3610124,0.3610124
i20.png,i20_02_2.png,additive_noise_in_color_more_intensive_than_additive_noise_in_the_luminance,2,5.79487,-0.443921504,0.443921504
i20.png,i20_02_3.png,additive_noise_in_color_more_intensive_than_additive_noise_in_the_luminance,3,5.51351,-0.59575605,0.59575605
i20.png,i20_02_4.png,additive_noise_in_color_more_intensive_than_additive_noise_in_the_luminance,4,5.28205,-0.800409358,0.800409358
i20.png,i20_02_5.png,additive_noise_in_color_more_intensive_than_additive_noise_in_the_luminance,5,4.48718,-1.460406677,1.460406677
i20.png,i20_03_1.png,spatially_correlated_noise,1,4.94737,-1.375596152,1.375596152
i20.png,i20_03_2.png,spatially_correlated_noise,2,4.21053,-1.779697534,1.779697534
i20.png,i20_03_3.png,spatially_correlated_noise,3,3.81081,-2.336697491,2.336697491
i20.png,i20_03_4.png,spatially_correlated_noise,4,3.12821,-2.956316202,2.956316202
i20.png,i20_03_5.png,spatially_correlated_noise,5,2.65789,-3.390340839,3.390340839
i20.png,i20_04_1.png,masked_noise,1,5.71053,-0.397545627,0.397545627
i20.png,i20_04_2.png,masked_noise,2,5.47368,-0.369350549,0.369350549
i20.png,i20_04_3.png,masked_noise,3,5.15789,-0.906741738,0.906741738
i20.png,i20_04_4.png,masked_noise,4,4.72973,-1.200999487,1.200999487
i20.png,i20_04_5.png,masked_noise,5,4.05405,-1.794898462,1.794898462
i20.png,i20_05_1.png,high_frequency_noise,1,6.02632,-0.281846982,0.281846982
i20.png,i20_05_2.png,high_frequency_noise,2,5.76316,-0.445128562,0.445128562
i20.png,i20_05_3.png,high_frequency_noise,3,5.39474,-0.790654761,0.790654761
i20.png,i20_05_4.png,high_frequency_noise,4,4.23077,-1.732208352,1.732208352
i20.png,i20_05_5.png,high_frequency_noise,5,2.92105,-2.971646016,2.971646016
i20.png,i20_06_1.png,impulse_noise,1,4.97368,-1.096400315,1.096400315
i20.png,i20_06_2.png,impulse_noise,2,4.13889,-1.749745735,1.749745735
i20.png,i20_06_3.png,impulse_noise,3,3.94737,-2.150024547,2.150024547
i20.png,i20_06_4.png,impulse_noise,4,3.4359,-2.570704339,2.570704339
i20.png,i20_06_5.png,impulse_noise,5,3.10256,-2.988353861,2.988353861
i20.png,i20_07_1.png,quantization_noise,1,5.28205,-0.720234759,0.720234759
i20.png,i20_07_2.png,quantization_noise,2,4.72973,-1.108654526,1.108654526
i20.png,i20_07_3.png,quantization_noise,3,4.47368,-1.503416414,1.503416414
i20.png,i20_07_4.png,quantization_noise,4,3.73684,-2.07662474,2.07662474
i20.png,i20_07_5.png,quantization_noise,5,3.28205,-2.640018794,2.640018794
i20.png,i20_08_1.png,gaussian_blur,1,5.65789,-0.458888537,0.458888537
i20.png,i20_08_2.png,gaussian_blur,2,5.2973,-0.789487511,0.789487511
i20.png,i20_08_3.png,gaussian_blur,3,4.02778,-1.626001876,1.626001876
i20.png,i20_08_4.png,gaussian_blur,4,3.42105,-2.409201369,2.409201369
i20.png,i20_08_5.png,gaussian_blur,5,2.58974,-3.531783325,3.531783325
i20.png,i20_09_1.png,image_denoising,1,6.26316,0.004518918,-0.004518918
i20.png,i20_09_2.png,image_denoising,2,6.13158,-0.321231206,0.321231206
i20.png,i20_09_3.png,image_denoising,3,5.33333,-0.68585406,0.68585406
i20.png,i20_09_4.png,image_denoising,4,3.75676,-2.194034131,2.194034131
i20.png,i20_09_5.png,image_denoising,5,2.21622,-4.081345349,4.081345349
i20.png,i20_10_1.png,JPEG_compression,1,6.13158,-0.179620152,0.179620152
i20.png,i20_10_2.png,JPEG_compression,2,5.73684,-0.367878036,0.367878036
i20.png,i20_10_3.png,JPEG_compression,3,4.94444,-0.980904644,0.980904644
i20.png,i20_10_4.png,JPEG_compression,4,3.57895,-2.392484898,2.392484898
i20.png,i20_10_5.png,JPEG_compression,5,2.74359,-3.602634498,3.602634498
i20.png,i20_11_1.png,JPEG2000_compression,1,5.57895,-0.553289022,0.553289022
i20.png,i20_11_2.png,JPEG2000_compression,2,4.84211,-0.980778018,0.980778018
i20.png,i20_11_3.png,JPEG2000_compression,3,3.43243,-2.416843571,2.416843571
i20.png,i20_11_4.png,JPEG2000_compression,4,2.05263,-4.053885907,4.053885907
i20.png,i20_11_5.png,JPEG2000_compression,5,0.74359,-5.715351806,5.715351806
i20.png,i20_12_1.png,JPEG_transmission_errors,1,6.12821,-0.139971441,0.139971441
i20.png,i20_12_2.png,JPEG_transmission_errors,2,5.30769,-0.708874197,0.708874197
i20.png,i20_12_3.png,JPEG_transmission_errors,3,4.44737,-1.426701569,1.426701569
i20.png,i20_12_4.png,JPEG_transmission_errors,4,4.25641,-1.758325119,1.758325119
i20.png,i20_12_5.png,JPEG_transmission_errors,5,2.57895,-3.707597029,3.707597029
i20.png,i20_13_1.png,JPEG2000_transmission_errors,1,5.15385,-0.879358261,0.879358261
i20.png,i20_13_2.png,JPEG2000_transmission_errors,2,3.78947,-2.159357638,2.159357638
i20.png,i20_13_3.png,JPEG2000_transmission_errors,3,3.82051,-2.194263487,2.194263487
i20.png,i20_13_4.png,JPEG2000_transmission_errors,4,2.89189,-3.203686018,3.203686018
i20.png,i20_13_5.png,JPEG2000_transmission_errors,5,2.02703,-4.346940406,4.346940406
i20.png,i20_14_1.png,non_eccentricity_pattern_noise,1,6.02632,-0.246499303,0.246499303
i20.png,i20_14_2.png,non_eccentricity_pattern_noise,2,5.84211,-0.37684618,0.37684618
i20.png,i20_14_3.png,non_eccentricity_pattern_noise,3,4.55263,-1.256950422,1.256950422
i20.png,i20_14_4.png,non_eccentricity_pattern_noise,4,4.12821,-1.931180353,1.931180353
i20.png,i20_14_5.png,non_eccentricity_pattern_noise,5,3.36842,-2.477564588,2.477564588
i20.png,i20_15_1.png,local_block_wise_distortions_of_different_intensity,1,3.23077,-2.830692505,2.830692505
i20.png,i20_15_2.png,local_block_wise_distortions_of_different_intensity,2,3.34211,-2.654481107,2.654481107
i20.png,i20_15_3.png,local_block_wise_distortions_of_different_intensity,3,3.69231,-2.189152302,2.189152302
i20.png,i20_15_4.png,local_block_wise_distortions_of_different_intensity,4,3.89744,-2.018847273,2.018847273
i20.png,i20_15_5.png,local_block_wise_distortions_of_different_intensity,5,4.05128,-1.654762836,1.654762836
i20.png,i20_16_1.png,intensity_shift,1,6.05128,-0.198784027,0.198784027
i20.png,i20_16_2.png,intensity_shift,2,6.05405,-0.133557492,0.133557492
i20.png,i20_16_3.png,intensity_shift,3,5.40541,-0.50206576,0.50206576
i20.png,i20_16_4.png,intensity_shift,4,5.13514,-0.703425198,0.703425198
i20.png,i20_16_5.png,intensity_shift,5,4.71795,-1.229228937,1.229228937
i20.png,i20_17_1.png,contrast_change,1,5.61538,-0.567830718,0.567830718
i20.png,i20_17_2.png,contrast_change,2,6.33333,0.033797052,-0.033797052
i20.png,i20_17_3.png,contrast_change,3,4.32432,-1.53865534,1.53865534
i20.png,i20_17_4.png,contrast_change,4,5.87179,-0.419599968,0.419599968
i20.png,i20_17_5.png,contrast_change,5,3.53846,-2.542399653,2.542399653
i20.png,i20_18_1.png,change_of_color_saturation,1,5.61538,-0.484123086,0.484123086
i20.png,i20_18_2.png,change_of_color_saturation,2,5.23684,-0.788449315,0.788449315
i20.png,i20_18_3.png,change_of_color_saturation,3,4.5,-1.300052451,1.300052451
i20.png,i20_18_4.png,change_of_color_saturation,4,4.13514,-1.621790652,1.621790652
i20.png,i20_18_5.png,change_of_color_saturation,5,4.10526,-1.889605115,1.889605115
i20.png,i20_19_1.png,multiplicative_gaussian_noise,1,5.82051,-0.427546322,0.427546322
i20.png,i20_19_2.png,multiplicative_gaussian_noise,2,5.17949,-0.80634021,0.80634021
i20.png,i20_19_3.png,multiplicative_gaussian_noise,3,4.79487,-1.294592396,1.294592396
i20.png,i20_19_4.png,multiplicative_gaussian_noise,4,4.0,-1.913427874,1.913427874
i20.png,i20_19_5.png,multiplicative_gaussian_noise,5,3.46154,-2.587491537,2.587491537
i20.png,i20_20_1.png,comfort_noise,1,6.15789,-0.239639366,0.239639366
i20.png,i20_20_2.png,comfort_noise,2,5.46154,-0.544767583,0.544767583
i20.png,i20_20_3.png,comfort_noise,3,4.78947,-1.280044486,1.280044486
i20.png,i20_20_4.png,comfort_noise,4,3.52632,-2.376958171,2.376958171
i20.png,i20_20_5.png,comfort_noise,5,2.71795,-3.348420693,3.348420693
i20.png,i20_21_1.png,lossy_compression_of_noisy_images,1,5.55263,-0.545165461,0.545165461
i20.png,i20_21_2.png,lossy_compression_of_noisy_images,2,4.76316,-1.234179012,1.234179012
i20.png,i20_21_3.png,lossy_compression_of_noisy_images,3,4.0,-1.930431486,1.930431486
i20.png,i20_21_4.png,lossy_compression_of_noisy_images,4,3.24324,-2.764333479,2.764333479
i20.png,i20_21_5.png,lossy_compression_of_noisy_images,5,2.57895,-3.617779811,3.617779811
i20.png,i20_22_1.png,image_color_quantization_with_dither,1,6.0,-0.313930816,0.313930816
i20.png,i20_22_2.png,image_color_quantization_with_dither,2,5.10526,-0.800568778,0.800568778
i20.png,i20_22_3.png,image_color_quantization_with_dither,3,4.52632,-1.375248815,1.375248815
i20.png,i20_22_4.png,image_color_quantization_with_dither,4,4.10811,-1.685915659,1.685915659
i20.png,i20_22_5.png,image_color_quantization_with_dither,5,3.72973,-2.247085434,2.247085434
i20.png,i20_23_1.png,chromatic_aberrations,1,5.94872,-0.245710395,0.245710395
i20.png,i20_23_2.png,chromatic_aberrations,2,6.25641,-0.172495027,0.172495027
i20.png,i20_23_3.png,chromatic_aberrations,3,5.82051,-0.351180471,0.351180471
i20.png,i20_23_4.png,chromatic_aberrations,4,4.72973,-1.116344001,1.116344001
i20.png,i20_23_5.png,chromatic_aberrations,5,3.15385,-3.055318704,3.055318704
i20.png,i20_24_1.png,sparse_sampling_and_reconstruction,1,6.18421,-0.365893179,0.365893179
i20.png,i20_24_2.png,sparse_sampling_and_reconstruction,2,5.07895,-0.895257997,0.895257997
i20.png,i20_24_3.png,sparse_sampling_and_reconstruction,3,3.43243,-2.34339652,2.34339652
i20.png,i20_24_4.png,sparse_sampling_and_reconstruction,4,1.97436,-4.236585369,4.236585369
i20.png,i20_24_5.png,sparse_sampling_and_reconstruction,5,0.84211,-5.305409417,5.305409417
i21.png,i21_01_1.png,additive_gaussian_noise,1,5.51163,-0.663503739,0.663503739
i21.png,i21_01_2.png,additive_gaussian_noise,2,5.06977,-1.108465449,1.108465449
i21.png,i21_01_3.png,additive_gaussian_noise,3,4.48837,-1.558846202,1.558846202
i21.png,i21_01_4.png,additive_gaussian_noise,4,3.90698,-2.242689373,2.242689373
i21.png,i21_01_5.png,additive_gaussian_noise,5,3.48837,-2.580167107,2.580167107
i21.png,i21_02_1.png,additive_noise_in_color_more_intensive_than_additive_noise_in_the_luminance,1,5.80952,-0.365497071,0.365497071
i21.png,i21_02_2.png,additive_noise_in_color_more_intensive_than_additive_noise_in_the_luminance,2,5.53488,-0.576647891,0.576647891
i21.png,i21_02_3.png,additive_noise_in_color_more_intensive_than_additive_noise_in_the_luminance,3,5.44186,-0.634733726,0.634733726
i21.png,i21_02_4.png,additive_noise_in_color_more_intensive_than_additive_noise_in_the_luminance,4,4.81395,-1.20707223,1.20707223
i21.png,i21_02_5.png,additive_noise_in_color_more_intensive_than_additive_noise_in_the_luminance,5,4.15,-1.779713749,1.779713749
i21.png,i21_03_1.png,spatially_correlated_noise,1,4.39535,-1.735621726,1.735621726
i21.png,i21_03_2.png,spatially_correlated_noise,2,3.92683,-2.229058629,2.229058629
i21.png,i21_03_3.png,spatially_correlated_noise,3,3.16667,-2.937614352,2.937614352
i21.png,i21_03_4.png,spatially_correlated_noise,4,3.06977,-3.266720481,3.266720481
i21.png,i21_03_5.png,spatially_correlated_noise,5,2.55814,-3.875184638,3.875184638
i21.png,i21_04_1.png,masked_noise,1,5.93023,-0.3077397,0.3077397
i21.png,i21_04_2.png,masked_noise,2,6.02326,-0.222637147,0.222637147
i21.png,i21_04_3.png,masked_noise,3,5.46341,-0.77460577,0.77460577
i21.png,i21_04_4.png,masked_noise,4,5.33333,-0.756407583,0.756407583
i21.png,i21_04_5.png,masked_noise,5,4.65,-1.240774143,1.240774143
i21.png,i21_05_1.png,high_frequency_noise,1,5.69767,-0.43509048,0.43509048
i21.png,i21_05_2.png,high_frequency_noise,2,5.90698,-0.368973977,0.368973977
i21.png,i21_05_3.png,high_frequency_noise,3,5.11628,-0.995215287,0.995215287
i21.png,i21_05_4.png,high_frequency_noise,4,3.92857,-2.283445157,2.283445157
i21.png,i21_05_5.png,high_frequency_noise,5,3.0,-3.24224513,3.24224513
i21.png,i21_06_1.png,impulse_noise,1,4.92683,-1.183700802,1.183700802
i21.png,i21_06_2.png,impulse_noise,2,4.38095,-1.619848475,1.619848475
i21.png,i21_06_3.png,impulse_noise,3,4.02439,-2.117190526,2.117190526
i21.png,i21_06_4.png,impulse_noise,4,3.5,-2.721229669,2.721229669
i21.png,i21_06_5.png,impulse_noise,5,3.04762,-3.251320537,3.251320537
i21.png,i21_07_1.png,quantization_noise,1,5.02439,-1.04315626,1.04315626
i21.png,i21_07_2.png,quantization_noise,2,4.45,-1.523726634,1.523726634
i21.png,i21_07_3.png,quantization_noise,3,4.16667,-1.886951326,1.886951326
i21.png,i21_07_4.png,quantization_noise,4,3.59524,-2.553112934,2.553112934
i21.png,i21_07_5.png,quantization_noise,5,3.16667,-2.98212194,2.98212194
i21.png,i21_08_1.png,gaussian_blur,1,5.5,-0.611153853,0.611153853
i21.png,i21_08_2.png,gaussian_blur,2,4.85714,-1.13809751,1.13809751
i21.png,i21_08_3.png,gaussian_blur,3,4.11628,-2.121315154,2.121315154
i21.png,i21_08_4.png,gaussian_blur,4,3.23256,-3.127410797,3.127410797
i21.png,i21_08_5.png,gaussian_blur,5,2.16279,-4.369199396,4.369199396
i21.png,i21_09_1.png,image_denoising,1,6.075,-0.109363675,0.109363675
i21.png,i21_09_2.png,image_denoising,2,6.19048,-0.241764038,0.241764038
i21.png,i21_09_3.png,image_denoising,3,5.30952,-0.788890774,0.788890774
i21.png,i21_09_4.png,image_denoising,4,3.76744,-2.455354842,2.455354842
i21.png,i21_09_5.png,image_denoising,5,2.09302,-4.387879091,4.387879091
i21.png,i21_10_1.png,JPEG_compression,1,6.30952,-0.153260396,0.153260396
i21.png,i21_10_2.png,JPEG_compression,2,5.88095,-0.484127114,0.484127114
i21.png,i21_10_3.png,JPEG_compression,3,5.13953,-1.198419772,1.198419772
i21.png,i21_10_4.png,JPEG_compression,4,3.2619,-2.850936337,2.850936337
i21.png,i21_10_5.png,JPEG_compression,5,1.92683,-4.651220068,4.651220068
i21.png,i21_11_1.png,JPEG2000_compression,1,6.12195,-0.275681567,0.275681567
i21.png,i21_11_2.png,JPEG2000_compression,2,5.39535,-0.70664651,0.70664651
i21.png,i21_11_3.png,JPEG2000_compression,3,4.69048,-1.207308696,1.207308696
i21.png,i21_11_4.png,JPEG2000_compression,4,3.0,-2.911984692,2.911984692
i21.png,i21_11_5.png,JPEG2000_compression,5,1.04651,-5.492051255,5.492051255
i21.png,i21_12_1.png,JPEG_transmission_errors,1,5.7907,-0.371532006,0.371532006
i21.png,i21_12_2.png,JPEG_transmission_errors,2,4.76744,-1.34711739,1.34711739
i21.png,i21_12_3.png,JPEG_transmission_errors,3,6.0,-0.227923294,0.227923294
i21.png,i21_12_4.png,JPEG_transmission_errors,4,5.61905,-0.446243645,0.446243645
i21.png,i21_12_5.png,JPEG_transmission_errors,5,2.02381,-4.475474196,4.475474196
i21.png,i21_13_1.png,JPEG2000_transmission_errors,1,4.45238,-1.555606924,1.555606924
i21.png,i21_13_2.png,JPEG2000_transmission_errors,2,3.69048,-2.406758372,2.406758372
i21.png,i21_13_3.png,JPEG2000_transmission_errors,3,3.17073,-3.095601195,3.095601195
i21.png,i21_13_4.png,JPEG2000_transmission_errors,4,2.34884,-3.995959072,3.995959072
i21.png,i21_13_5.png,JPEG2000_transmission_errors,5,2.55814,-3.92393886,3.92393886
i21.png,i21_14_1.png,non_eccentricity_pattern_noise,1,5.90698,-0.34776383,0.34776383
i21.png,i21_14_2.png,non_eccentricity_pattern_noise,2,6.17073,-0.097424444,0.097424444
i21.png,i21_14_3.png,non_eccentricity_pattern_noise,3,5.95238,-0.246872411,0.246872411
i21.png,i21_14_4.png,non_eccentricity_pattern_noise,4,4.33333,-1.798436489,1.798436489
i21.png,i21_14_5.png,non_eccentricity_pattern_noise,5,3.65116,-2.404276452,2.404276452
i21.png,i21_15_1.png,local_block_wise_distortions_of_different_intensity,1,2.85366,-3.289622511,3.289622511
i21.png,i21_15_2.png,local_block_wise_distortions_of_different_intensity,2,3.26829,-2.879105913,2.879105913
i21.png,i21_15_3.png,local_block_wise_distortions_of_different_intensity,3,3.57143,-2.567483859,2.567483859
i21.png,i21_15_4.png,local_block_wise_distortions_of_different_intensity,4,3.7619,-2.35593105,2.35593105
i21.png,i21_15_5.png,local_block_wise_distortions_of_different_intensity,5,3.71429,-2.432159752,2.432159752
i21.png,i21_16_1.png,intensity_shift,1,6.12195,-0.219469664,0.219469664
i21.png,i21_16_2.png,intensity_shift,2,5.93023,-0.298793051,0.298793051
i21.png,i21_16_3.png,intensity_shift,3,5.71429,-0.484046313,0.484046313
i21.png,i21_16_4.png,intensity_shift,4,5.16667,-0.902840841,0.902840841
i21.png,i21_16_5.png,intensity_shift,5,4.67442,-1.391619255,1.391619255
i21.png,i21_17_1.png,contrast_change,1,5.34146,-0.671716259,0.671716259
i21.png,i21_17_2.png,contrast_change,2,6.2619,-0.169314,0.169314
i21.png,i21_17_3.png,contrast_change,3,4.35714,-1.613886449,1.613886449
i21.png,i21_17_4.png,contrast_change,4,6.30233,-0.274918288,0.274918288
i21.png,i21_17_5.png,contrast_change,5,3.55,-2.732354558,2.732354558
i21.png,i21_18_1.png,change_of_color_saturation,1,4.85714,-1.230610495,1.230610495
i21.png,i21_18_2.png,change_of_color_saturation,2,4.31707,-1.669223461,1.669223461
i21.png,i21_18_3.png,change_of_color_saturation,3,4.11905,-1.889867778,1.889867778
i21.png,i21_18_4.png,change_of_color_saturation,4,3.60976,-2.254805672,2.254805672
i21.png,i21_18_5.png,change_of_color_saturation,5,3.78571,-2.392636105,2.392636105
i21.png,i21_19_1.png,multiplicative_gaussian_noise,1,5.38095,-0.726818266,0.726818266
i21.png,i21_19_2.png,multiplicative_gaussian_noise,2,4.7907,-1.2361759,1.2361759
i21.png,i21_19_3.png,multiplicative_gaussian_noise,3,4.07143,-1.991917008,1.991917008
i21.png,i21_19_4.png,multiplicative_gaussian_noise,4,3.64286,-2.413651925,2.413651925
i21.png,i21_19_5.png,multiplicative_gaussian_noise,5,3.4186,-2.845147691,2.845147691
i21.png,i21_20_1.png,comfort_noise,1,5.975,-0.207896433,0.207896433
i21.png,i21_20_2.png,comfort_noise,2,5.67442,-0.446893682,0.446893682
i21.png,i21_20_3.png,comfort_noise,3,5.69048,-0.475670397,0.475670397
i21.png,i21_20_4.png,comfort_noise,4,4.88372,-1.164920696,1.164920696
i21.png,i21_20_5.png,comfort_noise,5,3.83721,-2.27357333,2.27357333
i21.png,i21_21_1.png,lossy_compression_of_noisy_images,1,5.53488,-0.587897924,0.587897924
i21.png,i21_21_2.png,lossy_compression_of_noisy_images,2,5.14286,-0.923540356,0.923540356
i21.png,i21_21_3.png,lossy_compression_of_noisy_images,3,4.30952,-1.58607604,1.58607604
i21.png,i21_21_4.png,lossy_compression_of_noisy_images,4,3.61905,-2.443657769,2.443657769
i21.png,i21_21_5.png,lossy_compression_of_noisy_images,5,2.73171,-3.621231922,3.621231922
i21.png,i21_22_1.png,image_color_quantization_with_dither,1,5.35714,-0.695981544,0.695981544
i21.png,i21_22_2.png,image_color_quantization_with_dither,2,5.47619,-0.632726481,0.632726481
i21.png,i21_22_3.png,image_color_quantization_with_dither,3,4.44186,-1.666594972,1.666594972
i21.png,i21_22_4.png,image_color_quantization_with_dither,4,3.37209,-2.728330407,2.728330407
i21.png,i21_22_5.png,image_color_quantization_with_dither,5,3.0,-3.450419523,3.450419523
i21.png,i21_23_1.png,chromatic_aberrations,1,6.11628,-0.24078632,0.24078632
i21.png,i21_23_2.png,chromatic_aberrations,2,5.90476,-0.236405308,0.236405308
i21.png,i21_23_3.png,chromatic_aberrations,3,5.67442,-0.587049246,0.587049246
i21.png,i21_23_4.png,chromatic_aberrations,4,5.2381,-0.834771866,0.834771866
i21.png,i21_23_5.png,chromatic_aberrations,5,2.85714,-3.443929542,3.443929542
i21.png,i21_24_1.png,sparse_sampling_and_reconstruction,1,5.88372,-0.293472952,0.293472952
i21.png,i21_24_2.png,sparse_sampling_and_reconstruction,2,5.72093,-0.46136221,0.46136221
i21.png,i21_24_3.png,sparse_sampling_and_reconstruction,3,5.0,-1.108087981,1.108087981
i21.png,i21_24_4.png,sparse_sampling_and_reconstruction,4,3.07317,-2.974058565,2.974058565
i21.png,i21_24_5.png,sparse_sampling_and_reconstruction,5,0.52381,-5.598966565,5.598966565
i22.png,i22_01_1.png,additive_gaussian_noise,1,5.81579,-0.204891007,0.204891007
i22.png,i22_01_2.png,additive_gaussian_noise,2,5.23684,-0.678450301,0.678450301
i22.png,i22_01_3.png,additive_gaussian_noise,3,4.84615,-1.017884997,1.017884997
i22.png,i22_01_4.png,additive_gaussian_noise,4,4.15789,-1.538436775,1.538436775
i22.png,i22_01_5.png,additive_gaussian_noise,5,3.71795,-2.138869489,2.138869489
i22.png,i22_02_1.png,additive_noise_in_color_more_intensive_than_additive_noise_in_the_luminance,1,5.60526,-0.361566869,0.361566869
i22.png,i22_02_2.png,additive_noise_in_color_more_intensive_than_additive_noise_in_the_luminance,2,5.82051,-0.227370578,0.227370578
i22.png,i22_02_3.png,additive_noise_in_color_more_intensive_than_additive_noise_in_the_luminance,3,5.47368,-0.456092265,0.456092265
i22.png,i22_02_4.png,additive_noise_in_color_more_intensive_than_additive_noise_in_the_luminance,4,5.13158,-0.703138844,0.703138844
i22.png,i22_02_5.png,additive_noise_in_color_more_intensive_than_additive_noise_in_the_luminance,5,4.57895,-1.120582652,1.120582652
i22.png,i22_03_1.png,spatially_correlated_noise,1,4.79487,-1.022970052,1.022970052
i22.png,i22_03_2.png,spatially_correlated_noise,2,4.34211,-1.615651187,1.615651187
i22.png,i22_03_3.png,spatially_correlated_noise,3,3.68421,-2.175754019,2.175754019
i22.png,i22_03_4.png,spatially_correlated_noise,4,3.07692,-2.888369651,2.888369651
i22.png,i22_03_5.png,spatially_correlated_noise,5,2.7027,-3.598015135,3.598015135
i22.png,i22_04_1.png,masked_noise,1,5.76923,-0.191649255,0.191649255
i22.png,i22_04_2.png,masked_noise,2,5.71795,-0.279093573,0.279093573
i22.png,i22_04_3.png,masked_noise,3,5.4359,-0.479493178,0.479493178
i22.png,i22_04_4.png,masked_noise,4,5.0,-0.778122426,0.778122426
i22.png,i22_04_5.png,masked_noise,5,4.30769,-1.414502186,1.414502186
i22.png,i22_05_1.png,high_frequency_noise,1,5.86842,-0.271854721,0.271854721
i22.png,i22_05_2.png,high_frequency_noise,2,5.68421,-0.30004802,0.30004802
i22.png,i22_05_3.png,high_frequency_noise,3,4.87179,-0.894833931,0.894833931
i22.png,i22_05_4.png,high_frequency_noise,4,4.18421,-1.656223528,1.656223528
i22.png,i22_05_5.png,high_frequency_noise,5,3.18421,-2.900258456,2.900258456
i22.png,i22_06_1.png,impulse_noise,1,4.7027,-0.984026905,0.984026905
i22.png,i22_06_2.png,impulse_noise,2,4.24324,-1.468014037,1.468014037
i22.png,i22_06_3.png,impulse_noise,3,3.76316,-1.922272955,1.922272955
i22.png,i22_06_4.png,impulse_noise,4,3.56757,-2.274098448,2.274098448
i22.png,i22_06_5.png,impulse_noise,5,3.24324,-2.685452071,2.685452071
i22.png,i22_07_1.png,quantization_noise,1,5.58974,-0.39478989,0.39478989
i22.png,i22_07_2.png,quantization_noise,2,5.08108,-0.694390964,0.694390964
i22.png,i22_07_3.png,quantization_noise,3,4.57895,-1.201804072,1.201804072
i22.png,i22_07_4.png,quantization_noise,4,3.89474,-1.813576761,1.813576761
i22.png,i22_07_5.png,quantization_noise,5,2.74359,-3.443648793,3.443648793
i22.png,i22_08_1.png,gaussian_blur,1,5.44737,-0.407651283,0.407651283
i22.png,i22_08_2.png,gaussian_blur,2,4.63158,-1.126927599,1.126927599
i22.png,i22_08_3.png,gaussian_blur,3,3.78378,-1.838726439,1.838726439
i22.png,i22_08_4.png,gaussian_blur,4,3.12821,-2.750896581,2.750896581
i22.png,i22_08_5.png,gaussian_blur,5,2.53846,-3.879111358,3.879111358
i22.png,i22_09_1.png,image_denoising,1,5.84615,-0.157934205,0.157934205
i22.png,i22_09_2.png,image_denoising,2,5.52632,-0.444572007,0.444572007
i22.png,i22_09_3.png,image_denoising,3,4.62162,-0.829552372,0.829552372
i22.png,i22_09_4.png,image_denoising,4,3.33333,-2.503331969,2.503331969
i22.png,i22_09_5.png,image_denoising,5,2.05128,-4.324539978,4.324539978
i22.png,i22_10_1.png,JPEG_compression,1,5.83784,-0.383479326,0.383479326
i22.png,i22_10_2.png,JPEG_compression,2,5.58974,-0.420349666,0.420349666
i22.png,i22_10_3.png,JPEG_compression,3,5.0,-0.802717499,0.802717499
i22.png,i22_10_4.png,JPEG_compression,4,3.58974,-2.277712206,2.277712206
i22.png,i22_10_5.png,JPEG_compression,5,2.07895,-4.300274043,4.300274043
i22.png,i22_11_1.png,JPEG2000_compression,1,5.35897,-0.498262452,0.498262452
i22.png,i22_11_2.png,JPEG2000_compression,2,5.51282,-0.488556355,0.488556355
i22.png,i22_11_3.png,JPEG2000_compression,3,4.26316,-1.549586415,1.549586415
i22.png,i22_11_4.png,JPEG2000_compression,4,2.63158,-3.821385577,3.821385577
i22.png,i22_11_5.png,JPEG2000_compression,5,0.86842,-6.078514502,6.078514502
i22.png,i22_12_1.png,JPEG_transmission_errors,1,5.26316,-0.545500561,0.545500561
i22.png,i22_12_2.png,JPEG_transmission_errors,2,5.76923,-0.302335115,0.302335115
i22.png,i22_12_3.png,JPEG_transmission_errors,3,5.74359,-0.322825607,0.322825607
i22.png,i22_12_4.png,JPEG_transmission_errors,4,4.36842,-1.353987365,1.353987365
i22.png,i22_12_5.png,JPEG_transmission_errors,5,2.76316,-3.435431349,3.435431349
i22.png,i22_13_1.png,JPEG2000_transmission_errors,1,5.25641,-0.664449051,0.664449051
i22.png,i22_13_2.png,JPEG2000_transmission_errors,2,4.4359,-1.448801017,1.448801017
i22.png,i22_13_3.png,JPEG2000_transmission_errors,3,3.68421,-2.059619543,2.059619543
i22.png,i22_13_4.png,JPEG2000_transmission_errors,4,2.87179,-3.248433536,3.248433536
i22.png,i22_13_5.png,JPEG2000_transmission_errors,5,2.51282,-3.810245135,3.810245135
i22.png,i22_14_1.png,non_eccentricity_pattern_noise,1,5.76923,-0.247176746,0.247176746
i22.png,i22_14_2.png,non_eccentricity_pattern_noise,2,5.86111,-0.138380249,0.138380249
i22.png,i22_14_3.png,non_eccentricity_pattern_noise,3,5.76316,-0.29976291,0.29976291
i22.png,i22_14_4.png,non_eccentricity_pattern_noise,4,4.62162,-1.005893114,1.005893114
i22.png,i22_14_5.png,non_eccentricity_pattern_noise,5,4.10256,-1.787306076,1.787306076
i22.png,i22_15_1.png,local_block_wise_distortions_of_different_intensity,1,3.05263,-2.73825343,2.73825343
i22.png,i22_15_2.png,local_block_wise_distortions_of_different_intensity,2,3.02632,-2.607632474,2.607632474
i22.png,i22_15_3.png,local_block_wise_distortions_of_different_intensity,3,3.21622,-2.45247398,2.45247398
i22.png,i22_15_4.png,local_block_wise_distortions_of_different_intensity,4,3.39474,-2.418696253,2.418696253
i22.png,i22_15_5.png,local_block_wise_distortions_of_different_intensity,5,3.73684,-2.037220307,2.037220307
i22.png,i22_16_1.png,intensity_shift,1,5.86486,-0.07128111,0.07128111
i22.png,i22_16_2.png,intensity_shift,2,5.41026,-0.469421658,0.469421658
i22.png,i22_16_3.png,intensity_shift,3,6.05128,-0.138956381,0.138956381
i22.png,i22_16_4.png,intensity_shift,4,4.60526,-1.118101215,1.118101215
i22.png,i22_16_5.png,intensity_shift,5,5.25641,-0.697592491,0.697592491
i22.png,i22_17_1.png,contrast_change,1,5.33333,-0.5537756,0.5537756
i22.png,i22_17_2.png,contrast_change,2,6.0,-0.091862335,0.091862335
i22.png,i22_17_3.png,contrast_change,3,4.22222,-1.305286534,1.305286534
i22.png,i22_17_4.png,contrast_change,4,6.23077,-0.180417948,0.180417948
i22.png,i22_17_5.png,contrast_change,5,3.37838,-2.598591533,2.598591533
i22.png,i22_18_1.png,change_of_color_saturation,1,5.15385,-0.715125597,0.715125597
i22.png,i22_18_2.png,change_of_color_saturation,2,4.68421,-1.220689217,1.220689217
i22.png,i22_18_3.png,change_of_color_saturation,3,4.23684,-1.470384821,1.470384821
i22.png,i22_18_4.png,change_of_color_saturation,4,3.76316,-1.925348754,1.925348754
i22.png,i22_18_5.png,change_of_color_saturation,5,3.25,-2.287575429,2.287575429
i22.png,i22_19_1.png,multiplicative_gaussian_noise,1,5.13158,-0.681673128,0.681673128
i22.png,i22_19_2.png,multiplicative_gaussian_noise,2,5.13158,-0.740484971,0.740484971
i22.png,i22_19_3.png,multiplicative_gaussian_noise,3,4.66667,-1.106345027,1.106345027
i22.png,i22_19_4.png,multiplicative_gaussian_noise,4,4.0,-1.727422674,1.727422674
i22.png,i22_19_5.png,multiplicative_gaussian_noise,5,3.58974,-2.275808642,2.275808642
i22.png,i22_20_1.png,comfort_noise,1,5.71053,-0.288137287,0.288137287
i22.png,i22_20_2.png,comfort_noise,2,5.73684,-0.28860462,0.28860462
i22.png,i22_20_3.png,comfort_noise,3,5.55263,-0.426637057,0.426637057
i22.png,i22_20_4.png,comfort_noise,4,4.89744,-0.985622674,0.985622674
i22.png,i22_20_5.png,comfort_noise,5,3.64865,-1.93587192,1.93587192
i22.png,i22_21_1.png,lossy_compression_of_noisy_images,1,5.57895,-0.434697875,0.434697875
i22.png,i22_21_2.png,lossy_compression_of_noisy_images,2,5.02632,-0.691325443,0.691325443
i22.png,i22_21_3.png,lossy_compression_of_noisy_images,3,4.65789,-1.041704439,1.041704439
i22.png,i22_21_4.png,lossy_compression_of_noisy_images,4,3.5641,-2.09884372,2.09884372
i22.png,i22_21_5.png,lossy_compression_of_noisy_images,5,2.63158,-3.648228752,3.648228752
i22.png,i22_22_1.png,image_color_quantization_with_dither,1,5.92308,-0.164884934,0.164884934
i22.png,i22_22_2.png,image_color_quantization_with_dither,2,5.35135,-0.578187769,0.578187769
i22.png,i22_22_3.png,image_color_quantization_with_dither,3,4.89744,-0.896362287,0.896362287
i22.png,i22_22_4.png,image_color_quantization_with_dither,4,4.44737,-1.44203757,1.44203757
i22.png,i22_22_5.png,image_color_quantization_with_dither,5,2.89474,-3.164491682,3.164491682
i22.png,i22_23_1.png,chromatic_aberrations,1,6.32432,0.098511383,-0.098511383
i22.png,i22_23_2.png,chromatic_aberrations,2,6.13158,-0.041819496,0.041819496
i22.png,i22_23_3.png,chromatic_aberrations,3,5.21053,-0.521999811,0.521999811
i22.png,i22_23_4.png,chromatic_aberrations,4,4.4359,-1.35835659,1.35835659
i22.png,i22_23_5.png,chromatic_aberrations,5,2.10256,-4.40844323,4.40844323
i22.png,i22_24_1.png,sparse_sampling_and_reconstruction,1,5.82051,-0.248006375,0.248006375
i22.png,i22_24_2.png,sparse_sampling_and_reconstruction,2,5.42105,-0.471240921,0.471240921
i22.png,i22_24_3.png,sparse_sampling_and_reconstruction,3,4.21622,-1.586558401,1.586558401
i22.png,i22_24_4.png,sparse_sampling_and_reconstruction,4,2.25641,-4.003790638,4.003790638
i22.png,i22_24_5.png,sparse_sampling_and_reconstruction,5,0.36842,-6.542412813,6.542412813
i23.png,i23_01_1.png,additive_gaussian_noise,1,5.68571,-0.392840043,0.392840043
i23.png,i23_01_2.png,additive_gaussian_noise,2,5.05714,-0.9183545,0.9183545
i23.png,i23_01_3.png,additive_gaussian_noise,3,4.76471,-1.256274096,1.256274096
i23.png,i23_01_4.png,additive_gaussian_noise,4,4.08571,-2.077401602,2.077401602
i23.png,i23_01_5.png,additive_gaussian_noise,5,3.73529,-2.628580302,2.628580302
i23.png,i23_02_1.png,additive_noise_in_color_more_intensive_than_additive_noise_in_the_luminance,1,6.14706,0.107811473,-0.107811473
i23.png,i23_02_2.png,additive_noise_in_color_more_intensive_than_additive_noise_in_the_luminance,2,5.84848,-0.312677835,0.312677835
i23.png,i23_02_3.png,additive_noise_in_color_more_intensive_than_additive_noise_in_the_luminance,3,5.45714,-0.541780048,0.541780048
i23.png,i23_02_4.png,additive_noise_in_color_more_intensive_than_additive_noise_in_the_luminance,4,5.02857,-0.940688524,0.940688524
i23.png,i23_02_5.png,additive_noise_in_color_more_intensive_than_additive_noise_in_the_luminance,5,4.32353,-1.637659259,1.637659259
i23.png,i23_03_1.png,spatially_correlated_noise,1,4.61765,-1.384794185,1.384794185
i23.png,i23_03_2.png,spatially_correlated_noise,2,4.17143,-2.076100174,2.076100174
i23.png,i23_03_3.png,spatially_correlated_noise,3,3.55882,-2.867090904,2.867090904
i23.png,i23_03_4.png,spatially_correlated_noise,4,3.26471,-3.171107575,3.171107575
i23.png,i23_03_5.png,spatially_correlated_noise,5,2.67647,-3.919228216,3.919228216
i23.png,i23_04_1.png,masked_noise,1,5.61765,-0.230514787,0.230514787
i23.png,i23_04_2.png,masked_noise,2,5.64706,-0.315046964,0.315046964
i23.png,i23_04_3.png,masked_noise,3,5.32353,-0.580938449,0.580938449
i23.png,i23_04_4.png,masked_noise,4,4.79412,-1.105057791,1.105057791
i23.png,i23_04_5.png,masked_noise,5,4.52941,-1.525025421,1.525025421
i23.png,i23_05_1.png,high_frequency_noise,1,6.05714,0.008396981,-0.008396981
i23.png,i23_05_2.png,high_frequency_noise,2,5.5,-0.36580411,0.36580411
i23.png,i23_05_3.png,high_frequency_noise,3,5.09091,-0.786411416,0.786411416
i23.png,i23_05_4.png,high_frequency_noise,4,4.31429,-1.961606998,1.961606998
i23.png,i23_05_5.png,high_frequency_noise,5,3.35294,-2.875199193,2.875199193
i23.png,i23_06_1.png,impulse_noise,1,4.61765,-1.347567556,1.347567556
i23.png,i23_06_2.png,impulse_noise,2,4.35294,-1.884477625,1.884477625
i23.png,i23_06_3.png,impulse_noise,3,4.02941,-2.069240024,2.069240024
i23.png,i23_06_4.png,impulse_noise,4,3.61765,-2.708727921,2.708727921
i23.png,i23_06_5.png,impulse_noise,5,3.29412,-3.204384678,3.204384678
i23.png,i23_07_1.png,quantization_noise,1,4.97059,-1.053624784,1.053624784
i23.png,i23_07_2.png,quantization_noise,2,3.84848,-2.201970288,2.201970288
i23.png,i23_07_3.png,quantization_noise,3,3.68571,-2.546981937,2.546981937
i23.png,i23_07_4.png,quantization_noise,4,3.44118,-2.994978846,2.994978846
i23.png,i23_07_5.png,quantization_noise,5,2.78788,-3.916955287,3.916955287
i23.png,i23_08_1.png,gaussian_blur,1,5.94286,-0.178681609,0.178681609
i23.png,i23_08_2.png,gaussian_blur,2,5.52941,-0.569207279,0.569207279
i23.png,i23_08_3.png,gaussian_blur,3,4.67647,-1.205251188,1.205251188
i23.png,i23_08_4.png,gaussian_blur,4,3.94118,-2.346140919,2.346140919
i23.png,i23_08_5.png,gaussian_blur,5,2.77143,-3.724381296,3.724381296
i23.png,i23_09_1.png,image_denoising,1,6.69697,0.36908181,-0.36908181
i23.png,i23_09_2.png,image_denoising,2,6.05714,0.003531182,-0.003531182
i23.png,i23_09_3.png,image_denoising,3,5.70588,-0.303704729,0.303704729
i23.png,i23_09_4.png,image_denoising,4,4.26471,-1.703922811,1.703922811
i23.png,i23_09_5.png,image_denoising,5,2.64706,-3.954715556,3.954715556
i23.png,i23_10_1.png,JPEG_compression,1,5.97143,-0.011200096,0.011200096
i23.png,i23_10_2.png,JPEG_compression,2,5.79412,-0.049710344,0.049710344
i23.png,i23_10_3.png,JPEG_compression,3,5.02941,-0.832683663,0.832683663
i23.png,i23_10_4.png,JPEG_compression,4,3.64706,-2.986374323,2.986374323
i23.png,i23_10_5.png,JPEG_compression,5,2.4,-4.512232051,4.512232051
i23.png,i23_11_1.png,JPEG2000_compression,1,5.25714,-0.512423369,0.512423369
i23.png,i23_11_2.png,JPEG2000_compression,2,4.57143,-1.483923522,1.483923522
i23.png,i23_11_3.png,JPEG2000_compression,3,3.11765,-3.504264601,3.504264601
i23.png,i23_11_4.png,JPEG2000_compression,4,2.24242,-4.521906924,4.521906924
i23.png,i23_11_5.png,JPEG2000_compression,5,0.82353,-5.970568182,5.970568182
i23.png,i23_12_1.png,JPEG_transmission_errors,1,5.9697,-0.175507926,0.175507926
i23.png,i23_12_2.png,JPEG_transmission_errors,2,5.74286,-0.286160957,0.286160957
i23.png,i23_12_3.png,JPEG_transmission_errors,3,3.8,-2.341929544,2.341929544
i23.png,i23_12_4.png,JPEG_transmission_errors,4,2.88571,-3.728845496,3.728845496
i23.png,i23_12_5.png,JPEG_transmission_errors,5,1.85714,-5.030406683,5.030406683
i23.png,i23_13_1.png,JPEG2000_transmission_errors,1,4.54286,-1.400176364,1.400176364
i23.png,i23_13_2.png,JPEG2000_transmission_errors,2,4.15152,-2.181038177,2.181038177
i23.png,i23_13_3.png,JPEG2000_transmission_errors,3,3.34286,-3.178367077,3.178367077
i23.png,i23_13_4.png,JPEG2000_transmission_errors,4,2.47059,-4.230183001,4.230183001
i23.png,i23_13_5.png,JPEG2000_transmission_errors,5,2.58824,-4.157767583,4.157767583
i23.png,i23_14_1.png,non_eccentricity_pattern_noise,1,6.08571,-0.002404955,0.002404955
i23.png,i23_14_2.png,non_eccentricity_pattern_noise,2,6.29412,0.149979927,-0.149979927
i23.png,i23_14_3.png,non_eccentricity_pattern_noise,3,5.05882,-0.898390369,0.898390369
i23.png,i23_14_4.png,non_eccentricity_pattern_noise,4,5.05882,-0.938544434,0.938544434
i23.png,i23_14_5.png,non_eccentricity_pattern_noise,5,3.6,-2.521700507,2.521700507
i23.png,i23_15_1.png,local_block_wise_distortions_of_different_intensity,1,2.94286,-3.721701473,3.721701473
i23.png,i23_15_2.png,local_block_wise_distortions_of_different_intensity,2,2.97143,-3.599650124,3.599650124
i23.png,i23_15_3.png,local_block_wise_distortions_of_different_intensity,3,3.25714,-3.334065003,3.334065003
i23.png,i23_15_4.png,local_block_wise_distortions_of_different_intensity,4,3.41176,-2.85691764,2.85691764
i23.png,i23_15_5.png,local_block_wise_distortions_of_different_intensity,5,3.62857,-2.659048149,2.659048149
i23.png,i23_16_1.png,intensity_shift,1,6.33333,0.327598995,-0.327598995
i23.png,i23_16_2.png,intensity_shift,2,5.82857,-0.230287326,0.230287326
i23.png,i23_16_3.png,intensity_shift,3,5.82353,-0.052899333,0.052899333
i23.png,i23_16_4.png,intensity_shift,4,5.2,-0.747785421,0.747785421
i23.png,i23_16_5.png,intensity_shift,5,5.71429,-0.324356966,0.324356966
i23.png,i23_17_1.png,contrast_change,1,5.66667,-0.235263019,0.235263019
i23.png,i23_17_2.png,contrast_change,2,6.8,0.60815888,-0.60815888
i23.png,i23_17_3.png,contrast_change,3,4.82857,-1.200720261,1.200720261
i23.png,i23_17_4.png,contrast_change,4,6.68571,0.381689463,-0.381689463
i23.png,i23_17_5.png,contrast_change,5,3.88235,-2.279181914,2.279181914
i23.png,i23_18_1.png,change_of_color_saturation,1,5.76471,-0.300937698,0.300937698
i23.png,i23_18_2.png,change_of_color_saturation,2,5.64706,-0.313698546,0.313698546
i23.png,i23_18_3.png,change_of_color_saturation,3,5.44118,-0.54598914,0.54598914
i23.png,i23_18_4.png,change_of_color_saturation,4,5.05714,-0.9573667,0.9573667
i23.png,i23_18_5.png,change_of_color_saturation,5,4.38235,-1.646544619,1.646544619
i23.png,i23_19_1.png,multiplicative_gaussian_noise,1,5.71429,-0.374843512,0.374843512
i23.png,i23_19_2.png,multiplicative_gaussian_noise,2,4.97143,-1.013643069,1.013643069
i23.png,i23_19_3.png,multiplicative_gaussian_noise,3,4.61765,-1.577380911,1.577380911
i23.png,i23_19_4.png,multiplicative_gaussian_noise,4,3.88571,-2.386181637,2.386181637
i23.png,i23_19_5.png,multiplicative_gaussian_noise,5,3.42857,-2.82920501,2.82920501
i23.png,i23_20_1.png,comfort_noise,1,5.6,-0.343868361,0.343868361
i23.png,i23_20_2.png,comfort_noise,2,5.08824,-0.664673236,0.664673236
i23.png,i23_20_3.png,comfort_noise,3,4.09375,-1.735995623,1.735995623
i23.png,i23_20_4.png,comfort_noise,4,3.34286,-3.055906849,3.055906849
i23.png,i23_20_5.png,comfort_noise,5,2.65714,-4.003050244,4.003050244
i23.png,i23_21_1.png,lossy_compression_of_noisy_images,1,5.6,-0.411627014,0.411627014
i23.png,i23_21_2.png,lossy_compression_of_noisy_images,2,4.79412,-1.307903477,1.307903477
i23.png,i23_21_3.png,lossy_compression_of_noisy_images,3,4.12121,-2.140653691,2.140653691
i23.png,i23_21_4.png,lossy_compression_of_noisy_images,4,3.51429,-3.021130971,3.021130971
i23.png,i23_21_5.png,lossy_compression_of_noisy_images,5,2.41176,-4.649473039,4.649473039
i23.png,i23_22_1.png,image_color_quantization_with_dither,1,6.17647,0.029526561,-0.029526561
i23.png,i23_22_2.png,image_color_quantization_with_dither,2,5.88571,-0.225850429,0.225850429
i23.png,i23_22_3.png,image_color_quantization_with_dither,3,5.02941,-0.710684233,0.710684233
i23.png,i23_22_4.png,image_color_quantization_with_dither,4,4.64706,-1.440298933,1.440298933
i23.png,i23_22_5.png,image_color_quantization_with_dither,5,4.0,-2.221012891,2.221012891
i23.png,i23_23_1.png,chromatic_aberrations,1,6.30303,0.086323334,-0.086323334
i23.png,i23_23_2.png,chromatic_aberrations,2,5.91176,-0.122566105,0.122566105
i23.png,i23_23_3.png,chromatic_aberrations,3,5.17143,-0.830001079,0.830001079
i23.png,i23_23_4.png,chromatic_aberrations,4,3.75758,-2.114475474,2.114475474
i23.png,i23_23_5.png,chromatic_aberrations,5,3.0,-3.561593456,3.561593456
i23.png,i23_24_1.png,sparse_sampling_and_reconstruction,1,5.85294,-0.136817788,0.136817788
i23.png,i23_24_2.png,sparse_sampling_and_reconstruction,2,4.73529,-1.02076331,1.02076331
i23.png,i23_24_3.png,sparse_sampling_and_reconstruction,3,3.67647,-2.786849188,2.786849188
i23.png,i23_24_4.png,sparse_sampling_and_reconstruction,4,1.72727,-5.057419386,5.057419386
i23.png,i23_24_5.png,sparse_sampling_and_reconstruction,5,0.78788,-6.085021382,6.085021382
i24.png,i24_01_1.png,additive_gaussian_noise,1,5.88571,-0.215079193,0.215079193
i24.png,i24_01_2.png,additive_gaussian_noise,2,5.05556,-0.722135253,0.722135253
i24.png,i24_01_3.png,additive_gaussian_noise,3,4.72222,-1.133859476,1.133859476
i24.png,i24_01_4.png,additive_gaussian_noise,4,4.14286,-1.590259144,1.590259144
i24.png,i24_01_5.png,additive_gaussian_noise,5,3.58333,-2.209847239,2.209847239
i24.png,i24_02_1.png,additive_noise_in_color_more_intensive_than_additive_noise_in_the_luminance,1,6.44444,0.219059278,-0.219059278
i24.png,i24_02_2.png,additive_noise_in_color_more_intensive_than_additive_noise_in_the_luminance,2,5.91176,0.011326837,-0.011326837
i24.png,i24_02_3.png,additive_noise_in_color_more_intensive_than_additive_noise_in_the_luminance,3,5.13889,-0.649367258,0.649367258
i24.png,i24_02_4.png,additive_noise_in_color_more_intensive_than_additive_noise_in_the_luminance,4,5.08571,-0.756051839,0.756051839
i24.png,i24_02_5.png,additive_noise_in_color_more_intensive_than_additive_noise_in_the_luminance,5,4.52778,-1.390111207,1.390111207
i24.png,i24_03_1.png,spatially_correlated_noise,1,4.8,-1.026717577,1.026717577
i24.png,i24_03_2.png,spatially_correlated_noise,2,4.25714,-1.477141216,1.477141216
i24.png,i24_03_3.png,spatially_correlated_noise,3,3.82857,-2.323119656,2.323119656
i24.png,i24_03_4.png,spatially_correlated_noise,4,3.28571,-2.727553588,2.727553588
i24.png,i24_03_5.png,spatially_correlated_noise,5,2.69444,-3.536884486,3.536884486
i24.png,i24_04_1.png,masked_noise,1,5.85714,-0.176239942,0.176239942
i24.png,i24_04_2.png,masked_noise,2,5.83333,-0.174049272,0.174049272
i24.png,i24_04_3.png,masked_noise,3,5.52941,-0.268810326,0.268810326
i24.png,i24_04_4.png,masked_noise,4,5.16667,-0.677463583,0.677463583
i24.png,i24_04_5.png,masked_noise,5,4.57143,-1.13097885,1.13097885
i24.png,i24_05_1.png,high_frequency_noise,1,5.80556,-0.135861048,0.135861048
i24.png,i24_05_2.png,high_frequency_noise,2,5.33333,-0.486114191,0.486114191
i24.png,i24_05_3.png,high_frequency_noise,3,5.13889,-0.778678191,0.778678191
i24.png,i24_05_4.png,high_frequency_noise,4,4.02857,-1.826770014,1.826770014
i24.png,i24_05_5.png,high_frequency_noise,5,3.25,-2.862783771,2.862783771
i24.png,i24_06_1.png,impulse_noise,1,4.64706,-1.025107942,1.025107942
i24.png,i24_06_2.png,impulse_noise,2,4.37143,-1.512701112,1.512701112
i24.png,i24_06_3.png,impulse_noise,3,3.97143,-1.796114958,1.796114958
i24.png,i24_06_4.png,impulse_noise,4,3.66667,-2.248125482,2.248125482
i24.png,i24_06_5.png,impulse_noise,5,3.28571,-2.902277264,2.902277264
i24.png,i24_07_1.png,quantization_noise,1,5.52778,-0.33246388,0.33246388
i24.png,i24_07_2.png,quantization_noise,2,4.57143,-1.123006108,1.123006108
i24.png,i24_07_3.png,quantization_noise,3,4.08824,-1.704522149,1.704522149
i24.png,i24_07_4.png,quantization_noise,4,2.88571,-3.208491375,3.208491375
i24.png,i24_07_5.png,quantization_noise,5,2.44444,-3.99388444,3.99388444
i24.png,i24_08_1.png,gaussian_blur,1,5.94444,-0.134820036,0.134820036
i24.png,i24_08_2.png,gaussian_blur,2,4.97143,-0.857956629,0.857956629
i24.png,i24_08_3.png,gaussian_blur,3,4.05714,-1.579707106,1.579707106
i24.png,i24_08_4.png,gaussian_blur,4,3.17647,-2.600543061,2.600543061
i24.png,i24_08_5.png,gaussian_blur,5,2.61765,-3.722125171,3.722125171
i24.png,i24_09_1.png,image_denoising,1,6.0,-0.007886585,0.007886585
i24.png,i24_09_2.png,image_denoising,2,5.29412,-0.666223609,0.666223609
i24.png,i24_09_3.png,image_denoising,3,4.52778,-1.387434738,1.387434738
i24.png,i24_09_4.png,image_denoising,4,3.38889,-2.793573339,2.793573339
i24.png,i24_09_5.png,image_denoising,5,2.0,-4.491099387,4.491099387
i24.png,i24_10_1.png,JPEG_compression,1,5.88571,-0.084104614,0.084104614
i24.png,i24_10_2.png,JPEG_compression,2,5.82857,-0.183780498,0.183780498
i24.png,i24_10_3.png,JPEG_compression,3,4.65714,-1.047144045,1.047144045
i24.png,i24_10_4.png,JPEG_compression,4,3.27778,-2.776712039,2.776712039
i24.png,i24_10_5.png,JPEG_compression,5,1.85294,-4.733354217,4.733354217
i24.png,i24_11_1.png,JPEG2000_compression,1,5.4,-0.430105855,0.430105855
i24.png,i24_11_2.png,JPEG2000_compression,2,4.69697,-0.883895144,0.883895144
i24.png,i24_11_3.png,JPEG2000_compression,3,4.02941,-1.768485471,1.768485471
i24.png,i24_11_4.png,JPEG2000_compression,4,2.57143,-3.579674571,3.579674571
i24.png,i24_11_5.png,JPEG2000_compression,5,0.91667,-6.118071941,6.118071941
i24.png,i24_12_1.png,JPEG_transmission_errors,1,5.68571,-0.228698158,0.228698158
i24.png,i24_12_2.png,JPEG_transmission_errors,2,6.08571,0.049533663,-0.049533663
i24.png,i24_12_3.png,JPEG_transmission_errors,3,5.48485,-0.431222971,0.431222971
i24.png,i24_12_4.png,JPEG_transmission_errors,4,3.5,-2.396236448,2.396236448
i24.png,i24_12_5.png,JPEG_transmission_errors,5,2.58333,-3.475507939,3.475507939
i24.png,i24_13_1.png,JPEG2000_transmission_errors,1,4.05882,-1.631520199,1.631520199
i24.png,i24_13_2.png,JPEG2000_transmission_errors,2,3.74286,-2.191896254,2.191896254
i24.png,i24_13_3.png,JPEG2000_transmission_errors,3,3.31429,-2.716026289,2.716026289
i24.png,i24_13_4.png,JPEG2000_transmission_errors,4,2.88889,-3.29321446,3.29321446
i24.png,i24_13_5.png,JPEG2000_transmission_errors,5,2.5,-3.808138442,3.808138442
i24.png,i24_14_1.png,non_eccentricity_pattern_noise,1,6.0,-0.089227547,0.089227547
i24.png,i24_14_2.png,non_eccentricity_pattern_noise,2,5.97143,-0.096614596,0.096614596
i24.png,i24_14_3.png,non_eccentricity_pattern_noise,3,5.34286,-0.485463016,0.485463016
i24.png,i24_14_4.png,non_eccentricity_pattern_noise,4,5.13889,-0.833005752,0.833005752
i24.png,i24_14_5.png,non_eccentricity_pattern_noise,5,4.63889,-1.135016231,1.135016231
i24.png,i24_15_1.png,local_block_wise_distortions_of_different_intensity,1,4.02778,-1.607142348,1.607142348
i24.png,i24_15_2.png,local_block_wise_distortions_of_different_intensity,2,4.4,-1.445661511,1.445661511
i24.png,i24_15_3.png,local_block_wise_distortions_of_different_intensity,3,3.88571,-1.668092561,1.668092561
i24.png,i24_15_4.png,local_block_wise_distortions_of_different_intensity,4,3.66667,-2.206700861,2.206700861
i24.png,i24_15_5.png,local_block_wise_distortions_of_different_intensity,5,3.38889,-2.646245051,2.646245051
i24.png,i24_16_1.png,intensity_shift,1,5.97143,-0.081800541,0.081800541
i24.png,i24_16_2.png,intensity_shift,2,6.11111,0.011007559,-0.011007559
i24.png,i24_16_3.png,intensity_shift,3,5.45714,-0.362253487,0.362253487
i24.png,i24_16_4.png,intensity_shift,4,5.61111,-0.358386276,0.358386276
i24.png,i24_16_5.png,intensity_shift,5,4.88571,-0.86136274,0.86136274
i24.png,i24_17_1.png,contrast_change,1,5.75,-0.233083641,0.233083641
i24.png,i24_17_2.png,contrast_change,2,6.47222,0.176585301,-0.176585301
i24.png,i24_17_3.png,contrast_change,3,4.80556,-0.916133346,0.916133346
i24.png,i24_17_4.png,contrast_change,4,6.72222,0.442499174,-0.442499174
i24.png,i24_17_5.png,contrast_change,5,3.6,-2.208158874,2.208158874
i24.png,i24_18_1.png,change_of_color_saturation,1,4.8,-0.920691269,0.920691269
i24.png,i24_18_2.png,change_of_color_saturation,2,4.39394,-1.338666017,1.338666017
i24.png,i24_18_3.png,change_of_color_saturation,3,3.91176,-1.653004072,1.653004072
i24.png,i24_18_4.png,change_of_color_saturation,4,4.11429,-1.738491573,1.738491573
i24.png,i24_18_5.png,change_of_color_saturation,5,3.79412,-2.245988456,2.245988456
i24.png,i24_19_1.png,multiplicative_gaussian_noise,1,5.57143,-0.329904528,0.329904528
i24.png,i24_19_2.png,multiplicative_gaussian_noise,2,5.17647,-0.725775984,0.725775984
i24.png,i24_19_3.png,multiplicative_gaussian_noise,3,4.77778,-1.009018948,1.009018948
i24.png,i24_19_4.png,multiplicative_gaussian_noise,4,4.08824,-1.619946436,1.619946436
i24.png,i24_19_5.png,multiplicative_gaussian_noise,5,3.85714,-2.054773209,2.054773209
i24.png,i24_20_1.png,comfort_noise,1,6.14286,-0.052320643,0.052320643
i24.png,i24_20_2.png,comfort_noise,2,5.61111,-0.197175422,0.197175422
i24.png,i24_20_3.png,comfort_noise,3,5.17143,-0.685146313,0.685146313
i24.png,i24_20_4.png,comfort_noise,4,4.02857,-1.702311761,1.702311761
i24.png,i24_20_5.png,comfort_noise,5,3.51429,-2.446096022,2.446096022
i24.png,i24_21_1.png,lossy_compression_of_noisy_images,1,5.77778,-0.279928657,0.279928657
i24.png,i24_21_2.png,lossy_compression_of_noisy_images,2,4.82857,-0.974604462,0.974604462
i24.png,i24_21_3.png,lossy_compression_of_noisy_images,3,4.14286,-1.625688999,1.625688999
i24.png,i24_21_4.png,lossy_compression_of_noisy_images,4,3.36111,-2.572713877,2.572713877
i24.png,i24_21_5.png,lossy_compression_of_noisy_images,5,2.68571,-3.664167679,3.664167679
i24.png,i24_22_1.png,image_color_quantization_with_dither,1,5.77143,-0.305127946,0.305127946
i24.png,i24_22_2.png,image_color_quantization_with_dither,2,5.02941,-0.607352943,0.607352943
i24.png,i24_22_3.png,image_color_quantization_with_dither,3,4.61765,-1.017435819,1.017435819
i24.png,i24_22_4.png,image_color_quantization_with_dither,4,3.33333,-2.802426552,2.802426552
i24.png,i24_22_5.png,image_color_quantization_with_dither,5,2.74286,-3.28655965,3.28655965
i24.png,i24_23_1.png,chromatic_aberrations,1,5.8,-0.081162693,0.081162693
i24.png,i24_23_2.png,chromatic_aberrations,2,6.02778,-0.031456921,0.031456921
i24.png,i24_23_3.png,chromatic_aberrations,3,5.68571,-0.358369888,0.358369888
i24.png,i24_23_4.png,chromatic_aberrations,4,5.08824,-0.58886703,0.58886703
i24.png,i24_23_5.png,chromatic_aberrations,5,2.29412,-3.772159088,3.772159088
i24.png,i24_24_1.png,sparse_sampling_and_reconstruction,1,5.70588,-0.161647831,0.161647831
i24.png,i24_24_2.png,sparse_sampling_and_reconstruction,2,5.34286,-0.642064501,0.642064501
i24.png,i24_24_3.png,sparse_sampling_and_reconstruction,3,4.34286,-1.385838211,1.385838211
i24.png,i24_24_4.png,sparse_sampling_and_reconstruction,4,2.74286,-3.259558956,3.259558956
i24.png,i24_24_5.png,sparse_sampling_and_reconstruction,5,0.41667,-6.967959722,6.967959722
i25.png,i25_01_1.png,additive_gaussian_noise,1,5.14286,-0.597128489,0.597128489
i25.png,i25_01_2.png,additive_gaussian_noise,2,4.67647,-0.950103569,0.950103569
i25.png,i25_01_3.png,additive_gaussian_noise,3,4.4,-1.280780222,1.280780222
i25.png,i25_01_4.png,additive_gaussian_noise,4,3.88571,-1.693525721,1.693525721
i25.png,i25_01_5.png,additive_gaussian_noise,5,3.44444,-2.026977043,2.026977043
i25.png,i25_02_1.png,additive_noise_in_color_more_intensive_than_additive_noise_in_the_luminance,1,5.54286,-0.190219432,0.190219432
i25.png,i25_02_2.png,additive_noise_in_color_more_intensive_than_additive_noise_in_the_luminance,2,5.27778,-0.416178346,0.416178346
i25.png,i25_02_3.png,additive_noise_in_color_more_intensive_than_additive_noise_in_the_luminance,3,5.25,-0.585301235,0.585301235
i25.png,i25_02_4.png,additive_noise_in_color_more_intensive_than_additive_noise_in_the_luminance,4,4.45714,-1.146936293,1.146936293
i25.png,i25_02_5.png,additive_noise_in_color_more_intensive_than_additive_noise_in_the_luminance,5,3.77143,-1.756715815,1.756715815
i25.png,i25_03_1.png,spatially_correlated_noise,1,4.0,-1.507805419,1.507805419
i25.png,i25_03_2.png,spatially_correlated_noise,2,3.58333,-1.955810649,1.955810649
i25.png,i25_03_3.png,spatially_correlated_noise,3,3.25,-2.291821976,2.291821976
i25.png,i25_03_4.png,spatially_correlated_noise,4,2.91429,-2.717033815,2.717033815
i25.png,i25_03_5.png,spatially_correlated_noise,5,2.41667,-2.991265568,2.991265568
i25.png,i25_04_1.png,masked_noise,1,6.39394,0.307751442,-0.307751442
i25.png,i25_04_2.png,masked_noise,2,6.16667,0.190287811,-0.190287811
i25.png,i25_04_3.png,masked_noise,3,5.88889,-0.042580651,0.042580651
i25.png,i25_04_4.png,masked_noise,4,5.5,-0.268390268,0.268390268
i25.png,i25_04_5.png,masked_noise,5,5.23529,-0.452978731,0.452978731
i25.png,i25_05_1.png,high_frequency_noise,1,5.33333,-0.356488733,0.356488733
i25.png,i25_05_2.png,high_frequency_noise,2,5.25714,-0.42384389,0.42384389
i25.png,i25_05_3.png,high_frequency_noise,3,4.61111,-1.096348651,1.096348651
i25.png,i25_05_4.png,high_frequency_noise,4,3.85714,-1.711585567,1.711585567
i25.png,i25_05_5.png,high_frequency_noise,5,2.75,-2.700893925,2.700893925
i25.png,i25_06_1.png,impulse_noise,1,4.4,-1.337720635,1.337720635
i25.png,i25_06_2.png,impulse_noise,2,4.28571,-1.424668034,1.424668034
i25.png,i25_06_3.png,impulse_noise,3,3.70588,-1.753973785,1.753973785
i25.png,i25_06_4.png,impulse_noise,4,3.47222,-2.108993315,2.108993315
i25.png,i25_06_5.png,impulse_noise,5,3.02778,-2.579984864,2.579984864
i25.png,i25_07_1.png,quantization_noise,1,3.5,-1.946120098,1.946120098
i25.png,i25_07_2.png,quantization_noise,2,3.14286,-2.118544134,2.118544134
i25.png,i25_07_3.png,quantization_noise,3,3.0303,-2.40682851,2.40682851
i25.png,i25_07_4.png,quantization_noise,4,2.71429,-2.591891272,2.591891272
i25.png,i25_07_5.png,quantization_noise,5,2.74286,-2.781170705,2.781170705
i25.png,i25_08_1.png,gaussian_blur,1,5.52941,-0.212797337,0.212797337
i25.png,i25_08_2.png,gaussian_blur,2,5.05556,-0.703738455,0.703738455
i25.png,i25_08_3.png,gaussian_blur,3,4.29412,-1.339037823,1.339037823
i25.png,i25_08_4.png,gaussian_blur,4,3.17647,-2.440758147,2.440758147
i25.png,i25_08_5.png,gaussian_blur,5,1.94444,-3.714928399,3.714928399
i25.png,i25_09_1.png,image_denoising,1,5.83333,-0.035329322,0.035329322
i25.png,i25_09_2.png,image_denoising,2,5.2,-0.486690787,0.486690787
i25.png,i25_09_3.png,image_denoising,3,4.22857,-1.191601978,1.191601978
i25.png,i25_09_4.png,image_denoising,4,3.11765,-2.253454668,2.253454668
i25.png,i25_09_5.png,image_denoising,5,1.33333,-4.040320397,4.040320397
i25.png,i25_10_1.png,JPEG_compression,1,5.85714,-0.023979137,0.023979137
i25.png,i25_10_2.png,JPEG_compression,2,5.57143,-0.258046249,0.258046249
i25.png,i25_10_3.png,JPEG_compression,3,4.25714,-1.15284718,1.15284718
i25.png,i25_10_4.png,JPEG_compression,4,2.14706,-3.155757143,3.155757143
i25.png,i25_10_5.png,JPEG_compression,5,1.47222,-3.772182902,3.772182902
i25.png,i25_11_1.png,JPEG2000_compression,1,6.08571,0.24509034,-0.24509034
i25.png,i25_11_2.png,JPEG2000_compression,2,5.86111,0.012667378,-0.012667378
i25.png,i25_11_3.png,JPEG2000_compression,3,5.36111,-0.377841774,0.377841774
i25.png,i25_11_4.png,JPEG2000_compression,4,4.97222,-0.626141774,0.626141774
i25.png,i25_11_5.png,JPEG2000_compression,5,4.6,-1.08705264,1.08705264
i25.png,i25_12_1.png,JPEG_transmission_errors,1,6.02778,0.109969457,-0.109969457
i25.png,i25_12_2.png,JPEG_transmission_errors,2,5.8,-0.136072773,0.136072773
i25.png,i25_12_3.png,JPEG_transmission_errors,3,4.83333,-0.92511962,0.92511962
i25.png,i25_12_4.png,JPEG_transmission_errors,4,5.0303,-0.857659793,0.857659793
i25.png,i25_12_5.png,JPEG_transmission_errors,5,4.66667,-1.050512636,1.050512636
i25.png,i25_13_1.png,JPEG2000_transmission_errors,1,4.82857,-0.644864971,0.644864971
i25.png,i25_13_2.png,JPEG2000_transmission_errors,2,5.71429,-0.176285143,0.176285143
i25.png,i25_13_3.png,JPEG2000_transmission_errors,3,3.68571,-1.926743302,1.926743302
i25.png,i25_13_4.png,JPEG2000_transmission_errors,4,4.57143,-1.112680612,1.112680612
i25.png,i25_13_5.png,JPEG2000_transmission_errors,5,3.02857,-2.539582813,2.539582813
i25.png,i25_14_1.png,non_eccentricity_pattern_noise,1,5.71429,-0.269876185,0.269876185
i25.png,i25_14_2.png,non_eccentricity_pattern_noise,2,5.14286,-0.47252746,0.47252746
i25.png,i25_14_3.png,non_eccentricity_pattern_noise,3,5.08824,-0.707812763,0.707812763
i25.png,i25_14_4.png,non_eccentricity_pattern_noise,4,3.82857,-1.88317617,1.88317617
i25.png,i25_14_5.png,non_eccentricity_pattern_noise,5,3.11111,-2.32059659,2.32059659
i25.png,i25_15_1.png,local_block_wise_distortions_of_different_intensity,1,3.27778,-2.18652647,2.18652647
i25.png,i25_15_2.png,local_block_wise_distortions_of_different_intensity,2,2.93939,-2.359147499,2.359147499
i25.png,i25_15_3.png,local_block_wise_distortions_of_different_intensity,3,3.52778,-1.94089054,1.94089054
i25.png,i25_15_4.png,local_block_wise_distortions_of_different_intensity,4,3.97059,-1.397604877,1.397604877
i25.png,i25_15_5.png,local_block_wise_distortions_of_different_intensity,5,4.14286,-1.26966708,1.26966708
i25.png,i25_16_1.png,intensity_shift,1,5.91667,0.046307018,-0.046307018
i25.png,i25_16_2.png,intensity_shift,2,6.41667,0.318539204,-0.318539204
i25.png,i25_16_3.png,intensity_shift,3,5.77143,-0.130000669,0.130000669
i25.png,i25_16_4.png,intensity_shift,4,5.55556,-0.163024811,0.163024811
i25.png,i25_16_5.png,intensity_shift,5,4.47059,-1.167102785,1.167102785
i25.png,i25_17_1.png,contrast_change,1,5.61111,-0.08899303,0.08899303
i25.png,i25_17_2.png,contrast_change,2,6.85714,0.617638042,-0.617638042
i25.png,i25_17_3.png,contrast_change,3,4.48571,-0.913863885,0.913863885
i25.png,i25_17_4.png,contrast_change,4,6.38889,0.292597333,-0.292597333
i25.png,i25_17_5.png,contrast_change,5,3.28571,-2.293305541,2.293305541
i25.png,i25_18_1.png,change_of_color_saturation,1,5.61111,-0.234162868,0.234162868
i25.png,i25_18_2.png,change_of_color_saturation,2,5.05882,-0.52384095,0.52384095
i25.png,i25_18_3.png,change_of_color_saturation,3,4.44444,-1.05092395,1.05092395
i25.png,i25_18_4.png,change_of_color_saturation,4,4.0,-1.645572327,1.645572327
i25.png,i25_18_5.png,change_of_color_saturation,5,2.67647,-2.61068674,2.61068674
i25.png,i25_19_1.png,multiplicative_gaussian_noise,1,5.16667,-0.661114431,0.661114431
i25.png,i25_19_2.png,multiplicative_gaussian_noise,2,4.28571,-1.203389716,1.203389716
i25.png,i25_19_3.png,multiplicative_gaussian_noise,3,3.83333,-1.756869054,1.756869054
i25.png,i25_19_4.png,multiplicative_gaussian_noise,4,3.79412,-1.948319589,1.948319589
i25.png,i25_19_5.png,multiplicative_gaussian_noise,5,3.34286,-2.205241058,2.205241058
i25.png,i25_20_1.png,comfort_noise,1,5.67647,-0.098183754,0.098183754
i25.png,i25_20_2.png,comfort_noise,2,5.54286,-0.460083504,0.460083504
i25.png,i25_20_3.png,comfort_noise,3,5.0,-0.728675396,0.728675396
i25.png,i25_20_4.png,comfort_noise,4,4.97222,-0.79268349,0.79268349
i25.png,i25_20_5.png,comfort_noise,5,4.05714,-1.384373426,1.384373426
i25.png,i25_21_1.png,lossy_compression_of_noisy_images,1,5.17143,-0.627579663,0.627579663
i25.png,i25_21_2.png,lossy_compression_of_noisy_images,2,4.45714,-1.172151594,1.172151594
i25.png,i25_21_3.png,lossy_compression_of_noisy_images,3,4.88571,-0.745510924,0.745510924
i25.png,i25_21_4.png,lossy_compression_of_noisy_images,4,3.42857,-2.065806504,2.065806504
i25.png,i25_21_5.png,lossy_compression_of_noisy_images,5,2.91429,-2.625163854,2.625163854
i25.png,i25_22_1.png,image_color_quantization_with_dither,1,4.80556,-0.906908165,0.906908165
i25.png,i25_22_2.png,image_color_quantization_with_dither,2,4.25,-1.330524578,1.330524578
i25.png,i25_22_3.png,image_color_quantization_with_dither,3,3.79412,-1.587213537,1.587213537
i25.png,i25_22_4.png,image_color_quantization_with_dither,4,3.4,-2.075123587,2.075123587
i25.png,i25_22_5.png,image_color_quantization_with_dither,5,2.79412,-2.580274409,2.580274409
i25.png,i25_23_1.png,chromatic_aberrations,1,6.30556,0.229189261,-0.229189261
i25.png,i25_23_2.png,chromatic_aberrations,2,6.27778,0.215491469,-0.215491469
i25.png,i25_23_3.png,chromatic_aberrations,3,6.17143,0.11388563,-0.11388563
i25.png,i25_23_4.png,chromatic_aberrations,4,6.14286,0.211066717,-0.211066717
i25.png,i25_23_5.png,chromatic_aberrations,5,5.97143,0.069033355,-0.069033355
i25.png,i25_24_1.png,sparse_sampling_and_reconstruction,1,5.65714,-0.086674151,0.086674151
i25.png,i25_24_2.png,sparse_sampling_and_reconstruction,2,5.44444,-0.359249517,0.359249517
i25.png,i25_24_3.png,sparse_sampling_and_reconstruction,3,4.62857,-0.907353585,0.907353585
i25.png,i25_24_4.png,sparse_sampling_and_reconstruction,4,4.02778,-1.538016366,1.538016366
i25.png,i25_24_5.png,sparse_sampling_and_reconstruction,5,2.77143,-2.669750888,2.669750888
