reference_file,distorted_file,distortion_type,distortion_level,mos,jod_quality,jod_distortion,official_ssim,official_ssim_dist,reference_id,pred_jod_all_cv,pred_jod_gn_cv
i01.png,i01_01_1.png,additive_gaussian_noise,1,5.51429,0.034470919,-0.034470919,0.9627,0.0373,1,0.8372064008142757,0.31118883241017414
i01.png,i01_01_2.png,additive_gaussian_noise,2,5.56757,-0.175516306,0.175516306,0.9318,0.06820000000000004,1,0.9324461369574114,0.4893563455854837
i01.png,i01_01_3.png,additive_gaussian_noise,3,4.94444,-0.708361862,0.708361862,0.8779,0.12209999999999999,1,1.2406945206032773,0.798869412576805
i01.png,i01_01_4.png,additive_gaussian_noise,4,4.37838,-1.25415525,1.25415525,0.8,0.19999999999999996,1,2.077987493515176,1.2295497593342128
i01.png,i01_01_5.png,additive_gaussian_noise,5,3.86486,-1.770809111,1.770809111,0.6927,0.3073,1,3.1439439959445927,1.7583692459961453
i01.png,i01_02_1.png,additive_noise_in_color_more_intensive_than_additive_noise_in_the_luminance,1,6.02857,0.237917791,-0.237917791,0.9896,0.010399999999999965,1,0.7850013054106304,
i01.png,i01_02_2.png,additive_noise_in_color_more_intensive_than_additive_noise_in_the_luminance,2,6.10811,0.17845558,-0.17845558,0.9804,0.01959999999999995,1,0.8003308521508464,
i01.png,i01_02_3.png,additive_noise_in_color_more_intensive_than_additive_noise_in_the_luminance,3,5.38889,-0.213000704,0.213000704,0.9623,0.037699999999999956,1,0.8381679605818999,
i01.png,i01_02_4.png,additive_noise_in_color_more_intensive_than_additive_noise_in_the_luminance,4,4.71429,-0.677279052,0.677279052,0.9317,0.06830000000000003,1,0.932833016520092,
i01.png,i01_02_5.png,additive_noise_in_color_more_intensive_than_additive_noise_in_the_luminance,5,4.36111,-1.105593551,1.105593551,0.8786,0.12139999999999995,1,1.2352284292570115,
i01.png,i01_03_1.png,spatially_correlated_noise,1,4.77143,-0.722482513,0.722482513,0.9704,0.02959999999999996,1,0.8198539241066868,
i01.png,i01_03_2.png,spatially_correlated_noise,2,4.27027,-1.347806456,1.347806456,0.9437,0.05630000000000002,1,0.8903170779999157,
i01.png,i01_03_3.png,spatially_correlated_noise,3,3.7027,-2.028032256,2.028032256,0.9004,0.09960000000000002,1,1.0855050571781124,
i01.png,i01_03_4.png,spatially_correlated_noise,4,3.19444,-2.698561568,2.698561568,0.8307,0.1693,1,1.7032078955632204,
i01.png,i01_03_5.png,spatially_correlated_noise,5,2.71429,-3.418143827,3.418143827,0.7344,0.26559999999999995,1,2.8293832121261904,
i01.png,i01_04_1.png,masked_noise,1,5.97143,0.252240213,-0.252240213,0.982,0.018000000000000016,1,0.7974941914332092,
i01.png,i01_04_2.png,masked_noise,2,5.75676,0.114476857,-0.114476857,0.9649,0.03510000000000002,1,0.8320267657676672,
i01.png,i01_04_3.png,masked_noise,3,5.27027,-0.195981535,0.195981535,0.9326,0.06740000000000002,1,0.9293716863322083,
i01.png,i01_04_4.png,masked_noise,4,5.24324,-0.260141596,0.260141596,0.8824,0.11760000000000004,1,1.2062860836848124,
i01.png,i01_04_5.png,masked_noise,5,4.71429,-0.779423315,0.779423315,0.7895,0.21050000000000002,1,2.2099984641652353,
i01.png,i01_05_1.png,high_frequency_noise,1,5.91892,0.15314117,-0.15314117,0.9613,0.03869999999999996,1,0.8405989806407432,
i01.png,i01_05_2.png,high_frequency_noise,2,5.7027,0.039458325,-0.039458325,0.9291,0.07089999999999996,1,0.9430953108416569,
i01.png,i01_05_3.png,high_frequency_noise,3,5.08333,-0.44135251,0.44135251,0.8267,0.1733,1,1.749875107094166,
i01.png,i01_05_4.png,high_frequency_noise,4,4.13889,-1.501254704,1.501254704,0.6495,0.35050000000000003,1,3.3333461182137523,
i01.png,i01_05_5.png,high_frequency_noise,5,3.13889,-2.767657107,2.767657107,0.4193,0.5807,1,3.5186351537017817,
i01.png,i01_06_1.png,impulse_noise,1,4.0,-1.507473861,1.507473861,0.9757,0.02429999999999999,1,0.8091092757332776,
i01.png,i01_06_2.png,impulse_noise,2,3.89189,-1.68443084,1.68443084,0.9486,0.0514,1,0.8750739602666266,
i01.png,i01_06_3.png,impulse_noise,3,3.72973,-2.17178529,2.17178529,0.9057,0.09430000000000005,1,1.0548381682656935,
i01.png,i01_06_4.png,impulse_noise,4,3.48571,-2.300814706,2.300814706,0.8348,0.1652,1,1.6563549746759805,
i01.png,i01_06_5.png,impulse_noise,5,2.94444,-3.160037916,3.160037916,0.7225,0.27749999999999997,1,2.9341881664911176,
i01.png,i01_07_1.png,quantization_noise,1,5.08333,-0.324107309,0.324107309,0.9687,0.031299999999999994,1,0.8235014064476824,
i01.png,i01_07_2.png,quantization_noise,2,4.75,-0.847549575,0.847549575,0.9295,0.07050000000000001,1,0.9414907718313529,
i01.png,i01_07_3.png,quantization_noise,3,4.0,-1.615962525,1.615962525,0.9063,0.0937,1,1.0514994607805006,
i01.png,i01_07_4.png,quantization_noise,4,3.22222,-2.568082422,2.568082422,0.8553,0.14470000000000005,1,1.4397906593579586,
i01.png,i01_07_5.png,quantization_noise,5,2.19444,-3.832276997,3.832276997,0.7806,0.21940000000000004,1,2.3206104097975193,
i01.png,i01_08_1.png,gaussian_blur,1,5.18919,-0.325920964,0.325920964,0.9691,0.03090000000000004,1,0.8226341027839996,
i01.png,i01_08_2.png,gaussian_blur,2,4.47222,-0.972117158,0.972117158,0.8992,0.1008,1,1.0927468386672674,
i01.png,i01_08_3.png,gaussian_blur,3,3.48649,-2.196330347,2.196330347,0.7418,0.2582,1,2.758152153697039,
i01.png,i01_08_4.png,gaussian_blur,4,3.0,-3.042865228,3.042865228,0.5433,0.4567,1,3.491833120979705,
i01.png,i01_08_5.png,gaussian_blur,5,2.11111,-4.083968171,4.083968171,0.3859,0.6141,1,3.5201323833298312,
i01.png,i01_09_1.png,image_denoising,1,6.08333,0.304521081,-0.304521081,0.9549,0.04510000000000003,1,0.8571091871633667,
i01.png,i01_09_2.png,image_denoising,2,5.16667,-0.349252549,0.349252549,0.9093,0.0907,1,1.0352022771461438,
i01.png,i01_09_3.png,image_denoising,3,4.42857,-1.136595351,1.136595351,0.7997,0.20030000000000003,1,2.081762747958223,
i01.png,i01_09_4.png,image_denoising,4,2.81081,-3.050853714,3.050853714,0.6459,0.35409999999999997,1,3.344328770147392,
i01.png,i01_09_5.png,image_denoising,5,1.54054,-4.930595119,4.930595119,0.4397,0.5603,1,3.5171734271806008,
i01.png,i01_10_1.png,JPEG_compression,1,5.97297,0.232889224,-0.232889224,0.9534,0.046599999999999975,1,0.8612268651641735,
i01.png,i01_10_2.png,JPEG_compression,2,5.94595,0.190651383,-0.190651383,0.913,0.08699999999999997,1,1.015993703753293,
i01.png,i01_10_3.png,JPEG_compression,3,4.91667,-0.607514348,0.607514348,0.8273,0.17269999999999996,1,1.7428183546868479,
i01.png,i01_10_4.png,JPEG_compression,4,3.21622,-2.792865028,2.792865028,0.6761,0.32389999999999997,1,3.2307620355061655,
i01.png,i01_10_5.png,JPEG_compression,5,2.08108,-4.170779902,4.170779902,0.5432,0.4568,1,3.4918862078046295,
i01.png,i01_11_1.png,JPEG2000_compression,1,5.91429,0.088606555,-0.088606555,0.9472,0.05279999999999996,1,0.8793118540228699,
i01.png,i01_11_2.png,JPEG2000_compression,2,5.67568,-0.048344124,0.048344124,0.8951,0.1049,1,1.1183414813900223,
i01.png,i01_11_3.png,JPEG2000_compression,3,4.69444,-0.674189526,0.674189526,0.8147,0.18530000000000002,1,1.8945813355691712,
i01.png,i01_11_4.png,JPEG2000_compression,4,3.67568,-2.283154966,2.283154966,0.6387,0.36129999999999995,1,3.3645254093123818,
i01.png,i01_11_5.png,JPEG2000_compression,5,1.45946,-5.081500998,5.081500998,0.3939,0.6061000000000001,1,3.5198502041966018,
i01.png,i01_12_1.png,JPEG_transmission_errors,1,5.94595,0.237379419,-0.237379419,0.9327,0.06730000000000003,1,0.9289899433180469,
i01.png,i01_12_2.png,JPEG_transmission_errors,2,5.86486,0.148800755,-0.148800755,0.9185,0.08150000000000002,1,0.9891947366987733,
i01.png,i01_12_3.png,JPEG_transmission_errors,3,4.21622,-1.452828594,1.452828594,0.8119,0.18810000000000004,1,1.9291453444031486,
i01.png,i01_12_4.png,JPEG_transmission_errors,4,3.83333,-1.684811772,1.684811772,0.6731,0.32689999999999997,1,3.244430820255099,
i01.png,i01_12_5.png,JPEG_transmission_errors,5,3.43243,-2.240702535,2.240702535,0.4822,0.5178,1,3.5117551335435797,
i01.png,i01_13_1.png,JPEG2000_transmission_errors,1,5.45946,-0.118007691,0.118007691,0.959,0.041000000000000036,1,0.8463399367421781,
i01.png,i01_13_2.png,JPEG2000_transmission_errors,2,3.91429,-1.614873346,1.614873346,0.8972,0.1028,1,1.1050662169235288,
i01.png,i01_13_3.png,JPEG2000_transmission_errors,3,3.27778,-2.417397932,2.417397932,0.8187,0.18130000000000002,1,1.8456655803719775,
i01.png,i01_13_4.png,JPEG2000_transmission_errors,4,3.16667,-2.418521526,2.418521526,0.7066,0.2934,1,3.055250943424358,
i01.png,i01_13_5.png,JPEG2000_transmission_errors,5,3.10811,-2.760355459,2.760355459,0.7106,0.2894,1,3.0268140941785573,
i01.png,i01_14_1.png,non_eccentricity_pattern_noise,1,5.69444,0.055210039,-0.055210039,0.9701,0.029900000000000038,1,0.8204903051326647,
i01.png,i01_14_2.png,non_eccentricity_pattern_noise,2,6.05405,0.288567303,-0.288567303,0.9598,0.040200000000000014,1,0.8443191514961742,
i01.png,i01_14_3.png,non_eccentricity_pattern_noise,3,5.75676,0.045920824,-0.045920824,0.9278,0.07220000000000004,1,0.9483756208386658,
i01.png,i01_14_4.png,non_eccentricity_pattern_noise,4,5.55556,-0.017791389,0.017791389,0.8877,0.11229999999999996,1,1.1679605844830907,
i01.png,i01_14_5.png,non_eccentricity_pattern_noise,5,4.47059,-0.839453567,0.839453567,0.8493,0.15069999999999995,1,1.4998612443272903,
i01.png,i01_15_1.png,local_block_wise_distortions_of_different_intensity,1,2.83333,-3.032553818,3.032553818,0.9519,0.04810000000000003,1,0.8654428499405267,
i01.png,i01_15_2.png,local_block_wise_distortions_of_different_intensity,2,2.82857,-2.845784063,2.845784063,0.9584,0.04159999999999997,1,0.8478725044558153,
i01.png,i01_15_3.png,local_block_wise_distortions_of_different_intensity,3,3.10811,-2.692728976,2.692728976,0.967,0.03300000000000003,1,0.82725076722058,
i01.png,i01_15_4.png,local_block_wise_distortions_of_different_intensity,4,3.58333,-2.23353737,2.23353737,0.9756,0.024399999999999977,1,0.8093035113093207,
i01.png,i01_15_5.png,local_block_wise_distortions_of_different_intensity,5,3.89189,-1.855328687,1.855328687,0.9875,0.012499999999999956,1,0.7882969950704105,
i01.png,i01_16_1.png,intensity_shift,1,5.80556,0.209282663,-0.209282663,0.998,0.0020000000000000018,1,0.7729176468147982,
i01.png,i01_16_2.png,intensity_shift,2,6.05405,0.275607855,-0.275607855,0.9955,0.0044999999999999485,1,0.776337720062983,
i01.png,i01_16_3.png,intensity_shift,3,4.88889,-0.486261066,0.486261066,0.98,0.020000000000000018,1,0.8010518004045947,
i01.png,i01_16_4.png,intensity_shift,4,5.02778,-0.349536038,0.349536038,0.973,0.027000000000000024,1,0.8144668261503755,
i01.png,i01_16_5.png,intensity_shift,5,4.19444,-1.480785642,1.480785642,0.9106,0.08940000000000003,1,1.0283425322761395,
i01.png,i01_17_1.png,contrast_change,1,5.35135,-0.24143027,0.24143027,0.9948,0.005199999999999982,1,0.7773213796054914,
i01.png,i01_17_2.png,contrast_change,2,6.62162,0.640740263,-0.640740263,0.9837,0.01629999999999998,1,0.7945613384965348,
i01.png,i01_17_3.png,contrast_change,3,4.08108,-1.388901972,1.388901972,0.9665,0.033499999999999974,1,0.8283732769125602,
i01.png,i01_17_4.png,contrast_change,4,6.24324,0.267461608,-0.267461608,0.9356,0.06440000000000001,1,0.9181635477960355,
i01.png,i01_17_5.png,contrast_change,5,2.97143,-2.801861955,2.801861955,0.8465,0.15349999999999997,1,1.5288723551223582,
i01.png,i01_18_1.png,change_of_color_saturation,1,4.62162,-0.970268394,0.970268394,1.0,0.0,1,0.7702833865223742,
i01.png,i01_18_2.png,change_of_color_saturation,2,4.22222,-1.299601163,1.299601163,1.0,0.0,1,0.7702833865223742,
i01.png,i01_18_3.png,change_of_color_saturation,3,3.77143,-1.690395502,1.690395502,1.0,0.0,1,0.7702833865223742,
i01.png,i01_18_4.png,change_of_color_saturation,4,3.47222,-2.263759845,2.263759845,1.0,0.0,1,0.7702833865223742,
i01.png,i01_18_5.png,change_of_color_saturation,5,3.41667,-2.5917398,2.5917398,1.0,0.0,1,0.7702833865223742,
i01.png,i01_19_1.png,multiplicative_gaussian_noise,1,5.94444,0.210499417,-0.210499417,0.9685,0.03149999999999997,1,0.8239371712817137,
i01.png,i01_19_2.png,multiplicative_gaussian_noise,2,5.47222,-0.033119957,0.033119957,0.9409,0.05910000000000004,1,0.8995576334816808,
i01.png,i01_19_3.png,multiplicative_gaussian_noise,3,5.08108,-0.440357246,0.440357246,0.8937,0.10629999999999995,1,1.1273873388026106,
i01.png,i01_19_4.png,multiplicative_gaussian_noise,4,4.52778,-0.891005869,0.891005869,0.8179,0.18210000000000004,1,1.8554007127732712,
i01.png,i01_19_5.png,multiplicative_gaussian_noise,5,3.94444,-1.619521983,1.619521983,0.7127,0.2873,1,3.0113466651467187,
i01.png,i01_20_1.png,comfort_noise,1,5.85714,0.246018816,-0.246018816,0.9456,0.054400000000000004,1,0.8842691065705761,
i01.png,i01_20_2.png,comfort_noise,2,5.83333,0.139549627,-0.139549627,0.8979,0.10209999999999997,1,1.1007187249439496,
i01.png,i01_20_3.png,comfort_noise,3,6.02778,0.213557751,-0.213557751,0.8149,0.18510000000000004,1,1.892121967941978,
i01.png,i01_20_4.png,comfort_noise,4,5.08333,-0.330553394,0.330553394,0.6537,0.34630000000000005,1,3.319737689751542,
i01.png,i01_20_5.png,comfort_noise,5,4.33333,-1.145986619,1.145986619,0.3874,0.6126,1,3.520082488115416,
i01.png,i01_21_1.png,lossy_compression_of_noisy_images,1,5.7027,0.050171136,-0.050171136,0.9492,0.050799999999999956,1,0.8732857633592875,
i01.png,i01_21_2.png,lossy_compression_of_noisy_images,2,5.27778,-0.336121476,0.336121476,0.9056,0.09440000000000004,1,1.055397214400527,
i01.png,i01_21_3.png,lossy_compression_of_noisy_images,3,4.67568,-0.836751563,0.836751563,0.833,0.16700000000000004,1,1.6767963474844518,
i01.png,i01_21_4.png,lossy_compression_of_noisy_images,4,4.05714,-1.392080267,1.392080267,0.718,0.28200000000000003,1,2.9706416243780636,
i01.png,i01_21_5.png,lossy_compression_of_noisy_images,5,3.05405,-2.799501941,2.799501941,0.5594,0.4406,1,3.4819604734639746,
i01.png,i01_22_1.png,image_color_quantization_with_dither,1,5.55556,-0.038368643,0.038368643,0.9521,0.047900000000000054,1,0.8648749669255247,
i01.png,i01_22_2.png,image_color_quantization_with_dither,2,5.18919,-0.393401178,0.393401178,0.9046,0.09540000000000004,1,1.0610286369929025,
i01.png,i01_22_3.png,image_color_quantization_with_dither,3,4.30556,-1.251489758,1.251489758,0.8424,0.15759999999999996,1,1.5724300904737685,
i01.png,i01_22_4.png,image_color_quantization_with_dither,4,3.16216,-2.659694447,2.659694447,0.792,0.20799999999999996,1,2.1786413751320053,
i01.png,i01_22_5.png,image_color_quantization_with_dither,5,2.19444,-4.033748366,4.033748366,0.558,0.44199999999999995,1,3.482932657199621,
i01.png,i01_23_1.png,chromatic_aberrations,1,6.28571,0.378715773,-0.378715773,0.9936,0.006399999999999961,1,0.7790347754250598,
i01.png,i01_23_2.png,chromatic_aberrations,2,5.61111,-0.043595892,0.043595892,0.979,0.02100000000000002,1,0.8028751053646566,
i01.png,i01_23_3.png,chromatic_aberrations,3,5.77778,0.13437471,-0.13437471,0.9569,0.04310000000000003,1,0.8517684543267052,
i01.png,i01_23_4.png,chromatic_aberrations,4,4.80556,-0.696250749,0.696250749,0.9189,0.08109999999999995,1,0.9873251064495869,
i01.png,i01_23_5.png,chromatic_aberrations,5,2.40541,-3.816702076,3.816702076,0.4486,0.5514,1,3.516349854216899,
i01.png,i01_24_1.png,sparse_sampling_and_reconstruction,1,5.7027,0.031616727,-0.031616727,0.945,0.05500000000000005,1,0.8861599020256159,
i01.png,i01_24_2.png,sparse_sampling_and_reconstruction,2,5.58333,0.076284169,-0.076284169,0.8883,0.11170000000000002,1,1.1637699641493575,
i01.png,i01_24_3.png,sparse_sampling_and_reconstruction,3,5.10811,-0.607179435,0.607179435,0.7823,0.2177,1,2.299643119153672,
i01.png,i01_24_4.png,sparse_sampling_and_reconstruction,4,3.08108,-2.747077821,2.747077821,0.6123,0.38770000000000004,1,3.4215057585083493,
i01.png,i01_24_5.png,sparse_sampling_and_reconstruction,5,0.45946,-5.781255702,5.781255702,0.4127,0.5872999999999999,1,3.519005375231351,
i02.png,i02_01_1.png,additive_gaussian_noise,1,5.74286,0.145255143,-0.145255143,0.9172,0.08279999999999998,2,1.003533816547851,0.5821872721695662
i02.png,i02_01_2.png,additive_gaussian_noise,2,5.34286,-0.129375535,0.129375535,0.851,0.14900000000000002,2,1.4989687653984562,0.9870725392023338
i02.png,i02_01_3.png,additive_gaussian_noise,3,5.22222,-0.511855511,0.511855511,0.7485,0.25149999999999995,2,2.6819403648942197,1.5326177731298891
i02.png,i02_01_4.png,additive_gaussian_noise,4,4.19444,-1.480440657,1.480440657,0.6146,0.38539999999999996,2,3.4050207668430033,2.108491963597439
i02.png,i02_01_5.png,additive_gaussian_noise,5,3.97297,-1.992764721,1.992764721,0.4646,0.5354,2,3.5080620390030868,2.596303149481546
i02.png,i02_02_1.png,additive_noise_in_color_more_intensive_than_additive_noise_in_the_luminance,1,6.05556,0.407129263,-0.407129263,0.9763,0.023700000000000054,2,0.8049472242094677,
i02.png,i02_02_2.png,additive_noise_in_color_more_intensive_than_additive_noise_in_the_luminance,2,6.05405,0.273730431,-0.273730431,0.9557,0.044300000000000006,2,0.8554983708625715,
i02.png,i02_02_3.png,additive_noise_in_color_more_intensive_than_additive_noise_in_the_luminance,3,5.88889,0.239068268,-0.239068268,0.9171,0.08289999999999997,2,1.004031741961605,
i02.png,i02_02_4.png,additive_noise_in_color_more_intensive_than_additive_noise_in_the_luminance,4,5.2973,-0.401734856,0.401734856,0.8526,0.14739999999999998,2,1.4829052368110984,
i02.png,i02_02_5.png,additive_noise_in_color_more_intensive_than_additive_noise_in_the_luminance,5,4.38889,-1.377390056,1.377390056,0.7501,0.2499,2,2.6655151512141666,
i02.png,i02_03_1.png,spatially_correlated_noise,1,4.8,-0.559274137,0.559274137,0.9335,0.0665,2,0.9308287754677216,
i02.png,i02_03_2.png,spatially_correlated_noise,2,4.43243,-1.358203515,1.358203515,0.8794,0.12060000000000004,2,1.2437901571498258,
i02.png,i02_03_3.png,spatially_correlated_noise,3,3.83784,-2.100600355,2.100600355,0.7916,0.20840000000000003,2,2.1889105874599792,
i02.png,i02_03_4.png,spatially_correlated_noise,4,3.52778,-2.898392435,2.898392435,0.666,0.33399999999999996,2,3.259182852312411,
i02.png,i02_03_5.png,spatially_correlated_noise,5,2.91892,-3.620691161,3.620691161,0.5235,0.47650000000000003,2,3.49289998353389,
i02.png,i02_04_1.png,masked_noise,1,6.28571,0.585109929,-0.585109929,0.9633,0.036699999999999955,2,0.8349505326190281,
i02.png,i02_04_2.png,masked_noise,2,6.16216,0.306825948,-0.306825948,0.9309,0.06910000000000005,2,0.941348799777645,
i02.png,i02_04_3.png,masked_noise,3,5.19444,-0.18845683,0.18845683,0.8737,0.12629999999999997,2,1.2897779984359956,
i02.png,i02_04_4.png,masked_noise,4,4.74286,-0.669327847,0.669327847,0.7777,0.22230000000000005,2,2.3569336850614255,
i02.png,i02_04_5.png,masked_noise,5,4.28571,-1.492089434,1.492089434,0.6348,0.36519999999999997,2,3.360801661136605,
i02.png,i02_05_1.png,high_frequency_noise,1,6.11765,0.450648621,-0.450648621,0.9143,0.0857,2,1.018246046028563,
i02.png,i02_05_2.png,high_frequency_noise,2,6.11111,0.335096799,-0.335096799,0.8472,0.15280000000000005,2,1.537872044894943,
i02.png,i02_05_3.png,high_frequency_noise,3,5.43243,-0.188010815,0.188010815,0.6583,0.3417,2,3.2887591237522926,
i02.png,i02_05_4.png,high_frequency_noise,4,4.37838,-1.519697652,1.519697652,0.416,0.5840000000000001,2,3.512959715143293,
i02.png,i02_05_5.png,high_frequency_noise,5,3.41667,-2.860816388,2.860816388,0.2168,0.7832,2,3.5165602350432974,
i02.png,i02_06_1.png,impulse_noise,1,4.55556,-1.143351666,1.143351666,0.9438,0.05620000000000003,2,0.8928102063414551,
i02.png,i02_06_2.png,impulse_noise,2,4.27778,-1.464519111,1.464519111,0.9032,0.0968,2,1.0799743244026783,
i02.png,i02_06_3.png,impulse_noise,3,3.72973,-2.296756657,2.296756657,0.8157,0.18430000000000002,2,1.894260822030363,
i02.png,i02_06_4.png,impulse_noise,4,3.48571,-2.659752864,2.659752864,0.6748,0.32520000000000004,2,3.221188617259335,
i02.png,i02_06_5.png,impulse_noise,5,3.10811,-3.32611391,3.32611391,0.4969,0.5031,2,3.5016339345297127,
i02.png,i02_07_1.png,quantization_noise,1,5.91429,0.241189273,-0.241189273,0.9388,0.06120000000000003,2,0.910557794450511,
i02.png,i02_07_2.png,quantization_noise,2,5.58333,-0.154455768,0.154455768,0.9178,0.08220000000000005,2,1.0005602102838598,
i02.png,i02_07_3.png,quantization_noise,3,3.76471,-2.067338868,2.067338868,0.8821,0.1179,2,1.2229339124040202,
i02.png,i02_07_4.png,quantization_noise,4,3.75676,-2.299734236,2.299734236,0.8679,0.1321,2,1.3393029338865725,
i02.png,i02_07_5.png,quantization_noise,5,2.85714,-3.581995485,3.581995485,0.8142,0.18579999999999997,2,1.9123486317884963,
i02.png,i02_08_1.png,gaussian_blur,1,6.10811,0.30439632,-0.30439632,0.9813,0.01870000000000005,2,0.7949443728003136,
i02.png,i02_08_2.png,gaussian_blur,2,5.16667,-0.40578203,0.40578203,0.9437,0.05630000000000002,2,0.8931525712454665,
i02.png,i02_08_3.png,gaussian_blur,3,4.54286,-1.177064765,1.177064765,0.8641,0.13590000000000002,2,1.3732345452077133,
i02.png,i02_08_4.png,gaussian_blur,4,3.83784,-2.224679699,2.224679699,0.7676,0.23240000000000005,2,2.4747464985972214,
i02.png,i02_08_5.png,gaussian_blur,5,3.02703,-3.524779059,3.524779059,0.6869,0.31310000000000004,2,3.1609104130654404,
i02.png,i02_09_1.png,image_denoising,1,6.0,0.389032929,-0.389032929,0.9202,0.07979999999999998,2,0.9889026679831077,
i02.png,i02_09_2.png,image_denoising,2,5.51429,-0.035599692,0.035599692,0.885,0.11499999999999999,2,1.2011933113223714,
i02.png,i02_09_3.png,image_denoising,3,4.52778,-0.963157756,0.963157756,0.827,0.17300000000000004,2,1.760552273569028,
i02.png,i02_09_4.png,image_denoising,4,3.64865,-2.491085011,2.491085011,0.7555,0.24450000000000005,2,2.608748201055053,
i02.png,i02_09_5.png,image_denoising,5,2.41667,-4.51971933,4.51971933,0.6821,0.31789999999999996,2,3.185992026687186,
i02.png,i02_10_1.png,JPEG_compression,1,6.0,0.214586785,-0.214586785,0.9423,0.057699999999999974,2,0.8979988861313813,
i02.png,i02_10_2.png,JPEG_compression,2,5.97222,0.303877535,-0.303877535,0.9099,0.09009999999999996,2,1.04166766615641,
i02.png,i02_10_3.png,JPEG_compression,3,5.43243,-0.248628508,0.248628508,0.8437,0.1563,2,1.5746111884149938,
i02.png,i02_10_4.png,JPEG_compression,4,3.5,-2.609473158,2.609473158,0.749,0.251,2,2.676827357561108,
i02.png,i02_10_5.png,JPEG_compression,5,2.71429,-4.260526623,4.260526623,0.6876,0.3124,2,3.15711943685231,
i02.png,i02_11_1.png,JPEG2000_compression,1,5.91667,0.043019275,-0.043019275,0.8877,0.11229999999999996,2,1.181563065575714,
i02.png,i02_11_2.png,JPEG2000_compression,2,4.80556,-0.709011698,0.709011698,0.8153,0.18469999999999998,2,1.8990778867646885,
i02.png,i02_11_3.png,JPEG2000_compression,3,2.97297,-3.640162965,3.640162965,0.7071,0.29290000000000005,2,3.037029341008176,
i02.png,i02_11_4.png,JPEG2000_compression,4,1.91892,-5.548257195,5.548257195,0.6517,0.34830000000000005,2,3.311607064096164,
i02.png,i02_11_5.png,JPEG2000_compression,5,1.27778,-6.7242234,6.7242234,0.6332,0.3668,2,3.364835385873731,
i02.png,i02_12_1.png,JPEG_transmission_errors,1,5.30556,-0.520740138,0.520740138,0.9858,0.01419999999999999,2,0.7865974245317703,
i02.png,i02_12_2.png,JPEG_transmission_errors,2,4.43243,-1.417739313,1.417739313,0.8242,0.17579999999999996,2,1.793199910790121,
i02.png,i02_12_3.png,JPEG_transmission_errors,3,3.08108,-3.401535051,3.401535051,0.7976,0.20240000000000002,2,2.115293697115467,
i02.png,i02_12_4.png,JPEG_transmission_errors,4,2.67568,-4.13695877,4.13695877,0.5014,0.49860000000000004,2,3.500421026853866,
i02.png,i02_12_5.png,JPEG_transmission_errors,5,2.37143,-4.840018669,4.840018669,0.4567,0.5433,2,3.5091613152555707,
i02.png,i02_13_1.png,JPEG2000_transmission_errors,1,4.47222,-1.204723989,1.204723989,0.8562,0.14380000000000004,2,1.4474678159514904,
i02.png,i02_13_2.png,JPEG2000_transmission_errors,2,4.0,-1.800108115,1.800108115,0.7945,0.20550000000000002,2,2.153365834006783,
i02.png,i02_13_3.png,JPEG2000_transmission_errors,3,3.38889,-2.608569034,2.608569034,0.7404,0.25960000000000005,2,2.7621748504451515,
i02.png,i02_13_4.png,JPEG2000_transmission_errors,4,2.89189,-3.812806949,3.812806949,0.4674,0.5326,2,3.507635102230928,
i02.png,i02_13_5.png,JPEG2000_transmission_errors,5,3.61111,-2.586596358,2.586596358,0.6402,0.3598,2,3.346431090706272,
i02.png,i02_14_1.png,non_eccentricity_pattern_noise,1,5.75,0.017674205,-0.017674205,0.9313,0.06869999999999998,2,0.9397049912380857,
i02.png,i02_14_2.png,non_eccentricity_pattern_noise,2,6.08108,0.309073483,-0.309073483,0.9711,0.028900000000000037,2,0.8162227008597192,
i02.png,i02_14_3.png,non_eccentricity_pattern_noise,3,5.11429,-0.245525417,0.245525417,0.9428,0.05720000000000003,2,0.8962566130700178,
i02.png,i02_14_4.png,non_eccentricity_pattern_noise,4,5.31429,-0.450715887,0.450715887,0.9216,0.07840000000000003,2,0.9822751463717676,
i02.png,i02_14_5.png,non_eccentricity_pattern_noise,5,4.21622,-1.447464576,1.447464576,0.8891,0.1109,2,1.1716147779831576,
i02.png,i02_15_1.png,local_block_wise_distortions_of_different_intensity,1,3.4,-2.750306367,2.750306367,0.9585,0.04149999999999998,2,0.8476489597690102,
i02.png,i02_15_2.png,local_block_wise_distortions_of_different_intensity,2,3.62162,-2.541310596,2.541310596,0.9616,0.03839999999999999,2,0.8393412429491598,
i02.png,i02_15_3.png,local_block_wise_distortions_of_different_intensity,3,3.83333,-2.372303482,2.372303482,0.969,0.031000000000000028,2,0.8210433672197821,
i02.png,i02_15_4.png,local_block_wise_distortions_of_different_intensity,4,3.83784,-2.222912773,2.222912773,0.9782,0.02180000000000004,2,0.8010524832965383,
i02.png,i02_15_5.png,local_block_wise_distortions_of_different_intensity,5,4.2,-1.612724282,1.612724282,0.987,0.013000000000000012,2,0.7844711603817115,
i02.png,i02_16_1.png,intensity_shift,1,5.94595,0.195084591,-0.195084591,0.9965,0.0034999999999999476,2,0.7690124288258217,
i02.png,i02_16_2.png,intensity_shift,2,6.08333,0.265019496,-0.265019496,0.9925,0.007499999999999951,2,0.7752337167577507,
i02.png,i02_16_3.png,intensity_shift,3,5.32432,-0.338056031,0.338056031,0.9691,0.03090000000000004,2,0.8208102093682195,
i02.png,i02_16_4.png,intensity_shift,4,5.13889,-0.594761212,0.594761212,0.9593,0.04069999999999996,2,0.8454671359492221,
i02.png,i02_16_5.png,intensity_shift,5,4.56757,-1.229159177,1.229159177,0.8673,0.13270000000000004,2,1.3445828031648173,
i02.png,i02_17_1.png,contrast_change,1,5.91667,0.131484504,-0.131484504,0.9956,0.0043999999999999595,2,0.770377281877839,
i02.png,i02_17_2.png,contrast_change,2,5.68571,0.044360521,-0.044360521,0.989,0.01100000000000001,2,0.7810171204203238,
i02.png,i02_17_3.png,contrast_change,3,4.83784,-1.038131365,1.038131365,0.9797,0.020299999999999985,2,0.7980594000870048,
i02.png,i02_17_4.png,contrast_change,4,4.77143,-0.880060514,0.880060514,0.9628,0.03720000000000001,2,0.836230005756937,
i02.png,i02_17_5.png,contrast_change,5,3.91667,-2.246902083,2.246902083,0.9143,0.0857,2,1.018246046028563,
i02.png,i02_18_1.png,change_of_color_saturation,1,5.97222,0.276471579,-0.276471579,1.0,0.0,2,0.7638903750066447,
i02.png,i02_18_2.png,change_of_color_saturation,2,5.59459,-0.154889492,0.154889492,1.0,0.0,2,0.7638903750066447,
i02.png,i02_18_3.png,change_of_color_saturation,3,4.82857,-0.671616011,0.671616011,1.0,0.0,2,0.7638903750066447,
i02.png,i02_18_4.png,change_of_color_saturation,4,4.91892,-0.71918253,0.71918253,1.0,0.0,2,0.7638903750066447,
i02.png,i02_18_5.png,change_of_color_saturation,5,4.54286,-1.225517905,1.225517905,1.0,0.0,2,0.7638903750066447,
i02.png,i02_19_1.png,multiplicative_gaussian_noise,1,5.77778,0.158968086,-0.158968086,0.9353,0.06469999999999998,2,0.9237705261217605,
i02.png,i02_19_2.png,multiplicative_gaussian_noise,2,5.43243,-0.218542231,0.218542231,0.8821,0.1179,2,1.2229339124040202,
i02.png,i02_19_3.png,multiplicative_gaussian_noise,3,4.83333,-0.745884411,0.745884411,0.7977,0.20230000000000004,2,2.114064853278919,
i02.png,i02_19_4.png,multiplicative_gaussian_noise,4,4.22222,-1.4335917,1.4335917,0.6768,0.32320000000000004,2,3.2118890309329524,
i02.png,i02_19_5.png,multiplicative_gaussian_noise,5,3.75676,-2.311226174,2.311226174,0.5304,0.4696,2,3.489908899656202,
i02.png,i02_20_1.png,comfort_noise,1,6.05405,0.282658593,-0.282658593,0.8685,0.13149999999999995,2,1.3340523351316413,
i02.png,i02_20_2.png,comfort_noise,2,6.17143,0.399294566,-0.399294566,0.7627,0.23729999999999996,2,2.530064049595077,
i02.png,i02_20_3.png,comfort_noise,3,5.30556,-0.273786159,0.273786159,0.5918,0.4082,2,3.4404806908086565,
i02.png,i02_20_4.png,comfort_noise,4,4.0,-1.610925983,1.610925983,0.3814,0.6186,2,3.5146352139829644,
i02.png,i02_20_5.png,comfort_noise,5,2.80556,-3.572963224,3.572963224,0.1925,0.8075,2,3.5166007955513585,
i02.png,i02_21_1.png,lossy_compression_of_noisy_images,1,5.97297,0.254873439,-0.254873439,0.8872,0.11280000000000001,2,1.1851540595421537,
i02.png,i02_21_2.png,lossy_compression_of_noisy_images,2,5.2973,-0.260389426,0.260389426,0.8084,0.1916,2,1.9828150062319485,
i02.png,i02_21_3.png,lossy_compression_of_noisy_images,3,4.6,-1.021235287,1.021235287,0.6881,0.31189999999999996,2,3.154390497097496,
i02.png,i02_21_4.png,lossy_compression_of_noisy_images,4,3.27778,-3.040314824,3.040314824,0.5499,0.45009999999999994,2,3.4792910220101976,
i02.png,i02_21_5.png,lossy_compression_of_noisy_images,5,2.36111,-4.968619256,4.968619256,0.493,0.507,2,3.502612041684154,
i02.png,i02_22_1.png,image_color_quantization_with_dither,1,5.51351,-0.184901728,0.184901728,0.925,0.07499999999999996,2,0.966697797267339,
i02.png,i02_22_2.png,image_color_quantization_with_dither,2,5.24324,-0.235552565,0.235552565,0.8596,0.14039999999999997,2,1.4149159380144871,
i02.png,i02_22_3.png,image_color_quantization_with_dither,3,4.48571,-1.32677548,1.32677548,0.7623,0.23770000000000002,2,2.5345193796869316,
i02.png,i02_22_4.png,image_color_quantization_with_dither,4,3.80556,-2.266274019,2.266274019,0.691,0.30900000000000005,2,3.138212251309073,
i02.png,i02_22_5.png,image_color_quantization_with_dither,5,2.22222,-4.996336849,4.996336849,0.6046,0.3954,2,3.4221918216397196,
i02.png,i02_23_1.png,chromatic_aberrations,1,6.77778,0.55897476,-0.55897476,0.9822,0.017800000000000038,2,0.7932266997757983,
i02.png,i02_23_2.png,chromatic_aberrations,2,5.54054,-0.231031806,0.231031806,0.9413,0.058699999999999974,2,0.9015219473672241,
i02.png,i02_23_3.png,chromatic_aberrations,3,3.44444,-2.653229132,2.653229132,0.7304,0.26959999999999995,2,2.854176765051351,
i02.png,i02_23_4.png,chromatic_aberrations,4,2.16216,-4.968998142,4.968998142,0.6514,0.3486,2,3.3125937462951103,
i02.png,i02_23_5.png,chromatic_aberrations,5,0.81081,-7.238576143,7.238576143,0.6382,0.3618,2,3.3518926928976507,
i02.png,i02_24_1.png,sparse_sampling_and_reconstruction,1,6.08108,0.275185096,-0.275185096,0.8847,0.11529999999999996,2,1.2034107341837088,
i02.png,i02_24_2.png,sparse_sampling_and_reconstruction,2,4.91667,-0.876974284,0.876974284,0.8055,0.1945,2,2.0182864251229704,
i02.png,i02_24_3.png,sparse_sampling_and_reconstruction,3,3.0,-3.296905393,3.296905393,0.7112,0.28879999999999995,2,3.008047433471229,
i02.png,i02_24_4.png,sparse_sampling_and_reconstruction,4,2.11111,-5.271417809,5.271417809,0.6473,0.3527,2,3.3256460368983127,
i02.png,i02_24_5.png,sparse_sampling_and_reconstruction,5,0.89189,-7.049672893,7.049672893,0.6292,0.3708,2,3.3744928307797837,
i03.png,i03_01_1.png,additive_gaussian_noise,1,5.76923,-0.446073244,0.446073244,0.8966,0.10340000000000005,3,1.086887874861071,0.6916788973544525
i03.png,i03_01_2.png,additive_gaussian_noise,2,5.10526,-0.891741592,0.891741592,0.8188,0.18120000000000003,3,1.773829098019612,1.1427035085468527
i03.png,i03_01_3.png,additive_gaussian_noise,3,4.68421,-1.398164394,1.398164394,0.7018,0.2982,3,3.031105533697876,1.7283771750068908
i03.png,i03_01_4.png,additive_gaussian_noise,4,4.25,-1.975047584,1.975047584,0.5585,0.4415,3,3.495430135534609,2.291219888409434
i03.png,i03_01_5.png,additive_gaussian_noise,5,3.925,-2.511081324,2.511081324,0.413,0.587,3,3.5443493051537662,2.7063335138692777
i03.png,i03_02_1.png,additive_noise_in_color_more_intensive_than_additive_noise_in_the_luminance,1,6.18421,-0.00333606,0.00333606,0.9699,0.030100000000000016,3,0.8155057555742289,
i03.png,i03_02_2.png,additive_noise_in_color_more_intensive_than_additive_noise_in_the_luminance,2,6.28205,-0.171660167,0.171660167,0.9436,0.056400000000000006,3,0.8821916928580608,
i03.png,i03_02_3.png,additive_noise_in_color_more_intensive_than_additive_noise_in_the_luminance,3,5.25,-0.851936131,0.851936131,0.8957,0.10429999999999995,3,1.0921842535648008,
i03.png,i03_02_4.png,additive_noise_in_color_more_intensive_than_additive_noise_in_the_luminance,4,5.0,-1.240848583,1.240848583,0.8171,0.18289999999999995,3,1.79347552189236,
i03.png,i03_02_5.png,additive_noise_in_color_more_intensive_than_additive_noise_in_the_luminance,5,4.6,-1.672250234,1.672250234,0.7017,0.2983,3,3.031830658581414,
i03.png,i03_03_1.png,spatially_correlated_noise,1,4.65,-1.639650026,1.639650026,0.9162,0.08379999999999999,3,0.9854209315121386,
i03.png,i03_03_2.png,spatially_correlated_noise,2,4.07692,-2.268356576,2.268356576,0.853,0.14700000000000002,3,1.4154599915764474,
i03.png,i03_03_3.png,spatially_correlated_noise,3,3.85,-2.802140951,2.802140951,0.7488,0.2512,3,2.6031737699488207,
i03.png,i03_03_4.png,spatially_correlated_noise,4,3.28205,-3.474191127,3.474191127,0.6175,0.38249999999999995,3,3.4068575301495945,
i03.png,i03_03_5.png,spatially_correlated_noise,5,2.89474,-4.145727491,4.145727491,0.4733,0.5267,3,3.536242768881339,
i03.png,i03_04_1.png,masked_noise,1,6.38462,0.073206953,-0.073206953,0.9653,0.03469999999999995,3,0.8253192401368346,
i03.png,i03_04_2.png,masked_noise,2,5.65789,-0.405443604,0.405443604,0.935,0.06499999999999995,3,0.9103529042213055,
i03.png,i03_04_3.png,masked_noise,3,5.225,-0.928400829,0.928400829,0.8906,0.10940000000000005,3,1.123320043385168,
i03.png,i03_04_4.png,masked_noise,4,4.6,-1.617135993,1.617135993,0.8183,0.18169999999999997,3,1.7795934798314206,
i03.png,i03_04_5.png,masked_noise,5,3.575,-2.875351534,2.875351534,0.7145,0.2855,3,2.9325195369052937,
i03.png,i03_05_1.png,high_frequency_noise,1,6.5,0.217177741,-0.217177741,0.8927,0.10729999999999995,3,1.110266351613848,
i03.png,i03_05_2.png,high_frequency_noise,2,5.63158,-0.285404804,0.285404804,0.8128,0.18720000000000003,3,1.8437363917517056,
i03.png,i03_05_3.png,high_frequency_noise,3,5.3,-1.000248061,1.000248061,0.605,0.395,3,3.433094818196156,
i03.png,i03_05_4.png,high_frequency_noise,4,4.30769,-1.986620022,1.986620022,0.3673,0.6327,3,3.5467932185300075,
i03.png,i03_05_5.png,high_frequency_noise,5,3.47368,-3.20944002,3.20944002,0.1885,0.8115,3,3.5487604972100595,
i03.png,i03_06_1.png,impulse_noise,1,4.81579,-1.229521194,1.229521194,0.9388,0.06120000000000003,3,0.8974715643294268,
i03.png,i03_06_2.png,impulse_noise,2,4.53846,-1.722515048,1.722515048,0.8815,0.11850000000000005,3,1.18375631654139,
i03.png,i03_06_3.png,impulse_noise,3,4.1,-2.304116884,2.304116884,0.7866,0.21340000000000003,3,2.1606901197560178,
i03.png,i03_06_4.png,impulse_noise,4,3.75,-2.676754116,2.676754116,0.6406,0.35940000000000005,3,3.3429737370807744,
i03.png,i03_06_5.png,impulse_noise,5,3.5,-3.299443865,3.299443865,0.4672,0.5327999999999999,3,3.5374881284520194,
i03.png,i03_07_1.png,quantization_noise,1,4.97436,-1.196082126,1.196082126,0.9492,0.050799999999999956,3,0.8656856673367841,
i03.png,i03_07_2.png,quantization_noise,2,4.1,-2.105090691,2.105090691,0.9146,0.08540000000000003,3,0.99275897434835,
i03.png,i03_07_3.png,quantization_noise,3,3.84615,-2.569029003,2.569029003,0.8798,0.12019999999999997,3,1.1957580511549841,
i03.png,i03_07_4.png,quantization_noise,4,3.825,-2.60843134,2.60843134,0.876,0.124,3,1.2234104703171427,
i03.png,i03_07_5.png,quantization_noise,5,3.61538,-3.271565235,3.271565235,0.8304,0.16959999999999997,3,1.643778568115328,
i03.png,i03_08_1.png,gaussian_blur,1,6.34211,0.113196815,-0.113196815,0.9891,0.01090000000000002,3,0.7814086306419641,
i03.png,i03_08_2.png,gaussian_blur,2,5.6,-0.533042909,0.533042909,0.9682,0.03180000000000005,3,0.8190509520463394,
i03.png,i03_08_3.png,gaussian_blur,3,4.47368,-1.604884941,1.604884941,0.9244,0.0756,3,0.9502350692678837,
i03.png,i03_08_4.png,gaussian_blur,4,3.75,-2.597056459,2.597056459,0.8649,0.1351,3,1.310797012464707,
i03.png,i03_08_5.png,gaussian_blur,5,2.95,-3.926403159,3.926403159,0.8016,0.19840000000000002,3,1.9777003153493227,
i03.png,i03_09_1.png,image_denoising,1,6.65,0.28989484,-0.28989484,0.9669,0.03310000000000002,3,0.8218259981563318,
i03.png,i03_09_2.png,image_denoising,2,6.25641,0.05176494,-0.05176494,0.9506,0.0494,3,0.8617706854963801,
i03.png,i03_09_3.png,image_denoising,3,5.475,-0.699127619,0.699127619,0.9153,0.0847,3,0.9895290307282433,
i03.png,i03_09_4.png,image_denoising,4,3.74359,-2.552780308,2.552780308,0.86,0.14,3,1.3525257649669835,
i03.png,i03_09_5.png,image_denoising,5,2.47368,-4.883891971,4.883891971,0.7973,0.2027,3,2.029945121494913,
i03.png,i03_10_1.png,JPEG_compression,1,6.23684,0.161922966,-0.161922966,0.9683,0.03169999999999995,3,0.818839801973607,
i03.png,i03_10_2.png,JPEG_compression,2,5.66667,-0.348522148,0.348522148,0.9501,0.049900000000000055,3,0.8631594455036009,
i03.png,i03_10_3.png,JPEG_compression,3,5.05128,-1.16165483,1.16165483,0.9074,0.09260000000000002,3,1.0277948773698626,
i03.png,i03_10_4.png,JPEG_compression,4,3.3,-3.435565626,3.435565626,0.8368,0.1632,3,1.5754720973034932,
i03.png,i03_10_5.png,JPEG_compression,5,2.48718,-5.036059192,5.036059192,0.7727,0.22729999999999995,3,2.329186243588729,
i03.png,i03_11_1.png,JPEG2000_compression,1,5.36842,-0.830515149,0.830515149,0.924,0.07599999999999996,3,0.9518603379854155,
i03.png,i03_11_2.png,JPEG2000_compression,2,4.07692,-2.43924016,2.43924016,0.8676,0.13239999999999996,3,1.2886288656892222,
i03.png,i03_11_3.png,JPEG2000_compression,3,2.84615,-4.096476455,4.096476455,0.8086,0.19140000000000001,3,1.8935220682843563,
i03.png,i03_11_4.png,JPEG2000_compression,4,1.82051,-5.922049229,5.922049229,0.7547,0.24529999999999996,3,2.5382234567621165,
i03.png,i03_11_5.png,JPEG2000_compression,5,0.7,-7.571034381,7.571034381,0.7339,0.2661,3,2.7570642670057093,
i03.png,i03_12_1.png,JPEG_transmission_errors,1,5.41026,-0.893845787,0.893845787,0.8877,0.11229999999999996,3,1.1418913682638618,
i03.png,i03_12_2.png,JPEG_transmission_errors,2,4.07895,-2.174554764,2.174554764,0.8462,0.15380000000000005,3,1.4802546796105231,
i03.png,i03_12_3.png,JPEG_transmission_errors,3,2.84211,-4.015550277,4.015550277,0.8229,0.17710000000000004,3,1.7270256756019968,
i03.png,i03_12_4.png,JPEG_transmission_errors,4,3.1,-3.937930928,3.937930928,0.738,0.262,3,2.716276174093327,
i03.png,i03_12_5.png,JPEG_transmission_errors,5,2.4,-4.993896661,4.993896661,0.6321,0.3679,3,3.369090999349605,
i03.png,i03_13_1.png,JPEG2000_transmission_errors,1,5.12821,-0.999608742,0.999608742,0.8883,0.11170000000000002,3,1.1379967597727467,
i03.png,i03_13_2.png,JPEG2000_transmission_errors,2,3.64103,-3.218858135,3.218858135,0.7948,0.20520000000000005,3,2.060439656910017,
i03.png,i03_13_3.png,JPEG2000_transmission_errors,3,3.925,-2.592559119,2.592559119,0.712,0.28800000000000003,3,2.95295040132068,
i03.png,i03_13_4.png,JPEG2000_transmission_errors,4,2.925,-3.902228722,3.902228722,0.5374,0.4626,3,3.511409662285721,
i03.png,i03_13_5.png,JPEG2000_transmission_errors,5,2.42105,-5.049322705,5.049322705,0.4288,0.5711999999999999,3,3.542952705814558,
i03.png,i03_14_1.png,non_eccentricity_pattern_noise,1,5.07692,-1.189101163,1.189101163,0.9521,0.047900000000000054,3,0.8576666140615035,
i03.png,i03_14_2.png,non_eccentricity_pattern_noise,2,6.0,-0.188549888,0.188549888,0.971,0.029000000000000026,3,0.8132614022368393,
i03.png,i03_14_3.png,non_eccentricity_pattern_noise,3,4.85,-1.21178878,1.21178878,0.9518,0.04820000000000002,3,0.858480017694302,
i03.png,i03_14_4.png,non_eccentricity_pattern_noise,4,4.46154,-1.792350017,1.792350017,0.9355,0.0645,3,0.9086170841701195,
i03.png,i03_14_5.png,non_eccentricity_pattern_noise,5,3.5,-3.190181072,3.190181072,0.922,0.07799999999999996,3,0.9601240928253321,
i03.png,i03_15_1.png,local_block_wise_distortions_of_different_intensity,1,3.725,-2.70839764,2.70839764,0.9576,0.04239999999999999,3,0.8433913224801302,
i03.png,i03_15_2.png,local_block_wise_distortions_of_different_intensity,2,4.05,-2.514101977,2.514101977,0.9659,0.03410000000000002,3,0.8239991068105939,
i03.png,i03_15_3.png,local_block_wise_distortions_of_different_intensity,3,4.025,-2.439490085,2.439490085,0.9742,0.025800000000000045,3,0.8069478125954059,
i03.png,i03_15_4.png,local_block_wise_distortions_of_different_intensity,4,4.28205,-1.940924192,1.940924192,0.982,0.018000000000000016,3,0.7928273805678958,
i03.png,i03_15_5.png,local_block_wise_distortions_of_different_intensity,5,4.79487,-1.567203895,1.567203895,0.9878,0.012199999999999989,3,0.7834037857058098,
i03.png,i03_16_1.png,intensity_shift,1,6.82051,0.532966163,-0.532966163,0.9968,0.0031999999999999806,3,0.770407843996866,
i03.png,i03_16_2.png,intensity_shift,2,6.525,0.283694323,-0.283694323,0.9929,0.007099999999999995,3,0.775809440310408,
i03.png,i03_16_3.png,intensity_shift,3,5.975,-0.168546877,0.168546877,0.9744,0.025599999999999956,3,0.8065636360396168,
i03.png,i03_16_4.png,intensity_shift,4,6.075,-0.132085841,0.132085841,0.9622,0.037799999999999945,3,0.832338547368998,
i03.png,i03_16_5.png,intensity_shift,5,5.02564,-1.14215291,1.14215291,0.8865,0.11350000000000005,3,1.1497629693073022,
i03.png,i03_17_1.png,contrast_change,1,6.28205,0.005459196,-0.005459196,0.996,0.0040000000000000036,3,0.7714883514203172,
i03.png,i03_17_2.png,contrast_change,2,6.75,0.470171139,-0.470171139,0.9888,0.011199999999999988,3,0.7818653736194732,
i03.png,i03_17_3.png,contrast_change,3,5.2,-0.866802971,0.866802971,0.9831,0.016900000000000026,3,0.7909726400851559,
i03.png,i03_17_4.png,contrast_change,4,6.575,0.19322656,-0.19322656,0.9616,0.03839999999999999,3,0.8337363270918221,
i03.png,i03_17_5.png,contrast_change,5,3.79487,-2.551996379,2.551996379,0.9324,0.0676,3,0.9195840070540998,
i03.png,i03_18_1.png,change_of_color_saturation,1,5.76923,-0.246325246,0.246325246,1.0,0.0,3,0.766222816877219,
i03.png,i03_18_2.png,change_of_color_saturation,2,5.71795,-0.346246839,0.346246839,1.0,0.0,3,0.766222816877219,
i03.png,i03_18_3.png,change_of_color_saturation,3,5.5641,-0.462340705,0.462340705,1.0,0.0,3,0.766222816877219,
i03.png,i03_18_4.png,change_of_color_saturation,4,5.0,-1.096314435,1.096314435,1.0,0.0,3,0.766222816877219,
i03.png,i03_18_5.png,change_of_color_saturation,5,4.65789,-1.519982495,1.519982495,1.0,0.0,3,0.766222816877219,
i03.png,i03_19_1.png,multiplicative_gaussian_noise,1,5.51282,-0.577645573,0.577645573,0.9008,0.09919999999999995,3,1.0629401618767198,
i03.png,i03_19_2.png,multiplicative_gaussian_noise,2,5.02564,-1.105236542,1.105236542,0.8276,0.1724,3,1.6744755263648727,
i03.png,i03_19_3.png,multiplicative_gaussian_noise,3,4.7,-1.702934331,1.702934331,0.7209,0.2791,3,2.8779261370503826,
i03.png,i03_19_4.png,multiplicative_gaussian_noise,4,4.30769,-2.269171141,2.269171141,0.5878,0.4122,3,3.461710165209468,
i03.png,i03_19_5.png,multiplicative_gaussian_noise,5,3.69231,-2.87193379,2.87193379,0.4436,0.5564,3,3.541255459340499,
i03.png,i03_20_1.png,comfort_noise,1,5.84211,-0.132998643,0.132998643,0.8971,0.10289999999999999,3,1.0839707762837325,
i03.png,i03_20_2.png,comfort_noise,2,5.46154,-0.65768171,0.65768171,0.8268,0.17320000000000002,3,1.683331861184253,
i03.png,i03_20_3.png,comfort_noise,3,4.15789,-2.075554359,2.075554359,0.7171,0.28290000000000004,3,2.910737610485941,
i03.png,i03_20_4.png,comfort_noise,4,3.17949,-3.521758807,3.521758807,0.5903,0.40969999999999995,3,3.4580222203656175,
i03.png,i03_20_5.png,comfort_noise,5,2.825,-4.314148992,4.314148992,0.4728,0.5272,3,3.5363497663660763,
i03.png,i03_21_1.png,lossy_compression_of_noisy_images,1,5.23684,-0.817025447,0.817025447,0.901,0.09899999999999998,3,1.0618309870307596,
i03.png,i03_21_2.png,lossy_compression_of_noisy_images,2,4.4359,-1.686880203,1.686880203,0.8229,0.17710000000000004,3,1.7270256756019968,
i03.png,i03_21_3.png,lossy_compression_of_noisy_images,3,3.89744,-2.537529593,2.537529593,0.7017,0.2983,3,3.031830658581414,
i03.png,i03_21_4.png,lossy_compression_of_noisy_images,4,3.17949,-3.552358777,3.552358777,0.5556,0.4444,3,3.4979706434204516,
i03.png,i03_21_5.png,lossy_compression_of_noisy_images,5,2.1,-5.384229308,5.384229308,0.4828,0.5172,3,3.534027600171171,
i03.png,i03_22_1.png,image_color_quantization_with_dither,1,5.97436,-0.209279207,0.209279207,0.9037,0.09630000000000005,3,1.0471298841896421,
i03.png,i03_22_2.png,image_color_quantization_with_dither,2,5.35897,-0.795678361,0.795678361,0.8416,0.15839999999999999,3,1.5260578837622267,
i03.png,i03_22_3.png,image_color_quantization_with_dither,3,5.23077,-0.864458838,0.864458838,0.7544,0.24560000000000004,3,2.5415751461685634,
i03.png,i03_22_4.png,image_color_quantization_with_dither,4,4.35897,-1.883701815,1.883701815,0.6077,0.3923,3,3.4278526321113283,
i03.png,i03_22_5.png,image_color_quantization_with_dither,5,3.92105,-2.616472064,2.616472064,0.5536,0.4464,3,3.499653221770115,
i03.png,i03_23_1.png,chromatic_aberrations,1,6.71795,0.358897754,-0.358897754,0.9896,0.010399999999999965,3,0.7806522520014216,
i03.png,i03_23_2.png,chromatic_aberrations,2,5.84615,-0.256871106,0.256871106,0.9674,0.03259999999999996,3,0.8207520307649193,
i03.png,i03_23_3.png,chromatic_aberrations,3,3.9,-2.716123326,2.716123326,0.8415,0.15849999999999997,3,1.5270707407715984,
i03.png,i03_23_4.png,chromatic_aberrations,4,2.65789,-4.386139024,4.386139024,0.7803,0.2197,3,2.2374873668492974,
i03.png,i03_23_5.png,chromatic_aberrations,5,1.975,-5.67858523,5.67858523,0.7508,0.24919999999999998,3,2.5813901658707072,
i03.png,i03_24_1.png,sparse_sampling_and_reconstruction,1,5.74359,-0.410545097,0.410545097,0.9108,0.08919999999999995,3,1.0108325902288149,
i03.png,i03_24_2.png,sparse_sampling_and_reconstruction,2,4.20513,-2.184501853,2.184501853,0.8627,0.13729999999999998,3,1.3292938563692203,
i03.png,i03_24_3.png,sparse_sampling_and_reconstruction,3,2.825,-4.475023689,4.475023689,0.8032,0.19679999999999997,3,1.9583498920031865,
i03.png,i03_24_4.png,sparse_sampling_and_reconstruction,4,1.81579,-6.173213625,6.173213625,0.7456,0.25439999999999996,3,2.637502355730079,
i03.png,i03_24_5.png,sparse_sampling_and_reconstruction,5,0.42105,-7.565670863,7.565670863,0.7287,0.2713,3,2.8069833869294745,
i04.png,i04_01_1.png,additive_gaussian_noise,1,5.7619,-0.38953403,0.38953403,0.9078,0.09219999999999995,4,1.0345751341671041,0.6202049752075345
i04.png,i04_01_2.png,additive_gaussian_noise,2,5.47619,-0.798856352,0.798856352,0.836,0.16400000000000003,4,1.607101219619185,1.0422533669764058
i04.png,i04_01_3.png,additive_gaussian_noise,3,4.92857,-1.621842711,1.621842711,0.7235,0.27649999999999997,4,2.8183824875976047,1.6255646349355923
i04.png,i04_01_4.png,additive_gaussian_noise,4,4.26829,-2.316436187,2.316436187,0.5812,0.41879999999999995,4,3.417673784197828,2.1859332930804594
i04.png,i04_01_5.png,additive_gaussian_noise,5,4.0,-2.960308549,2.960308549,0.4269,0.5730999999999999,4,3.496480636154863,2.578840524044
i04.png,i04_02_1.png,additive_noise_in_color_more_intensive_than_additive_noise_in_the_luminance,1,6.275,0.163002561,-0.163002561,0.9737,0.02629999999999999,4,0.7921671087703465,
i04.png,i04_02_2.png,additive_noise_in_color_more_intensive_than_additive_noise_in_the_luminance,2,6.15385,-0.136972009,0.136972009,0.9509,0.04910000000000003,4,0.8529347839896516,
i04.png,i04_02_3.png,additive_noise_in_color_more_intensive_than_additive_noise_in_the_luminance,3,5.68293,-0.515788801,0.515788801,0.9076,0.09240000000000004,4,1.035669392506343,
i04.png,i04_02_4.png,additive_noise_in_color_more_intensive_than_additive_noise_in_the_luminance,4,5.30952,-1.292261177,1.292261177,0.837,0.16300000000000003,4,1.5967360852246826,
i04.png,i04_02_5.png,additive_noise_in_color_more_intensive_than_additive_noise_in_the_luminance,5,4.53659,-2.04447595,2.04447595,0.7234,0.27659999999999996,4,2.819231240068338,
i04.png,i04_03_1.png,spatially_correlated_noise,1,4.78049,-1.8067158,1.8067158,0.9256,0.07440000000000002,4,0.9471533104050199,
i04.png,i04_03_2.png,spatially_correlated_noise,2,4.21429,-2.594369004,2.594369004,0.8666,0.13339999999999996,4,1.3186070315568617,
i04.png,i04_03_3.png,spatially_correlated_noise,3,3.9,-3.308547385,3.308547385,0.7692,0.2308,4,2.36294369540497,
i04.png,i04_03_4.png,spatially_correlated_noise,4,3.425,-4.015243255,4.015243255,0.6411,0.3589,4,3.286245302078437,
i04.png,i04_03_5.png,spatially_correlated_noise,5,3.02381,-4.675247,4.675247,0.4868,0.5132,4,3.484732147594372,
i04.png,i04_04_1.png,masked_noise,1,6.125,0.122499109,-0.122499109,0.959,0.041000000000000036,4,0.8290496280566811,
i04.png,i04_04_2.png,masked_noise,2,6.26829,0.160554481,-0.160554481,0.9234,0.0766,4,0.9569335461846047,
i04.png,i04_04_3.png,masked_noise,3,6.15,-0.207480684,0.207480684,0.8665,0.13349999999999995,4,1.3194451191255694,
i04.png,i04_04_4.png,masked_noise,4,5.47619,-0.687272695,0.687272695,0.7637,0.23629999999999995,4,2.42379065750023,
i04.png,i04_04_5.png,masked_noise,5,4.80952,-1.871519799,1.871519799,0.6116,0.38839999999999997,4,3.365213357517915,
i04.png,i04_05_1.png,high_frequency_noise,1,6.30952,0.078768791,-0.078768791,0.9054,0.09460000000000002,4,1.0478785236362798,
i04.png,i04_05_2.png,high_frequency_noise,2,5.90244,-0.206289294,0.206289294,0.8318,0.16820000000000002,4,1.6512297375534835,
i04.png,i04_05_3.png,high_frequency_noise,3,5.325,-1.063541049,1.063541049,0.6286,0.37139999999999995,4,3.3237964027977935,
i04.png,i04_05_4.png,high_frequency_noise,4,4.47619,-2.212237843,2.212237843,0.3779,0.6221,4,3.5004073426505418,
i04.png,i04_05_5.png,high_frequency_noise,5,3.70732,-3.571197178,3.571197178,0.1813,0.8187,4,3.5034959349480475,
i04.png,i04_06_1.png,impulse_noise,1,5.02381,-1.309188696,1.309188696,0.9467,0.053300000000000014,4,0.8664271718855832,
i04.png,i04_06_2.png,impulse_noise,2,4.56098,-2.005934856,2.005934856,0.8983,0.10170000000000001,4,1.0894778053270904,
i04.png,i04_06_3.png,impulse_noise,3,4.2619,-2.383738558,2.383738558,0.8151,0.18489999999999995,4,1.8348279666987457,
i04.png,i04_06_4.png,impulse_noise,4,4.19512,-2.826708714,2.826708714,0.6775,0.3225,4,3.1329956100337264,
i04.png,i04_06_5.png,impulse_noise,5,3.45,-4.006392591,4.006392591,0.4925,0.5075000000000001,4,3.4829057152048093,
i04.png,i04_07_1.png,quantization_noise,1,4.69048,-1.902395897,1.902395897,0.93,0.06999999999999995,4,0.9284066307920911,
i04.png,i04_07_2.png,quantization_noise,2,4.075,-2.937517269,2.937517269,0.8951,0.1049,4,1.109349486000905,
i04.png,i04_07_3.png,quantization_noise,3,3.52381,-4.035692458,4.035692458,0.871,0.129,4,1.282449345336207,
i04.png,i04_07_4.png,quantization_noise,4,3.14286,-4.740112396,4.740112396,0.8069,0.19310000000000005,4,1.928512372131086,
i04.png,i04_07_5.png,quantization_noise,5,2.95238,-5.298174631,5.298174631,0.6977,0.3023,4,3.013266769454964,
i04.png,i04_08_1.png,gaussian_blur,1,6.30952,0.145192244,-0.145192244,0.9866,0.013399999999999967,4,0.7657235763990443,
i04.png,i04_08_2.png,gaussian_blur,2,5.92683,-0.189383327,0.189383327,0.9623,0.037699999999999956,4,0.8200775964901774,
i04.png,i04_08_3.png,gaussian_blur,3,5.38095,-0.860736513,0.860736513,0.9129,0.08709999999999996,4,1.0075388917561854,
i04.png,i04_08_4.png,gaussian_blur,4,4.375,-2.271527296,2.271527296,0.8468,0.1532,4,1.4982760456354538,
i04.png,i04_08_5.png,gaussian_blur,5,3.66667,-3.663156857,3.663156857,0.7778,0.22219999999999995,4,2.265663629433599,
i04.png,i04_09_1.png,image_denoising,1,6.38095,0.165393036,-0.165393036,0.9277,0.07230000000000003,4,0.9380724410674506,
i04.png,i04_09_2.png,image_denoising,2,5.80488,-0.332148837,0.332148837,0.9006,0.09940000000000004,4,1.0756295956116697,
i04.png,i04_09_3.png,image_denoising,3,5.04878,-1.395773967,1.395773967,0.8621,0.13790000000000002,4,1.35703391502066,
i04.png,i04_09_4.png,image_denoising,4,3.78049,-3.303867402,3.303867402,0.812,0.18799999999999994,4,1.870041923339382,
i04.png,i04_09_5.png,image_denoising,5,2.5,-5.668144881,5.668144881,0.759,0.241,4,2.4747516851597617,
i04.png,i04_10_1.png,JPEG_compression,1,6.07143,0.008966991,-0.008966991,0.9495,0.05049999999999999,4,0.8573451421823727,
i04.png,i04_10_2.png,JPEG_compression,2,5.97561,-0.301094669,0.301094669,0.9241,0.07589999999999997,4,0.9537917049988893,
i04.png,i04_10_3.png,JPEG_compression,3,5.07143,-1.349116235,1.349116235,0.8696,0.13039999999999996,4,1.2938014291616562,
i04.png,i04_10_4.png,JPEG_compression,4,3.2619,-4.428617932,4.428617932,0.7793,0.2207,4,2.24848261517364,
i04.png,i04_10_5.png,JPEG_compression,5,2.19048,-6.523001493,6.523001493,0.7117,0.2883,4,2.9135236474022754,
i04.png,i04_11_1.png,JPEG2000_compression,1,5.3,-1.065293612,1.065293612,0.8709,0.1291,4,1.2832554735587318,
i04.png,i04_11_2.png,JPEG2000_compression,2,4.0,-3.07545149,3.07545149,0.8071,0.19289999999999996,4,1.9262086962100469,
i04.png,i04_11_3.png,JPEG2000_compression,3,2.90244,-5.074671536,5.074671536,0.7588,0.24119999999999997,4,2.4768970810977136,
i04.png,i04_11_4.png,JPEG2000_compression,4,2.0,-6.484649801,6.484649801,0.7162,0.28380000000000005,4,2.878437694017507,
i04.png,i04_11_5.png,JPEG2000_compression,5,0.88095,-8.656109406,8.656109406,0.6945,0.3055,4,3.0340941208430525,
i04.png,i04_12_1.png,JPEG_transmission_errors,1,6.05,-0.011406848,0.011406848,0.9326,0.06740000000000002,4,0.9178248198540344,
i04.png,i04_12_2.png,JPEG_transmission_errors,2,4.64286,-2.046754219,2.046754219,0.8224,0.17759999999999998,4,1.7531535327567873,
i04.png,i04_12_3.png,JPEG_transmission_errors,3,3.92857,-2.983978471,2.983978471,0.7147,0.2853,4,2.890297348707734,
i04.png,i04_12_4.png,JPEG_transmission_errors,4,2.90476,-5.035014436,5.035014436,0.6395,0.36050000000000004,4,3.2914260702042752,
i04.png,i04_12_5.png,JPEG_transmission_errors,5,2.65854,-5.256767023,5.256767023,0.5554,0.4446,4,3.4465948303511516,
i04.png,i04_13_1.png,JPEG2000_transmission_errors,1,4.66667,-1.945737227,1.945737227,0.8591,0.14090000000000003,4,1.3834551892623488,
i04.png,i04_13_2.png,JPEG2000_transmission_errors,2,3.84615,-3.371353342,3.371353342,0.7735,0.22650000000000003,4,2.3145892907734877,
i04.png,i04_13_3.png,JPEG2000_transmission_errors,3,3.35714,-4.277940587,4.277940587,0.6243,0.37570000000000003,4,3.335252589026094,
i04.png,i04_13_4.png,JPEG2000_transmission_errors,4,3.46341,-4.075476435,4.075476435,0.6536,0.34640000000000004,4,3.2416204069795462,
i04.png,i04_13_5.png,JPEG2000_transmission_errors,5,2.38095,-5.69368119,5.69368119,0.4136,0.5864,4,3.497870695618018,
i04.png,i04_14_1.png,non_eccentricity_pattern_noise,1,5.07143,-1.215715162,1.215715162,0.915,0.08499999999999996,4,0.9968831184602841,
i04.png,i04_14_2.png,non_eccentricity_pattern_noise,2,6.40476,0.059581134,-0.059581134,0.9767,0.023299999999999987,4,0.7855604769017185,
i04.png,i04_14_3.png,non_eccentricity_pattern_noise,3,6.0,-0.230211888,0.230211888,0.9536,0.0464,4,0.8446687427470532,
i04.png,i04_14_4.png,non_eccentricity_pattern_noise,4,4.40476,-2.051461481,2.051461481,0.9402,0.059799999999999964,4,0.8889080103627617,
i04.png,i04_14_5.png,non_eccentricity_pattern_noise,5,3.60976,-3.580161613,3.580161613,0.9111,0.08889999999999998,4,1.0168920269708839,
i04.png,i04_15_1.png,local_block_wise_distortions_of_different_intensity,1,3.38095,-4.01156547,4.01156547,0.9635,0.03649999999999998,4,0.8169186007199691,
i04.png,i04_15_2.png,local_block_wise_distortions_of_different_intensity,2,3.40476,-3.860395161,3.860395161,0.9695,0.03049999999999997,4,0.8019173341219211,
i04.png,i04_15_3.png,local_block_wise_distortions_of_different_intensity,3,3.5,-3.861241376,3.861241376,0.9745,0.025499999999999967,4,0.7903768083874511,
i04.png,i04_15_4.png,local_block_wise_distortions_of_different_intensity,4,3.7561,-3.543029567,3.543029567,0.9812,0.01880000000000004,4,0.7761820506999307,
i04.png,i04_15_5.png,local_block_wise_distortions_of_different_intensity,5,4.05128,-2.875540943,2.875540943,0.9876,0.012399999999999967,4,0.7638775433271537,
i04.png,i04_16_1.png,intensity_shift,1,6.28571,0.101741646,-0.101741646,0.9968,0.0031999999999999806,4,0.7481339114990336,
i04.png,i04_16_2.png,intensity_shift,2,6.64286,0.294111401,-0.294111401,0.993,0.007000000000000006,4,0.754373448634149,
i04.png,i04_16_3.png,intensity_shift,3,6.09524,-0.183063479,0.183063479,0.9719,0.028100000000000014,4,0.7962727366349441,
i04.png,i04_16_4.png,intensity_shift,4,5.66667,-0.326679732,0.326679732,0.9639,0.03610000000000002,4,0.8158776332216369,
i04.png,i04_16_5.png,intensity_shift,5,5.15385,-1.157735638,1.157735638,0.8772,0.12280000000000002,4,1.2338949031711168,
i04.png,i04_17_1.png,contrast_change,1,6.0,-0.110735689,0.110735689,0.9954,0.0046000000000000485,4,0.7503911111492384,
i04.png,i04_17_2.png,contrast_change,2,6.66667,0.619693447,-0.619693447,0.9882,0.011800000000000033,4,0.7627831077868856,
i04.png,i04_17_3.png,contrast_change,3,4.78049,-1.466980961,1.466980961,0.9796,0.020399999999999974,4,0.7794453958166878,
i04.png,i04_17_4.png,contrast_change,4,7.21429,0.771359669,-0.771359669,0.9569,0.04310000000000003,4,0.8349824444138002,
i04.png,i04_17_5.png,contrast_change,5,3.925,-2.849107617,2.849107617,0.9191,0.08089999999999997,4,0.9768583209070183,
i04.png,i04_18_1.png,change_of_color_saturation,1,5.41463,-0.595157986,0.595157986,1.0,0.0,4,0.7431509292964007,
i04.png,i04_18_2.png,change_of_color_saturation,2,5.02439,-1.279614874,1.279614874,1.0,0.0,4,0.7431509292964007,
i04.png,i04_18_3.png,change_of_color_saturation,3,4.66667,-1.946026441,1.946026441,1.0,0.0,4,0.7431509292964007,
i04.png,i04_18_4.png,change_of_color_saturation,4,4.2381,-2.291406032,2.291406032,1.0,0.0,4,0.7431509292964007,
i04.png,i04_18_5.png,change_of_color_saturation,5,3.92683,-2.897254858,2.897254858,1.0,0.0,4,0.7431509292964007,
i04.png,i04_19_1.png,multiplicative_gaussian_noise,1,5.45238,-0.74925111,0.74925111,0.9154,0.08460000000000001,4,0.994884398305627,
i04.png,i04_19_2.png,multiplicative_gaussian_noise,2,5.35714,-1.044926605,1.044926605,0.8526,0.14739999999999998,4,1.4428588200295973,
i04.png,i04_19_3.png,multiplicative_gaussian_noise,3,4.90244,-1.812455642,1.812455642,0.7571,0.2429,4,2.495052689461478,
i04.png,i04_19_4.png,multiplicative_gaussian_noise,4,4.425,-2.399417567,2.399417567,0.6334,0.36660000000000004,4,3.3101514211167653,
i04.png,i04_19_5.png,multiplicative_gaussian_noise,5,4.16667,-2.805861095,2.805861095,0.4897,0.5103,4,3.483823824916231,
i04.png,i04_20_1.png,comfort_noise,1,6.45238,0.103838709,-0.103838709,0.8406,0.1594,4,1.5598952413868608,
i04.png,i04_20_2.png,comfort_noise,2,5.225,-0.784055098,0.784055098,0.7171,0.28290000000000004,4,2.871243075344986,
i04.png,i04_20_3.png,comfort_noise,3,4.19048,-2.70819771,2.70819771,0.5579,0.44210000000000005,4,3.4442718777623043,
i04.png,i04_20_4.png,comfort_noise,4,3.11905,-4.682820108,4.682820108,0.4156,0.5844,4,3.497680340719003,
i04.png,i04_20_5.png,comfort_noise,5,2.41463,-5.858627428,5.858627428,0.3013,0.6987,4,3.50270235391266,
i04.png,i04_21_1.png,lossy_compression_of_noisy_images,1,5.14634,-1.047669304,1.047669304,0.8779,0.12209999999999999,4,1.2285893128558367,
i04.png,i04_21_2.png,lossy_compression_of_noisy_images,2,4.73171,-1.741176958,1.741176958,0.7972,0.20279999999999998,4,2.0409377174074588,
i04.png,i04_21_3.png,lossy_compression_of_noisy_images,3,3.80952,-3.211078641,3.211078641,0.6768,0.32320000000000004,4,3.1366606579287155,
i04.png,i04_21_4.png,lossy_compression_of_noisy_images,4,3.21951,-4.172818116,4.172818116,0.5415,0.4585,4,3.457973284072066,
i04.png,i04_21_5.png,lossy_compression_of_noisy_images,5,2.0,-7.161505027,7.161505027,0.5271,0.4729,4,3.4674038783709373,
i04.png,i04_22_1.png,image_color_quantization_with_dither,1,6.02439,0.001622324,-0.001622324,0.8998,0.10019999999999996,4,1.0804054686819746,
i04.png,i04_22_2.png,image_color_quantization_with_dither,2,5.78571,-0.408726391,0.408726391,0.8126,0.1874,4,1.8632049972837157,
i04.png,i04_22_3.png,image_color_quantization_with_dither,3,4.42857,-2.376035233,2.376035233,0.7077,0.2923,4,2.9434701746959853,
i04.png,i04_22_4.png,image_color_quantization_with_dither,4,4.12195,-2.773659323,2.773659323,0.5465,0.4535,4,3.4541635172452088,
i04.png,i04_22_5.png,image_color_quantization_with_dither,5,2.90476,-4.970072696,4.970072696,0.5164,0.48360000000000003,4,3.4731397895538496,
i04.png,i04_23_1.png,chromatic_aberrations,1,6.425,0.144384486,-0.144384486,0.9747,0.02529999999999999,4,0.7899325035685852,
i04.png,i04_23_2.png,chromatic_aberrations,2,5.40476,-0.850486819,0.850486819,0.8824,0.11760000000000004,4,1.1953346469386952,
i04.png,i04_23_3.png,chromatic_aberrations,3,3.87805,-3.246890672,3.246890672,0.7884,0.2116,4,2.143337737664753,
i04.png,i04_23_4.png,chromatic_aberrations,4,2.95122,-4.825203045,4.825203045,0.7509,0.2491,4,2.5599820473181154,
i04.png,i04_23_5.png,chromatic_aberrations,5,1.47619,-7.852001797,7.852001797,0.7037,0.2963,4,2.972253215526213,
i04.png,i04_24_1.png,sparse_sampling_and_reconstruction,1,5.54762,-0.800774069,0.800774069,0.8622,0.13780000000000003,4,1.356164212820336,
i04.png,i04_24_2.png,sparse_sampling_and_reconstruction,2,3.7619,-3.542151007,3.542151007,0.8026,0.19740000000000002,4,1.9782081806324232,
i04.png,i04_24_3.png,sparse_sampling_and_reconstruction,3,2.58537,-5.312156104,5.312156104,0.7464,0.25360000000000005,4,2.6057497490460815,
i04.png,i04_24_4.png,sparse_sampling_and_reconstruction,4,1.90476,-7.127896457,7.127896457,0.7141,0.28590000000000004,4,2.894995203219754,
i04.png,i04_24_5.png,sparse_sampling_and_reconstruction,5,0.58537,-8.854307636,8.854307636,0.6941,0.30589999999999995,4,3.0366469505531066,
i05.png,i05_01_1.png,additive_gaussian_noise,1,5.525,-0.201618444,0.201618444,0.9668,0.03320000000000001,5,0.8340213856902365,0.26817466639920307
i05.png,i05_01_2.png,additive_gaussian_noise,2,5.5,-0.244992248,0.244992248,0.9384,0.06159999999999999,5,0.912157816660065,0.4367258605037492
i05.png,i05_01_3.png,additive_gaussian_noise,3,4.84615,-0.787365816,0.787365816,0.8921,0.1079,5,1.1363691103110005,0.7085777515650156
i05.png,i05_01_4.png,additive_gaussian_noise,4,4.05128,-1.224834716,1.224834716,0.8236,0.1764,5,1.7759392870847206,1.0961141513695818
i05.png,i05_01_5.png,additive_gaussian_noise,5,3.56098,-1.878574158,1.878574158,0.73,0.27,5,2.860988711948119,1.5787187954887862
i05.png,i05_02_1.png,additive_noise_in_color_more_intensive_than_additive_noise_in_the_luminance,1,5.82927,0.0492253,-0.0492253,0.9907,0.009299999999999975,5,0.7910231136564476,
i05.png,i05_02_2.png,additive_noise_in_color_more_intensive_than_additive_noise_in_the_luminance,2,5.68293,0.064746232,-0.064746232,0.9825,0.01749999999999996,5,0.8039030454135587,
i05.png,i05_02_3.png,additive_noise_in_color_more_intensive_than_additive_noise_in_the_luminance,3,5.325,-0.247354248,0.247354248,0.9667,0.033299999999999996,5,0.8342391123437037,
i05.png,i05_02_4.png,additive_noise_in_color_more_intensive_than_additive_noise_in_the_luminance,4,5.09756,-0.409028799,0.409028799,0.9392,0.060799999999999965,5,0.909449734503013,
i05.png,i05_02_5.png,additive_noise_in_color_more_intensive_than_additive_noise_in_the_luminance,5,4.25641,-1.156030521,1.156030521,0.892,0.10799999999999998,5,1.137020130240086,
i05.png,i05_03_1.png,spatially_correlated_noise,1,5.09756,-0.464723207,0.464723207,0.9732,0.026800000000000046,5,0.8207997417750452,
i05.png,i05_03_2.png,spatially_correlated_noise,2,4.4878,-0.963053255,0.963053255,0.9501,0.049900000000000055,5,0.8756953431565494,
i05.png,i05_03_3.png,spatially_correlated_noise,3,3.675,-1.699433272,1.699433272,0.9115,0.08850000000000002,5,1.0247018722685697,
i05.png,i05_03_4.png,spatially_correlated_noise,4,3.07317,-2.39899896,2.39899896,0.8502,0.14980000000000004,5,1.4830491463604354,
i05.png,i05_03_5.png,spatially_correlated_noise,5,2.375,-3.178154543,3.178154543,0.7629,0.23709999999999998,5,2.520423491977846,
i05.png,i05_04_1.png,masked_noise,1,5.63415,-0.041853151,0.041853151,0.9862,0.013800000000000034,5,0.7978725372259678,
i05.png,i05_04_2.png,masked_noise,2,5.75,0.104309353,-0.104309353,0.9741,0.025900000000000034,5,0.8190490188409898,
i05.png,i05_04_3.png,masked_noise,3,5.575,-0.05436624,0.05436624,0.9497,0.05030000000000001,5,0.8768354499598484,
i05.png,i05_04_4.png,masked_noise,4,4.92683,-0.596055677,0.596055677,0.9069,0.09309999999999996,5,1.0486416065206576,
i05.png,i05_04_5.png,masked_noise,5,4.4,-1.053760232,1.053760232,0.8343,0.16569999999999996,5,1.6524021892178502,
i05.png,i05_05_1.png,high_frequency_noise,1,5.625,0.027378676,-0.027378676,0.9656,0.034399999999999986,5,0.8366575726905162,
i05.png,i05_05_2.png,high_frequency_noise,2,5.39024,-0.211563682,0.211563682,0.9371,0.06289999999999996,5,0.9166294936783365,
i05.png,i05_05_3.png,high_frequency_noise,3,4.7,-0.68698274,0.68698274,0.8471,0.15290000000000004,5,1.514570488815635,
i05.png,i05_05_4.png,high_frequency_noise,4,3.81579,-1.618173355,1.618173355,0.6938,0.3062,5,3.1321581878148823,
i05.png,i05_05_5.png,high_frequency_noise,5,2.92308,-2.557477374,2.557477374,0.4898,0.5102,5,3.510252538143627,
i05.png,i05_06_1.png,impulse_noise,1,4.375,-0.991034844,0.991034844,0.9738,0.0262,5,0.8196297205915752,
i05.png,i05_06_2.png,impulse_noise,2,3.92308,-1.458378428,1.458378428,0.9443,0.05569999999999997,5,0.8929456251325901,
i05.png,i05_06_3.png,impulse_noise,3,3.5,-1.867842425,1.867842425,0.8935,0.10650000000000004,5,1.1273393663358,
i05.png,i05_06_4.png,impulse_noise,4,3.31707,-2.29232177,2.29232177,0.8145,0.1855,5,1.8856362296259461,
i05.png,i05_06_5.png,impulse_noise,5,2.51282,-2.890711177,2.890711177,0.702,0.29800000000000004,5,3.08031322637612,
i05.png,i05_07_1.png,quantization_noise,1,5.275,-0.226329909,0.226329909,0.9738,0.0262,5,0.8196297205915752,
i05.png,i05_07_2.png,quantization_noise,2,5.26829,-0.341297974,0.341297974,0.9533,0.046699999999999964,5,0.8668284413259024,
i05.png,i05_07_3.png,quantization_noise,3,4.53846,-0.875162035,0.875162035,0.9175,0.08250000000000002,5,0.9956823831562989,
i05.png,i05_07_4.png,quantization_noise,4,4.05128,-1.285320583,1.285320583,0.8541,0.14590000000000003,5,1.4444929545027512,
i05.png,i05_07_5.png,quantization_noise,5,3.14634,-2.38083508,2.38083508,0.7909,0.20909999999999995,5,2.18023792236659,
i05.png,i05_08_1.png,gaussian_blur,1,5.4,-0.212419286,0.212419286,0.9806,0.019399999999999973,5,0.8071470739899624,
i05.png,i05_08_2.png,gaussian_blur,2,4.66667,-0.70313548,0.70313548,0.9375,0.0625,5,0.9152441587924875,
i05.png,i05_08_3.png,gaussian_blur,3,3.65854,-1.723933628,1.723933628,0.8264,0.17359999999999998,5,1.7429761564770416,
i05.png,i05_08_4.png,gaussian_blur,4,2.78049,-2.706443189,2.706443189,0.64,0.36,5,3.358943258454021,
i05.png,i05_08_5.png,gaussian_blur,5,1.25,-4.01329211,4.01329211,0.432,0.5680000000000001,5,3.517831904836397,
i05.png,i05_09_1.png,image_denoising,1,5.825,0.02746724,-0.02746724,0.9745,0.025499999999999967,5,0.818279189444771,
i05.png,i05_09_2.png,image_denoising,2,5.825,0.116961427,-0.116961427,0.9554,0.04459999999999997,5,0.861248658538748,
i05.png,i05_09_3.png,image_denoising,3,5.325,-0.345083565,0.345083565,0.8944,0.10560000000000003,5,1.1216174635308438,
i05.png,i05_09_4.png,image_denoising,4,3.5,-1.908478211,1.908478211,0.7346,0.26539999999999997,5,2.8185288346113193,
i05.png,i05_09_5.png,image_denoising,5,1.36585,-3.855282695,3.855282695,0.5007,0.49929999999999997,5,3.5077315311974893,
i05.png,i05_10_1.png,JPEG_compression,1,5.73171,-0.05749482,0.05749482,0.9693,0.03069999999999995,5,0.8286917243369599,
i05.png,i05_10_2.png,JPEG_compression,2,5.15385,-0.359729841,0.359729841,0.942,0.05800000000000005,5,0.900228473181543,
i05.png,i05_10_3.png,JPEG_compression,3,4.70732,-0.740369859,0.740369859,0.875,0.125,5,1.2597541411534712,
i05.png,i05_10_4.png,JPEG_compression,4,3.43902,-1.975937392,1.975937392,0.7449,0.2551,5,2.717065529526323,
i05.png,i05_10_5.png,JPEG_compression,5,1.87805,-3.570105435,3.570105435,0.608,0.392,5,3.4275632999443344,
i05.png,i05_11_1.png,JPEG2000_compression,1,5.7561,0.05769489,-0.05769489,0.9718,0.028200000000000003,5,0.823574989387758,
i05.png,i05_11_2.png,JPEG2000_compression,2,5.4,-0.183513897,0.183513897,0.94,0.06000000000000005,5,0.9067745636834553,
i05.png,i05_11_3.png,JPEG2000_compression,3,4.5,-0.833129272,0.833129272,0.8892,0.11080000000000001,5,1.1555782246116317,
i05.png,i05_11_4.png,JPEG2000_compression,4,3.66667,-1.523440007,1.523440007,0.7992,0.20079999999999998,5,2.075950815603088,
i05.png,i05_11_5.png,JPEG2000_compression,5,2.25,-3.293556099,3.293556099,0.6132,0.38680000000000003,5,3.4187059217137845,
i05.png,i05_12_1.png,JPEG_transmission_errors,1,5.68293,-0.001008063,0.001008063,0.9761,0.023900000000000032,5,0.8152500322489302,
i05.png,i05_12_2.png,JPEG_transmission_errors,2,5.775,-0.038820835,0.038820835,0.9664,0.03359999999999996,5,0.834894417424369,
i05.png,i05_12_3.png,JPEG_transmission_errors,3,5.35,-0.159894782,0.159894782,0.9153,0.0847,5,1.0060404151109397,
i05.png,i05_12_4.png,JPEG_transmission_errors,4,3.8,-1.61523167,1.61523167,0.8808,0.11919999999999997,5,1.215142947871453,
i05.png,i05_12_5.png,JPEG_transmission_errors,5,2.725,-2.815944022,2.815944022,0.5972,0.40280000000000005,5,3.443676087635268,
i05.png,i05_13_1.png,JPEG2000_transmission_errors,1,5.46341,-0.216433442,0.216433442,0.9492,0.050799999999999956,5,0.8782706870199379,
i05.png,i05_13_2.png,JPEG2000_transmission_errors,2,4.90244,-0.533516077,0.533516077,0.9794,0.02059999999999995,5,0.8092492414311326,
i05.png,i05_13_3.png,JPEG2000_transmission_errors,3,3.475,-1.887997551,1.887997551,0.846,0.15400000000000003,5,1.525937424951545,
i05.png,i05_13_4.png,JPEG2000_transmission_errors,4,2.97561,-2.476175561,2.476175561,0.7676,0.23240000000000005,5,2.4656239282628674,
i05.png,i05_13_5.png,JPEG2000_transmission_errors,5,1.97368,-3.457845677,3.457845677,0.5868,0.4132,5,3.4566517792108176,
i05.png,i05_14_1.png,non_eccentricity_pattern_noise,1,5.92683,0.148456332,-0.148456332,0.9798,0.020199999999999996,5,0.8085438701768602,
i05.png,i05_14_2.png,non_eccentricity_pattern_noise,2,5.53659,-0.076373014,0.076373014,0.9686,0.031399999999999983,5,0.8301622297475284,
i05.png,i05_14_3.png,non_eccentricity_pattern_noise,3,5.60976,-0.058811898,0.058811898,0.9296,0.07040000000000002,5,0.9442139519793936,
i05.png,i05_14_4.png,non_eccentricity_pattern_noise,4,5.225,-0.439620668,0.439620668,0.8972,0.1028,5,1.104226701729817,
i05.png,i05_14_5.png,non_eccentricity_pattern_noise,5,4.31707,-1.124509552,1.124509552,0.8506,0.14939999999999998,5,1.4790377600878357,
i05.png,i05_15_1.png,local_block_wise_distortions_of_different_intensity,1,3.05,-2.358839391,2.358839391,0.9475,0.05249999999999999,5,0.8832354428433812,
i05.png,i05_15_2.png,local_block_wise_distortions_of_different_intensity,2,3.1,-2.234337852,2.234337852,0.9575,0.04249999999999998,5,0.8558520576171983,
i05.png,i05_15_3.png,local_block_wise_distortions_of_different_intensity,3,3.31707,-2.09623681,2.09623681,0.9673,0.03269999999999995,5,0.8329380421020733,
i05.png,i05_15_4.png,local_block_wise_distortions_of_different_intensity,4,3.9,-1.615300693,1.615300693,0.9783,0.021700000000000053,5,0.8112132637979719,
i05.png,i05_15_5.png,local_block_wise_distortions_of_different_intensity,5,3.84615,-1.55974927,1.55974927,0.9883,0.011700000000000044,5,0.7946118728975871,
i05.png,i05_16_1.png,intensity_shift,1,6.15,0.314357894,-0.314357894,0.9963,0.0037000000000000366,5,0.7831913849842375,
i05.png,i05_16_2.png,intensity_shift,2,5.95,0.085293846,-0.085293846,0.9919,0.008099999999999996,5,0.7892822067571147,
i05.png,i05_16_3.png,intensity_shift,3,5.58537,-0.189046969,0.189046969,0.958,0.04200000000000004,5,0.8545935714179635,
i05.png,i05_16_4.png,intensity_shift,4,5.09756,-0.62645211,0.62645211,0.9498,0.05020000000000002,5,0.876549751491297,
i05.png,i05_16_5.png,intensity_shift,5,4.25,-1.09897682,1.09897682,0.8366,0.1634,5,1.6267753701064351,
i05.png,i05_17_1.png,contrast_change,1,5.3,-0.220597297,0.220597297,0.9937,0.006299999999999972,5,0.7867358238491441,
i05.png,i05_17_2.png,contrast_change,2,6.82927,0.664673045,-0.664673045,0.9801,0.01990000000000003,5,0.8080179002311437,
i05.png,i05_17_3.png,contrast_change,3,4.025,-1.386384514,1.386384514,0.9613,0.03869999999999996,5,0.8465354944652015,
i05.png,i05_17_4.png,contrast_change,4,6.56098,0.50723741,-0.50723741,0.9292,0.07079999999999997,5,0.9457738354931575,
i05.png,i05_17_5.png,contrast_change,5,2.8,-2.585818886,2.585818886,0.8286,0.1714,5,1.7173778537762752,
i05.png,i05_18_1.png,change_of_color_saturation,1,4.775,-0.694149405,0.694149405,1.0,0.0,5,0.778408354912585,
i05.png,i05_18_2.png,change_of_color_saturation,2,4.20513,-1.016477145,1.016477145,1.0,0.0,5,0.778408354912585,
i05.png,i05_18_3.png,change_of_color_saturation,3,3.74359,-1.60219273,1.60219273,1.0,0.0,5,0.778408354912585,
i05.png,i05_18_4.png,change_of_color_saturation,4,3.53846,-1.817265564,1.817265564,1.0,0.0,5,0.778408354912585,
i05.png,i05_18_5.png,change_of_color_saturation,5,3.15,-2.163464563,2.163464563,1.0,0.0,5,0.778408354912585,
i05.png,i05_19_1.png,multiplicative_gaussian_noise,1,5.175,-0.370083757,0.370083757,0.9733,0.026699999999999946,5,0.8206039371326083,
i05.png,i05_19_2.png,multiplicative_gaussian_noise,2,4.80488,-0.67540882,0.67540882,0.9522,0.047799999999999954,5,0.8698260871564936,
i05.png,i05_19_3.png,multiplicative_gaussian_noise,3,4.225,-1.110845839,1.110845839,0.9164,0.08360000000000001,5,1.000821165326323,
i05.png,i05_19_4.png,multiplicative_gaussian_noise,4,3.65,-1.719112826,1.719112826,0.8614,0.13859999999999995,5,1.3757204389698587,
i05.png,i05_19_5.png,multiplicative_gaussian_noise,5,3.36585,-2.050260567,2.050260567,0.784,0.21599999999999997,5,2.2664338206861387,
i05.png,i05_20_1.png,comfort_noise,1,5.68293,-0.0855934,0.0855934,0.9592,0.04079999999999995,5,0.851613934452111,
i05.png,i05_20_2.png,comfort_noise,2,5.56098,-0.081869706,0.081869706,0.9279,0.07210000000000005,5,0.9509077446828315,
i05.png,i05_20_3.png,comfort_noise,3,5.02439,-0.476039034,0.476039034,0.874,0.126,5,1.2677374606168696,
i05.png,i05_20_4.png,comfort_noise,4,4.475,-0.949033312,0.949033312,0.7752,0.2248,5,2.3746297967775916,
i05.png,i05_20_5.png,comfort_noise,5,3.28205,-2.012487471,2.012487471,0.607,0.393,5,3.4291805621528946,
i05.png,i05_21_1.png,lossy_compression_of_noisy_images,1,5.6,-0.025804392,0.025804392,0.9572,0.04279999999999995,5,0.8566119859384964,
i05.png,i05_21_2.png,lossy_compression_of_noisy_images,2,4.925,-0.656677697,0.656677697,0.9211,0.07889999999999997,5,0.9794163504874329,
i05.png,i05_21_3.png,lossy_compression_of_noisy_images,3,4.36585,-1.080268664,1.080268664,0.8624,0.13759999999999994,5,1.366651100446944,
i05.png,i05_21_4.png,lossy_compression_of_noisy_images,4,3.35,-1.981115581,1.981115581,0.7725,0.22750000000000004,5,2.4072602359098942,
i05.png,i05_21_5.png,lossy_compression_of_noisy_images,5,2.475,-2.959952396,2.959952396,0.6254,0.37460000000000004,5,3.3946862726789435,
i05.png,i05_22_1.png,image_color_quantization_with_dither,1,5.275,-0.248059772,0.248059772,0.9674,0.03259999999999996,5,0.8327224277330871,
i05.png,i05_22_2.png,image_color_quantization_with_dither,2,5.25,-0.27274357,0.27274357,0.937,0.06299999999999994,5,0.916977145270038,
i05.png,i05_22_3.png,image_color_quantization_with_dither,3,4.7561,-0.726921021,0.726921021,0.8913,0.10870000000000002,5,1.1415999081068091,
i05.png,i05_22_4.png,image_color_quantization_with_dither,4,4.1,-1.39000291,1.39000291,0.8005,0.1995,5,2.0596256024528277,
i05.png,i05_22_5.png,image_color_quantization_with_dither,5,3.17073,-2.14048064,2.14048064,0.6964,0.3036,5,3.1162971130754133,
i05.png,i05_23_1.png,chromatic_aberrations,1,5.73171,-0.001307201,0.001307201,0.9968,0.0031999999999999806,5,0.782527410040492,
i05.png,i05_23_2.png,chromatic_aberrations,2,5.575,-0.098587465,0.098587465,0.9908,0.009199999999999986,5,0.7908766942504915,
i05.png,i05_23_3.png,chromatic_aberrations,3,5.63415,-0.000554647,0.000554647,0.9825,0.01749999999999996,5,0.8039030454135587,
i05.png,i05_23_4.png,chromatic_aberrations,4,5.7561,-0.025445516,0.025445516,0.9709,0.029100000000000015,5,0.8253929749158709,
i05.png,i05_23_5.png,chromatic_aberrations,5,5.43902,-0.206847055,0.206847055,0.9467,0.053300000000000014,5,0.8856178334971017,
i05.png,i05_24_1.png,sparse_sampling_and_reconstruction,1,5.525,0.024408137,-0.024408137,0.9669,0.03310000000000002,5,0.8338040123662254,
i05.png,i05_24_2.png,sparse_sampling_and_reconstruction,2,5.60976,-0.098376379,0.098376379,0.935,0.06499999999999995,5,0.9240420158112739,
i05.png,i05_24_3.png,sparse_sampling_and_reconstruction,3,5.2,-0.377295626,0.377295626,0.8721,0.1279,5,1.28314331030313,
i05.png,i05_24_4.png,sparse_sampling_and_reconstruction,4,3.95122,-1.486894207,1.486894207,0.7644,0.23560000000000003,5,2.503069759077766,
i05.png,i05_24_5.png,sparse_sampling_and_reconstruction,5,2.60976,-2.861721746,2.861721746,0.6001,0.39990000000000003,5,3.4396321519250845,
i06.png,i06_01_1.png,additive_gaussian_noise,1,5.75676,-0.675275764,0.675275764,0.9576,0.04239999999999999,6,0.8238001185363515,0.2776433433586334
i06.png,i06_01_2.png,additive_gaussian_noise,2,5.16667,-0.977597476,0.977597476,0.9225,0.07750000000000001,6,0.9441986451261635,0.504055442957247
i06.png,i06_01_3.png,additive_gaussian_noise,3,5.02703,-1.248110578,1.248110578,0.8644,0.13560000000000005,6,1.3289919807481048,0.8572443001877676
i06.png,i06_01_4.png,additive_gaussian_noise,4,4.31429,-1.683781269,1.683781269,0.7813,0.2187,6,2.2960841886319887,1.3137312086195063
i06.png,i06_01_5.png,additive_gaussian_noise,5,3.61111,-2.520341275,2.520341275,0.6703,0.3297,6,3.2408370920933267,1.833591708195966
i06.png,i06_02_1.png,additive_noise_in_color_more_intensive_than_additive_noise_in_the_luminance,1,6.16216,-0.442654954,0.442654954,0.9873,0.012700000000000045,6,0.7631930725784514,
i06.png,i06_02_2.png,additive_noise_in_color_more_intensive_than_additive_noise_in_the_luminance,2,5.78378,-0.64642743,0.64642743,0.9761,0.023900000000000032,6,0.7826419846384576,
i06.png,i06_02_3.png,additive_noise_in_color_more_intensive_than_additive_noise_in_the_luminance,3,5.45946,-0.884090469,0.884090469,0.9552,0.04479999999999995,6,0.8301031034543166,
i06.png,i06_02_4.png,additive_noise_in_color_more_intensive_than_additive_noise_in_the_luminance,4,4.83333,-1.287795663,1.287795663,0.9189,0.08109999999999995,6,0.9605272937010824,
i06.png,i06_02_5.png,additive_noise_in_color_more_intensive_than_additive_noise_in_the_luminance,5,4.38889,-1.794620269,1.794620269,0.8598,0.1402,6,1.3716342291457957,
i06.png,i06_03_1.png,spatially_correlated_noise,1,4.58333,-1.391482848,1.391482848,0.9656,0.034399999999999986,6,0.8044682019184836,
i06.png,i06_03_2.png,spatially_correlated_noise,2,4.05714,-1.899603511,1.899603511,0.9369,0.06310000000000004,6,0.8868894129984533,
i06.png,i06_03_3.png,spatially_correlated_noise,3,3.47222,-2.480086577,2.480086577,0.8875,0.11250000000000004,6,1.1428688981927106,
i06.png,i06_03_4.png,spatially_correlated_noise,4,2.94595,-3.158801264,3.158801264,0.8166,0.1834,6,1.8509600706928846,
i06.png,i06_03_5.png,spatially_correlated_noise,5,2.5,-3.736697056,3.736697056,0.7163,0.28369999999999995,6,2.9704505750028822,
i06.png,i06_04_1.png,masked_noise,1,5.83333,-0.627019585,0.627019585,0.9839,0.016100000000000003,6,0.7687167400181425,
i06.png,i06_04_2.png,masked_noise,2,5.86111,-0.541434704,0.541434704,0.9698,0.030200000000000005,6,0.7952829659227664,
i06.png,i06_04_3.png,masked_noise,3,5.69444,-0.688223539,0.688223539,0.9421,0.05789999999999995,6,0.8690738512727004,
i06.png,i06_04_4.png,masked_noise,4,5.08108,-1.097814799,1.097814799,0.8899,0.11009999999999998,6,1.1261787120510554,
i06.png,i06_04_5.png,masked_noise,5,4.58333,-1.51077186,1.51077186,0.8176,0.1824,6,1.8386133599513803,
i06.png,i06_05_1.png,high_frequency_noise,1,5.91892,-0.53401974,0.53401974,0.9557,0.044300000000000006,6,0.8287699187318679,
i06.png,i06_05_2.png,high_frequency_noise,2,5.71429,-0.814352809,0.814352809,0.9198,0.08020000000000005,6,0.956365338753175,
i06.png,i06_05_3.png,high_frequency_noise,3,4.97297,-1.231559594,1.231559594,0.8095,0.1905,6,1.939575302396488,
i06.png,i06_05_4.png,high_frequency_noise,4,4.02857,-2.040168779,2.040168779,0.6265,0.37350000000000005,6,3.3754605377768145,
i06.png,i06_05_5.png,high_frequency_noise,5,2.94595,-3.308680813,3.308680813,0.3998,0.6002000000000001,6,3.4967839344896374,
i06.png,i06_06_1.png,impulse_noise,1,4.61111,-1.449992833,1.449992833,0.9648,0.03520000000000001,6,0.8062904165061457,
i06.png,i06_06_2.png,impulse_noise,2,4.38889,-1.699575485,1.699575485,0.9258,0.07420000000000004,6,0.9299628254656658,
i06.png,i06_06_3.png,impulse_noise,3,3.77778,-2.177622637,2.177622637,0.8635,0.13649999999999995,6,1.337190235655459,
i06.png,i06_06_4.png,impulse_noise,4,3.52778,-2.653619444,2.653619444,0.7708,0.22919999999999996,6,2.4244639598069138,
i06.png,i06_06_5.png,impulse_noise,5,3.05405,-3.100864335,3.100864335,0.6448,0.35519999999999996,6,3.330163740612969,
i06.png,i06_07_1.png,quantization_noise,1,5.32432,-0.99082703,0.99082703,0.9712,0.028800000000000048,6,0.7923592185903001,
i06.png,i06_07_2.png,quantization_noise,2,5.11429,-1.153429724,1.153429724,0.9502,0.049799999999999955,6,0.8440359282314075,
i06.png,i06_07_3.png,quantization_noise,3,4.40541,-1.694820341,1.694820341,0.9208,0.07920000000000005,6,0.9518037013405252,
i06.png,i06_07_4.png,quantization_noise,4,3.14286,-2.859527981,2.859527981,0.8735,0.12649999999999995,6,1.2500922605689144,
i06.png,i06_07_5.png,quantization_noise,5,2.68571,-3.547192604,3.547192604,0.8208,0.17920000000000003,6,1.799373454237598,
i06.png,i06_08_1.png,gaussian_blur,1,5.18919,-1.084972841,1.084972841,0.973,0.027000000000000024,6,0.7886978557233536,
i06.png,i06_08_2.png,gaussian_blur,2,4.58333,-1.576748808,1.576748808,0.9108,0.08919999999999995,6,1.0004749250463862,
i06.png,i06_08_3.png,gaussian_blur,3,3.48571,-2.488537207,2.488537207,0.7692,0.2308,6,2.443574520993282,
i06.png,i06_08_4.png,gaussian_blur,4,2.7027,-3.630352985,3.630352985,0.5912,0.40880000000000005,6,3.4321624695805717,
i06.png,i06_08_5.png,gaussian_blur,5,2.05405,-4.545306488,4.545306488,0.4492,0.5508,6,3.4936632342222733,
i06.png,i06_09_1.png,image_denoising,1,6.05405,-0.519982061,0.519982061,0.9617,0.0383,6,0.8135798505993261,
i06.png,i06_09_2.png,image_denoising,2,5.86486,-0.672170869,0.672170869,0.9315,0.0685,6,0.9069492209777992,
i06.png,i06_09_3.png,image_denoising,3,4.86486,-1.353522345,1.353522345,0.8479,0.1521,6,1.4902856034074863,
i06.png,i06_09_4.png,image_denoising,4,3.0,-3.083514475,3.083514475,0.6923,0.3077,6,3.1317381430386924,
i06.png,i06_09_5.png,image_denoising,5,1.65714,-4.91103435,4.91103435,0.4934,0.5065999999999999,6,3.487244563221851,
i06.png,i06_10_1.png,JPEG_compression,1,5.83784,-0.621612611,0.621612611,0.9618,0.03820000000000001,6,0.8133389369227607,
i06.png,i06_10_2.png,JPEG_compression,2,5.62857,-0.718581211,0.718581211,0.9294,0.0706,6,0.9152016931051943,
i06.png,i06_10_3.png,JPEG_compression,3,5.42857,-1.058874426,1.058874426,0.8546,0.14539999999999997,6,1.4220291746243474,
i06.png,i06_10_4.png,JPEG_compression,4,3.16216,-3.01097695,3.01097695,0.7157,0.2843,6,2.9750747178346844,
i06.png,i06_10_5.png,JPEG_compression,5,1.77778,-4.95355972,4.95355972,0.5811,0.41890000000000005,6,3.4430459352019147,
i06.png,i06_11_1.png,JPEG2000_compression,1,5.54054,-0.842988597,0.842988597,0.9514,0.04859999999999998,6,0.840590424501709,
i06.png,i06_11_2.png,JPEG2000_compression,2,5.19444,-1.000299955,1.000299955,0.9033,0.09670000000000001,6,1.0416720853342172,
i06.png,i06_11_3.png,JPEG2000_compression,3,4.5,-1.630501911,1.630501911,0.8212,0.17879999999999996,6,1.794499310188426,
i06.png,i06_11_4.png,JPEG2000_compression,4,3.08108,-3.098835448,3.098835448,0.6589,0.34109999999999996,6,3.285093563945985,
i06.png,i06_11_5.png,JPEG2000_compression,5,0.75676,-5.98391222,5.98391222,0.4342,0.5658000000000001,6,3.4949160047246055,
i06.png,i06_12_1.png,JPEG_transmission_errors,1,5.86111,-0.691092474,0.691092474,0.9451,0.05489999999999995,6,0.8594287186458835,
i06.png,i06_12_2.png,JPEG_transmission_errors,2,4.75,-1.496449125,1.496449125,0.9016,0.09840000000000004,6,1.0516013367469117,
i06.png,i06_12_3.png,JPEG_transmission_errors,3,4.35135,-1.794511326,1.794511326,0.8525,0.14749999999999996,6,1.4430269622016318,
i06.png,i06_12_4.png,JPEG_transmission_errors,4,3.62857,-2.240017378,2.240017378,0.7642,0.2358,6,2.5023719911778706,
i06.png,i06_12_5.png,JPEG_transmission_errors,5,3.83784,-2.229287287,2.229287287,0.568,0.43200000000000005,6,3.4546064610253246,
i06.png,i06_13_1.png,JPEG2000_transmission_errors,1,4.67568,-1.49031236,1.49031236,0.9224,0.0776,6,0.9446408295413286,
i06.png,i06_13_2.png,JPEG2000_transmission_errors,2,4.82857,-1.314311068,1.314311068,0.9165,0.08350000000000002,6,0.9718912972978504,
i06.png,i06_13_3.png,JPEG2000_transmission_errors,3,4.17143,-1.853511892,1.853511892,0.8164,0.18359999999999999,6,1.8534339085600815,
i06.png,i06_13_4.png,JPEG2000_transmission_errors,4,3.19444,-3.08484177,3.08484177,0.6509,0.34909999999999997,6,3.311873527031069,
i06.png,i06_13_5.png,JPEG2000_transmission_errors,5,2.7027,-3.635017162,3.635017162,0.5405,0.4595,6,3.471756719397429,
i06.png,i06_14_1.png,non_eccentricity_pattern_noise,1,6.0,-0.559558929,0.559558929,0.9741,0.025900000000000034,6,0.7865133412458776,
i06.png,i06_14_2.png,non_eccentricity_pattern_noise,2,6.0,-0.477381893,0.477381893,0.9642,0.035800000000000054,6,0.8076727521164931,
i06.png,i06_14_3.png,non_eccentricity_pattern_noise,3,4.77143,-1.261729511,1.261729511,0.9237,0.07630000000000003,6,0.9389423409837343,
i06.png,i06_14_4.png,non_eccentricity_pattern_noise,4,4.33333,-1.667916013,1.667916013,0.8905,0.10950000000000004,6,1.1220817639859333,
i06.png,i06_14_5.png,non_eccentricity_pattern_noise,5,4.30556,-1.761446703,1.761446703,0.8525,0.14749999999999996,6,1.4430269622016318,
i06.png,i06_15_1.png,local_block_wise_distortions_of_different_intensity,1,3.62162,-2.70887435,2.70887435,0.9508,0.04920000000000002,6,0.842304992321913,
i06.png,i06_15_2.png,local_block_wise_distortions_of_different_intensity,2,3.32432,-2.740948499,2.740948499,0.9589,0.041100000000000025,6,0.8204860831185703,
i06.png,i06_15_3.png,local_block_wise_distortions_of_different_intensity,3,3.75,-2.271217671,2.271217671,0.9682,0.03180000000000005,6,0.7987077985890533,
i06.png,i06_15_4.png,local_block_wise_distortions_of_different_intensity,4,4.40541,-1.796372932,1.796372932,0.9775,0.022499999999999964,6,0.7800074581881611,
i06.png,i06_15_5.png,local_block_wise_distortions_of_different_intensity,5,4.83333,-1.266010689,1.266010689,0.9873,0.012700000000000045,6,0.7631930725784514,
i06.png,i06_16_1.png,intensity_shift,1,5.56757,-0.760322471,0.760322471,0.9982,0.0018000000000000238,6,0.74747915170024,
i06.png,i06_16_2.png,intensity_shift,2,6.25,-0.406003241,0.406003241,0.9955,0.0044999999999999485,6,0.7511052344670773,
i06.png,i06_16_3.png,intensity_shift,3,5.08333,-1.09970647,1.09970647,0.984,0.016000000000000014,6,0.7685497363352682,
i06.png,i06_16_4.png,intensity_shift,4,5.83784,-0.784620643,0.784620643,0.9743,0.025699999999999945,6,0.7861204088583884,
i06.png,i06_16_5.png,intensity_shift,5,4.13889,-1.873322005,1.873322005,0.9283,0.07169999999999999,6,0.9196287443223028,
i06.png,i06_17_1.png,contrast_change,1,5.55556,-0.818568003,0.818568003,0.9944,0.005600000000000049,6,0.7526309282944424,
i06.png,i06_17_2.png,contrast_change,2,6.08108,-0.50665852,0.50665852,0.9818,0.018199999999999994,6,0.7722892501603167,
i06.png,i06_17_3.png,contrast_change,3,4.05556,-1.944976586,1.944976586,0.9672,0.03280000000000005,6,0.8008943951650165,
i06.png,i06_17_4.png,contrast_change,4,5.83784,-0.83745189,0.83745189,0.933,0.06699999999999995,6,0.9012117589153654,
i06.png,i06_17_5.png,contrast_change,5,3.37838,-2.860326971,2.860326971,0.8547,0.14529999999999998,6,1.4210384542917156,
i06.png,i06_18_1.png,change_of_color_saturation,1,5.2,-1.20773177,1.20773177,1.0,0.0,6,0.7451527935184291,
i06.png,i06_18_2.png,change_of_color_saturation,2,4.36111,-1.652473449,1.652473449,1.0,0.0,6,0.7451527935184291,
i06.png,i06_18_3.png,change_of_color_saturation,3,3.88889,-2.128858961,2.128858961,1.0,0.0,6,0.7451527935184291,
i06.png,i06_18_4.png,change_of_color_saturation,4,3.72973,-2.369747666,2.369747666,1.0,0.0,6,0.7451527935184291,
i06.png,i06_18_5.png,change_of_color_saturation,5,3.78378,-2.52786882,2.52786882,1.0,0.0,6,0.7451527935184291,
i06.png,i06_19_1.png,multiplicative_gaussian_noise,1,5.33333,-0.980709402,0.980709402,0.9419,0.05810000000000004,6,0.8697329815038932,
i06.png,i06_19_2.png,multiplicative_gaussian_noise,2,5.27027,-1.075690769,1.075690769,0.9027,0.09730000000000005,6,1.0451510367229901,
i06.png,i06_19_3.png,multiplicative_gaussian_noise,3,4.94595,-1.25751747,1.25751747,0.8469,0.1531,6,1.5007838015555506,
i06.png,i06_19_4.png,multiplicative_gaussian_noise,4,4.19444,-1.869444722,1.869444722,0.7706,0.22940000000000005,6,2.426860151726402,
i06.png,i06_19_5.png,multiplicative_gaussian_noise,5,3.59459,-2.497787015,2.497787015,0.6713,0.3287,6,3.2365846779249923,
i06.png,i06_20_1.png,comfort_noise,1,5.61111,-0.694548302,0.694548302,0.9428,0.05720000000000003,6,0.8667829216384906,
i06.png,i06_20_2.png,comfort_noise,2,5.27778,-0.826104846,0.826104846,0.8998,0.10019999999999996,6,1.062359752057168,
i06.png,i06_20_3.png,comfort_noise,3,5.59459,-0.767876844,0.767876844,0.8209,0.17910000000000004,6,1.7981542467747473,
i06.png,i06_20_4.png,comfort_noise,4,4.94595,-1.334083322,1.334083322,0.6849,0.31510000000000005,6,3.1722344537270306,
i06.png,i06_20_5.png,comfort_noise,5,3.97297,-2.158022327,2.158022327,0.4357,0.5643,6,3.494805346191594,
i06.png,i06_21_1.png,lossy_compression_of_noisy_images,1,5.7027,-0.726270614,0.726270614,0.9495,0.05049999999999999,6,0.8460762185695261,
i06.png,i06_21_2.png,lossy_compression_of_noisy_images,2,5.11111,-1.146525036,1.146525036,0.9097,0.09030000000000005,6,1.006256945295084,
i06.png,i06_21_3.png,lossy_compression_of_noisy_images,3,4.71429,-1.432051787,1.432051787,0.8448,0.1552,6,1.5230845182404944,
i06.png,i06_21_4.png,lossy_compression_of_noisy_images,4,3.63889,-2.390860541,2.390860541,0.7442,0.2558,6,2.7206679635995625,
i06.png,i06_21_5.png,lossy_compression_of_noisy_images,5,2.80556,-3.436192541,3.436192541,0.5874,0.41259999999999997,6,3.4364807040663337,
i06.png,i06_22_1.png,image_color_quantization_with_dither,1,5.63889,-0.688955996,0.688955996,0.9426,0.05740000000000001,6,0.8674349367222447,
i06.png,i06_22_2.png,image_color_quantization_with_dither,2,5.27778,-0.985824833,0.985824833,0.8948,0.10519999999999996,6,1.0935940054171278,
i06.png,i06_22_3.png,image_color_quantization_with_dither,3,4.16216,-1.969776076,1.969776076,0.8012,0.19879999999999998,6,2.044609637015978,
i06.png,i06_22_4.png,image_color_quantization_with_dither,4,3.56757,-2.736638702,2.736638702,0.7447,0.25529999999999997,6,2.715582777304234,
i06.png,i06_22_5.png,image_color_quantization_with_dither,5,2.97297,-3.401170759,3.401170759,0.6331,0.3669,6,3.3606461307330138,
i06.png,i06_23_1.png,chromatic_aberrations,1,5.91429,-0.669969038,0.669969038,0.995,0.0050000000000000044,6,0.7517951984735255,
i06.png,i06_23_2.png,chromatic_aberrations,2,5.80556,-0.620044391,0.620044391,0.9842,0.015800000000000036,6,0.7682165682589271,
i06.png,i06_23_3.png,chromatic_aberrations,3,5.67568,-0.741901226,0.741901226,0.9667,0.033299999999999996,6,0.8020011877021898,
i06.png,i06_23_4.png,chromatic_aberrations,4,5.32432,-1.027721269,1.027721269,0.9422,0.05779999999999996,6,0.8687450512629229,
i06.png,i06_23_5.png,chromatic_aberrations,5,2.34286,-4.12164108,4.12164108,0.4788,0.5212,6,3.489944397425454,
i06.png,i06_24_1.png,sparse_sampling_and_reconstruction,1,5.83784,-0.564635086,0.564635086,0.9501,0.049900000000000055,6,0.8443260182316956,
i06.png,i06_24_2.png,sparse_sampling_and_reconstruction,2,5.8,-0.832736891,0.832736891,0.9029,0.09709999999999996,6,1.0439883067560929,
i06.png,i06_24_3.png,sparse_sampling_and_reconstruction,3,4.81081,-1.360008402,1.360008402,0.812,0.18799999999999994,6,1.9082023909899908,
i06.png,i06_24_4.png,sparse_sampling_and_reconstruction,4,3.21622,-3.090965584,3.090965584,0.6532,0.3468,6,3.3045107064470454,
i06.png,i06_24_5.png,sparse_sampling_and_reconstruction,5,0.88889,-5.621045987,5.621045987,0.4308,0.5691999999999999,6,3.4951560714766723,
i07.png,i07_01_1.png,additive_gaussian_noise,1,5.68182,-0.678162569,0.678162569,0.9331,0.06689999999999996,7,0.9059476588033958,0.45360983299499225
i07.png,i07_01_2.png,additive_gaussian_noise,2,5.09091,-0.961150041,0.961150041,0.8806,0.11939999999999995,7,1.1949480520683267,0.7686593108284567
i07.png,i07_01_3.png,additive_gaussian_noise,3,4.8,-1.506275024,1.506275024,0.7978,0.20220000000000005,7,2.069435047607142,1.2370060518354218
i07.png,i07_01_4.png,additive_gaussian_noise,4,4.45455,-1.742783765,1.742783765,0.6907,0.3093,7,3.1291781769929736,1.7656006447054504
i07.png,i07_01_5.png,additive_gaussian_noise,5,3.97619,-2.306089382,2.306089382,0.5634,0.4366,7,3.4687554120222788,2.258332457094752
i07.png,i07_02_1.png,additive_noise_in_color_more_intensive_than_additive_noise_in_the_luminance,1,6.04444,-0.327541838,0.327541838,0.9809,0.019100000000000006,7,0.7782849357610503,
i07.png,i07_02_2.png,additive_noise_in_color_more_intensive_than_additive_noise_in_the_luminance,2,5.86364,-0.545485978,0.545485978,0.9642,0.035800000000000054,7,0.8125333902936475,
i07.png,i07_02_3.png,additive_noise_in_color_more_intensive_than_additive_noise_in_the_luminance,3,5.55814,-0.703337177,0.703337177,0.9326,0.06740000000000002,7,0.9078372295750118,
i07.png,i07_02_4.png,additive_noise_in_color_more_intensive_than_additive_noise_in_the_luminance,4,5.23256,-1.088177913,1.088177913,0.8803,0.11970000000000003,7,1.1972015866388532,
i07.png,i07_02_5.png,additive_noise_in_color_more_intensive_than_additive_noise_in_the_luminance,5,4.75556,-1.547973269,1.547973269,0.798,0.20199999999999996,7,2.0669350097919654,
i07.png,i07_03_1.png,spatially_correlated_noise,1,4.93333,-1.238665461,1.238665461,0.9465,0.05349999999999999,7,0.8602120023838408,
i07.png,i07_03_2.png,spatially_correlated_noise,2,4.22727,-1.922827866,1.922827866,0.903,0.09699999999999998,7,1.047281458519202,
i07.png,i07_03_3.png,spatially_correlated_noise,3,3.73333,-2.435514414,2.435514414,0.8325,0.16749999999999998,7,1.6508156303292392,
i07.png,i07_03_4.png,spatially_correlated_noise,4,3.31111,-3.063235676,3.063235676,0.7333,0.26670000000000005,7,2.805636419754852,
i07.png,i07_03_5.png,spatially_correlated_noise,5,2.73333,-3.708056605,3.708056605,0.6103,0.38970000000000005,7,3.410912487482638,
i07.png,i07_04_1.png,masked_noise,1,5.86667,-0.422732281,0.422732281,0.9757,0.02429999999999999,7,0.7879790460265031,
i07.png,i07_04_2.png,masked_noise,2,6.0,-0.427765238,0.427765238,0.9534,0.046599999999999975,7,0.8400500877055658,
i07.png,i07_04_3.png,masked_noise,3,5.42222,-0.815871852,0.815871852,0.9151,0.08489999999999998,7,0.9833194735470949,
i07.png,i07_04_4.png,masked_noise,4,4.95122,-1.385701688,1.385701688,0.8469,0.1531,7,1.4952533604398703,
i07.png,i07_04_5.png,masked_noise,5,4.2093,-1.935838967,1.935838967,0.7502,0.24980000000000002,7,2.6358688721902284,
i07.png,i07_05_1.png,high_frequency_noise,1,6.04444,-0.475585932,0.475585932,0.9308,0.06920000000000004,7,0.9147555650529038,
i07.png,i07_05_2.png,high_frequency_noise,2,5.8,-0.538497483,0.538497483,0.8771,0.12290000000000001,7,1.221708293059982,
i07.png,i07_05_3.png,high_frequency_noise,3,5.15909,-1.074421918,1.074421918,0.7257,0.2743,7,2.874456504909726,
i07.png,i07_05_4.png,high_frequency_noise,4,4.27907,-1.923910118,1.923910118,0.5179,0.4821,7,3.4943638385394795,
i07.png,i07_05_5.png,high_frequency_noise,5,3.31818,-2.936861955,2.936861955,0.3096,0.6904,7,3.5150404392946304,
i07.png,i07_06_1.png,impulse_noise,1,4.83333,-1.35456129,1.35456129,0.9591,0.04090000000000005,7,0.8249471160937306,
i07.png,i07_06_2.png,impulse_noise,2,4.61364,-1.61571273,1.61571273,0.9218,0.07820000000000005,7,0.9521856509021656,
i07.png,i07_06_3.png,impulse_noise,3,4.15909,-2.132713693,2.132713693,0.8601,0.13990000000000002,7,1.3663894831007761,
i07.png,i07_06_4.png,impulse_noise,4,3.75,-2.506023149,2.506023149,0.7573,0.24270000000000003,7,2.5582337377543505,
i07.png,i07_06_5.png,impulse_noise,5,3.31818,-3.021755233,3.021755233,0.6156,0.38439999999999996,7,3.4010937357758078,
i07.png,i07_07_1.png,quantization_noise,1,5.5814,-0.692182567,0.692182567,0.9614,0.03859999999999997,7,0.8192248886525155,
i07.png,i07_07_2.png,quantization_noise,2,5.19048,-0.992047473,0.992047473,0.9413,0.058699999999999974,7,0.8768760891921459,
i07.png,i07_07_3.png,quantization_noise,3,4.31818,-1.898977806,1.898977806,0.8855,0.11450000000000005,7,1.159198807219178,
i07.png,i07_07_4.png,quantization_noise,4,3.62222,-2.686839005,2.686839005,0.834,0.16600000000000004,7,1.6339546552086635,
i07.png,i07_07_5.png,quantization_noise,5,2.83721,-3.395680818,3.395680818,0.7959,0.20409999999999995,7,2.0931908684619946,
i07.png,i07_08_1.png,gaussian_blur,1,5.86364,-0.406191837,0.406191837,0.9912,0.00880000000000003,7,0.7613499888097558,
i07.png,i07_08_2.png,gaussian_blur,2,5.53333,-0.768124075,0.768124075,0.9737,0.02629999999999999,7,0.7919303809322251,
i07.png,i07_08_3.png,gaussian_blur,3,4.5814,-1.566864171,1.566864171,0.9281,0.07189999999999996,7,0.9254796520171594,
i07.png,i07_08_4.png,gaussian_blur,4,3.42222,-2.861699265,2.861699265,0.8269,0.17310000000000003,7,1.7149599382305705,
i07.png,i07_08_5.png,gaussian_blur,5,2.63636,-3.957351562,3.957351562,0.6222,0.3778,7,3.3876299251338717,
i07.png,i07_09_1.png,image_denoising,1,6.42222,-0.24436049,0.24436049,0.9757,0.02429999999999999,7,0.7879790460265031,
i07.png,i07_09_2.png,image_denoising,2,6.02222,-0.383928373,0.383928373,0.9625,0.03749999999999998,7,0.8165606786686729,
i07.png,i07_09_3.png,image_denoising,3,5.22727,-0.988846942,0.988846942,0.9299,0.07010000000000005,7,0.9182835809210886,
i07.png,i07_09_4.png,image_denoising,4,3.97674,-2.31809549,2.31809549,0.859,0.14100000000000001,7,1.3765880398221177,
i07.png,i07_09_5.png,image_denoising,5,2.46667,-4.083785856,4.083785856,0.7334,0.26659999999999995,7,2.8046988276091147,
i07.png,i07_10_1.png,JPEG_compression,1,6.13333,-0.307506794,0.307506794,0.9756,0.024399999999999977,7,0.7881735958674668,
i07.png,i07_10_2.png,JPEG_compression,2,5.88636,-0.586441564,0.586441564,0.96,0.040000000000000036,7,0.8226832735823885,
i07.png,i07_10_3.png,JPEG_compression,3,5.04545,-1.279828066,1.279828066,0.9219,0.07809999999999995,7,0.9517427486318115,
i07.png,i07_10_4.png,JPEG_compression,4,3.70455,-2.680687382,2.680687382,0.8322,0.16779999999999995,7,1.6542046849194076,
i07.png,i07_10_5.png,JPEG_compression,5,2.22727,-4.274460391,4.274460391,0.7427,0.2573,7,2.7139557203962195,
i07.png,i07_11_1.png,JPEG2000_compression,1,5.48837,-0.712932129,0.712932129,0.9491,0.050899999999999945,7,0.8523623058031377,
i07.png,i07_11_2.png,JPEG2000_compression,2,4.51111,-1.580033017,1.580033017,0.9069,0.09309999999999996,7,1.0255296395555327,
i07.png,i07_11_3.png,JPEG2000_compression,3,3.43182,-2.79459555,2.79459555,0.8359,0.16410000000000002,7,1.6128038873888206,
i07.png,i07_11_4.png,JPEG2000_compression,4,2.42222,-4.166121262,4.166121262,0.7274,0.27259999999999995,7,2.8594827824523508,
i07.png,i07_11_5.png,JPEG2000_compression,5,0.97727,-5.499572692,5.499572692,0.5922,0.40780000000000005,7,3.438688880983945,
i07.png,i07_12_1.png,JPEG_transmission_errors,1,5.34091,-0.875822796,0.875822796,0.9873,0.012700000000000045,7,0.7674281084835333,
i07.png,i07_12_2.png,JPEG_transmission_errors,2,4.72727,-1.423112765,1.423112765,0.9073,0.0927,7,1.0233611049432194,
i07.png,i07_12_3.png,JPEG_transmission_errors,3,3.53333,-2.802294725,2.802294725,0.8151,0.18489999999999995,7,1.855392806348023,
i07.png,i07_12_4.png,JPEG_transmission_errors,4,2.86364,-3.529755323,3.529755323,0.7208,0.2792,7,2.9162501024278398,
i07.png,i07_12_5.png,JPEG_transmission_errors,5,2.51111,-4.041003435,4.041003435,0.5717,0.4283,7,3.461531591287511,
i07.png,i07_13_1.png,JPEG2000_transmission_errors,1,4.5814,-1.571841322,1.571841322,0.9356,0.06440000000000001,7,0.896705898498394,
i07.png,i07_13_2.png,JPEG2000_transmission_errors,2,4.06818,-2.291993473,2.291993473,0.8392,0.16080000000000005,7,1.576638647072388,
i07.png,i07_13_3.png,JPEG2000_transmission_errors,3,3.37209,-3.042863026,3.042863026,0.7449,0.2551,7,2.6914891882569374,
i07.png,i07_13_4.png,JPEG2000_transmission_errors,4,2.72727,-3.898785134,3.898785134,0.6546,0.34540000000000004,7,3.296873001191764,
i07.png,i07_13_5.png,JPEG2000_transmission_errors,5,2.51111,-4.006183256,4.006183256,0.4715,0.5285,7,3.5061671265707153,
i07.png,i07_14_1.png,non_eccentricity_pattern_noise,1,5.79545,-0.471056488,0.471056488,0.9727,0.02729999999999999,7,0.7939543624337746,
i07.png,i07_14_2.png,non_eccentricity_pattern_noise,2,6.15909,-0.207262696,0.207262696,0.975,0.025000000000000022,7,0.7893475215360531,
i07.png,i07_14_3.png,non_eccentricity_pattern_noise,3,5.70455,-0.571116156,0.571116156,0.9459,0.05410000000000004,7,0.8620682475918624,
i07.png,i07_14_4.png,non_eccentricity_pattern_noise,4,5.22222,-0.976263941,0.976263941,0.9246,0.07540000000000002,7,0.9400188765575233,
i07.png,i07_14_5.png,non_eccentricity_pattern_noise,5,4.20455,-1.943417965,1.943417965,0.9071,0.09289999999999998,7,1.024443936437215,
i07.png,i07_15_1.png,local_block_wise_distortions_of_different_intensity,1,3.63636,-2.424174491,2.424174491,0.9543,0.04569999999999996,7,0.8375752392013941,
i07.png,i07_15_2.png,local_block_wise_distortions_of_different_intensity,2,3.28889,-3.006842505,3.006842505,0.9601,0.03990000000000005,7,0.8224337083568772,
i07.png,i07_15_3.png,local_block_wise_distortions_of_different_intensity,3,3.04545,-3.179230691,3.179230691,0.9683,0.03169999999999995,7,0.8032565225239159,
i07.png,i07_15_4.png,local_block_wise_distortions_of_different_intensity,4,3.34091,-2.857865159,2.857865159,0.977,0.02300000000000002,7,0.7854783339012494,
i07.png,i07_15_5.png,local_block_wise_distortions_of_different_intensity,5,3.65116,-2.5038253,2.5038253,0.9882,0.011800000000000033,7,0.765990647516706,
i07.png,i07_16_1.png,intensity_shift,1,6.20455,-0.19489148,0.19489148,0.9975,0.0024999999999999467,7,0.7523219711280746,
i07.png,i07_16_2.png,intensity_shift,2,6.34884,-0.267300223,0.267300223,0.9945,0.005499999999999949,7,0.7565037067134014,
i07.png,i07_16_3.png,intensity_shift,3,5.93333,-0.431215619,0.431215619,0.9775,0.022499999999999964,7,0.7845304528019965,
i07.png,i07_16_4.png,intensity_shift,4,5.35556,-0.89788319,0.89788319,0.9698,0.030200000000000005,7,0.8000113422367621,
i07.png,i07_16_5.png,intensity_shift,5,4.81818,-1.265917766,1.265917766,0.9006,0.09940000000000004,7,1.061225495960282,
i07.png,i07_17_1.png,contrast_change,1,5.54545,-0.711797299,0.711797299,0.9951,0.0049000000000000155,7,0.7556506375437351,
i07.png,i07_17_2.png,contrast_change,2,6.4,-0.10714283,0.10714283,0.9869,0.0131,7,0.7680738334560755,
i07.png,i07_17_3.png,contrast_change,3,4.40476,-1.576903733,1.576903733,0.9738,0.0262,7,0.7917297706834187,
i07.png,i07_17_4.png,contrast_change,4,6.72727,-0.039238023,0.039238023,0.9516,0.0484,7,0.8451046692240143,
i07.png,i07_17_5.png,contrast_change,5,3.34091,-2.915276966,2.915276966,0.8848,0.11519999999999997,7,1.1641843195325168,
i07.png,i07_18_1.png,change_of_color_saturation,1,5.38636,-0.840377543,0.840377543,1.0,0.0,7,0.748992869943007,
i07.png,i07_18_2.png,change_of_color_saturation,2,4.95455,-1.332274045,1.332274045,1.0,0.0,7,0.748992869943007,
i07.png,i07_18_3.png,change_of_color_saturation,3,4.37778,-1.883022919,1.883022919,1.0,0.0,7,0.748992869943007,
i07.png,i07_18_4.png,change_of_color_saturation,4,3.86364,-2.388291568,2.388291568,1.0,0.0,7,0.748992869943007,
i07.png,i07_18_5.png,change_of_color_saturation,5,3.63636,-2.574233079,2.574233079,1.0,0.0,7,0.748992869943007,
i07.png,i07_19_1.png,multiplicative_gaussian_noise,1,5.86667,-0.568700243,0.568700243,0.9237,0.07630000000000003,7,0.943876916494272,
i07.png,i07_19_2.png,multiplicative_gaussian_noise,2,5.44444,-0.850050704,0.850050704,0.8693,0.13070000000000004,7,1.2850605158117712,
i07.png,i07_19_3.png,multiplicative_gaussian_noise,3,4.8,-1.46379744,1.46379744,0.7889,0.21109999999999995,7,2.1806148875520854,
i07.png,i07_19_4.png,multiplicative_gaussian_noise,4,4.11364,-2.163145495,2.163145495,0.6885,0.3115,7,3.1419211937952927,
i07.png,i07_19_5.png,multiplicative_gaussian_noise,5,3.70455,-2.706186226,2.706186226,0.575,0.42500000000000004,7,3.4583650837627467,
i07.png,i07_20_1.png,comfort_noise,1,5.75,-0.595241235,0.595241235,0.9313,0.06869999999999998,7,0.9128154863940718,
i07.png,i07_20_2.png,comfort_noise,2,5.42222,-0.831107346,0.831107346,0.8857,0.11429999999999996,7,1.1577817690037029,
i07.png,i07_20_3.png,comfort_noise,3,4.4186,-1.694393773,1.694393773,0.8085,0.1915,7,1.9362902620450761,
i07.png,i07_20_4.png,comfort_noise,4,3.62222,-2.768269373,2.768269373,0.6936,0.3064,7,3.1118231092484603,
i07.png,i07_20_5.png,comfort_noise,5,2.93023,-3.471626386,3.471626386,0.518,0.482,7,3.494326742116954,
i07.png,i07_21_1.png,lossy_compression_of_noisy_images,1,5.66667,-0.852057352,0.852057352,0.9303,0.06969999999999998,7,0.9167098581167821,
i07.png,i07_21_2.png,lossy_compression_of_noisy_images,2,4.95455,-1.260659115,1.260659115,0.8801,0.1199,7,1.1987081200354828,
i07.png,i07_21_3.png,lossy_compression_of_noisy_images,3,4.11111,-2.058939506,2.058939506,0.7899,0.21009999999999995,7,2.168150367588841,
i07.png,i07_21_4.png,lossy_compression_of_noisy_images,4,3.38636,-3.003749207,3.003749207,0.6722,0.3278,7,3.2255844119017407,
i07.png,i07_21_5.png,lossy_compression_of_noisy_images,5,2.32558,-3.998062249,3.998062249,0.5082,0.4918,7,3.497672886525844,
i07.png,i07_22_1.png,image_color_quantization_with_dither,1,5.93333,-0.459680386,0.459680386,0.9313,0.06869999999999998,7,0.9128154863940718,
i07.png,i07_22_2.png,image_color_quantization_with_dither,2,5.23256,-0.914106091,0.914106091,0.8721,0.1279,7,1.2617265667359894,
i07.png,i07_22_3.png,image_color_quantization_with_dither,3,4.65116,-1.470434265,1.470434265,0.7674,0.23260000000000003,7,2.4423426210482058,
i07.png,i07_22_4.png,image_color_quantization_with_dither,4,4.14286,-2.305338227,2.305338227,0.6793,0.3207,7,3.1913969605705654,
i07.png,i07_22_5.png,image_color_quantization_with_dither,5,2.65909,-3.753161793,3.753161793,0.6116,0.38839999999999997,7,3.4085818021952177,
i07.png,i07_23_1.png,chromatic_aberrations,1,6.02222,-0.320938239,0.320938239,0.9935,0.00649999999999995,7,0.7579444563538795,
i07.png,i07_23_2.png,chromatic_aberrations,2,5.73333,-0.674630683,0.674630683,0.9792,0.02080000000000004,7,0.7813645611023146,
i07.png,i07_23_3.png,chromatic_aberrations,3,5.04444,-1.177317178,1.177317178,0.9014,0.09860000000000002,7,1.056529568339912,
i07.png,i07_23_4.png,chromatic_aberrations,4,4.2093,-1.837042973,1.837042973,0.8755,0.12450000000000006,7,1.2342844599046636,
i07.png,i07_23_5.png,chromatic_aberrations,5,2.64444,-3.714754889,3.714754889,0.72,0.28,7,2.9228805630770034,
i07.png,i07_24_1.png,sparse_sampling_and_reconstruction,1,5.72093,-0.611405737,0.611405737,0.9416,0.05840000000000001,7,0.8758786194458877,
i07.png,i07_24_2.png,sparse_sampling_and_reconstruction,2,4.93333,-1.356896502,1.356896502,0.8999,0.10009999999999997,7,1.065374030797983,
i07.png,i07_24_3.png,sparse_sampling_and_reconstruction,3,3.86364,-2.510682831,2.510682831,0.8322,0.16779999999999995,7,1.6542046849194076,
i07.png,i07_24_4.png,sparse_sampling_and_reconstruction,4,2.25,-4.359692597,4.359692597,0.7335,0.26649999999999996,7,2.8037604104987306,
i07.png,i07_24_5.png,sparse_sampling_and_reconstruction,5,0.47619,-5.682696357,5.682696357,0.6019,0.3981,7,3.4248349977299806,
i08.png,i08_01_1.png,additive_gaussian_noise,1,5.54839,-0.176546208,0.176546208,0.9656,0.034399999999999986,8,0.8306743434632832,0.2539915594990898
i08.png,i08_01_2.png,additive_gaussian_noise,2,4.70968,-0.75133182,0.75133182,0.9371,0.06289999999999996,8,0.912978096225929,0.4326564498121037
i08.png,i08_01_3.png,additive_gaussian_noise,3,4.83871,-0.612480492,0.612480492,0.8891,0.1109,8,1.1574276994248867,0.7252734224903472
i08.png,i08_01_4.png,additive_gaussian_noise,4,4.1,-1.195704374,1.195704374,0.8193,0.18069999999999997,8,1.8330012357982624,1.1260153424095263
i08.png,i08_01_5.png,additive_gaussian_noise,5,3.54839,-1.740074375,1.740074375,0.7261,0.27390000000000003,8,2.8983049479965115,1.6031839285895026
i08.png,i08_02_1.png,additive_noise_in_color_more_intensive_than_additive_noise_in_the_luminance,1,5.59375,-0.114992548,0.114992548,0.9903,0.009700000000000042,8,0.7840579783239289,
i08.png,i08_02_2.png,additive_noise_in_color_more_intensive_than_additive_noise_in_the_luminance,2,5.54839,-0.214796269,0.214796269,0.9817,0.018299999999999983,8,0.7982034559889217,
i08.png,i08_02_3.png,additive_noise_in_color_more_intensive_than_additive_noise_in_the_luminance,3,5.40625,-0.209133079,0.209133079,0.9654,0.034599999999999964,8,0.8311331322690778,
i08.png,i08_02_4.png,additive_noise_in_color_more_intensive_than_additive_noise_in_the_luminance,4,5.22581,-0.397754591,0.397754591,0.9362,0.06379999999999997,8,0.9162083811142323,
i08.png,i08_02_5.png,additive_noise_in_color_more_intensive_than_additive_noise_in_the_luminance,5,4.64516,-0.967656195,0.967656195,0.888,0.11199999999999999,8,1.1650150637635537,
i08.png,i08_03_1.png,spatially_correlated_noise,1,4.64516,-0.860237651,0.860237651,0.9726,0.02739999999999998,8,0.8155111201109136,
i08.png,i08_03_2.png,spatially_correlated_noise,2,4.29032,-1.156122393,1.156122393,0.9499,0.05010000000000003,8,0.871497714458862,
i08.png,i08_03_3.png,spatially_correlated_noise,3,3.46667,-1.862028399,1.862028399,0.9093,0.0907,8,1.0350429552702518,
i08.png,i08_03_4.png,spatially_correlated_noise,4,2.96875,-2.390624451,2.390624451,0.848,0.15200000000000002,8,1.5100420992493881,
i08.png,i08_03_5.png,spatially_correlated_noise,5,2.34375,-3.05671689,3.05671689,0.7637,0.23629999999999995,8,2.515219624893378,
i08.png,i08_04_1.png,masked_noise,1,6.06452,0.294632075,-0.294632075,0.9895,0.010499999999999954,8,0.7852906905596502,
i08.png,i08_04_2.png,masked_noise,2,5.83871,-0.081026276,0.081026276,0.9807,0.019299999999999984,8,0.7999820547580967,
i08.png,i08_04_3.png,masked_noise,3,5.625,-0.155334624,0.155334624,0.9626,0.03739999999999999,8,0.8377124644374889,
i08.png,i08_04_4.png,masked_noise,4,5.4375,-0.304127295,0.304127295,0.9293,0.07069999999999999,8,0.9424609052140484,
i08.png,i08_04_5.png,masked_noise,5,4.96774,-0.713284107,0.713284107,0.8716,0.12839999999999996,8,1.2901320058387111,
i08.png,i08_05_1.png,high_frequency_noise,1,5.33333,-0.242559662,0.242559662,0.9646,0.03539999999999999,8,0.8329830317585688,
i08.png,i08_05_2.png,high_frequency_noise,2,5.45161,-0.118511821,0.118511821,0.9353,0.06469999999999998,8,0.9194823782935081,
i08.png,i08_05_3.png,high_frequency_noise,3,4.71875,-0.694262591,0.694262591,0.8433,0.15669999999999995,8,1.5591979221871242,
i08.png,i08_05_4.png,high_frequency_noise,4,3.96774,-1.290165608,1.290165608,0.6901,0.30989999999999995,8,3.15647864769296,
i08.png,i08_05_5.png,high_frequency_noise,5,3.125,-2.296476422,2.296476422,0.4936,0.5064,8,3.515908331723421,
i08.png,i08_06_1.png,impulse_noise,1,4.3871,-0.985723624,0.985723624,0.9728,0.027200000000000002,8,0.8151025462253928,
i08.png,i08_06_2.png,impulse_noise,2,4.09375,-1.34848474,1.34848474,0.9467,0.053300000000000014,8,0.8811198168926209,
i08.png,i08_06_3.png,impulse_noise,3,3.93333,-1.499106506,1.499106506,0.89,0.10999999999999999,8,1.1512934045567258,
i08.png,i08_06_4.png,impulse_noise,4,3.6129,-1.86042826,1.86042826,0.8047,0.19530000000000003,8,2.0125948620833123,
i08.png,i08_06_5.png,impulse_noise,5,3.06452,-2.260461119,2.260461119,0.6873,0.3127,8,3.1722272202095807,
i08.png,i08_07_1.png,quantization_noise,1,5.5,-0.231501469,0.231501469,0.9698,0.030200000000000005,8,0.8213720889459054,
i08.png,i08_07_2.png,quantization_noise,2,4.64516,-0.741238726,0.741238726,0.9476,0.0524,8,0.8783654251850607,
i08.png,i08_07_3.png,quantization_noise,3,4.16667,-1.261619639,1.261619639,0.9197,0.08030000000000004,8,0.9836618449866609,
i08.png,i08_07_4.png,quantization_noise,4,3.45161,-1.907132348,1.907132348,0.8787,0.12129999999999996,8,1.233176887643395,
i08.png,i08_07_5.png,quantization_noise,5,2.3871,-2.891192741,2.891192741,0.8001,0.19989999999999997,8,2.0701386334587575,
i08.png,i08_08_1.png,gaussian_blur,1,5.21875,-0.381474964,0.381474964,0.9739,0.026100000000000012,8,0.8128789074267752,
i08.png,i08_08_2.png,gaussian_blur,2,4.59375,-0.906871415,0.906871415,0.9137,0.08630000000000004,8,1.0124043541253713,
i08.png,i08_08_3.png,gaussian_blur,3,3.90323,-1.617198606,1.617198606,0.7718,0.22819999999999996,8,2.4200759641769842,
i08.png,i08_08_4.png,gaussian_blur,4,2.87097,-2.667224726,2.667224726,0.5823,0.41769999999999996,8,3.4668389859919984,
i08.png,i08_08_5.png,gaussian_blur,5,1.96774,-3.303782747,3.303782747,0.415,0.585,8,3.5257974883199257,
i08.png,i08_09_1.png,image_denoising,1,5.70968,0.087476997,-0.087476997,0.9579,0.042100000000000026,8,0.84943640200804,
i08.png,i08_09_2.png,image_denoising,2,5.875,-0.008173451,0.008173451,0.9348,0.06520000000000004,8,0.9213203263587311,
i08.png,i08_09_3.png,image_denoising,3,5.03125,-0.607728536,0.607728536,0.8842,0.11580000000000001,8,1.191993364062619,
i08.png,i08_09_4.png,image_denoising,4,3.5,-1.964696545,1.964696545,0.7829,0.21709999999999996,8,2.2849869063915955,
i08.png,i08_09_5.png,image_denoising,5,1.75,-3.633986104,3.633986104,0.5653,0.4347,8,3.4827502098346415,
i08.png,i08_10_1.png,JPEG_compression,1,5.96774,0.048134748,-0.048134748,0.9601,0.03990000000000005,8,0.8438398597113327,
i08.png,i08_10_2.png,JPEG_compression,2,5.59375,-0.15745561,0.15745561,0.9316,0.06840000000000002,8,0.9334114612686064,
i08.png,i08_10_3.png,JPEG_compression,3,4.6875,-0.737170726,0.737170726,0.8661,0.13390000000000002,8,1.3372096011661436,
i08.png,i08_10_4.png,JPEG_compression,4,3.21875,-1.985109188,1.985109188,0.7426,0.25739999999999996,8,2.743643101729708,
i08.png,i08_10_5.png,JPEG_compression,5,1.34375,-3.931334262,3.931334262,0.6227,0.37729999999999997,8,3.404679933601272,
i08.png,i08_11_1.png,JPEG2000_compression,1,6.0,0.04562737,-0.04562737,0.954,0.04600000000000004,8,0.8598468685640364,
i08.png,i08_11_2.png,JPEG2000_compression,2,5.25,-0.366462811,0.366462811,0.9162,0.08379999999999999,8,1.0001362452411695,
i08.png,i08_11_3.png,JPEG2000_compression,3,4.56667,-0.800617102,0.800617102,0.8449,0.15510000000000002,8,1.5422774698769672,
i08.png,i08_11_4.png,JPEG2000_compression,4,4.19355,-1.374912083,1.374912083,0.7708,0.22919999999999996,8,2.4320020444621537,
i08.png,i08_11_5.png,JPEG2000_compression,5,2.26667,-3.154217441,3.154217441,0.6024,0.39759999999999995,8,3.4410663425341874,
i08.png,i08_12_1.png,JPEG_transmission_errors,1,6.19355,0.191453999,-0.191453999,0.989,0.01100000000000001,8,0.7860694761508096,
i08.png,i08_12_2.png,JPEG_transmission_errors,2,5.74194,0.02028525,-0.02028525,0.9787,0.021299999999999986,8,0.8036278515353242,
i08.png,i08_12_3.png,JPEG_transmission_errors,3,5.5,-0.22066103,0.22066103,0.945,0.05500000000000005,8,0.886427616157962,
i08.png,i08_12_4.png,JPEG_transmission_errors,4,4.8125,-0.667524139,0.667524139,0.9074,0.09260000000000002,8,1.0452422992821753,
i08.png,i08_12_5.png,JPEG_transmission_errors,5,4.25,-1.136985958,1.136985958,0.8904,0.10960000000000003,8,1.1485882171658834,
i08.png,i08_13_1.png,JPEG2000_transmission_errors,1,5.78125,-0.083926139,0.083926139,0.9546,0.045399999999999996,8,0.8582035056332692,
i08.png,i08_13_2.png,JPEG2000_transmission_errors,2,3.26667,-2.02477012,2.02477012,0.9083,0.0917,8,1.0403786885324227,
i08.png,i08_13_3.png,JPEG2000_transmission_errors,3,4.3871,-0.977454316,0.977454316,0.9094,0.09060000000000001,8,1.034513312784977,
i08.png,i08_13_4.png,JPEG2000_transmission_errors,4,2.73333,-2.560427745,2.560427745,0.7344,0.26559999999999995,8,2.8233363263383744,
i08.png,i08_13_5.png,JPEG2000_transmission_errors,5,2.125,-3.233940622,3.233940622,0.6782,0.3218,8,3.2195196536825748,
i08.png,i08_14_1.png,non_eccentricity_pattern_noise,1,5.65625,-0.096169795,0.096169795,0.9827,0.017299999999999982,8,0.796453803581934,
i08.png,i08_14_2.png,non_eccentricity_pattern_noise,2,5.4375,-0.183626982,0.183626982,0.9679,0.03210000000000002,8,0.8255026033892525,
i08.png,i08_14_3.png,non_eccentricity_pattern_noise,3,4.87097,-0.569473516,0.569473516,0.9334,0.06659999999999999,8,0.9265398132138761,
i08.png,i08_14_4.png,non_eccentricity_pattern_noise,4,4.75,-0.811515328,0.811515328,0.8995,0.10050000000000003,8,1.0904988262577,
i08.png,i08_14_5.png,non_eccentricity_pattern_noise,5,4.0,-1.389432846,1.389432846,0.8618,0.1382,8,1.3758085986429542,
i08.png,i08_15_1.png,local_block_wise_distortions_of_different_intensity,1,3.77419,-1.716103633,1.716103633,0.9461,0.05389999999999995,8,0.8829773693909169,
i08.png,i08_15_2.png,local_block_wise_distortions_of_different_intensity,2,2.93548,-2.25108146,2.25108146,0.9568,0.043200000000000016,8,0.8523083824067944,
i08.png,i08_15_3.png,local_block_wise_distortions_of_different_intensity,3,3.28125,-2.204490894,2.204490894,0.9676,0.032399999999999984,8,0.8261664049000823,
i08.png,i08_15_4.png,local_block_wise_distortions_of_different_intensity,4,3.6875,-1.788026525,1.788026525,0.9786,0.021399999999999975,8,0.8038132906766985,
i08.png,i08_15_5.png,local_block_wise_distortions_of_different_intensity,5,3.51613,-1.763067243,1.763067243,0.9898,0.010199999999999987,8,0.7848265066549988,
i08.png,i08_16_1.png,intensity_shift,1,6.0625,0.223434691,-0.223434691,0.9979,0.0020999999999999908,8,0.7731299205810006,
i08.png,i08_16_2.png,intensity_shift,2,5.75,-0.050498913,0.050498913,0.9944,0.005600000000000049,8,0.7779910732346413,
i08.png,i08_16_3.png,intensity_shift,3,5.87097,-0.05894883,0.05894883,0.9779,0.02210000000000001,8,0.8051198805211146,
i08.png,i08_16_4.png,intensity_shift,4,4.90323,-0.571559731,0.571559731,0.9601,0.03990000000000005,8,0.8438398597113327,
i08.png,i08_16_5.png,intensity_shift,5,4.56667,-0.797687046,0.797687046,0.9025,0.09750000000000003,8,1.072762328178045,
i08.png,i08_17_1.png,contrast_change,1,5.40625,-0.201500544,0.201500544,0.9937,0.006299999999999972,8,0.7789978200540354,
i08.png,i08_17_2.png,contrast_change,2,5.58065,-0.034781903,0.034781903,0.9789,0.021100000000000008,8,0.8032578811374413,
i08.png,i08_17_3.png,contrast_change,3,4.1875,-1.110672819,1.110672819,0.9618,0.03820000000000001,8,0.8396468252231768,
i08.png,i08_17_4.png,contrast_change,4,5.06452,-0.487095651,0.487095651,0.9167,0.08330000000000004,8,0.9977331718671978,
i08.png,i08_17_5.png,contrast_change,5,3.25806,-2.087809172,2.087809172,0.8318,0.16820000000000002,8,1.6860929103458129,
i08.png,i08_18_1.png,change_of_color_saturation,1,4.25,-0.987634456,0.987634456,1.0,0.0,8,0.7703468344227904,
i08.png,i08_18_2.png,change_of_color_saturation,2,3.74194,-1.712454775,1.712454775,1.0,0.0,8,0.7703468344227904,
i08.png,i08_18_3.png,change_of_color_saturation,3,2.9375,-2.437361394,2.437361394,1.0,0.0,8,0.7703468344227904,
i08.png,i08_18_4.png,change_of_color_saturation,4,2.84375,-2.42674071,2.42674071,1.0,0.0,8,0.7703468344227904,
i08.png,i08_18_5.png,change_of_color_saturation,5,2.87097,-2.349773057,2.349773057,0.9997,0.00029999999999996696,8,0.7707384520496084,
i08.png,i08_19_1.png,multiplicative_gaussian_noise,1,5.3871,-0.21760816,0.21760816,0.9614,0.03859999999999997,8,0.8406232688894847,
i08.png,i08_19_2.png,multiplicative_gaussian_noise,2,4.93548,-0.608076892,0.608076892,0.9345,0.0655,8,0.922429674175123,
i08.png,i08_19_3.png,multiplicative_gaussian_noise,3,4.6875,-0.778645802,0.778645802,0.8955,0.10450000000000004,8,1.115226219749214,
i08.png,i08_19_4.png,multiplicative_gaussian_noise,4,4.03226,-1.210494719,1.210494719,0.8398,0.1602,8,1.5968612972775345,
i08.png,i08_19_5.png,multiplicative_gaussian_noise,5,3.59375,-1.89780449,1.89780449,0.7642,0.2358,8,2.5094490876644744,
i08.png,i08_20_1.png,comfort_noise,1,5.87097,0.151843137,-0.151843137,0.9426,0.05740000000000001,8,0.8941599051475957,
i08.png,i08_20_2.png,comfort_noise,2,5.96774,0.041496928,-0.041496928,0.9002,0.0998,8,1.0862989466542246,
i08.png,i08_20_3.png,comfort_noise,3,5.26667,-0.271077264,0.271077264,0.8312,0.16879999999999995,8,1.6929497184431332,
i08.png,i08_20_4.png,comfort_noise,4,4.625,-0.851547493,0.851547493,0.7188,0.2812,8,2.959396942727539,
i08.png,i08_20_5.png,comfort_noise,5,3.8125,-1.4734828,1.4734828,0.5572,0.44279999999999997,8,3.48885166760072,
i08.png,i08_21_1.png,lossy_compression_of_noisy_images,1,5.6875,-0.070740387,0.070740387,0.9503,0.049699999999999966,8,0.8703280749205786,
i08.png,i08_21_2.png,lossy_compression_of_noisy_images,2,4.93548,-0.682632011,0.682632011,0.9125,0.08750000000000002,8,1.0184446414326418,
i08.png,i08_21_3.png,lossy_compression_of_noisy_images,3,4.29032,-1.009215427,1.009215427,0.8575,0.14249999999999996,8,1.4159636387018764,
i08.png,i08_21_4.png,lossy_compression_of_noisy_images,4,3.80645,-1.563216327,1.563216327,0.7745,0.22550000000000003,8,2.3876504296887213,
i08.png,i08_21_5.png,lossy_compression_of_noisy_images,5,2.67742,-2.522807638,2.522807638,0.6514,0.3486,8,3.328162819156625,
i08.png,i08_22_1.png,image_color_quantization_with_dither,1,5.6129,-0.150433548,0.150433548,0.9611,0.038900000000000046,8,0.8413596827192265,
i08.png,i08_22_2.png,image_color_quantization_with_dither,2,5.45161,-0.301669524,0.301669524,0.9173,0.0827,8,0.9948714721912627,
i08.png,i08_22_3.png,image_color_quantization_with_dither,3,4.16129,-1.109972716,1.109972716,0.8594,0.14059999999999995,8,1.3980303293491043,
i08.png,i08_22_4.png,image_color_quantization_with_dither,4,3.0625,-2.261439079,2.261439079,0.7927,0.20730000000000004,8,2.162917883407292,
i08.png,i08_22_5.png,image_color_quantization_with_dither,5,2.375,-3.096362803,3.096362803,0.7422,0.25780000000000003,8,2.74765680842709,
i08.png,i08_23_1.png,chromatic_aberrations,1,6.03226,0.08352354,-0.08352354,0.9974,0.0026000000000000467,8,0.7738070975950917,
i08.png,i08_23_2.png,chromatic_aberrations,2,6.16129,0.084312979,-0.084312979,0.9924,0.007600000000000051,8,0.7808989001515335,
i08.png,i08_23_3.png,chromatic_aberrations,3,5.67742,0.026097622,-0.026097622,0.9846,0.01539999999999997,8,0.7932076629331988,
i08.png,i08_23_4.png,chromatic_aberrations,4,5.5,-0.24554508,0.24554508,0.976,0.02400000000000002,8,0.8087424758055584,
i08.png,i08_23_5.png,chromatic_aberrations,5,5.4375,-0.240107099,0.240107099,0.9602,0.03979999999999995,8,0.8435900692747723,
i08.png,i08_24_1.png,sparse_sampling_and_reconstruction,1,5.93548,0.065955377,-0.065955377,0.9563,0.04369999999999996,8,0.8536303565040371,
i08.png,i08_24_2.png,sparse_sampling_and_reconstruction,2,5.78125,-0.078438198,0.078438198,0.9198,0.08020000000000005,8,0.9832029289189401,
i08.png,i08_24_3.png,sparse_sampling_and_reconstruction,3,5.29032,-0.296332086,0.296332086,0.8606,0.13939999999999997,8,1.3868590922681674,
i08.png,i08_24_4.png,sparse_sampling_and_reconstruction,4,3.96774,-1.424277564,1.424277564,0.7672,0.2328,8,2.4745308045366916,
i08.png,i08_24_5.png,sparse_sampling_and_reconstruction,5,2.625,-2.726019268,2.726019268,0.6164,0.38360000000000005,8,3.4172897760797905,
i09.png,i09_01_1.png,additive_gaussian_noise,1,5.36364,-0.717043631,0.717043631,0.9159,0.08409999999999995,9,0.9895062946027118,0.5638133083879642
i09.png,i09_01_2.png,additive_gaussian_noise,2,5.0,-0.969360981,0.969360981,0.8505,0.14949999999999997,9,1.4713986225951752,0.9520226692922971
i09.png,i09_01_3.png,additive_gaussian_noise,3,4.54545,-1.461360045,1.461360045,0.7507,0.24929999999999997,9,2.6301339282994296,1.4869413761820325
i09.png,i09_01_4.png,additive_gaussian_noise,4,4.03226,-2.067374849,2.067374849,0.6276,0.37239999999999995,9,3.3787557187588186,2.027279265425919
i09.png,i09_01_5.png,additive_gaussian_noise,5,3.63636,-2.568339795,2.568339795,0.4913,0.5086999999999999,9,3.511761701311326,2.4674132072879362
i09.png,i09_02_1.png,additive_noise_in_color_more_intensive_than_additive_noise_in_the_luminance,1,5.87879,-0.277730883,0.277730883,0.9757,0.02429999999999999,9,0.792393536941648,
i09.png,i09_02_2.png,additive_noise_in_color_more_intensive_than_additive_noise_in_the_luminance,2,6.0303,-0.206214577,0.206214577,0.9547,0.04530000000000001,9,0.8427840351379569,
i09.png,i09_02_3.png,additive_noise_in_color_more_intensive_than_additive_noise_in_the_luminance,3,5.5625,-0.520650946,0.520650946,0.9149,0.08509999999999995,9,0.9944448307024014,
i09.png,i09_02_4.png,additive_noise_in_color_more_intensive_than_additive_noise_in_the_luminance,4,4.875,-1.130555465,1.130555465,0.8489,0.1511,9,1.4874340764473515,
i09.png,i09_02_5.png,additive_noise_in_color_more_intensive_than_additive_noise_in_the_luminance,5,4.54545,-1.594038619,1.594038619,0.7502,0.24980000000000002,9,2.6354380393078425,
i09.png,i09_03_1.png,spatially_correlated_noise,1,4.60606,-1.557421289,1.557421289,0.932,0.06799999999999995,9,0.9186322117353833,
i09.png,i09_03_2.png,spatially_correlated_noise,2,4.09375,-2.106683723,2.106683723,0.8781,0.12190000000000001,9,1.2266622022936056,
i09.png,i09_03_3.png,spatially_correlated_noise,3,3.69697,-2.621825243,2.621825243,0.7934,0.2066,9,2.1302210848327423,
i09.png,i09_03_4.png,spatially_correlated_noise,4,3.25,-3.332872518,3.332872518,0.6782,0.3218,9,3.196289399959437,
i09.png,i09_03_5.png,spatially_correlated_noise,5,2.87879,-3.671948127,3.671948127,0.5453,0.4547,9,3.4893731938107004,
i09.png,i09_04_1.png,masked_noise,1,5.74194,-0.308420971,0.308420971,0.979,0.02100000000000002,9,0.7858729447911496,
i09.png,i09_04_2.png,masked_noise,2,5.59375,-0.584194949,0.584194949,0.9617,0.0383,9,0.8241393306033856,
i09.png,i09_04_3.png,masked_noise,3,5.3871,-0.669653395,0.669653395,0.9299,0.07010000000000005,9,0.9269990675900361,
i09.png,i09_04_4.png,masked_noise,4,4.67742,-1.260082071,1.260082071,0.8764,0.12360000000000004,9,1.2399467154949688,
i09.png,i09_04_5.png,masked_noise,5,4.27273,-1.89035681,1.89035681,0.7968,0.20320000000000005,9,2.088281054940457,
i09.png,i09_05_1.png,high_frequency_noise,1,5.93548,-0.213475449,0.213475449,0.9126,0.08740000000000003,9,1.0060562473049326,
i09.png,i09_05_2.png,high_frequency_noise,2,5.5,-0.550264423,0.550264423,0.8464,0.15359999999999996,9,1.5128699544793704,
i09.png,i09_05_3.png,high_frequency_noise,3,4.96875,-1.03971418,1.03971418,0.6674,0.3326,9,3.2469864690862713,
i09.png,i09_05_4.png,high_frequency_noise,4,4.09091,-1.993926852,1.993926852,0.4471,0.5529,9,3.519599593763017,
i09.png,i09_05_5.png,high_frequency_noise,5,3.59375,-2.917628985,2.917628985,0.2598,0.7402,9,3.526204364955448,
i09.png,i09_06_1.png,impulse_noise,1,5.21875,-1.068992451,1.068992451,0.9505,0.04949999999999999,9,0.8549617825848237,
i09.png,i09_06_2.png,impulse_noise,2,4.3125,-1.717913652,1.717913652,0.9015,0.09850000000000003,9,1.0672503997825329,
i09.png,i09_06_3.png,impulse_noise,3,4.16129,-1.937835588,1.937835588,0.8245,0.1755,9,1.753478323516169,
i09.png,i09_06_4.png,impulse_noise,4,3.8125,-2.452904354,2.452904354,0.6981,0.30189999999999995,9,3.081915155948808,
i09.png,i09_06_5.png,impulse_noise,5,3.34375,-3.063351187,3.063351187,0.5452,0.4548,9,3.489436399173963,
i09.png,i09_07_1.png,quantization_noise,1,4.87879,-1.084286157,1.084286157,0.9467,0.053300000000000014,9,0.8666624522106954,
i09.png,i09_07_2.png,quantization_noise,2,4.75,-1.481087745,1.481087745,0.9221,0.07789999999999997,9,0.9603322514659824,
i09.png,i09_07_3.png,quantization_noise,3,4.12903,-1.932951497,1.932951497,0.9022,0.0978,9,1.0631305094645973,
i09.png,i09_07_4.png,quantization_noise,4,3.66667,-2.700335693,2.700335693,0.8421,0.15790000000000004,9,1.5576746949680653,
i09.png,i09_07_5.png,quantization_noise,5,2.70968,-3.624080443,3.624080443,0.7955,0.20450000000000002,9,2.104318884461656,
i09.png,i09_08_1.png,gaussian_blur,1,5.875,-0.108152966,0.108152966,0.9859,0.014100000000000001,9,0.7732957723865374,
i09.png,i09_08_2.png,gaussian_blur,2,5.24242,-0.830797099,0.830797099,0.9587,0.0413,9,0.8318860653295463,
i09.png,i09_08_3.png,gaussian_blur,3,4.34375,-1.621595888,1.621595888,0.8984,0.10160000000000002,9,1.085931986572319,
i09.png,i09_08_4.png,gaussian_blur,4,3.48485,-2.8936663,2.8936663,0.8052,0.19479999999999997,9,1.9848885668095237,
i09.png,i09_08_5.png,gaussian_blur,5,2.375,-4.065849796,4.065849796,0.693,0.30700000000000005,9,3.113991352850573,
i09.png,i09_09_1.png,image_denoising,1,6.54545,0.153499991,-0.153499991,0.9553,0.04469999999999996,9,0.8411067100944667,
i09.png,i09_09_2.png,image_denoising,2,6.09091,-0.094861824,0.094861824,0.9393,0.060699999999999976,9,0.8914320167167824,
i09.png,i09_09_3.png,image_denoising,3,5.15152,-0.837415899,0.837415899,0.9041,0.09589999999999999,9,1.0521286092921278,
i09.png,i09_09_4.png,image_denoising,4,3.90625,-2.298532081,2.298532081,0.8379,0.16210000000000002,9,1.6026703528500312,
i09.png,i09_09_5.png,image_denoising,5,2.51515,-4.240009285,4.240009285,0.7402,0.25980000000000003,9,2.7377693482521708,
i09.png,i09_10_1.png,JPEG_compression,1,6.0,-0.092299154,0.092299154,0.9585,0.04149999999999998,9,0.8324153023876109,
i09.png,i09_10_2.png,JPEG_compression,2,5.65625,-0.449366554,0.449366554,0.9392,0.060799999999999965,9,0.8917855270832189,
i09.png,i09_10_3.png,JPEG_compression,3,4.90625,-1.123197904,1.123197904,0.8965,0.10350000000000004,9,1.0977382007016065,
i09.png,i09_10_4.png,JPEG_compression,4,3.19355,-3.02836391,3.02836391,0.8135,0.1865,9,1.8838821119780402,
i09.png,i09_10_5.png,JPEG_compression,5,2.34375,-4.39800349,4.39800349,0.739,0.261,9,2.749549553634124,
i09.png,i09_11_1.png,JPEG2000_compression,1,5.90625,-0.203935319,0.203935319,0.9267,0.07330000000000003,9,0.9402361449384544,
i09.png,i09_11_2.png,JPEG2000_compression,2,5.15625,-0.919755131,0.919755131,0.8927,0.10729999999999995,9,1.1221771077010487,
i09.png,i09_11_3.png,JPEG2000_compression,3,3.96875,-2.32401488,2.32401488,0.8218,0.17820000000000003,9,1.7850208220355985,
i09.png,i09_11_4.png,JPEG2000_compression,4,2.40625,-4.247233001,4.247233001,0.7219,0.2781,9,2.905028140550846,
i09.png,i09_11_5.png,JPEG2000_compression,5,0.87879,-6.605871407,6.605871407,0.6546,0.34540000000000004,9,3.2979945660557632,
i09.png,i09_12_1.png,JPEG_transmission_errors,1,6.06061,-0.172915753,0.172915753,0.9726,0.02739999999999998,9,0.798836346518642,
i09.png,i09_12_2.png,JPEG_transmission_errors,2,5.90625,-0.238428086,0.238428086,0.9428,0.05720000000000003,9,0.8793796385831364,
i09.png,i09_12_3.png,JPEG_transmission_errors,3,4.90625,-1.242730028,1.242730028,0.8588,0.1412,9,1.3913680350542248,
i09.png,i09_12_4.png,JPEG_transmission_errors,4,2.96875,-3.55374633,3.55374633,0.6893,0.3107,9,3.136039690161264,
i09.png,i09_12_5.png,JPEG_transmission_errors,5,2.84375,-3.854261867,3.854261867,0.6003,0.39970000000000006,9,3.432468680286148,
i09.png,i09_13_1.png,JPEG2000_transmission_errors,1,4.51515,-1.542724181,1.542724181,0.8863,0.11370000000000002,9,1.1658812488155545,
i09.png,i09_13_2.png,JPEG2000_transmission_errors,2,3.77419,-2.686732714,2.686732714,0.7908,0.20920000000000005,9,2.162259349008276,
i09.png,i09_13_3.png,JPEG2000_transmission_errors,3,3.33333,-3.274871422,3.274871422,0.7116,0.2884,9,2.987198795785666,
i09.png,i09_13_4.png,JPEG2000_transmission_errors,4,2.81818,-3.681296567,3.681296567,0.6417,0.35829999999999995,9,3.340665998489744,
i09.png,i09_13_5.png,JPEG2000_transmission_errors,5,2.87879,-3.61440585,3.61440585,0.4343,0.5657,9,3.5209609388177583,
i09.png,i09_14_1.png,non_eccentricity_pattern_noise,1,5.84375,-0.311329528,0.311329528,0.9608,0.03920000000000001,9,0.8264259700632535,
i09.png,i09_14_2.png,non_eccentricity_pattern_noise,2,5.48485,-0.527165232,0.527165232,0.9729,0.027100000000000013,9,0.7981990182646714,
i09.png,i09_14_3.png,non_eccentricity_pattern_noise,3,6.28125,0.004800743,-0.004800743,0.941,0.05900000000000005,9,0.8855007218309797,
i09.png,i09_14_4.png,non_eccentricity_pattern_noise,4,4.4375,-1.598883306,1.598883306,0.9177,0.08230000000000004,9,0.9807822662163669,
i09.png,i09_14_5.png,non_eccentricity_pattern_noise,5,3.3125,-2.965324704,2.965324704,0.9003,0.09970000000000001,9,1.074397173583165,
i09.png,i09_15_1.png,local_block_wise_distortions_of_different_intensity,1,2.90909,-3.452581243,3.452581243,0.9515,0.04849999999999999,9,0.8519919056098064,
i09.png,i09_15_2.png,local_block_wise_distortions_of_different_intensity,2,3.06061,-3.204602587,3.204602587,0.9601,0.03990000000000005,9,0.8282264811079094,
i09.png,i09_15_3.png,local_block_wise_distortions_of_different_intensity,3,3.25,-2.988848288,2.988848288,0.9687,0.031299999999999994,9,0.8074003198054024,
i09.png,i09_15_4.png,local_block_wise_distortions_of_different_intensity,4,3.59375,-2.66460734,2.66460734,0.9782,0.02180000000000004,9,0.7874225428961203,
i09.png,i09_15_5.png,local_block_wise_distortions_of_different_intensity,5,5.84848,-0.258280731,0.258280731,0.9875,0.012499999999999956,9,0.7705721625441315,
i09.png,i09_16_1.png,intensity_shift,1,6.06061,-0.169450285,0.169450285,0.9977,0.0022999999999999687,9,0.7547660913205986,
i09.png,i09_16_2.png,intensity_shift,2,6.30303,-0.006704087,0.006704087,0.9951,0.0049000000000000155,9,0.7585509916840742,
i09.png,i09_16_3.png,intensity_shift,3,5.75,-0.408654446,0.408654446,0.9835,0.01649999999999996,9,0.7775143122645971,
i09.png,i09_16_4.png,intensity_shift,4,5.90323,-0.247723369,0.247723369,0.9768,0.0232,9,0.7901820601774571,
i09.png,i09_16_5.png,intensity_shift,5,4.66667,-1.396055664,1.396055664,0.9297,0.07030000000000003,9,0.9278089944603912,
i09.png,i09_17_1.png,contrast_change,1,5.8125,-0.361679325,0.361679325,0.9951,0.0049000000000000155,9,0.7585509916840742,
i09.png,i09_17_2.png,contrast_change,2,6.78788,0.463693855,-0.463693855,0.9857,0.01429999999999998,9,0.7736411619748091,
i09.png,i09_17_3.png,contrast_change,3,4.78125,-1.26568563,1.26568563,0.9761,0.023900000000000032,9,0.7915849122065074,
i09.png,i09_17_4.png,contrast_change,4,6.36364,-0.093742705,0.093742705,0.9432,0.05679999999999996,9,0.8780412820483767,
i09.png,i09_17_5.png,contrast_change,5,3.60606,-2.671471758,2.671471758,0.9024,0.09760000000000002,9,1.0619600064740828,
i09.png,i09_18_1.png,change_of_color_saturation,1,4.81818,-1.201670853,1.201670853,1.0,0.0,9,0.7515485933049072,
i09.png,i09_18_2.png,change_of_color_saturation,2,4.30303,-1.758104557,1.758104557,1.0,0.0,9,0.7515485933049072,
i09.png,i09_18_3.png,change_of_color_saturation,3,4.06452,-2.156770053,2.156770053,1.0,0.0,9,0.7515485933049072,
i09.png,i09_18_4.png,change_of_color_saturation,4,3.3125,-2.823092395,2.823092395,1.0,0.0,9,0.7515485933049072,
i09.png,i09_18_5.png,change_of_color_saturation,5,3.15625,-3.196550314,3.196550314,1.0,0.0,9,0.7515485933049072,
i09.png,i09_19_1.png,multiplicative_gaussian_noise,1,5.5,-0.570974714,0.570974714,0.9102,0.08979999999999999,9,1.0185544013831815,
i09.png,i09_19_2.png,multiplicative_gaussian_noise,2,4.67742,-1.246402399,1.246402399,0.846,0.15400000000000003,9,1.5169821365257496,
i09.png,i09_19_3.png,multiplicative_gaussian_noise,3,4.51613,-1.563699551,1.563699551,0.7567,0.24329999999999996,9,2.5651862979620503,
i09.png,i09_19_4.png,multiplicative_gaussian_noise,4,4.0625,-2.25004403,2.25004403,0.6457,0.35429999999999995,9,3.3282954242445193,
i09.png,i09_19_5.png,multiplicative_gaussian_noise,5,3.48485,-2.751642007,2.751642007,0.525,0.475,9,3.5002465567223853,
i09.png,i09_20_1.png,comfort_noise,1,5.8125,-0.260230038,0.260230038,0.8819,0.11809999999999998,9,1.197819179651547,
i09.png,i09_20_2.png,comfort_noise,2,5.66667,-0.427178177,0.427178177,0.8204,0.17959999999999998,9,1.801505643626358,
i09.png,i09_20_3.png,comfort_noise,3,4.5,-1.329852656,1.329852656,0.7322,0.26780000000000004,9,2.8141852420469657,
i09.png,i09_20_4.png,comfort_noise,4,3.90909,-2.283699088,2.283699088,0.6113,0.38870000000000005,9,3.4135735477211475,
i09.png,i09_20_5.png,comfort_noise,5,2.90909,-3.601802637,3.601802637,0.4539,0.5461,9,3.5187448913986046,
i09.png,i09_21_1.png,lossy_compression_of_noisy_images,1,5.27273,-0.649922795,0.649922795,0.9098,0.09019999999999995,9,1.0206758904826838,
i09.png,i09_21_2.png,lossy_compression_of_noisy_images,2,4.8125,-1.213240686,1.213240686,0.8478,0.1522,9,1.4985691797938865,
i09.png,i09_21_3.png,lossy_compression_of_noisy_images,3,4.25,-1.929207697,1.929207697,0.7497,0.25029999999999997,9,2.640724944515699,
i09.png,i09_21_4.png,lossy_compression_of_noisy_images,4,3.5,-2.801363644,2.801363644,0.6203,0.37970000000000004,9,3.395454037013962,
i09.png,i09_21_5.png,lossy_compression_of_noisy_images,5,2.16129,-4.800727776,4.800727776,0.4857,0.5143,9,3.5131120191191387,
i09.png,i09_22_1.png,image_color_quantization_with_dither,1,5.71875,-0.321646841,0.321646841,0.9112,0.08879999999999999,9,1.0132989432946187,
i09.png,i09_22_2.png,image_color_quantization_with_dither,2,5.78788,-0.431291521,0.431291521,0.8498,0.1502,9,1.4783905054167548,
i09.png,i09_22_3.png,image_color_quantization_with_dither,3,5.5,-0.752499737,0.752499737,0.745,0.255,9,2.6895607002493023,
i09.png,i09_22_4.png,image_color_quantization_with_dither,4,4.09375,-1.983227228,1.983227228,0.6596,0.34040000000000004,9,3.2791675671676566,
i09.png,i09_22_5.png,image_color_quantization_with_dither,5,2.71875,-3.717326139,3.717326139,0.5728,0.4272,9,3.467279689909453,
i09.png,i09_23_1.png,chromatic_aberrations,1,6.25,-0.000643518,0.000643518,0.9941,0.005900000000000016,9,0.7600497272621852,
i09.png,i09_23_2.png,chromatic_aberrations,2,6.28125,-0.089035408,0.089035408,0.9821,0.017900000000000027,9,0.780050874078482,
i09.png,i09_23_3.png,chromatic_aberrations,3,6.0303,-0.211319906,0.211319906,0.9642,0.035800000000000054,9,0.8179515910605782,
i09.png,i09_23_4.png,chromatic_aberrations,4,4.8125,-1.10409982,1.10409982,0.8728,0.12719999999999998,9,1.2688596052870582,
i09.png,i09_23_5.png,chromatic_aberrations,5,2.875,-3.474812365,3.474812365,0.7392,0.26080000000000003,9,2.7475938577720904,
i09.png,i09_24_1.png,sparse_sampling_and_reconstruction,1,5.75,-0.305809331,0.305809331,0.921,0.07899999999999996,9,0.9653301267675033,
i09.png,i09_24_2.png,sparse_sampling_and_reconstruction,2,5.09375,-0.941428344,0.941428344,0.8742,0.12580000000000002,9,1.2574894854383656,
i09.png,i09_24_3.png,sparse_sampling_and_reconstruction,3,3.75,-2.301458618,2.301458618,0.8063,0.19369999999999998,9,1.9714137370080707,
i09.png,i09_24_4.png,sparse_sampling_and_reconstruction,4,2.0303,-5.003070386,5.003070386,0.7263,0.27370000000000005,9,2.867277143329099,
i09.png,i09_24_5.png,sparse_sampling_and_reconstruction,5,0.24242,-7.163154383,7.163154383,0.639,0.361,9,3.348605989191924,
i10.png,i10_01_1.png,additive_gaussian_noise,1,5.71795,-0.80944361,0.80944361,0.9216,0.07840000000000003,10,0.9507815925055827,0.5236550743236945
i10.png,i10_01_2.png,additive_gaussian_noise,2,5.43243,-1.092266523,1.092266523,0.8591,0.14090000000000003,10,1.3853966966928293,0.89401563013715
i10.png,i10_01_3.png,additive_gaussian_noise,3,4.74359,-1.610617382,1.610617382,0.7621,0.2379,10,2.503713459732185,1.4248389953088192
i10.png,i10_01_4.png,additive_gaussian_noise,4,4.53846,-1.931459199,1.931459199,0.6361,0.3639,10,3.344211711407323,1.9969461469463377
i10.png,i10_01_5.png,additive_gaussian_noise,5,3.81579,-2.512576062,2.512576062,0.4967,0.5033000000000001,10,3.4956903635651937,2.4576539290529538
i10.png,i10_02_1.png,additive_noise_in_color_more_intensive_than_additive_noise_in_the_luminance,1,6.05405,-0.463533044,0.463533044,0.9773,0.022700000000000053,10,0.7720124875883366,
i10.png,i10_02_2.png,additive_noise_in_color_more_intensive_than_additive_noise_in_the_luminance,2,5.83784,-0.644276233,0.644276233,0.9575,0.04249999999999998,10,0.8194682982516284,
i10.png,i10_02_3.png,additive_noise_in_color_more_intensive_than_additive_noise_in_the_luminance,3,5.76923,-0.853201341,0.853201341,0.9204,0.0796,10,0.9564239697037755,
i10.png,i10_02_4.png,additive_noise_in_color_more_intensive_than_additive_noise_in_the_luminance,4,5.52632,-0.968943596,0.968943596,0.8572,0.14280000000000004,10,1.403444105391527,
i10.png,i10_02_5.png,additive_noise_in_color_more_intensive_than_additive_noise_in_the_luminance,5,4.72973,-1.637363923,1.637363923,0.7626,0.23740000000000006,10,2.498086269580991,
i10.png,i10_03_1.png,spatially_correlated_noise,1,5.05405,-1.527332766,1.527332766,0.9366,0.06340000000000001,10,0.887601004719022,
i10.png,i10_03_2.png,spatially_correlated_noise,2,4.36111,-1.919773914,1.919773914,0.8858,0.11419999999999997,10,1.162500049329493,
i10.png,i10_03_3.png,spatially_correlated_noise,3,4.02564,-2.534395218,2.534395218,0.8021,0.19789999999999996,10,2.0240207116123874,
i10.png,i10_03_4.png,spatially_correlated_noise,4,3.30769,-3.211286926,3.211286926,0.6874,0.3126,10,3.1377379217101744,
i10.png,i10_03_5.png,spatially_correlated_noise,5,2.92308,-3.519302831,3.519302831,0.5517,0.44830000000000003,10,3.4707109662017315,
i10.png,i10_04_1.png,masked_noise,1,6.07692,-0.603952441,0.603952441,0.9733,0.026699999999999946,10,0.780463046467658,
i10.png,i10_04_2.png,masked_noise,2,5.11111,-1.062203149,1.062203149,0.9548,0.04520000000000002,10,0.8271272479181615,
i10.png,i10_04_3.png,masked_noise,3,5.15789,-1.238118262,1.238118262,0.9179,0.08209999999999995,10,0.9684759883259255,
i10.png,i10_04_4.png,masked_noise,4,4.76923,-1.589330357,1.589330357,0.8537,0.14629999999999999,10,1.437421773955002,
i10.png,i10_04_5.png,masked_noise,5,4.23077,-2.135314555,2.135314555,0.7553,0.24470000000000003,10,2.5787607497575085,
i10.png,i10_05_1.png,high_frequency_noise,1,6.05128,-0.539337213,0.539337213,0.9185,0.08150000000000002,10,0.9655465444103339,
i10.png,i10_05_2.png,high_frequency_noise,2,5.79487,-0.760195288,0.760195288,0.8553,0.14470000000000005,10,1.4217722697574406,
i10.png,i10_05_3.png,high_frequency_noise,3,5.17949,-1.341300947,1.341300947,0.6788,0.32120000000000004,10,3.183283788593365,
i10.png,i10_05_4.png,high_frequency_noise,4,4.39474,-1.968314809,1.968314809,0.448,0.552,10,3.504790633994271,
i10.png,i10_05_5.png,high_frequency_noise,5,3.34211,-3.205451875,3.205451875,0.2447,0.7553,10,3.5115564815536606,
i10.png,i10_06_1.png,impulse_noise,1,5.15789,-1.333797195,1.333797195,0.9565,0.04349999999999998,10,0.8222686034784289,
i10.png,i10_06_2.png,impulse_noise,2,4.64865,-1.683849632,1.683849632,0.9185,0.08150000000000002,10,0.9655465444103339,
i10.png,i10_06_3.png,impulse_noise,3,4.57895,-1.943776006,1.943776006,0.8445,0.15549999999999997,10,1.5310974019535006,
i10.png,i10_06_4.png,impulse_noise,4,3.84211,-2.666474296,2.666474296,0.7303,0.26970000000000005,10,2.8269429017042187,
i10.png,i10_06_5.png,impulse_noise,5,3.40541,-2.959560481,2.959560481,0.5664,0.4336,10,3.4591122129758682,
i10.png,i10_07_1.png,quantization_noise,1,5.54054,-1.030457601,1.030457601,0.9441,0.05589999999999995,10,0.8607106792265096,
i10.png,i10_07_2.png,quantization_noise,2,5.02564,-1.375473481,1.375473481,0.9195,0.08050000000000002,10,0.960716152210944,
i10.png,i10_07_3.png,quantization_noise,3,4.46154,-2.073102737,2.073102737,0.8708,0.12919999999999998,10,1.280601272916556,
i10.png,i10_07_4.png,quantization_noise,4,4.0,-2.604197849,2.604197849,0.8059,0.19410000000000005,10,1.977350801098334,
i10.png,i10_07_5.png,quantization_noise,5,3.05263,-3.684253441,3.684253441,0.7628,0.23719999999999997,10,2.4958314196832676,
i10.png,i10_08_1.png,gaussian_blur,1,5.97368,-0.757887415,0.757887415,0.9858,0.01419999999999999,10,0.7557286218413314,
i10.png,i10_08_2.png,gaussian_blur,2,5.30769,-1.214906311,1.214906311,0.9579,0.042100000000000026,10,0.8183599894494245,
i10.png,i10_08_3.png,gaussian_blur,3,4.35135,-1.97332627,1.97332627,0.8932,0.1068,10,1.110902769153113,
i10.png,i10_08_4.png,gaussian_blur,4,3.5,-2.998758237,2.998758237,0.7919,0.20809999999999995,10,2.149602746561034,
i10.png,i10_08_5.png,gaussian_blur,5,2.78947,-4.181881691,4.181881691,0.6792,0.3208,10,3.1812769808239914,
i10.png,i10_09_1.png,image_denoising,1,5.97436,-0.628901536,0.628901536,0.9522,0.047799999999999954,10,0.834802586470974,
i10.png,i10_09_2.png,image_denoising,2,5.69231,-0.861713613,0.861713613,0.9316,0.06840000000000002,10,0.9072055348523217,
i10.png,i10_09_3.png,image_denoising,3,5.17949,-1.312218935,1.312218935,0.8824,0.11760000000000004,10,1.1876699199843836,
i10.png,i10_09_4.png,image_denoising,4,3.81579,-2.728763437,2.728763437,0.793,0.20699999999999996,10,2.136077005713518,
i10.png,i10_09_5.png,image_denoising,5,2.28205,-4.715536775,4.715536775,0.686,0.31399999999999995,10,3.1455017191963774,
i10.png,i10_10_1.png,JPEG_compression,1,5.86842,-0.583777356,0.583777356,0.9584,0.04159999999999997,10,0.8169840187377679,
i10.png,i10_10_2.png,JPEG_compression,2,5.81579,-0.746765769,0.746765769,0.9363,0.06369999999999998,10,0.8887383235021294,
i10.png,i10_10_3.png,JPEG_compression,3,5.20513,-1.366818495,1.366818495,0.8853,0.11470000000000002,10,1.1661432273320627,
i10.png,i10_10_4.png,JPEG_compression,4,3.64103,-3.016559563,3.016559563,0.7844,0.2156,10,2.241367546004585,
i10.png,i10_10_5.png,JPEG_compression,5,2.4359,-4.592458752,4.592458752,0.6924,0.3076,10,3.1088621145929514,
i10.png,i10_11_1.png,JPEG2000_compression,1,5.15385,-1.13058423,1.13058423,0.9178,0.08220000000000005,10,0.9689665162477021,
i10.png,i10_11_2.png,JPEG2000_compression,2,4.46154,-1.883361123,1.883361123,0.8707,0.12929999999999997,10,1.2814500826660615,
i10.png,i10_11_3.png,JPEG2000_compression,3,3.61538,-3.032673261,3.032673261,0.7765,0.22350000000000003,10,2.336579446822681,
i10.png,i10_11_4.png,JPEG2000_compression,4,2.18421,-4.940619033,4.940619033,0.6756,0.3244,10,3.198959223611733,
i10.png,i10_11_5.png,JPEG2000_compression,5,1.23684,-6.413853674,6.413853674,0.6192,0.3808,10,3.3846130396993406,
i10.png,i10_12_1.png,JPEG_transmission_errors,1,4.76923,-1.562220791,1.562220791,0.9746,0.025399999999999978,10,0.7776583609219834,
i10.png,i10_12_2.png,JPEG_transmission_errors,2,5.84211,-0.92979888,0.92979888,0.9204,0.0796,10,0.9564239697037755,
i10.png,i10_12_3.png,JPEG_transmission_errors,3,4.92308,-1.419328885,1.419328885,0.8344,0.16559999999999997,10,1.640640565776279,
i10.png,i10_12_4.png,JPEG_transmission_errors,4,4.05263,-2.237696666,2.237696666,0.7645,0.23550000000000004,10,2.4765751317473264,
i10.png,i10_12_5.png,JPEG_transmission_errors,5,2.68421,-4.121946411,4.121946411,0.5533,0.4467,10,3.469581847017868,
i10.png,i10_13_1.png,JPEG2000_transmission_errors,1,5.78947,-0.690369035,0.690369035,0.9388,0.06120000000000003,10,0.87940861904881,
i10.png,i10_13_2.png,JPEG2000_transmission_errors,2,3.92105,-2.550127564,2.550127564,0.8037,0.19630000000000003,10,2.004350015042564,
i10.png,i10_13_3.png,JPEG2000_transmission_errors,3,3.42105,-3.167360142,3.167360142,0.6793,0.3207,10,3.1807736158774658,
i10.png,i10_13_4.png,JPEG2000_transmission_errors,4,2.68421,-4.072758016,4.072758016,0.6312,0.3688,10,3.3570273556802457,
i10.png,i10_13_5.png,JPEG2000_transmission_errors,5,2.89744,-3.760260785,3.760260785,0.5528,0.44720000000000004,10,3.469937944081246,
i10.png,i10_14_1.png,non_eccentricity_pattern_noise,1,5.82051,-0.723379554,0.723379554,0.9586,0.04139999999999999,10,0.8164365457448546,
i10.png,i10_14_2.png,non_eccentricity_pattern_noise,2,6.15385,-0.498909761,0.498909761,0.9691,0.03090000000000004,10,0.7899226417701725,
i10.png,i10_14_3.png,non_eccentricity_pattern_noise,3,5.55263,-0.986345061,0.986345061,0.9402,0.059799999999999964,10,0.8743288879662898,
i10.png,i10_14_4.png,non_eccentricity_pattern_noise,4,4.27027,-2.145615627,2.145615627,0.9135,0.08650000000000002,10,0.9906865957248612,
i10.png,i10_14_5.png,non_eccentricity_pattern_noise,5,3.84211,-2.470469803,2.470469803,0.8889,0.11109999999999998,10,1.1403578996984158,
i10.png,i10_15_1.png,local_block_wise_distortions_of_different_intensity,1,3.07895,-3.665062907,3.665062907,0.9536,0.0464,10,0.8306325234562334,
i10.png,i10_15_2.png,local_block_wise_distortions_of_different_intensity,2,3.23077,-3.388853906,3.388853906,0.9621,0.037900000000000045,10,0.8071205631523387,
i10.png,i10_15_3.png,local_block_wise_distortions_of_different_intensity,3,3.61538,-3.028974221,3.028974221,0.9704,0.02959999999999996,10,0.7869283983469406,
i10.png,i10_15_4.png,local_block_wise_distortions_of_different_intensity,4,3.36842,-3.061208736,3.061208736,0.9785,0.021499999999999964,10,0.7695790103849962,
i10.png,i10_15_5.png,local_block_wise_distortions_of_different_intensity,5,4.17949,-2.352786889,2.352786889,0.987,0.013000000000000012,10,0.7536014262106705,
i10.png,i10_16_1.png,intensity_shift,1,6.12821,-0.44728647,0.44728647,0.9976,0.0023999999999999577,10,0.7364831398523319,
i10.png,i10_16_2.png,intensity_shift,2,6.10256,-0.511480164,0.511480164,0.9946,0.00539999999999996,10,0.741036169515246,
i10.png,i10_16_3.png,intensity_shift,3,6.02564,-0.543629529,0.543629529,0.9814,0.01859999999999995,10,0.7638845947451747,
i10.png,i10_16_4.png,intensity_shift,4,5.57895,-0.931595399,0.931595399,0.9727,0.02729999999999999,10,0.781776846213518,
i10.png,i10_16_5.png,intensity_shift,5,5.12821,-1.229964382,1.229964382,0.9284,0.0716,10,0.9204983172081973,
i10.png,i10_17_1.png,contrast_change,1,5.71053,-0.791549951,0.791549951,0.9946,0.00539999999999996,10,0.741036169515246,
i10.png,i10_17_2.png,contrast_change,2,6.58974,-0.211107441,0.211107441,0.9819,0.018100000000000005,10,0.7629288848519802,
i10.png,i10_17_3.png,contrast_change,3,4.56757,-1.520040588,1.520040588,0.9742,0.025800000000000045,10,0.778515279530081,
i10.png,i10_17_4.png,contrast_change,4,6.5641,-0.354630478,0.354630478,0.9394,0.06059999999999999,10,0.8772190017394115,
i10.png,i10_17_5.png,contrast_change,5,3.69231,-2.742964942,2.742964942,0.897,0.10299999999999998,10,1.0860702579489825,
i10.png,i10_18_1.png,change_of_color_saturation,1,4.51282,-1.870534291,1.870534291,1.0,0.0,10,0.732996110025939,
i10.png,i10_18_2.png,change_of_color_saturation,2,4.07692,-2.295137661,2.295137661,1.0,0.0,10,0.732996110025939,
i10.png,i10_18_3.png,change_of_color_saturation,3,3.82051,-2.596109382,2.596109382,1.0,0.0,10,0.732996110025939,
i10.png,i10_18_4.png,change_of_color_saturation,4,3.63158,-2.887000006,2.887000006,1.0,0.0,10,0.732996110025939,
i10.png,i10_18_5.png,change_of_color_saturation,5,3.31579,-3.063815538,3.063815538,0.9998,0.00019999999999997797,10,0.7332815565098343,
i10.png,i10_19_1.png,multiplicative_gaussian_noise,1,5.57895,-0.951786827,0.951786827,0.9122,0.08779999999999999,10,0.9974985038933304,
i10.png,i10_19_2.png,multiplicative_gaussian_noise,2,5.42105,-1.087138815,1.087138815,0.8479,0.1521,10,1.4957622329755629,
i10.png,i10_19_3.png,multiplicative_gaussian_noise,3,4.67568,-1.582321502,1.582321502,0.7535,0.24650000000000005,10,2.5981377536920043,
i10.png,i10_19_4.png,multiplicative_gaussian_noise,4,4.21622,-2.105476608,2.105476608,0.6375,0.36250000000000004,10,3.3403709737672207,
i10.png,i10_19_5.png,multiplicative_gaussian_noise,5,3.87179,-2.51739696,2.51739696,0.511,0.489,10,3.4912374521512106,
i10.png,i10_20_1.png,comfort_noise,1,5.84615,-0.671954441,0.671954441,0.8802,0.11980000000000002,10,1.2044535572090669,
i10.png,i10_20_2.png,comfort_noise,2,5.38462,-1.096167401,1.096167401,0.81,0.18999999999999995,10,1.9272432402794946,
i10.png,i10_20_3.png,comfort_noise,3,4.4359,-1.992586812,1.992586812,0.6974,0.3026,10,3.0781452441114023,
i10.png,i10_20_4.png,comfort_noise,4,3.57895,-2.801968835,2.801968835,0.542,0.45799999999999996,10,3.4769453522759415,
i10.png,i10_20_5.png,comfort_noise,5,2.86486,-3.665666476,3.665666476,0.325,0.675,10,3.510925723685588,
i10.png,i10_21_1.png,lossy_compression_of_noisy_images,1,5.5,-0.981802642,0.981802642,0.9065,0.09350000000000003,10,1.0287529381885705,
i10.png,i10_21_2.png,lossy_compression_of_noisy_images,2,5.17949,-1.446795856,1.446795856,0.8414,0.15859999999999996,10,1.5640134514944237,
i10.png,i10_21_3.png,lossy_compression_of_noisy_images,3,4.25641,-2.257256733,2.257256733,0.7435,0.25649999999999995,10,2.7017116989866494,
i10.png,i10_21_4.png,lossy_compression_of_noisy_images,4,3.76923,-2.914126178,2.914126178,0.5986,0.4014,10,3.4213631998510357,
i10.png,i10_21_5.png,lossy_compression_of_noisy_images,5,2.51282,-4.52092282,4.52092282,0.4276,0.5724,10,3.5068525602397616,
i10.png,i10_22_1.png,image_color_quantization_with_dither,1,5.97368,-0.658139497,0.658139497,0.9175,0.08250000000000002,10,0.9704420327497632,
i10.png,i10_22_2.png,image_color_quantization_with_dither,2,4.87179,-1.52444046,1.52444046,0.8531,0.14690000000000003,10,1.4433405886273514,
i10.png,i10_22_3.png,image_color_quantization_with_dither,3,4.48649,-1.868319827,1.868319827,0.7296,0.2704,10,2.833199223152903,
i10.png,i10_22_4.png,image_color_quantization_with_dither,4,4.02778,-2.335818507,2.335818507,0.5917,0.4083,10,3.4311989530623928,
i10.png,i10_22_5.png,image_color_quantization_with_dither,5,3.25641,-3.523190143,3.523190143,0.4588,0.5412,10,3.503369920544813,
i10.png,i10_23_1.png,chromatic_aberrations,1,6.15385,-0.530419406,0.530419406,0.9916,0.008399999999999963,10,0.7458142717254365,
i10.png,i10_23_2.png,chromatic_aberrations,2,5.94872,-0.617734689,0.617734689,0.9733,0.026699999999999946,10,0.780463046467658,
i10.png,i10_23_3.png,chromatic_aberrations,3,4.55263,-1.798035533,1.798035533,0.8608,0.1392,10,1.369489474300331,
i10.png,i10_23_4.png,chromatic_aberrations,4,2.60526,-4.224722922,4.224722922,0.7088,0.2912,10,3.000935110355413,
i10.png,i10_23_5.png,chromatic_aberrations,5,1.44737,-5.964150201,5.964150201,0.6318,0.36819999999999997,10,3.355509191733904,
i10.png,i10_24_1.png,sparse_sampling_and_reconstruction,1,5.46154,-0.911529317,0.911529317,0.9195,0.08050000000000002,10,0.960716152210944,
i10.png,i10_24_2.png,sparse_sampling_and_reconstruction,2,4.78947,-1.645451726,1.645451726,0.8613,0.13870000000000005,10,1.364854397156733,
i10.png,i10_24_3.png,sparse_sampling_and_reconstruction,3,3.51282,-3.202186285,3.202186285,0.7702,0.2298,10,2.410903799715418,
i10.png,i10_24_4.png,sparse_sampling_and_reconstruction,4,1.86486,-5.75971318,5.75971318,0.6602,0.3398,10,3.2655127301177,
i10.png,i10_24_5.png,sparse_sampling_and_reconstruction,5,0.36842,-7.197748395,7.197748395,0.6049,0.3951,10,3.4113753629275587,
i11.png,i11_01_1.png,additive_gaussian_noise,1,5.54054,-0.533379258,0.533379258,0.9427,0.05730000000000002,11,0.8787231364609683,0.3950708875969715
i11.png,i11_01_2.png,additive_gaussian_noise,2,5.16216,-0.79636314,0.79636314,0.8971,0.10289999999999999,11,1.094974538291499,0.682152043457549
i11.png,i11_01_3.png,additive_gaussian_noise,3,5.35135,-0.823195655,0.823195655,0.8247,0.1753,11,1.7698945504870673,1.1032392183206303
i11.png,i11_01_4.png,additive_gaussian_noise,4,4.28571,-1.681404419,1.681404419,0.7264,0.27359999999999995,11,2.892290273141251,1.6025382515603672
i11.png,i11_01_5.png,additive_gaussian_noise,5,3.86111,-2.317751594,2.317751594,0.6059,0.3941,11,3.4145201888936048,2.101113008356319
i11.png,i11_02_1.png,additive_noise_in_color_more_intensive_than_additive_noise_in_the_luminance,1,5.55556,-0.372166727,0.372166727,0.9837,0.01629999999999998,11,0.7773990438879911,
i11.png,i11_02_2.png,additive_noise_in_color_more_intensive_than_additive_noise_in_the_luminance,2,5.88571,-0.306689541,0.306689541,0.9696,0.030399999999999983,11,0.8050547359248198,
i11.png,i11_02_3.png,additive_noise_in_color_more_intensive_than_additive_noise_in_the_luminance,3,5.44444,-0.554553428,0.554553428,0.9432,0.05679999999999996,11,0.8770535069042404,
i11.png,i11_02_4.png,additive_noise_in_color_more_intensive_than_additive_noise_in_the_luminance,4,5.19444,-0.792608838,0.792608838,0.8983,0.10170000000000001,11,1.0874079153260159,
i11.png,i11_02_5.png,additive_noise_in_color_more_intensive_than_additive_noise_in_the_luminance,5,4.75,-1.308021207,1.308021207,0.8268,0.17320000000000002,11,1.7449413499855786,
i11.png,i11_03_1.png,spatially_correlated_noise,1,5.0,-1.171452419,1.171452419,0.9541,0.04590000000000005,11,0.8436747674073222,
i11.png,i11_03_2.png,spatially_correlated_noise,2,4.43243,-1.57963565,1.57963565,0.9163,0.0837,11,0.9870153157322864,
i11.png,i11_03_3.png,spatially_correlated_noise,3,3.82857,-2.368910603,2.368910603,0.8552,0.14480000000000004,11,1.434652744957136,
i11.png,i11_03_4.png,spatially_correlated_noise,4,3.27027,-2.90416713,2.90416713,0.7665,0.23350000000000004,11,2.485348946712306,
i11.png,i11_03_5.png,spatially_correlated_noise,5,2.91667,-3.56409611,3.56409611,0.6538,0.34619999999999995,11,3.3039768613949474,
i11.png,i11_04_1.png,masked_noise,1,5.47059,-0.466777072,0.466777072,0.9787,0.021299999999999986,11,0.7864847442633804,
i11.png,i11_04_2.png,masked_noise,2,5.62162,-0.320526386,0.320526386,0.9629,0.03710000000000002,11,0.8205854030782055,
i11.png,i11_04_3.png,masked_noise,3,5.28571,-0.651089642,0.651089642,0.93,0.06999999999999995,11,0.925633497175415,
i11.png,i11_04_4.png,masked_noise,4,5.19444,-0.833756893,0.833756893,0.8733,0.12670000000000003,11,1.269585126618497,
i11.png,i11_04_5.png,masked_noise,5,4.67568,-1.300118759,1.300118759,0.7834,0.21660000000000001,11,2.28247010306748,
i11.png,i11_05_1.png,high_frequency_noise,1,6.02703,-0.268100722,0.268100722,0.9406,0.05940000000000001,11,0.8858759615961211,
i11.png,i11_05_2.png,high_frequency_noise,2,5.80556,-0.266409717,0.266409717,0.8941,0.1059,11,1.1143938713129233,
i11.png,i11_05_3.png,high_frequency_noise,3,5.2973,-0.790852883,0.790852883,0.7596,0.24039999999999995,11,2.5638665383151,
i11.png,i11_05_4.png,high_frequency_noise,4,4.19444,-1.718861577,1.718861577,0.5599,0.44010000000000005,11,3.4632372016411854,
i11.png,i11_05_5.png,high_frequency_noise,5,3.05556,-3.122814989,3.122814989,0.3445,0.6555,11,3.5020543647693336,
i11.png,i11_06_1.png,impulse_noise,1,4.69444,-1.299841488,1.299841488,0.9591,0.04090000000000005,11,0.8301625034122111,
i11.png,i11_06_2.png,impulse_noise,2,4.38889,-1.597640411,1.597640411,0.9175,0.08250000000000002,11,0.981150227410482,
i11.png,i11_06_3.png,impulse_noise,3,3.97297,-2.031317519,2.031317519,0.8465,0.15349999999999997,11,1.5236080886924181,
i11.png,i11_06_4.png,impulse_noise,4,3.54054,-2.543021677,2.543021677,0.7432,0.25680000000000003,11,2.7371608823324696,
i11.png,i11_06_5.png,impulse_noise,5,3.02857,-3.16200128,3.16200128,0.6014,0.39859999999999995,11,3.421126106245429,
i11.png,i11_07_1.png,quantization_noise,1,5.56757,-0.537397631,0.537397631,0.9623,0.037699999999999956,11,0.8220593147059109,
i11.png,i11_07_2.png,quantization_noise,2,4.8,-1.031246467,1.031246467,0.9188,0.08120000000000005,11,0.9749062149573963,
i11.png,i11_07_3.png,quantization_noise,3,4.52778,-1.320945049,1.320945049,0.8947,0.10529999999999995,11,1.1104521358086308,
i11.png,i11_07_4.png,quantization_noise,4,3.94118,-2.302075723,2.302075723,0.8398,0.1602,11,1.5960144702456964,
i11.png,i11_07_5.png,quantization_noise,5,2.75676,-3.561081448,3.561081448,0.7677,0.23229999999999995,11,2.471400544578437,
i11.png,i11_08_1.png,gaussian_blur,1,4.94286,-0.892474517,0.892474517,0.9782,0.02180000000000004,11,0.7874350548816738,
i11.png,i11_08_2.png,gaussian_blur,2,4.57143,-1.240636943,1.240636943,0.9307,0.06930000000000003,11,0.9228108935697947,
i11.png,i11_08_3.png,gaussian_blur,3,3.75676,-2.266131414,2.266131414,0.8231,0.17689999999999995,11,1.7890493238006209,
i11.png,i11_08_4.png,gaussian_blur,4,2.85714,-3.198757968,3.198757968,0.678,0.32199999999999995,11,3.208071856107129,
i11.png,i11_08_5.png,gaussian_blur,5,2.33333,-4.157780619,4.157780619,0.5453,0.4547,11,3.4722186451801362,
i11.png,i11_09_1.png,image_denoising,1,5.81081,-0.427044586,0.427044586,0.9497,0.05030000000000001,11,0.8564745302353763,
i11.png,i11_09_2.png,image_denoising,2,5.86486,-0.281988652,0.281988652,0.9173,0.0827,11,0.9821209507961179,
i11.png,i11_09_3.png,image_denoising,3,4.66667,-1.271128324,1.271128324,0.8446,0.15539999999999998,11,1.5438104565444677,
i11.png,i11_09_4.png,image_denoising,4,3.33333,-2.826903975,2.826903975,0.7201,0.27990000000000004,11,2.944248789194719,
i11.png,i11_09_5.png,image_denoising,5,1.97222,-4.773574059,4.773574059,0.5593,0.4407,11,3.4636528129596615,
i11.png,i11_10_1.png,JPEG_compression,1,5.81081,-0.392148071,0.392148071,0.9562,0.04379999999999995,11,0.837869657643165,
i11.png,i11_10_2.png,JPEG_compression,2,5.64865,-0.396362905,0.396362905,0.9237,0.07630000000000003,11,0.9523733499460294,
i11.png,i11_10_3.png,JPEG_compression,3,5.02778,-0.86333414,0.86333414,0.8529,0.1471,11,1.4575877282107021,
i11.png,i11_10_4.png,JPEG_compression,4,3.48649,-2.478003895,2.478003895,0.7268,0.2732,11,2.888875947923803,
i11.png,i11_10_5.png,JPEG_compression,5,2.27027,-4.342630474,4.342630474,0.6088,0.3912,11,3.4099924818186946,
i11.png,i11_11_1.png,JPEG2000_compression,1,5.86111,-0.302895855,0.302895855,0.9389,0.06110000000000004,11,0.8918354040318032,
i11.png,i11_11_2.png,JPEG2000_compression,2,5.42857,-0.525802605,0.525802605,0.8864,0.11360000000000003,11,1.167596765609613,
i11.png,i11_11_3.png,JPEG2000_compression,3,4.47222,-1.540965993,1.540965993,0.8179,0.18210000000000004,11,1.852069213484345,
i11.png,i11_11_4.png,JPEG2000_compression,4,2.91429,-3.484384751,3.484384751,0.6517,0.34830000000000005,11,3.310777785827654,
i11.png,i11_11_5.png,JPEG2000_compression,5,0.97222,-5.692014944,5.692014944,0.5051,0.4949,11,3.4878247424193134,
i11.png,i11_12_1.png,JPEG_transmission_errors,1,5.61111,-0.436191302,0.436191302,0.9718,0.028200000000000003,11,0.8003102318133181,
i11.png,i11_12_2.png,JPEG_transmission_errors,2,5.97222,-0.248419244,0.248419244,0.9869,0.0131,11,0.7719654709815237,
i11.png,i11_12_3.png,JPEG_transmission_errors,3,4.62162,-1.264492799,1.264492799,0.8155,0.1845,11,1.881502958873599,
i11.png,i11_12_4.png,JPEG_transmission_errors,4,3.77778,-2.006697272,2.006697272,0.7438,0.2562,11,2.731185291671825,
i11.png,i11_12_5.png,JPEG_transmission_errors,5,2.02778,-4.393876092,4.393876092,0.4916,0.5084,11,3.4910358198089018,
i11.png,i11_13_1.png,JPEG2000_transmission_errors,1,4.08333,-1.978807596,1.978807596,0.9338,0.06620000000000004,11,0.9106546335575877,
i11.png,i11_13_2.png,JPEG2000_transmission_errors,2,4.54054,-1.382687621,1.382687621,0.8607,0.13929999999999998,11,1.3815658112560805,
i11.png,i11_13_3.png,JPEG2000_transmission_errors,3,3.25,-2.835421244,2.835421244,0.8192,0.18079999999999996,11,1.8362121470698192,
i11.png,i11_13_4.png,JPEG2000_transmission_errors,4,2.75,-3.624815768,3.624815768,0.6585,0.3415,11,3.2879428615207162,
i11.png,i11_13_5.png,JPEG2000_transmission_errors,5,2.27778,-4.335862011,4.335862011,0.5031,0.4969,11,3.488349967929712,
i11.png,i11_14_1.png,non_eccentricity_pattern_noise,1,5.83333,-0.274607928,0.274607928,0.9739,0.026100000000000012,11,0.7959366644913098,
i11.png,i11_14_2.png,non_eccentricity_pattern_noise,2,5.45714,-0.420221296,0.420221296,0.9625,0.03749999999999998,11,0.8215664417118862,
i11.png,i11_14_3.png,non_eccentricity_pattern_noise,3,5.2973,-0.703438716,0.703438716,0.9294,0.0706,11,0.9280760175239566,
i11.png,i11_14_4.png,non_eccentricity_pattern_noise,4,5.16667,-0.977381143,0.977381143,0.8949,0.10509999999999997,11,1.1091446809286443,
i11.png,i11_14_5.png,non_eccentricity_pattern_noise,5,4.38889,-1.651119577,1.651119577,0.8688,0.13119999999999998,11,1.3080174694374418,
i11.png,i11_15_1.png,local_block_wise_distortions_of_different_intensity,1,3.18919,-2.763565147,2.763565147,0.9494,0.05059999999999998,11,0.8573795876615058,
i11.png,i11_15_2.png,local_block_wise_distortions_of_different_intensity,2,3.38889,-2.646791054,2.646791054,0.9587,0.0413,11,0.8312046623510665,
i11.png,i11_15_3.png,local_block_wise_distortions_of_different_intensity,3,3.5,-2.271489534,2.271489534,0.9684,0.03159999999999996,11,0.8077146980946182,
i11.png,i11_15_4.png,local_block_wise_distortions_of_different_intensity,4,3.67568,-2.088397241,2.088397241,0.9787,0.021299999999999986,11,0.7864847442633804,
i11.png,i11_15_5.png,local_block_wise_distortions_of_different_intensity,5,3.5,-2.6903559,2.6903559,0.99,0.010000000000000009,11,0.7669696123314245,
i11.png,i11_16_1.png,intensity_shift,1,6.10811,-0.169504225,0.169504225,0.995,0.0050000000000000044,11,0.759436099900584,
i11.png,i11_16_2.png,intensity_shift,2,5.91892,-0.325346451,0.325346451,0.9905,0.009499999999999953,11,0.76618767332491,
i11.png,i11_16_3.png,intensity_shift,3,5.69444,-0.456492076,0.456492076,0.9518,0.04820000000000002,11,0.8502559165180368,
i11.png,i11_16_4.png,intensity_shift,4,4.94595,-1.20005802,1.20005802,0.946,0.05400000000000005,11,0.8679358641062903,
i11.png,i11_16_5.png,intensity_shift,5,4.56757,-1.263974152,1.263974152,0.8518,0.1482,11,1.468706755003303,
i11.png,i11_17_1.png,contrast_change,1,5.59459,-0.519993834,0.519993834,0.9934,0.00660000000000005,11,0.761778737421597,
i11.png,i11_17_2.png,contrast_change,2,6.75,0.245277751,-0.245277751,0.9764,0.023599999999999954,11,0.7909213339225206,
i11.png,i11_17_3.png,contrast_change,3,4.34286,-1.707778929,1.707778929,0.9632,0.036800000000000055,11,0.8198537257369403,
i11.png,i11_17_4.png,contrast_change,4,6.83784,0.26304508,-0.26304508,0.9225,0.07750000000000001,11,0.9577475504391717,
i11.png,i11_17_5.png,contrast_change,5,3.21622,-3.035700617,3.035700617,0.851,0.14900000000000002,11,1.4768536459255936,
i11.png,i11_18_1.png,change_of_color_saturation,1,4.55556,-1.349507838,1.349507838,1.0,0.0,11,0.7525074472083496,
i11.png,i11_18_2.png,change_of_color_saturation,2,4.27027,-1.715537,1.715537,1.0,0.0,11,0.7525074472083496,
i11.png,i11_18_3.png,change_of_color_saturation,3,3.58333,-2.305913726,2.305913726,1.0,0.0,11,0.7525074472083496,
i11.png,i11_18_4.png,change_of_color_saturation,4,3.44118,-2.476373612,2.476373612,1.0,0.0,11,0.7525074472083496,
i11.png,i11_18_5.png,change_of_color_saturation,5,3.51351,-2.732799192,2.732799192,1.0,0.0,11,0.7525074472083496,
i11.png,i11_19_1.png,multiplicative_gaussian_noise,1,5.64865,-0.477902212,0.477902212,0.9581,0.04190000000000005,11,0.8327803300063579,
i11.png,i11_19_2.png,multiplicative_gaussian_noise,2,5.11111,-0.776314244,0.776314244,0.9245,0.07550000000000001,11,0.9488414581796434,
i11.png,i11_19_3.png,multiplicative_gaussian_noise,3,4.64865,-1.28933305,1.28933305,0.8702,0.12980000000000003,11,1.2958739929895091,
i11.png,i11_19_4.png,multiplicative_gaussian_noise,4,3.97143,-1.853573893,1.853573893,0.7905,0.20950000000000002,11,2.1942004593870155,
i11.png,i11_19_5.png,multiplicative_gaussian_noise,5,3.62162,-2.480591325,2.480591325,0.6894,0.3106,11,3.150040197098095,
i11.png,i11_20_1.png,comfort_noise,1,6.02857,-0.111055711,0.111055711,0.9245,0.07550000000000001,11,0.9488414581796434,
i11.png,i11_20_2.png,comfort_noise,2,5.59459,-0.459259891,0.459259891,0.8695,0.13049999999999995,11,1.3019246678029677,
i11.png,i11_20_3.png,comfort_noise,3,5.35135,-0.707275933,0.707275933,0.7799,0.22009999999999996,11,2.325468833739118,
i11.png,i11_20_4.png,comfort_noise,4,4.88889,-1.12202863,1.12202863,0.6231,0.3769,11,3.3841959329172906,
i11.png,i11_20_5.png,comfort_noise,5,3.63889,-2.30218376,2.30218376,0.3686,0.6314,11,3.5015880849638097,
i11.png,i11_21_1.png,lossy_compression_of_noisy_images,1,5.7027,-0.345547175,0.345547175,0.9299,0.07010000000000005,11,0.9260390957738186,
i11.png,i11_21_2.png,lossy_compression_of_noisy_images,2,5.41667,-0.544556059,0.544556059,0.8782,0.12180000000000002,11,1.2297189580309213,
i11.png,i11_21_3.png,lossy_compression_of_noisy_images,3,4.40541,-1.413048724,1.413048724,0.797,0.20299999999999996,11,2.112645203092433,
i11.png,i11_21_4.png,lossy_compression_of_noisy_images,4,3.86111,-2.028701864,2.028701864,0.688,0.31200000000000006,11,3.157662054542616,
i11.png,i11_21_5.png,lossy_compression_of_noisy_images,5,2.64865,-3.724584019,3.724584019,0.5211,0.4789,11,3.4828863779973935,
i11.png,i11_22_1.png,image_color_quantization_with_dither,1,5.56757,-0.444816285,0.444816285,0.949,0.051000000000000045,11,0.8585928987994857,
i11.png,i11_22_2.png,image_color_quantization_with_dither,2,5.40541,-0.605864803,0.605864803,0.9065,0.09350000000000003,11,1.0386971566136476,
i11.png,i11_22_3.png,image_color_quantization_with_dither,3,4.89189,-0.979609745,0.979609745,0.8252,0.17479999999999996,11,1.763933567555632,
i11.png,i11_22_4.png,image_color_quantization_with_dither,4,3.64865,-2.302765997,2.302765997,0.7361,0.2639,11,2.80562672378497,
i11.png,i11_22_5.png,image_color_quantization_with_dither,5,2.52778,-3.811697944,3.811697944,0.6133,0.38670000000000004,11,3.402520324825999,
i11.png,i11_23_1.png,chromatic_aberrations,1,5.86486,-0.268853101,0.268853101,0.9942,0.005800000000000027,11,0.7605995822839127,
i11.png,i11_23_2.png,chromatic_aberrations,2,5.83784,-0.32456493,0.32456493,0.9827,0.017299999999999982,11,0.7791568281065147,
i11.png,i11_23_3.png,chromatic_aberrations,3,5.94595,-0.139627492,0.139627492,0.9656,0.034399999999999986,11,0.8141250471329105,
i11.png,i11_23_4.png,chromatic_aberrations,4,5.27027,-0.762986716,0.762986716,0.9319,0.06810000000000005,11,0.9180391721582436,
i11.png,i11_23_5.png,chromatic_aberrations,5,2.75676,-3.523166233,3.523166233,0.6412,0.3588,11,3.3416552600686944,
i11.png,i11_24_1.png,sparse_sampling_and_reconstruction,1,5.91892,-0.19694152,0.19694152,0.9356,0.06440000000000001,11,0.9038481669652926,
i11.png,i11_24_2.png,sparse_sampling_and_reconstruction,2,5.47222,-0.61239113,0.61239113,0.8792,0.12080000000000002,11,1.2218363975660587,
i11.png,i11_24_3.png,sparse_sampling_and_reconstruction,3,4.62857,-1.37272289,1.37272289,0.7868,0.21319999999999995,11,2.2403474815101005,
i11.png,i11_24_4.png,sparse_sampling_and_reconstruction,4,2.88571,-3.447126519,3.447126519,0.6492,0.3508,11,3.3185928776421605,
i11.png,i11_24_5.png,sparse_sampling_and_reconstruction,5,0.58333,-5.807473024,5.807473024,0.5014,0.49860000000000004,11,3.4887820935563147,
i12.png,i12_01_1.png,additive_gaussian_noise,1,5.94595,-0.747425603,0.747425603,0.9208,0.07920000000000005,12,0.9559622782835073,0.5276143804929356
i12.png,i12_01_2.png,additive_gaussian_noise,2,4.97222,-1.358093873,1.358093873,0.8568,0.1432,12,1.401747438801679,0.9015818968159244
i12.png,i12_01_3.png,additive_gaussian_noise,3,4.78947,-1.869977935,1.869977935,0.7569,0.24309999999999998,12,2.546398892722357,1.4403511151723483
i12.png,i12_01_4.png,additive_gaussian_noise,4,4.13889,-2.343493556,2.343493556,0.6231,0.3769,12,3.357219152998898,2.030237647170036
i12.png,i12_01_5.png,additive_gaussian_noise,5,3.76316,-2.871091514,2.871091514,0.479,0.521,12,3.4797537152899465,2.478317101906885
i12.png,i12_02_1.png,additive_noise_in_color_more_intensive_than_additive_noise_in_the_luminance,1,6.08108,-0.550178458,0.550178458,0.977,0.02300000000000002,12,0.777804050509605,
i12.png,i12_02_2.png,additive_noise_in_color_more_intensive_than_additive_noise_in_the_luminance,2,5.97297,-0.703865873,0.703865873,0.9569,0.04310000000000003,12,0.8252415994325328,
i12.png,i12_02_3.png,additive_noise_in_color_more_intensive_than_additive_noise_in_the_luminance,3,5.52632,-0.969830669,0.969830669,0.9189,0.08109999999999995,12,0.9648672870990649,
i12.png,i12_02_4.png,additive_noise_in_color_more_intensive_than_additive_noise_in_the_luminance,4,5.05263,-1.474378584,1.474378584,0.8546,0.14539999999999997,12,1.4227958330380386,
i12.png,i12_02_5.png,additive_noise_in_color_more_intensive_than_additive_noise_in_the_luminance,5,4.54054,-1.977649081,1.977649081,0.7549,0.24509999999999998,12,2.568015591053114,
i12.png,i12_03_1.png,spatially_correlated_noise,1,4.56757,-1.879305143,1.879305143,0.9365,0.0635,12,0.8906930775500304,
i12.png,i12_03_2.png,spatially_correlated_noise,2,4.16216,-2.385759034,2.385759034,0.8833,0.11670000000000003,12,1.178529486552446,
i12.png,i12_03_3.png,spatially_correlated_noise,3,3.75676,-3.103094361,3.103094361,0.7979,0.20209999999999995,12,2.063706308539542,
i12.png,i12_03_4.png,spatially_correlated_noise,4,3.10526,-3.921056923,3.921056923,0.6774,0.3226,12,3.172343683171973,
i12.png,i12_03_5.png,spatially_correlated_noise,5,2.71053,-4.418594967,4.418594967,0.5377,0.46230000000000004,12,3.459515404609676,
i12.png,i12_04_1.png,masked_noise,1,5.91892,-0.694281529,0.694281529,0.9641,0.03590000000000004,12,0.806531466536763,
i12.png,i12_04_2.png,masked_noise,2,5.52632,-1.106138864,1.106138864,0.9365,0.0635,12,0.8906930775500304,
i12.png,i12_04_3.png,masked_noise,3,5.21053,-1.348903158,1.348903158,0.8857,0.11429999999999996,12,1.1611115503681528,
i12.png,i12_04_4.png,masked_noise,4,4.7027,-1.845390819,1.845390819,0.8038,0.19620000000000004,12,1.9916351919215494,
i12.png,i12_04_5.png,masked_noise,5,3.78378,-2.743227266,2.743227266,0.6892,0.31079999999999997,12,3.109981324471082,
i12.png,i12_05_1.png,high_frequency_noise,1,5.64865,-0.863783535,0.863783535,0.9177,0.08230000000000004,12,0.9706104285918598,
i12.png,i12_05_2.png,high_frequency_noise,2,5.81081,-0.874304792,0.874304792,0.8529,0.1471,12,1.4393142837793316,
i12.png,i12_05_3.png,high_frequency_noise,3,5.21053,-1.396296269,1.396296269,0.6693,0.3307,12,3.209831190863169,
i12.png,i12_05_4.png,high_frequency_noise,4,4.35135,-2.390219477,2.390219477,0.4289,0.5710999999999999,12,3.4864974056007267,
i12.png,i12_05_5.png,high_frequency_noise,5,3.65789,-3.209874448,3.209874448,0.2285,0.7715,12,3.491270987969116,
i12.png,i12_06_1.png,impulse_noise,1,5.08108,-1.385249356,1.385249356,0.9476,0.0524,12,0.8526393950566364,
i12.png,i12_06_2.png,impulse_noise,2,4.81579,-1.781657761,1.781657761,0.897,0.10299999999999998,12,1.0851892064153197,
i12.png,i12_06_3.png,impulse_noise,3,4.45946,-2.176902163,2.176902163,0.8059,0.19410000000000005,12,1.9660659058957006,
i12.png,i12_06_4.png,impulse_noise,4,4.08108,-2.656164111,2.656164111,0.666,0.33399999999999996,12,3.22394753168237,
i12.png,i12_06_5.png,impulse_noise,5,3.75,-3.170852409,3.170852409,0.4856,0.5144,12,3.478352198345634,
i12.png,i12_07_1.png,quantization_noise,1,4.69444,-1.766048107,1.766048107,0.9314,0.0686,12,0.9103366149460126,
i12.png,i12_07_2.png,quantization_noise,2,4.39474,-2.180933888,2.180933888,0.9073,0.0927,12,1.0243984590775999,
i12.png,i12_07_3.png,quantization_noise,3,4.18421,-2.667706665,2.667706665,0.843,0.15700000000000003,12,1.5397432337503618,
i12.png,i12_07_4.png,quantization_noise,4,3.18919,-3.738835147,3.738835147,0.8305,0.16949999999999998,12,1.6759411882090682,
i12.png,i12_07_5.png,quantization_noise,5,3.02778,-4.088256594,4.088256594,0.7715,0.22850000000000004,12,2.3816244961450166,
i12.png,i12_08_1.png,gaussian_blur,1,6.18421,-0.467377164,0.467377164,0.9827,0.017299999999999982,12,0.7668509051867588,
i12.png,i12_08_2.png,gaussian_blur,2,5.47368,-1.307657206,1.307657206,0.9469,0.053100000000000036,12,0.8548600719774884,
i12.png,i12_08_3.png,gaussian_blur,3,4.52632,-2.181557119,2.181557119,0.8694,0.13060000000000005,12,1.2885468195108207,
i12.png,i12_08_4.png,gaussian_blur,4,3.60526,-3.208885821,3.208885821,0.7729,0.22709999999999997,12,2.365266425933246,
i12.png,i12_08_5.png,gaussian_blur,5,2.77778,-4.212353192,4.212353192,0.6851,0.31489999999999996,12,3.1327389226048465,
i12.png,i12_09_1.png,image_denoising,1,6.31579,-0.422675204,0.422675204,0.9314,0.0686,12,0.9103366149460126,
i12.png,i12_09_2.png,image_denoising,2,5.52778,-1.03035345,1.03035345,0.8997,0.10029999999999994,12,1.068498486430335,
i12.png,i12_09_3.png,image_denoising,3,4.73684,-1.838531647,1.838531647,0.8408,0.1592,12,1.5629965748941292,
i12.png,i12_09_4.png,image_denoising,4,3.43243,-3.45724197,3.45724197,0.7607,0.23929999999999996,12,2.504645407238178,
i12.png,i12_09_5.png,image_denoising,5,2.25714,-4.811140173,4.811140173,0.6935,0.3065,12,3.0848156640640796,
i12.png,i12_10_1.png,JPEG_compression,1,6.08108,-0.598287764,0.598287764,0.952,0.04800000000000004,12,0.8391992404055768,
i12.png,i12_10_2.png,JPEG_compression,2,5.89474,-0.754999735,0.754999735,0.9236,0.07640000000000002,12,0.943252130959136,
i12.png,i12_10_3.png,JPEG_compression,3,5.10526,-1.486437292,1.486437292,0.8571,0.14290000000000003,12,1.3989061766301871,
i12.png,i12_10_4.png,JPEG_compression,4,3.10526,-3.732246517,3.732246517,0.7463,0.25370000000000004,12,2.657926694682968,
i12.png,i12_10_5.png,JPEG_compression,5,2.23684,-5.460011623,5.460011623,0.6763,0.3237,12,3.1776791609805324,
i12.png,i12_11_1.png,JPEG2000_compression,1,5.40541,-1.122530687,1.122530687,0.8874,0.11260000000000003,12,1.1490512924513698,
i12.png,i12_11_2.png,JPEG2000_compression,2,4.67568,-1.877271132,1.877271132,0.8126,0.1874,12,1.8850371769886678,
i12.png,i12_11_3.png,JPEG2000_compression,3,2.77778,-4.492838303,4.492838303,0.7094,0.29059999999999997,12,2.9796242236293704,
i12.png,i12_11_4.png,JPEG2000_compression,4,1.94737,-6.055104542,6.055104542,0.6569,0.34309999999999996,12,3.259638951312673,
i12.png,i12_11_5.png,JPEG2000_compression,5,0.81579,-7.484083898,7.484083898,0.6294,0.37060000000000004,12,3.3426160277027934,
i12.png,i12_12_1.png,JPEG_transmission_errors,1,5.5,-1.033811246,1.033811246,0.9783,0.021700000000000053,12,0.775218266889648,
i12.png,i12_12_2.png,JPEG_transmission_errors,2,5.05263,-1.507747294,1.507747294,0.9824,0.01759999999999995,12,0.7674030316985044,
i12.png,i12_12_3.png,JPEG_transmission_errors,3,3.64865,-3.387612162,3.387612162,0.6989,0.30110000000000003,12,3.0512713100161797,
i12.png,i12_12_4.png,JPEG_transmission_errors,4,3.07895,-3.881753935,3.881753935,0.6479,0.35209999999999997,12,3.2906179569363623,
i12.png,i12_12_5.png,JPEG_transmission_errors,5,3.08108,-3.816687322,3.816687322,0.6412,0.3588,12,3.311147843250085,
i12.png,i12_13_1.png,JPEG2000_transmission_errors,1,5.37838,-1.051681267,1.051681267,0.8943,0.10570000000000002,12,1.1024310380397897,
i12.png,i12_13_2.png,JPEG2000_transmission_errors,2,4.56757,-1.983566514,1.983566514,0.8175,0.1825,12,1.8265315623665228,
i12.png,i12_13_3.png,JPEG2000_transmission_errors,3,3.23684,-3.478187286,3.478187286,0.6438,0.35619999999999996,12,3.3034241827871758,
i12.png,i12_13_4.png,JPEG2000_transmission_errors,4,2.83333,-4.418773129,4.418773129,0.5555,0.4445,12,3.448217011677185,
i12.png,i12_13_5.png,JPEG2000_transmission_errors,5,4.0,-2.606714466,2.606714466,0.8037,0.19630000000000003,12,1.9928542490200991,
i12.png,i12_14_1.png,non_eccentricity_pattern_noise,1,5.55263,-1.062763551,1.062763551,0.926,0.07399999999999995,12,0.9327405519141367,
i12.png,i12_14_2.png,non_eccentricity_pattern_noise,2,6.15789,-0.513566955,0.513566955,0.9758,0.0242,12,0.7802384546300224,
i12.png,i12_14_3.png,non_eccentricity_pattern_noise,3,4.54054,-1.81917104,1.81917104,0.9478,0.052200000000000024,12,0.8520091462854211,
i12.png,i12_14_4.png,non_eccentricity_pattern_noise,4,4.47368,-2.034844215,2.034844215,0.9227,0.07730000000000004,12,0.9472845146109012,
i12.png,i12_14_5.png,non_eccentricity_pattern_noise,5,3.56757,-2.959667002,2.959667002,0.8879,0.11209999999999998,12,1.1455477198915938,
i12.png,i12_15_1.png,local_block_wise_distortions_of_different_intensity,1,3.5,-3.427081487,3.427081487,0.949,0.051000000000000045,12,0.8482667986637977,
i12.png,i12_15_2.png,local_block_wise_distortions_of_different_intensity,2,3.51429,-3.249262969,3.249262969,0.9585,0.04149999999999998,12,0.8209039873011323,
i12.png,i12_15_3.png,local_block_wise_distortions_of_different_intensity,3,3.65789,-2.987658606,2.987658606,0.9689,0.031100000000000017,12,0.7951620198417796,
i12.png,i12_15_4.png,local_block_wise_distortions_of_different_intensity,4,4.07895,-2.699033179,2.699033179,0.9783,0.021700000000000053,12,0.775218266889648,
i12.png,i12_15_5.png,local_block_wise_distortions_of_different_intensity,5,4.54286,-2.048573705,2.048573705,0.9892,0.010800000000000032,12,0.7555146438581707,
i12.png,i12_16_1.png,intensity_shift,1,6.52632,-0.151894875,0.151894875,0.9981,0.0019000000000000128,12,0.7417926064473315,
i12.png,i12_16_2.png,intensity_shift,2,6.2973,-0.418749109,0.418749109,0.9955,0.0044999999999999485,12,0.7455995546146056,
i12.png,i12_16_3.png,intensity_shift,3,6.05263,-0.617076476,0.617076476,0.9884,0.011600000000000055,12,0.7568471106293696,
i12.png,i12_16_4.png,intensity_shift,4,6.11111,-0.568069158,0.568069158,0.9777,0.022299999999999986,12,0.7764051115519672,
i12.png,i12_16_5.png,intensity_shift,5,5.67568,-1.031899221,1.031899221,0.9495,0.05049999999999999,12,0.8467271383869986,
i12.png,i12_17_1.png,contrast_change,1,6.26316,-0.520092728,0.520092728,0.995,0.0050000000000000044,12,0.7463501979446765,
i12.png,i12_17_2.png,contrast_change,2,6.81579,0.023484576,-0.023484576,0.9854,0.014599999999999946,12,0.7619986925073146,
i12.png,i12_17_3.png,contrast_change,3,4.81081,-1.487398826,1.487398826,0.976,0.02400000000000002,12,0.7798295174981265,
i12.png,i12_17_4.png,contrast_change,4,6.26316,-0.519073137,0.519073137,0.9417,0.05830000000000002,12,0.8720956839994098,
i12.png,i12_17_5.png,contrast_change,5,4.02632,-2.732416613,2.732416613,0.9027,0.09730000000000005,12,1.050588939479801,
i12.png,i12_18_1.png,change_of_color_saturation,1,5.64865,-0.812161236,0.812161236,1.0,0.0,12,0.7391103262545581,
i12.png,i12_18_2.png,change_of_color_saturation,2,5.35135,-1.057254146,1.057254146,1.0,0.0,12,0.7391103262545581,
i12.png,i12_18_3.png,change_of_color_saturation,3,5.0,-1.610814078,1.610814078,1.0,0.0,12,0.7391103262545581,
i12.png,i12_18_4.png,change_of_color_saturation,4,4.48649,-2.0439177,2.0439177,1.0,0.0,12,0.7391103262545581,
i12.png,i12_18_5.png,change_of_color_saturation,5,4.2973,-2.260016021,2.260016021,1.0,0.0,12,0.7391103262545581,
i12.png,i12_19_1.png,multiplicative_gaussian_noise,1,5.72973,-0.761581438,0.761581438,0.9137,0.08630000000000004,12,0.9904336304738353,
i12.png,i12_19_2.png,multiplicative_gaussian_noise,2,5.51351,-1.087064478,1.087064478,0.8487,0.1513,12,1.4810540208731293,
i12.png,i12_19_3.png,multiplicative_gaussian_noise,3,5.2973,-1.162119391,1.162119391,0.7526,0.24739999999999995,12,2.592554727290601,
i12.png,i12_19_4.png,multiplicative_gaussian_noise,4,4.71053,-1.859189201,1.859189201,0.6242,0.3758,12,3.3547714027472915,
i12.png,i12_19_5.png,multiplicative_gaussian_noise,5,4.02632,-2.601495202,2.601495202,0.4862,0.5138,12,3.4782167684643115,
i12.png,i12_20_1.png,comfort_noise,1,5.58333,-0.891829759,0.891829759,0.8731,0.1269,12,1.2577314237611041,
i12.png,i12_20_2.png,comfort_noise,2,5.27778,-1.152977302,1.152977302,0.7755,0.22450000000000003,12,2.334674254844121,
i12.png,i12_20_3.png,comfort_noise,3,4.43243,-2.150456813,2.150456813,0.6175,0.38249999999999995,12,3.3690471628974947,
i12.png,i12_20_4.png,comfort_noise,4,3.60526,-3.145460134,3.145460134,0.385,0.615,12,3.489113434573484,
i12.png,i12_20_5.png,comfort_noise,5,2.80556,-4.040218085,4.040218085,0.1977,0.8023,12,3.4913350903837825,
i12.png,i12_21_1.png,lossy_compression_of_noisy_images,1,5.15789,-1.226418284,1.226418284,0.8934,0.10660000000000003,12,1.108302205699909,
i12.png,i12_21_2.png,lossy_compression_of_noisy_images,2,4.94595,-1.654508043,1.654508043,0.8179,0.18210000000000004,12,1.8217908342608857,
i12.png,i12_21_3.png,lossy_compression_of_noisy_images,3,4.02632,-2.764885414,2.764885414,0.7047,0.2953,12,3.01276214188661,
i12.png,i12_21_4.png,lossy_compression_of_noisy_images,4,3.02778,-3.705433879,3.705433879,0.5657,0.4343,12,3.440052309880871,
i12.png,i12_21_5.png,lossy_compression_of_noisy_images,5,2.0,-5.650043817,5.650043817,0.5053,0.49470000000000003,12,3.4730933089572633,
i12.png,i12_22_1.png,image_color_quantization_with_dither,1,5.25,-1.242086327,1.242086327,0.9174,0.0826,12,0.9720607505151246,
i12.png,i12_22_2.png,image_color_quantization_with_dither,2,5.13158,-1.541293173,1.541293173,0.8449,0.15510000000000002,12,1.519926130444133,
i12.png,i12_22_3.png,image_color_quantization_with_dither,3,4.56757,-2.132382014,2.132382014,0.7552,0.24480000000000002,12,2.5647893666748636,
i12.png,i12_22_4.png,image_color_quantization_with_dither,4,3.5,-3.536175475,3.536175475,0.6388,0.36119999999999997,12,3.318013907172611,
i12.png,i12_22_5.png,image_color_quantization_with_dither,5,2.62162,-4.699252643,4.699252643,0.551,0.44899999999999995,12,3.451399653943589,
i12.png,i12_23_1.png,chromatic_aberrations,1,6.05405,-0.529087337,0.529087337,0.9919,0.008099999999999996,12,0.751141872028607,
i12.png,i12_23_2.png,chromatic_aberrations,2,6.18421,-0.563173309,0.563173309,0.9763,0.023700000000000054,12,0.7792185220851715,
i12.png,i12_23_3.png,chromatic_aberrations,3,4.89474,-1.687197782,1.687197782,0.8575,0.14249999999999996,12,1.3951287073090881,
i12.png,i12_23_4.png,chromatic_aberrations,4,3.18919,-3.531869506,3.531869506,0.7497,0.25029999999999997,12,2.6229897453107642,
i12.png,i12_23_5.png,chromatic_aberrations,5,2.21053,-5.201346404,5.201346404,0.6634,0.3366,12,3.234619575327182,
i12.png,i12_24_1.png,sparse_sampling_and_reconstruction,1,5.86486,-0.904702222,0.904702222,0.8879,0.11209999999999998,12,1.1455477198915938,
i12.png,i12_24_2.png,sparse_sampling_and_reconstruction,2,4.37838,-2.150039557,2.150039557,0.8127,0.18730000000000002,12,1.883835891756343,
i12.png,i12_24_3.png,sparse_sampling_and_reconstruction,3,3.07895,-4.00444716,4.00444716,0.7183,0.28169999999999995,12,2.9120296892848416,
i12.png,i12_24_4.png,sparse_sampling_and_reconstruction,4,1.97368,-5.90975792,5.90975792,0.6535,0.34650000000000003,12,3.271823328963678,
i12.png,i12_24_5.png,sparse_sampling_and_reconstruction,5,0.40541,-7.922977629,7.922977629,0.6246,0.37539999999999996,12,3.353870847245264,
i13.png,i13_01_1.png,additive_gaussian_noise,1,5.53488,-0.347059724,0.347059724,0.9749,0.02510000000000001,13,0.7989143477708271,0.18124353548108818
i13.png,i13_01_2.png,additive_gaussian_noise,2,5.425,-0.299424482,0.299424482,0.9526,0.0474,13,0.852026916577407,0.3295851464148374
i13.png,i13_01_3.png,additive_gaussian_noise,3,5.06977,-0.628360172,0.628360172,0.9117,0.08830000000000005,13,1.0126592974754973,0.591805179276184
i13.png,i13_01_4.png,additive_gaussian_noise,4,4.7907,-0.77977272,0.77977272,0.8444,0.15559999999999996,13,1.5474901690624998,0.9935933907624754
i13.png,i13_01_5.png,additive_gaussian_noise,5,4.02381,-1.687410305,1.687410305,0.7467,0.25329999999999997,13,2.712928677148736,1.507384726421611
i13.png,i13_02_1.png,additive_noise_in_color_more_intensive_than_additive_noise_in_the_luminance,1,5.30952,-0.445668936,0.445668936,0.9931,0.006900000000000017,13,0.7678788567456798,
i13.png,i13_02_2.png,additive_noise_in_color_more_intensive_than_additive_noise_in_the_luminance,2,5.53659,-0.389800108,0.389800108,0.9868,0.01319999999999999,13,0.7775730255913105,
i13.png,i13_02_3.png,additive_noise_in_color_more_intensive_than_additive_noise_in_the_luminance,3,5.62791,-0.228267274,0.228267274,0.9746,0.025399999999999978,13,0.799508597896349,
i13.png,i13_02_4.png,additive_noise_in_color_more_intensive_than_additive_noise_in_the_luminance,4,5.40476,-0.389192655,0.389192655,0.9523,0.047699999999999965,13,0.8528788094568852,
i13.png,i13_02_5.png,additive_noise_in_color_more_intensive_than_additive_noise_in_the_luminance,5,4.66667,-0.968892416,0.968892416,0.911,0.08899999999999997,13,1.0163220412057117,
i13.png,i13_03_1.png,spatially_correlated_noise,1,5.14286,-0.502253712,0.502253712,0.98,0.020000000000000018,13,0.7892496961993786,
i13.png,i13_03_2.png,spatially_correlated_noise,2,5.07143,-0.704229341,0.704229341,0.962,0.038000000000000034,13,0.8272925958979814,
i13.png,i13_03_3.png,spatially_correlated_noise,3,4.16667,-1.290668186,1.290668186,0.9278,0.07220000000000004,13,0.9376521266584006,
i13.png,i13_03_4.png,spatially_correlated_noise,4,3.66667,-1.945796254,1.945796254,0.8723,0.12770000000000004,13,1.279091293626108,
i13.png,i13_03_5.png,spatially_correlated_noise,5,2.7619,-2.971369189,2.971369189,0.7854,0.2146,13,2.264489775250017,
i13.png,i13_04_1.png,masked_noise,1,5.73171,-0.2685508,0.2685508,0.9879,0.0121,13,0.7758056624423296,
i13.png,i13_04_2.png,masked_noise,2,5.475,-0.290676612,0.290676612,0.9794,0.02059999999999995,13,0.7903448352224631,
i13.png,i13_04_3.png,masked_noise,3,5.55814,-0.201121051,0.201121051,0.9594,0.04059999999999997,13,0.8337665373341022,
i13.png,i13_04_4.png,masked_noise,4,5.43902,-0.298956741,0.298956741,0.9236,0.07640000000000002,13,0.955582681745236,
i13.png,i13_04_5.png,masked_noise,5,4.92857,-0.626978193,0.626978193,0.8543,0.14570000000000005,13,1.4448084724423689,
i13.png,i13_05_1.png,high_frequency_noise,1,5.35714,-0.374578773,0.374578773,0.9741,0.025900000000000034,13,0.8005055598502842,
i13.png,i13_05_2.png,high_frequency_noise,2,5.04762,-0.50520033,0.50520033,0.951,0.049000000000000044,13,0.8566172923868832,
i13.png,i13_05_3.png,high_frequency_noise,3,5.51163,-0.419462909,0.419462909,0.8688,0.13119999999999998,13,1.3091158710783168,
i13.png,i13_05_4.png,high_frequency_noise,4,4.16667,-1.116349707,1.116349707,0.7061,0.29390000000000005,13,3.0612572473491686,
i13.png,i13_05_5.png,high_frequency_noise,5,3.09524,-2.580052331,2.580052331,0.4796,0.5204,13,3.5060242129857353,
i13.png,i13_06_1.png,impulse_noise,1,4.55,-0.988820917,0.988820917,0.9791,0.02090000000000003,13,0.7908965042653081,
i13.png,i13_06_2.png,impulse_noise,2,4.25581,-1.375360394,1.375360394,0.9577,0.042300000000000004,13,0.8381478346065475,
i13.png,i13_06_3.png,impulse_noise,3,3.66667,-1.882265927,1.882265927,0.9201,0.07989999999999997,13,0.9713818392981493,
i13.png,i13_06_4.png,impulse_noise,4,3.44186,-2.196099046,2.196099046,0.8543,0.14570000000000005,13,1.4448084724423689,
i13.png,i13_06_5.png,impulse_noise,5,3.09524,-2.603055251,2.603055251,0.7519,0.2481,13,2.658265983906352,
i13.png,i13_07_1.png,quantization_noise,1,5.725,-0.324044958,0.324044958,0.9759,0.02410000000000001,13,0.7969545956769124,
i13.png,i13_07_2.png,quantization_noise,2,5.31707,-0.405877805,0.405877805,0.949,0.051000000000000045,13,0.8625201945430063,
i13.png,i13_07_3.png,quantization_noise,3,4.64286,-0.938455483,0.938455483,0.9028,0.09719999999999995,13,1.0619175001720333,
i13.png,i13_07_4.png,quantization_noise,4,3.41463,-2.094587297,2.094587297,0.85,0.15000000000000002,13,1.4884503703473717,
i13.png,i13_07_5.png,quantization_noise,5,2.82927,-3.097979792,3.097979792,0.7529,0.2471,13,2.6475152565907236,
i13.png,i13_08_1.png,gaussian_blur,1,4.80952,-0.846200715,0.846200715,0.9602,0.03979999999999995,13,0.8317456761860913,
i13.png,i13_08_2.png,gaussian_blur,2,3.95238,-1.569554665,1.569554665,0.8741,0.1259,13,1.2640676050131385,
i13.png,i13_08_3.png,gaussian_blur,3,3.12195,-2.582754398,2.582754398,0.6929,0.30710000000000004,13,3.1443997828205354,
i13.png,i13_08_4.png,gaussian_blur,4,2.5814,-3.312137824,3.312137824,0.4794,0.5206,13,3.5060573687465775,
i13.png,i13_08_5.png,gaussian_blur,5,1.7381,-4.433384061,4.433384061,0.3187,0.6813,13,3.514797933343826,
i13.png,i13_09_1.png,image_denoising,1,5.07317,-0.603414309,0.603414309,0.9496,0.0504,13,0.8607298234828287,
i13.png,i13_09_2.png,image_denoising,2,4.76744,-0.90591738,0.90591738,0.8898,0.11019999999999996,13,1.144944119654402,
i13.png,i13_09_3.png,image_denoising,3,3.18605,-2.4169384,2.4169384,0.7469,0.2531,13,2.710865592695386,
i13.png,i13_09_4.png,image_denoising,4,2.16667,-3.845241284,3.845241284,0.5457,0.45430000000000004,13,3.48514582101571,
i13.png,i13_09_5.png,image_denoising,5,0.4878,-5.847963705,5.847963705,0.3368,0.6632,13,3.514598241478888,
i13.png,i13_10_1.png,JPEG_compression,1,5.48837,-0.317041698,0.317041698,0.9451,0.05489999999999995,13,0.8745757828744776,
i13.png,i13_10_2.png,JPEG_compression,2,5.46512,-0.409279094,0.409279094,0.894,0.10599999999999998,13,1.1166233418721196,
i13.png,i13_10_3.png,JPEG_compression,3,4.475,-0.909909385,0.909909385,0.7902,0.2098,13,2.2041451430692525,
i13.png,i13_10_4.png,JPEG_compression,4,3.25581,-2.508846143,2.508846143,0.6138,0.3862,13,3.4155777940152356,
i13.png,i13_10_5.png,JPEG_compression,5,1.16279,-5.119330072,5.119330072,0.4646,0.5354,13,3.5082102020503454,
i13.png,i13_11_1.png,JPEG2000_compression,1,5.32558,-0.421975826,0.421975826,0.9621,0.037900000000000045,13,0.8270489648235057,
i13.png,i13_11_2.png,JPEG2000_compression,2,5.32558,-0.407301436,0.407301436,0.9262,0.07379999999999998,13,0.9443533942362763,
i13.png,i13_11_3.png,JPEG2000_compression,3,4.69048,-0.91419902,0.91419902,0.8495,0.15049999999999997,13,1.493621939569889,
i13.png,i13_11_4.png,JPEG2000_compression,4,4.34884,-1.151742674,1.151742674,0.7484,0.25160000000000005,13,2.6952910013326097,
i13.png,i13_11_5.png,JPEG2000_compression,5,2.38095,-3.665535065,3.665535065,0.484,0.516,13,3.50526410029159,
i13.png,i13_12_1.png,JPEG_transmission_errors,1,5.23256,-0.469738006,0.469738006,0.9886,0.011399999999999966,13,0.7746978248373867,
i13.png,i13_12_2.png,JPEG_transmission_errors,2,5.44186,-0.388610981,0.388610981,0.9555,0.044499999999999984,13,0.8439972027690624,
i13.png,i13_12_3.png,JPEG_transmission_errors,3,5.11628,-0.583934917,0.583934917,0.9355,0.0645,13,0.9075337401322788,
i13.png,i13_12_4.png,JPEG_transmission_errors,4,5.2619,-0.412346555,0.412346555,0.8613,0.13870000000000005,13,1.3770504681159321,
i13.png,i13_12_5.png,JPEG_transmission_errors,5,5.04762,-0.657585484,0.657585484,0.7442,0.2558,13,2.738445273876647,
i13.png,i13_13_1.png,JPEG2000_transmission_errors,1,5.4186,-0.40203249,0.40203249,0.9636,0.03639999999999999,13,0.8234412635525485,
i13.png,i13_13_2.png,JPEG2000_transmission_errors,2,4.92857,-0.73569846,0.73569846,0.9381,0.061899999999999955,13,0.8981251617863681,
i13.png,i13_13_3.png,JPEG2000_transmission_errors,3,4.7907,-0.792861769,0.792861769,0.8348,0.1652,13,1.6540823539906617,
i13.png,i13_13_4.png,JPEG2000_transmission_errors,4,3.63415,-1.787399337,1.787399337,0.7089,0.2911,13,3.0417936951133195,
i13.png,i13_13_5.png,JPEG2000_transmission_errors,5,2.40476,-3.565292444,3.565292444,0.6313,0.3687,13,3.3805732532950694,
i13.png,i13_14_1.png,non_eccentricity_pattern_noise,1,5.64286,-0.181750858,0.181750858,0.9804,0.01959999999999995,13,0.7885256370444339,
i13.png,i13_14_2.png,non_eccentricity_pattern_noise,2,5.40476,-0.306153043,0.306153043,0.959,0.041000000000000036,13,0.8347867304960573,
i13.png,i13_14_3.png,non_eccentricity_pattern_noise,3,5.7381,-0.088398888,0.088398888,0.9213,0.07869999999999999,13,0.9658751887134746,
i13.png,i13_14_4.png,non_eccentricity_pattern_noise,4,5.02326,-0.664542848,0.664542848,0.8924,0.10760000000000003,13,1.127240272236222,
i13.png,i13_14_5.png,non_eccentricity_pattern_noise,5,3.97619,-1.485341199,1.485341199,0.851,0.14900000000000002,13,1.478167246465747,
i13.png,i13_15_1.png,local_block_wise_distortions_of_different_intensity,1,2.73171,-2.939330255,2.939330255,0.9485,0.05149999999999999,13,0.8640250805524885,
i13.png,i13_15_2.png,local_block_wise_distortions_of_different_intensity,2,2.87805,-2.754716318,2.754716318,0.9574,0.04259999999999997,13,0.8389334435104516,
i13.png,i13_15_3.png,local_block_wise_distortions_of_different_intensity,3,3.04762,-2.492249238,2.492249238,0.9679,0.03210000000000002,13,0.8135717257047326,
i13.png,i13_15_4.png,local_block_wise_distortions_of_different_intensity,4,3.57143,-2.036909381,2.036909381,0.9778,0.022199999999999998,13,0.7933190051389578,
i13.png,i13_15_5.png,local_block_wise_distortions_of_different_intensity,5,3.70732,-1.977117438,1.977117438,0.9882,0.011800000000000033,13,0.7753292819545115,
i13.png,i13_16_1.png,intensity_shift,1,5.60465,-0.260334819,0.260334819,0.9979,0.0020999999999999908,13,0.7611536876206225,
i13.png,i13_16_2.png,intensity_shift,2,5.27907,-0.525698988,0.525698988,0.9947,0.005299999999999971,13,0.7655762417565338,
i13.png,i13_16_3.png,intensity_shift,3,5.43902,-0.332966152,0.332966152,0.9767,0.023299999999999987,13,0.7954099024778578,
i13.png,i13_16_4.png,intensity_shift,4,4.29268,-1.287955567,1.287955567,0.9648,0.03520000000000001,13,0.8206174009976124,
i13.png,i13_16_5.png,intensity_shift,5,4.44186,-1.104040529,1.104040529,0.8919,0.10809999999999997,13,1.1306012983873446,
i13.png,i13_17_1.png,contrast_change,1,4.48837,-0.993973932,0.993973932,0.9941,0.005900000000000016,13,0.7664324428099358,
i13.png,i13_17_2.png,contrast_change,2,6.62791,0.326315993,-0.326315993,0.9824,0.01759999999999995,13,0.7849766509177319,
i13.png,i13_17_3.png,contrast_change,3,3.72093,-1.768788525,1.768788525,0.9628,0.03720000000000001,13,0.8253545004899168,
i13.png,i13_17_4.png,contrast_change,4,6.48837,0.149495838,-0.149495838,0.9329,0.06710000000000005,13,0.9173189222487705,
i13.png,i13_17_5.png,contrast_change,5,2.58537,-3.071831308,3.071831308,0.8286,0.1714,13,1.7261437302077565,
i13.png,i13_18_1.png,change_of_color_saturation,1,3.95122,-1.488281281,1.488281281,1.0,0.0,13,0.7583790075063771,
i13.png,i13_18_2.png,change_of_color_saturation,2,3.74419,-1.785839073,1.785839073,1.0,0.0,13,0.7583790075063771,
i13.png,i13_18_3.png,change_of_color_saturation,3,3.14286,-2.458053652,2.458053652,1.0,0.0,13,0.7583790075063771,
i13.png,i13_18_4.png,change_of_color_saturation,4,2.84615,-2.646224703,2.646224703,1.0,0.0,13,0.7583790075063771,
i13.png,i13_18_5.png,change_of_color_saturation,5,2.73171,-2.95653492,2.95653492,1.0,0.0,13,0.7583790075063771,
i13.png,i13_19_1.png,multiplicative_gaussian_noise,1,5.2439,-0.483000366,0.483000366,0.9773,0.022700000000000053,13,0.7942647014431015,
i13.png,i13_19_2.png,multiplicative_gaussian_noise,2,5.2619,-0.465343744,0.465343744,0.9584,0.04159999999999997,13,0.8363293264725619,
i13.png,i13_19_3.png,multiplicative_gaussian_noise,3,5.32558,-0.519425325,0.519425325,0.9244,0.0756,13,0.9520821627152772,
i13.png,i13_19_4.png,multiplicative_gaussian_noise,4,4.5122,-0.901778228,0.901778228,0.8669,0.1331,13,1.3258634675383698,
i13.png,i13_19_5.png,multiplicative_gaussian_noise,5,4.16279,-1.532276365,1.532276365,0.7796,0.22040000000000004,13,2.3365846651416327,
i13.png,i13_20_1.png,comfort_noise,1,5.67442,-0.161922141,0.161922141,0.9553,0.04469999999999996,13,0.8445391944231377,
i13.png,i13_20_2.png,comfort_noise,2,5.09524,-0.586652773,0.586652773,0.9146,0.08540000000000003,13,0.9978567540804149,
i13.png,i13_20_3.png,comfort_noise,3,5.52381,-0.360597627,0.360597627,0.8404,0.15959999999999996,13,1.5911138661943043,
i13.png,i13_20_4.png,comfort_noise,4,5.28571,-0.543225243,0.543225243,0.7196,0.2804,13,2.9612641505431894,
i13.png,i13_20_5.png,comfort_noise,5,5.23256,-0.590176236,0.590176236,0.5218,0.47819999999999996,13,3.4955870918004135,
i13.png,i13_21_1.png,lossy_compression_of_noisy_images,1,5.65116,-0.284244831,0.284244831,0.9591,0.04090000000000005,13,0.8345310689016602,
i13.png,i13_21_2.png,lossy_compression_of_noisy_images,2,5.54762,-0.264744924,0.264744924,0.9193,0.0807,13,0.9751057699314655,
i13.png,i13_21_3.png,lossy_compression_of_noisy_images,3,5.09524,-0.583096607,0.583096607,0.8569,0.1431,13,1.4191589035998833,
i13.png,i13_21_4.png,lossy_compression_of_noisy_images,4,4.72093,-1.007773818,1.007773818,0.751,0.249,13,2.667876877350589,
i13.png,i13_21_5.png,lossy_compression_of_noisy_images,5,3.47619,-2.14372723,2.14372723,0.5886,0.4114,13,3.451008299826953,
i13.png,i13_22_1.png,image_color_quantization_with_dither,1,5.42857,-0.399840534,0.399840534,0.9667,0.033299999999999996,13,0.8162570754404664,
i13.png,i13_22_2.png,image_color_quantization_with_dither,2,4.78049,-0.736664228,0.736664228,0.9312,0.06879999999999997,13,0.9239261866040906,
i13.png,i13_22_3.png,image_color_quantization_with_dither,3,3.97674,-1.466589734,1.466589734,0.8739,0.1261,13,1.2657229014744467,
i13.png,i13_22_4.png,image_color_quantization_with_dither,4,2.93023,-2.778638396,2.778638396,0.8076,0.19240000000000002,13,1.9838139421369028,
i13.png,i13_22_5.png,image_color_quantization_with_dither,5,2.4186,-3.712175851,3.712175851,0.6149,0.3851,13,3.4136628128935094,
i13.png,i13_23_1.png,chromatic_aberrations,1,5.65116,-0.375688107,0.375688107,0.9958,0.0041999999999999815,13,0.764028907131185,
i13.png,i13_23_2.png,chromatic_aberrations,2,5.39535,-0.413235305,0.413235305,0.9874,0.012599999999999945,13,0.7766049729014258,
i13.png,i13_23_3.png,chromatic_aberrations,3,5.45,-0.344369331,0.344369331,0.974,0.026000000000000023,13,0.8007059384076647,
i13.png,i13_23_4.png,chromatic_aberrations,4,5.04651,-0.617353424,0.617353424,0.9581,0.04190000000000005,13,0.837106195900291,
i13.png,i13_23_5.png,chromatic_aberrations,5,5.2093,-0.546910622,0.546910622,0.9219,0.07809999999999995,13,0.9631572081485078,
i13.png,i13_24_1.png,sparse_sampling_and_reconstruction,1,5.44186,-0.413850311,0.413850311,0.9606,0.03939999999999999,13,0.8307449353247705,
i13.png,i13_24_2.png,sparse_sampling_and_reconstruction,2,5.19048,-0.491748043,0.491748043,0.922,0.07799999999999996,13,0.9627064872715048,
i13.png,i13_24_3.png,sparse_sampling_and_reconstruction,3,4.39535,-1.066495016,1.066495016,0.8423,0.15769999999999995,13,1.5702465301356154,
i13.png,i13_24_4.png,sparse_sampling_and_reconstruction,4,3.86047,-1.634978022,1.634978022,0.7141,0.28590000000000004,13,3.003887459717787,
i13.png,i13_24_5.png,sparse_sampling_and_reconstruction,5,2.88095,-2.805239444,2.805239444,0.4953,0.5046999999999999,13,3.5030161617145903,
i14.png,i14_01_1.png,additive_gaussian_noise,1,5.89189,-0.339638153,0.339638153,0.9547,0.04530000000000001,14,0.8411959840106081,0.3289434328284635
i14.png,i14_01_2.png,additive_gaussian_noise,2,5.69444,-0.442676483,0.442676483,0.9157,0.08430000000000004,14,0.9855399853257286,0.5690685935937978
i14.png,i14_01_3.png,additive_gaussian_noise,3,4.77778,-1.155038058,1.155038058,0.8498,0.1502,14,1.478259565028905,0.9548866787654129
i14.png,i14_01_4.png,additive_gaussian_noise,4,4.31429,-1.581711137,1.581711137,0.7548,0.24519999999999997,14,2.6096804299410152,1.45708162951429
i14.png,i14_01_5.png,additive_gaussian_noise,5,3.75,-2.341041722,2.341041722,0.6356,0.36439999999999995,14,3.3564741801903666,1.9846431210582036
i14.png,i14_02_1.png,additive_noise_in_color_more_intensive_than_additive_noise_in_the_luminance,1,5.97297,-0.350707688,0.350707688,0.9873,0.012700000000000045,14,0.7727043805759625,
i14.png,i14_02_2.png,additive_noise_in_color_more_intensive_than_additive_noise_in_the_luminance,2,5.91667,-0.439695001,0.439695001,0.9759,0.02410000000000001,14,0.792625410525773,
i14.png,i14_02_3.png,additive_noise_in_color_more_intensive_than_additive_noise_in_the_luminance,3,5.77143,-0.482176575,0.482176575,0.9538,0.04620000000000002,14,0.8436472581288683,
i14.png,i14_02_4.png,additive_noise_in_color_more_intensive_than_additive_noise_in_the_luminance,4,5.13889,-0.999204014,0.999204014,0.9149,0.08509999999999995,14,0.9894534454269444,
i14.png,i14_02_5.png,additive_noise_in_color_more_intensive_than_additive_noise_in_the_luminance,5,4.52778,-1.43126215,1.43126215,0.8511,0.14890000000000003,14,1.4650081167249223,
i14.png,i14_03_1.png,spatially_correlated_noise,1,5.19444,-0.861404283,0.861404283,0.9635,0.03649999999999998,14,0.8189960418313449,
i14.png,i14_03_2.png,spatially_correlated_noise,2,4.43243,-1.474844382,1.474844382,0.9313,0.06869999999999998,14,0.9175478093558915,
i14.png,i14_03_3.png,spatially_correlated_noise,3,3.77778,-2.227755578,2.227755578,0.8765,0.12350000000000005,14,1.234673088365994,
i14.png,i14_03_4.png,spatially_correlated_noise,4,3.08333,-2.939462144,2.939462144,0.7922,0.20779999999999998,14,2.1622895620470173,
i14.png,i14_03_5.png,spatially_correlated_noise,5,2.59459,-3.629190411,3.629190411,0.6821,0.31789999999999996,14,3.1873264957378526,
i14.png,i14_04_1.png,masked_noise,1,6.02857,-0.276735815,0.276735815,0.9798,0.020199999999999996,14,0.7853817396270164,
i14.png,i14_04_2.png,masked_noise,2,5.63889,-0.558305981,0.558305981,0.9634,0.036599999999999966,14,0.8192310842794578,
i14.png,i14_04_3.png,masked_noise,3,5.5,-0.675569716,0.675569716,0.9306,0.06940000000000002,14,0.9202779073350887,
i14.png,i14_04_4.png,masked_noise,4,4.65714,-1.318451863,1.318451863,0.8729,0.1271,14,1.2639300739639752,
i14.png,i14_04_5.png,masked_noise,5,4.02778,-1.977911926,1.977911926,0.7805,0.21950000000000003,14,2.3084817075691078,
i14.png,i14_05_1.png,high_frequency_noise,1,6.05405,-0.260635979,0.260635979,0.9524,0.047599999999999976,14,0.8475305153206525,
i14.png,i14_05_2.png,high_frequency_noise,2,5.59459,-0.536070278,0.536070278,0.9128,0.08720000000000006,14,0.9999368440816456,
i14.png,i14_05_3.png,high_frequency_noise,3,4.97222,-1.132444752,1.132444752,0.7881,0.21189999999999998,14,2.213856487563129,
i14.png,i14_05_4.png,high_frequency_noise,4,4.16216,-1.784928292,1.784928292,0.5884,0.41159999999999997,14,3.438145440188339,
i14.png,i14_05_5.png,high_frequency_noise,5,3.02703,-3.216378309,3.216378309,0.3651,0.6349,14,3.501738550218569,
i14.png,i14_06_1.png,impulse_noise,1,5.08333,-0.990540646,0.990540646,0.9687,0.031299999999999994,14,0.807284368962431,
i14.png,i14_06_2.png,impulse_noise,2,4.33333,-1.518431204,1.518431204,0.9337,0.06630000000000003,14,0.9084012913158327,
i14.png,i14_06_3.png,impulse_noise,3,4.02778,-1.983389231,1.983389231,0.8788,0.12119999999999997,14,1.2165701037425198,
i14.png,i14_06_4.png,impulse_noise,4,3.77778,-2.431502888,2.431502888,0.7879,0.21209999999999996,14,2.2163647128631196,
i14.png,i14_06_5.png,impulse_noise,5,3.16667,-2.970667009,2.970667009,0.6474,0.3526,14,3.3241796608918555,
i14.png,i14_07_1.png,quantization_noise,1,5.72222,-0.499688029,0.499688029,0.9613,0.03869999999999996,14,0.8242556335328133,
i14.png,i14_07_2.png,quantization_noise,2,5.44444,-0.650805324,0.650805324,0.9297,0.07030000000000003,14,0.9238300621426199,
i14.png,i14_07_3.png,quantization_noise,3,4.27778,-1.695164915,1.695164915,0.8814,0.11860000000000004,14,1.1966559365448977,
i14.png,i14_07_4.png,quantization_noise,4,3.61111,-2.476690216,2.476690216,0.8181,0.18189999999999995,14,1.8378483536884462,
i14.png,i14_07_5.png,quantization_noise,5,2.91892,-3.410831059,3.410831059,0.722,0.278,14,2.9253390692876065,
i14.png,i14_08_1.png,gaussian_blur,1,5.43243,-0.717026161,0.717026161,0.9785,0.021499999999999964,14,0.787744537173037,
i14.png,i14_08_2.png,gaussian_blur,2,4.55556,-1.545617111,1.545617111,0.9328,0.06720000000000004,14,0.9117927698265432,
i14.png,i14_08_3.png,gaussian_blur,3,3.48649,-2.602716725,2.602716725,0.8269,0.17310000000000003,14,1.7319734138534169,
i14.png,i14_08_4.png,gaussian_blur,4,2.83784,-3.472505077,3.472505077,0.6694,0.3306,14,3.245695522223879,
i14.png,i14_08_5.png,gaussian_blur,5,1.59459,-4.922456631,4.922456631,0.5106,0.48939999999999995,14,3.486587782431317,
i14.png,i14_09_1.png,image_denoising,1,6.05405,-0.244657623,0.244657623,0.9459,0.05410000000000004,14,0.8667243040128977,
i14.png,i14_09_2.png,image_denoising,2,5.89189,-0.390440265,0.390440265,0.9063,0.0937,14,1.0343748017628807,
i14.png,i14_09_3.png,image_denoising,3,4.5,-1.347034587,1.347034587,0.8229,0.17710000000000004,14,1.7796454153455556,
i14.png,i14_09_4.png,image_denoising,4,2.89189,-3.274464452,3.274464452,0.6918,0.30820000000000003,14,3.1352341407809674,
i14.png,i14_09_5.png,image_denoising,5,1.75,-4.843752056,4.843752056,0.5383,0.4617,14,3.4761732717470095,
i14.png,i14_10_1.png,JPEG_compression,1,5.77778,-0.588101453,0.588101453,0.9518,0.04820000000000002,14,0.8492212625949549,
i14.png,i14_10_2.png,JPEG_compression,2,5.16667,-0.786841831,0.786841831,0.9179,0.08209999999999995,14,0.9750024766427827,
i14.png,i14_10_3.png,JPEG_compression,3,4.25,-1.551478965,1.551478965,0.844,0.15600000000000003,14,1.5390017362348767,
i14.png,i14_10_4.png,JPEG_compression,4,3.05556,-3.009020888,3.009020888,0.7048,0.2952,14,3.0541442446738656,
i14.png,i14_10_5.png,JPEG_compression,5,1.86111,-4.458636753,4.458636753,0.5778,0.4222,14,3.4491399160825655,
i14.png,i14_11_1.png,JPEG2000_compression,1,5.97297,-0.271370134,0.271370134,0.9469,0.053100000000000036,14,0.8636428244675689,
i14.png,i14_11_2.png,JPEG2000_compression,2,5.47222,-0.602983334,0.602983334,0.8964,0.10360000000000003,14,1.0929128789844749,
i14.png,i14_11_3.png,JPEG2000_compression,3,4.24324,-1.751066917,1.751066917,0.8302,0.16979999999999995,14,1.6932898858488867,
i14.png,i14_11_4.png,JPEG2000_compression,4,3.08333,-3.067993195,3.067993195,0.6855,0.3145,14,3.1698450344911513,
i14.png,i14_11_5.png,JPEG2000_compression,5,1.28571,-5.177980938,5.177980938,0.5227,0.47729999999999995,14,3.48265526324681,
i14.png,i14_12_1.png,JPEG_transmission_errors,1,5.81081,-0.403080299,0.403080299,0.976,0.02400000000000002,14,0.7924337824475277,
i14.png,i14_12_2.png,JPEG_transmission_errors,2,5.64706,-0.555823098,0.555823098,0.984,0.016000000000000014,14,0.778087629870184,
i14.png,i14_12_3.png,JPEG_transmission_errors,3,4.05714,-1.932416658,1.932416658,0.9872,0.012800000000000034,14,0.7728631809306791,
i14.png,i14_12_4.png,JPEG_transmission_errors,4,4.13514,-2.008525894,2.008525894,0.7742,0.2258,14,2.38547494934298,
i14.png,i14_12_5.png,JPEG_transmission_errors,5,3.18919,-2.895551119,2.895551119,0.6586,0.34140000000000004,14,3.2874929847163554,
i14.png,i14_13_1.png,JPEG2000_transmission_errors,1,5.02703,-0.953058405,0.953058405,0.9212,0.07879999999999998,14,0.9598009379752095,
i14.png,i14_13_2.png,JPEG2000_transmission_errors,2,4.52778,-1.290088219,1.290088219,0.8812,0.11880000000000002,14,1.1981671490810126,
i14.png,i14_13_3.png,JPEG2000_transmission_errors,3,3.62162,-2.555185433,2.555185433,0.7875,0.21250000000000002,14,2.2213787728879866,
i14.png,i14_13_4.png,JPEG2000_transmission_errors,4,3.08333,-2.991205247,2.991205247,0.6763,0.3237,14,3.2152987891367473,
i14.png,i14_13_5.png,JPEG2000_transmission_errors,5,1.91667,-4.526917414,4.526917414,0.5409,0.45909999999999995,14,3.4749091801799348,
i14.png,i14_14_1.png,non_eccentricity_pattern_noise,1,6.05405,-0.273287684,0.273287684,0.9722,0.027800000000000047,14,0.79994214604165,
i14.png,i14_14_2.png,non_eccentricity_pattern_noise,2,5.7027,-0.472305173,0.472305173,0.9645,0.035499999999999976,14,0.816666406446168,
i14.png,i14_14_3.png,non_eccentricity_pattern_noise,3,4.69444,-1.308002473,1.308002473,0.9201,0.07989999999999997,14,0.9647886732315187,
i14.png,i14_14_4.png,non_eccentricity_pattern_noise,4,4.16667,-1.854130749,1.854130749,0.8925,0.10750000000000004,14,1.1180945195024223,
i14.png,i14_14_5.png,non_eccentricity_pattern_noise,5,3.37143,-2.61700586,2.61700586,0.8453,0.15469999999999995,14,1.52516141688108,
i14.png,i14_15_1.png,local_block_wise_distortions_of_different_intensity,1,2.94595,-3.196421563,3.196421563,0.9496,0.0504,14,0.8555592718134213,
i14.png,i14_15_2.png,local_block_wise_distortions_of_different_intensity,2,3.35135,-2.882967924,2.882967924,0.9589,0.041100000000000025,14,0.8302098047797697,
i14.png,i14_15_3.png,local_block_wise_distortions_of_different_intensity,3,3.52941,-2.593655595,2.593655595,0.9686,0.031399999999999983,14,0.8075003800908293,
i14.png,i14_15_4.png,local_block_wise_distortions_of_different_intensity,4,3.62162,-2.370516305,2.370516305,0.9783,0.021700000000000053,14,0.7881125829514591,
i14.png,i14_15_5.png,local_block_wise_distortions_of_different_intensity,5,3.97297,-1.966600099,1.966600099,0.9897,0.010299999999999976,14,0.7689719664543756,
i14.png,i14_16_1.png,intensity_shift,1,5.77143,-0.314206864,0.314206864,0.9976,0.0023999999999999577,14,0.7576987297205223,
i14.png,i14_16_2.png,intensity_shift,2,5.97297,-0.366090763,0.366090763,0.9946,0.00539999999999996,14,0.7618036923961817,
i14.png,i14_16_3.png,intensity_shift,3,5.30556,-0.837629963,0.837629963,0.9753,0.024700000000000055,14,0.793781840485616,
i14.png,i14_16_4.png,intensity_shift,4,5.17143,-0.772338463,0.772338463,0.968,0.03200000000000003,14,0.8088038694487096,
i14.png,i14_16_5.png,intensity_shift,5,4.02857,-1.754718503,1.754718503,0.8912,0.10880000000000001,14,1.126763513801932,
i14.png,i14_17_1.png,contrast_change,1,5.40541,-0.74463387,0.74463387,0.9943,0.005700000000000038,14,0.7622257556090175,
i14.png,i14_17_2.png,contrast_change,2,6.43243,0.069861542,-0.069861542,0.9831,0.016900000000000026,14,0.779608011874655,
i14.png,i14_17_3.png,contrast_change,3,4.13889,-1.868078715,1.868078715,0.9667,0.033299999999999996,14,0.8116721756122285,
i14.png,i14_17_4.png,contrast_change,4,5.91892,-0.423161321,0.423161321,0.9337,0.06630000000000003,14,0.9084012913158327,
i14.png,i14_17_5.png,contrast_change,5,3.24324,-2.842733455,2.842733455,0.8531,0.14690000000000003,14,1.4448881901516275,
i14.png,i14_18_1.png,change_of_color_saturation,1,5.37143,-0.600403417,0.600403417,1.0,0.0,14,0.7545616857039937,
i14.png,i14_18_2.png,change_of_color_saturation,2,5.13889,-0.959896954,0.959896954,1.0,0.0,14,0.7545616857039937,
i14.png,i14_18_3.png,change_of_color_saturation,3,4.66667,-1.305692587,1.305692587,1.0,0.0,14,0.7545616857039937,
i14.png,i14_18_4.png,change_of_color_saturation,4,4.14706,-1.674921177,1.674921177,1.0,0.0,14,0.7545616857039937,
i14.png,i14_18_5.png,change_of_color_saturation,5,3.75,-2.140888611,2.140888611,1.0,0.0,14,0.7545616857039937,
i14.png,i14_19_1.png,multiplicative_gaussian_noise,1,5.37143,-0.633531145,0.633531145,0.9467,0.053300000000000014,14,0.8642552852997054,
i14.png,i14_19_2.png,multiplicative_gaussian_noise,2,5.11111,-0.921228106,0.921228106,0.9072,0.0928,14,1.0294230017978587,
i14.png,i14_19_3.png,multiplicative_gaussian_noise,3,4.97222,-1.200441741,1.200441741,0.8465,0.15349999999999997,14,1.5125000989087085,
i14.png,i14_19_4.png,multiplicative_gaussian_noise,4,3.91429,-1.940195369,1.940195369,0.7637,0.23629999999999995,14,2.5096331009176027,
i14.png,i14_19_5.png,multiplicative_gaussian_noise,5,3.22857,-2.67249194,2.67249194,0.6556,0.34440000000000004,14,3.2979474348236932,
i14.png,i14_20_1.png,comfort_noise,1,5.72222,-0.39256851,0.39256851,0.93,0.06999999999999995,14,0.9226407306930393,
i14.png,i14_20_2.png,comfort_noise,2,5.59459,-0.567079332,0.567079332,0.8754,0.12460000000000004,14,1.2434931735473707,
i14.png,i14_20_3.png,comfort_noise,3,5.41667,-0.900004844,0.900004844,0.7829,0.21709999999999996,14,2.2787725523057096,
i14.png,i14_20_4.png,comfort_noise,4,4.19444,-1.639445175,1.639445175,0.6269,0.3731,14,3.3766668448366897,
i14.png,i14_20_5.png,comfort_noise,5,3.27027,-2.893956086,2.893956086,0.3722,0.6278,14,3.501573950929028,
i14.png,i14_21_1.png,lossy_compression_of_noisy_images,1,5.2973,-0.739944228,0.739944228,0.937,0.06299999999999994,14,0.8963519975115215,
i14.png,i14_21_2.png,lossy_compression_of_noisy_images,2,5.16667,-0.905636599,0.905636599,0.887,0.11299999999999999,14,1.1557272222318762,
i14.png,i14_21_3.png,lossy_compression_of_noisy_images,3,4.54054,-1.526536478,1.526536478,0.8056,0.19440000000000002,14,1.9931708021667593,
i14.png,i14_21_4.png,lossy_compression_of_noisy_images,4,3.75,-2.448053411,2.448053411,0.6845,0.3155,14,3.1750719385928434,
i14.png,i14_21_5.png,lossy_compression_of_noisy_images,5,2.64865,-3.69910949,3.69910949,0.5256,0.47440000000000004,14,3.4815811360175184,
i14.png,i14_22_1.png,image_color_quantization_with_dither,1,5.40541,-0.685561651,0.685561651,0.9581,0.04190000000000005,14,0.832246006126059,
i14.png,i14_22_2.png,image_color_quantization_with_dither,2,5.37143,-0.661552833,0.661552833,0.925,0.07499999999999996,14,0.9431670272754733,
i14.png,i14_22_3.png,image_color_quantization_with_dither,3,5.05556,-0.852420735,0.852420735,0.8625,0.13749999999999996,14,1.3547840496361094,
i14.png,i14_22_4.png,image_color_quantization_with_dither,4,3.97143,-1.859034262,1.859034262,0.7564,0.24360000000000004,14,2.5920910550460072,
i14.png,i14_22_5.png,image_color_quantization_with_dither,5,3.27778,-2.930082973,2.930082973,0.6037,0.3963,14,3.4183231700056242,
i14.png,i14_23_1.png,chromatic_aberrations,1,6.02778,-0.398101803,0.398101803,0.9945,0.005499999999999949,14,0.7619441426137407,
i14.png,i14_23_2.png,chromatic_aberrations,2,6.02703,-0.358793241,0.358793241,0.9818,0.018199999999999994,14,0.7818447611135383,
i14.png,i14_23_3.png,chromatic_aberrations,3,5.61111,-0.578199951,0.578199951,0.9608,0.03920000000000001,14,0.8254772237027379,
i14.png,i14_23_4.png,chromatic_aberrations,4,5.0,-0.966636846,0.966636846,0.9386,0.06140000000000001,14,0.8907233037975532,
i14.png,i14_23_5.png,chromatic_aberrations,5,2.77778,-3.317036083,3.317036083,0.7194,0.28059999999999996,14,2.9464409491216657,
i14.png,i14_24_1.png,sparse_sampling_and_reconstruction,1,6.13514,-0.246952262,0.246952262,0.9404,0.059599999999999986,14,0.884553096889697,
i14.png,i14_24_2.png,sparse_sampling_and_reconstruction,2,5.58333,-0.554532254,0.554532254,0.8889,0.11109999999999998,14,1.142442615388714,
i14.png,i14_24_3.png,sparse_sampling_and_reconstruction,3,4.44444,-1.545729007,1.545729007,0.8014,0.1986,14,2.0461011488403416,
i14.png,i14_24_4.png,sparse_sampling_and_reconstruction,4,3.18919,-2.940924925,2.940924925,0.6759,0.32410000000000005,14,3.217144589683788,
i14.png,i14_24_5.png,sparse_sampling_and_reconstruction,5,0.91892,-5.513592926,5.513592926,0.5002,0.4998,14,3.4893560677576545,
i15.png,i15_01_1.png,additive_gaussian_noise,1,5.82222,-0.34472642,0.34472642,0.9136,0.08640000000000003,15,1.0072457961319072,0.5856855125514904
i15.png,i15_01_2.png,additive_gaussian_noise,2,5.06818,-0.826637879,0.826637879,0.8461,0.15390000000000004,15,1.518243869680075,0.9873217550376472
i15.png,i15_01_3.png,additive_gaussian_noise,3,4.95556,-1.149786798,1.149786798,0.7432,0.25680000000000003,15,2.694439311019336,1.5385844261603188
i15.png,i15_01_4.png,additive_gaussian_noise,4,4.27907,-1.73167764,1.73167764,0.6126,0.38739999999999997,15,3.408073119789642,2.102060467767574
i15.png,i15_01_5.png,additive_gaussian_noise,5,3.91111,-2.438449501,2.438449501,0.4704,0.5296000000000001,15,3.519930231787338,2.5388333456642513
i15.png,i15_02_1.png,additive_noise_in_color_more_intensive_than_additive_noise_in_the_luminance,1,6.09091,-0.046729477,0.046729477,0.9741,0.025900000000000034,15,0.7997010608915807,
i15.png,i15_02_2.png,additive_noise_in_color_more_intensive_than_additive_noise_in_the_luminance,2,5.81818,-0.265339207,0.265339207,0.9518,0.04820000000000002,15,0.8561686192191196,
i15.png,i15_02_3.png,additive_noise_in_color_more_intensive_than_additive_noise_in_the_luminance,3,5.63636,-0.506984997,0.506984997,0.9108,0.08919999999999995,15,1.0217040741181211,
i15.png,i15_02_4.png,additive_noise_in_color_more_intensive_than_additive_noise_in_the_luminance,4,4.88636,-1.084077887,1.084077887,0.843,0.15700000000000003,15,1.5500181798270716,
i15.png,i15_02_5.png,additive_noise_in_color_more_intensive_than_additive_noise_in_the_luminance,5,4.63636,-1.395377961,1.395377961,0.74,0.26,15,2.726240879993931,
i15.png,i15_03_1.png,spatially_correlated_noise,1,4.32558,-1.697816595,1.697816595,0.93,0.06999999999999995,15,0.9325027966055055,
i15.png,i15_03_2.png,spatially_correlated_noise,2,3.81395,-2.214299726,2.214299726,0.8752,0.12480000000000002,15,1.2548535620565637,
i15.png,i15_03_3.png,spatially_correlated_noise,3,3.61364,-2.704754043,2.704754043,0.7854,0.2146,15,2.2197409306741522,
i15.png,i15_03_4.png,spatially_correlated_noise,4,3.17778,-3.412388745,3.412388745,0.6674,0.3326,15,3.2381632541904426,
i15.png,i15_03_5.png,spatially_correlated_noise,5,2.62791,-4.092495996,4.092495996,0.525,0.475,15,3.5025697774174476,
i15.png,i15_04_1.png,masked_noise,1,6.02273,-0.033065149,0.033065149,0.9697,0.030299999999999994,15,0.8093842657665673,
i15.png,i15_04_2.png,masked_noise,2,6.04444,-0.157328097,0.157328097,0.9466,0.0534,15,0.8722641765778545,
i15.png,i15_04_3.png,masked_noise,3,5.83721,-0.233505102,0.233505102,0.9052,0.0948,15,1.0522125248457965,
i15.png,i15_04_4.png,masked_noise,4,5.77778,-0.322288584,0.322288584,0.8385,0.16149999999999998,15,1.5972892676969854,
i15.png,i15_04_5.png,masked_noise,5,4.97727,-1.054563598,1.054563598,0.7447,0.25529999999999997,15,2.679281219609638,
i15.png,i15_05_1.png,high_frequency_noise,1,5.78571,-0.200647942,0.200647942,0.9105,0.08950000000000002,15,1.02328421530882,
i15.png,i15_05_2.png,high_frequency_noise,2,5.65116,-0.372238829,0.372238829,0.8423,0.15769999999999995,15,1.557283669301723,
i15.png,i15_05_3.png,high_frequency_noise,3,5.11364,-0.887764843,0.887764843,0.6555,0.34450000000000003,15,3.2872192969793246,
i15.png,i15_05_4.png,high_frequency_noise,4,4.06818,-1.954214521,1.954214521,0.4221,0.5779000000000001,15,3.5263479181767874,
i15.png,i15_05_5.png,high_frequency_noise,5,3.31818,-3.112800193,3.112800193,0.2252,0.7747999999999999,15,3.5312421013542035,
i15.png,i15_06_1.png,impulse_noise,1,4.43182,-1.57460118,1.57460118,0.9348,0.06520000000000004,15,0.9136065462607739,
i15.png,i15_06_2.png,impulse_noise,2,4.17778,-2.06144032,2.06144032,0.8649,0.1351,15,1.3405838493459907,
i15.png,i15_06_3.png,impulse_noise,3,3.97674,-2.301840478,2.301840478,0.7541,0.2459,15,2.5808260888469663,
i15.png,i15_06_4.png,impulse_noise,4,3.36364,-3.062513991,3.062513991,0.6019,0.3981,15,3.4278157814334413,
i15.png,i15_06_5.png,impulse_noise,5,3.17778,-3.515387579,3.515387579,0.4253,0.5747,15,3.526065258726297,
i15.png,i15_07_1.png,quantization_noise,1,4.81395,-1.567946525,1.567946525,0.9434,0.056599999999999984,15,0.8827929736794321,
i15.png,i15_07_2.png,quantization_noise,2,3.93023,-2.322572759,2.322572759,0.9048,0.09519999999999995,15,1.0544747395188248,
i15.png,i15_07_3.png,quantization_noise,3,3.61364,-2.590053354,2.590053354,0.8852,0.11480000000000001,15,1.1796503576881778,
i15.png,i15_07_4.png,quantization_noise,4,2.91111,-3.761338051,3.761338051,0.8253,0.17469999999999997,15,1.742998922774028,
i15.png,i15_07_5.png,quantization_noise,5,2.44444,-4.45671281,4.45671281,0.7374,0.26259999999999994,15,2.7515307574040646,
i15.png,i15_08_1.png,gaussian_blur,1,5.95556,-0.16181453,0.16181453,0.9857,0.01429999999999998,15,0.7771183652357683,
i15.png,i15_08_2.png,gaussian_blur,2,6.06667,-0.199744318,0.199744318,0.959,0.041000000000000036,15,0.8358274562969227,
i15.png,i15_08_3.png,gaussian_blur,3,5.13636,-0.933153999,0.933153999,0.9064,0.09360000000000002,15,1.0454930235585091,
i15.png,i15_08_4.png,gaussian_blur,4,3.93182,-2.211332303,2.211332303,0.8389,0.16110000000000002,15,1.5930341043213203,
i15.png,i15_08_5.png,gaussian_blur,5,3.36364,-3.000292525,3.000292525,0.7705,0.22950000000000004,15,2.39666248790955,
i15.png,i15_09_1.png,image_denoising,1,5.93023,-0.291372661,0.291372661,0.9417,0.05830000000000002,15,0.8885875774260132,
i15.png,i15_09_2.png,image_denoising,2,5.54545,-0.420247262,0.420247262,0.9196,0.08040000000000003,15,0.9779823392159341,
i15.png,i15_09_3.png,image_denoising,3,4.69767,-1.241829925,1.241829925,0.8793,0.12070000000000003,15,1.223067406653103,
i15.png,i15_09_4.png,image_denoising,4,3.74419,-2.552857708,2.552857708,0.8229,0.17710000000000004,15,1.770477835989479,
i15.png,i15_09_5.png,image_denoising,5,2.5,-4.590718609,4.590718609,0.7451,0.2549,15,2.675212444597147,
i15.png,i15_10_1.png,JPEG_compression,1,5.77778,-0.241188508,0.241188508,0.9537,0.04630000000000001,15,0.8505878562522013,
i15.png,i15_10_2.png,JPEG_compression,2,5.70455,-0.287698286,0.287698286,0.9299,0.07010000000000005,15,0.9329100442362924,
i15.png,i15_10_3.png,JPEG_compression,3,4.6,-1.37178403,1.37178403,0.8814,0.11860000000000004,15,1.2073008331463653,
i15.png,i15_10_4.png,JPEG_compression,4,3.17778,-3.447444226,3.447444226,0.7931,0.20689999999999997,15,2.126479501129793,
i15.png,i15_10_5.png,JPEG_compression,5,1.86667,-5.619121758,5.619121758,0.7261,0.27390000000000003,15,2.8555015076076855,
i15.png,i15_11_1.png,JPEG2000_compression,1,5.84444,-0.415107469,0.415107469,0.9121,0.08789999999999998,15,1.0149264973968373,
i15.png,i15_11_2.png,JPEG2000_compression,2,4.4,-1.793200178,1.793200178,0.8489,0.1511,15,1.4901214111535706,
i15.png,i15_11_3.png,JPEG2000_compression,3,3.04878,-3.416332147,3.416332147,0.7814,0.21860000000000002,15,2.2678371450021513,
i15.png,i15_11_4.png,JPEG2000_compression,4,2.0,-5.128049453,5.128049453,0.7236,0.2764,15,2.8771642503588755,
i15.png,i15_11_5.png,JPEG2000_compression,5,0.65116,-6.858627355,6.858627355,0.6901,0.30989999999999995,15,3.1201313768256695,
i15.png,i15_12_1.png,JPEG_transmission_errors,1,5.66667,-0.426909885,0.426909885,0.9071,0.09289999999999998,15,1.041619570771132,
i15.png,i15_12_2.png,JPEG_transmission_errors,2,5.40909,-0.575991855,0.575991855,0.8825,0.11750000000000005,15,1.1991805400400914,
i15.png,i15_12_3.png,JPEG_transmission_errors,3,4.22222,-1.807515267,1.807515267,0.7146,0.2854,15,2.9510557128002666,
i15.png,i15_12_4.png,JPEG_transmission_errors,4,3.2,-3.590993496,3.590993496,0.7743,0.2257,15,2.352202300359028,
i15.png,i15_12_5.png,JPEG_transmission_errors,5,2.56818,-4.352721284,4.352721284,0.5524,0.4476,15,3.485759916562007,
i15.png,i15_13_1.png,JPEG2000_transmission_errors,1,4.84091,-1.108875695,1.108875695,0.9104,0.08960000000000001,15,1.0238122754889614,
i15.png,i15_13_2.png,JPEG2000_transmission_errors,2,3.76744,-2.531978932,2.531978932,0.7913,0.2087,15,2.148330459577702,
i15.png,i15_13_3.png,JPEG2000_transmission_errors,3,3.34884,-3.204377467,3.204377467,0.6671,0.3329,15,3.239500754535955,
i15.png,i15_13_4.png,JPEG2000_transmission_errors,4,2.86364,-3.968603767,3.968603767,0.5995,0.40049999999999997,15,3.431807259763291,
i15.png,i15_13_5.png,JPEG2000_transmission_errors,5,2.11364,-5.309926923,5.309926923,0.4077,0.5923,15,3.5274465434646043,
i15.png,i15_14_1.png,non_eccentricity_pattern_noise,1,5.59091,-0.396410233,0.396410233,0.9459,0.05410000000000004,15,0.8745257772755224,
i15.png,i15_14_2.png,non_eccentricity_pattern_noise,2,6.15556,-0.00640249,0.00640249,0.9725,0.02749999999999997,15,0.8031467315009919,
i15.png,i15_14_3.png,non_eccentricity_pattern_noise,3,5.95556,-0.250113097,0.250113097,0.9496,0.0504,15,0.8628288866282613,
i15.png,i15_14_4.png,non_eccentricity_pattern_noise,4,5.02381,-0.946611651,0.946611651,0.9326,0.06740000000000002,15,0.9221103519031402,
i15.png,i15_14_5.png,non_eccentricity_pattern_noise,5,3.79545,-2.220166879,2.220166879,0.9159,0.08409999999999995,15,0.9957551414961238,
i15.png,i15_15_1.png,local_block_wise_distortions_of_different_intensity,1,3.88636,-2.457706629,2.457706629,0.9549,0.04510000000000003,15,0.8471431845230658,
i15.png,i15_15_2.png,local_block_wise_distortions_of_different_intensity,2,4.02273,-2.392548305,2.392548305,0.9584,0.04159999999999997,15,0.8374404483140498,
i15.png,i15_15_3.png,local_block_wise_distortions_of_different_intensity,3,3.95455,-2.336068404,2.336068404,0.9671,0.03290000000000004,15,0.8154204942387127,
i15.png,i15_15_4.png,local_block_wise_distortions_of_different_intensity,4,4.13636,-2.084255197,2.084255197,0.9774,0.022599999999999953,15,0.7928574166939466,
i15.png,i15_15_5.png,local_block_wise_distortions_of_different_intensity,5,4.95455,-1.008533702,1.008533702,0.9879,0.0121,15,0.7732778764029778,
i15.png,i15_16_1.png,intensity_shift,1,6.22727,-0.012823578,0.012823578,0.9941,0.005900000000000016,15,0.7631441061703881,
i15.png,i15_16_2.png,intensity_shift,2,5.90698,-0.105915056,0.105915056,0.9883,0.011700000000000044,15,0.7725937596850981,
i15.png,i15_16_3.png,intensity_shift,3,5.42222,-0.697762636,0.697762636,0.9456,0.054400000000000004,15,0.8755020998451295,
i15.png,i15_16_4.png,intensity_shift,4,5.38636,-0.611950204,0.611950204,0.9378,0.06220000000000003,15,0.9024267653455726,
i15.png,i15_16_5.png,intensity_shift,5,4.02326,-2.20309628,2.20309628,0.7966,0.20340000000000003,15,2.0839652041616192,
i15.png,i15_17_1.png,contrast_change,1,5.93182,-0.27728648,0.27728648,0.9937,0.006299999999999972,15,0.7637683571682603,
i15.png,i15_17_2.png,contrast_change,2,6.66667,0.311191436,-0.311191436,0.9819,0.018100000000000005,15,0.7840719214411728,
i15.png,i15_17_3.png,contrast_change,3,5.0,-1.118037946,1.118037946,0.9706,0.02939999999999998,15,0.8073500667226823,
i15.png,i15_17_4.png,contrast_change,4,6.31111,-0.055874505,0.055874505,0.9371,0.06289999999999996,15,0.9049931154100924,
i15.png,i15_17_5.png,contrast_change,5,3.82222,-2.574528718,2.574528718,0.8929,0.10709999999999997,15,1.1270480877918796,
i15.png,i15_18_1.png,change_of_color_saturation,1,5.15556,-0.862027751,0.862027751,1.0,0.0,15,0.7543824926750657,
i15.png,i15_18_2.png,change_of_color_saturation,2,4.81395,-1.239533206,1.239533206,1.0,0.0,15,0.7543824926750657,
i15.png,i15_18_3.png,change_of_color_saturation,3,4.37209,-1.643585942,1.643585942,1.0,0.0,15,0.7543824926750657,
i15.png,i15_18_4.png,change_of_color_saturation,4,4.09091,-2.13690442,2.13690442,1.0,0.0,15,0.7543824926750657,
i15.png,i15_18_5.png,change_of_color_saturation,5,3.76744,-2.333534218,2.333534218,1.0,0.0,15,0.7543824926750657,
i15.png,i15_19_1.png,multiplicative_gaussian_noise,1,5.90909,-0.27621675,0.27621675,0.9345,0.0655,15,0.9147507623981892,
i15.png,i15_19_2.png,multiplicative_gaussian_noise,2,5.33333,-0.62334697,0.62334697,0.887,0.11299999999999999,15,1.1669454627133213,
i15.png,i15_19_3.png,multiplicative_gaussian_noise,3,4.72093,-1.292210496,1.292210496,0.8172,0.18279999999999996,15,1.8367409752520998,
i15.png,i15_19_4.png,multiplicative_gaussian_noise,4,4.37209,-1.735025802,1.735025802,0.7193,0.28069999999999995,15,2.9132691964691855,
i15.png,i15_19_5.png,multiplicative_gaussian_noise,5,3.91111,-2.222334756,2.222334756,0.6007,0.3993,15,3.429830400638731,
i15.png,i15_20_1.png,comfort_noise,1,6.32558,0.066673763,-0.066673763,0.8735,0.12649999999999995,15,1.2684238036768738,
i15.png,i15_20_2.png,comfort_noise,2,5.64444,-0.464870298,0.464870298,0.7882,0.2118,15,2.1859040198324493,
i15.png,i15_20_3.png,comfort_noise,3,4.74419,-1.196749919,1.196749919,0.6728,0.32720000000000005,15,3.2131453973049378,
i15.png,i15_20_4.png,comfort_noise,4,3.13333,-3.199222186,3.199222186,0.5178,0.48219999999999996,15,3.5058589146041204,
i15.png,i15_20_5.png,comfort_noise,5,2.44444,-4.600263632,4.600263632,0.3967,0.6033,15,3.528122766847554,
i15.png,i15_21_1.png,lossy_compression_of_noisy_images,1,5.22727,-0.867478745,0.867478745,0.9002,0.0998,15,1.0813060312083542,
i15.png,i15_21_2.png,lossy_compression_of_noisy_images,2,4.55556,-1.538313343,1.538313343,0.8317,0.1683,15,1.6711274996902086,
i15.png,i15_21_3.png,lossy_compression_of_noisy_images,3,3.91111,-2.375577187,2.375577187,0.7372,0.26280000000000003,15,2.753455421082135,
i15.png,i15_21_4.png,lossy_compression_of_noisy_images,4,3.11364,-3.442615508,3.442615508,0.6417,0.35829999999999995,15,3.334706936087425,
i15.png,i15_21_5.png,lossy_compression_of_noisy_images,5,2.30233,-4.773903217,4.773903217,0.6023,0.39770000000000005,15,3.4271357363453876,
i15.png,i15_22_1.png,image_color_quantization_with_dither,1,6.33333,0.068116697,-0.068116697,0.9319,0.06810000000000005,15,0.9248714435866514,
i15.png,i15_22_2.png,image_color_quantization_with_dither,2,5.8,-0.316388957,0.316388957,0.8673,0.13270000000000004,15,1.319857677898119,
i15.png,i15_22_3.png,image_color_quantization_with_dither,3,5.38636,-0.717521364,0.717521364,0.7784,0.22160000000000002,15,2.303664751973592,
i15.png,i15_22_4.png,image_color_quantization_with_dither,4,4.48889,-1.779432074,1.779432074,0.6243,0.37570000000000003,15,3.3823887612331234,
i15.png,i15_22_5.png,image_color_quantization_with_dither,5,3.71111,-2.58670879,2.58670879,0.5253,0.4747,15,3.502423991501363,
i15.png,i15_23_1.png,chromatic_aberrations,1,5.90909,-0.261741632,0.261741632,0.9888,0.011199999999999988,15,0.7717446473115881,
i15.png,i15_23_2.png,chromatic_aberrations,2,5.90909,-0.17352235,0.17352235,0.9674,0.03259999999999996,15,0.814711725688437,
i15.png,i15_23_3.png,chromatic_aberrations,3,5.36364,-0.656586566,0.656586566,0.8755,0.12450000000000006,15,1.2524826083985068,
i15.png,i15_23_4.png,chromatic_aberrations,4,4.47727,-1.717482262,1.717482262,0.8351,0.16490000000000005,15,1.63386171621968,
i15.png,i15_23_5.png,chromatic_aberrations,5,3.37209,-2.989582832,2.989582832,0.7701,0.2299,15,2.401309554650743,
i15.png,i15_24_1.png,sparse_sampling_and_reconstruction,1,5.77273,-0.323760139,0.323760139,0.9007,0.09930000000000005,15,1.0783161462337292,
i15.png,i15_24_2.png,sparse_sampling_and_reconstruction,2,4.81395,-1.067101092,1.067101092,0.8428,0.1572,15,1.552090671052421,
i15.png,i15_24_3.png,sparse_sampling_and_reconstruction,3,3.22727,-3.137648453,3.137648453,0.7855,0.21450000000000002,15,2.218534560867189,
i15.png,i15_24_4.png,sparse_sampling_and_reconstruction,4,1.88636,-5.720858395,5.720858395,0.7265,0.27349999999999997,15,2.8519898577477956,
i15.png,i15_24_5.png,sparse_sampling_and_reconstruction,5,0.72727,-7.077028164,7.077028164,0.6768,0.32320000000000004,15,3.1934273568963047,
i16.png,i16_01_1.png,additive_gaussian_noise,1,5.61538,-0.861332131,0.861332131,0.9144,0.08560000000000001,16,0.9903954088280325,0.568602333710309
i16.png,i16_01_2.png,additive_gaussian_noise,2,5.65,-1.084884172,1.084884172,0.8481,0.15190000000000003,16,1.4999025845576512,0.9618185408256621
i16.png,i16_01_3.png,additive_gaussian_noise,3,5.02632,-1.442137198,1.442137198,0.7456,0.25439999999999996,16,2.677120541447815,1.5124066907441671
i16.png,i16_01_4.png,additive_gaussian_noise,4,4.15385,-2.249447722,2.249447722,0.612,0.388,16,3.385174717878188,2.0824031081327705
i16.png,i16_01_5.png,additive_gaussian_noise,5,3.94872,-2.867768439,2.867768439,0.4644,0.5356000000000001,16,3.4878717961408436,2.5103221117556584
i16.png,i16_02_1.png,additive_noise_in_color_more_intensive_than_additive_noise_in_the_luminance,1,5.9,-0.620980839,0.620980839,0.9754,0.024599999999999955,16,0.7777934338991503,
i16.png,i16_02_2.png,additive_noise_in_color_more_intensive_than_additive_noise_in_the_luminance,2,6.15,-0.518319495,0.518319495,0.954,0.04600000000000004,16,0.8320740169712194,
i16.png,i16_02_3.png,additive_noise_in_color_more_intensive_than_additive_noise_in_the_luminance,3,5.575,-0.947888542,0.947888542,0.914,0.08599999999999997,16,0.9924729584110575,
i16.png,i16_02_4.png,additive_noise_in_color_more_intensive_than_additive_noise_in_the_luminance,4,5.2,-1.279931066,1.279931066,0.847,0.15300000000000002,16,1.5112180599878853,
i16.png,i16_02_5.png,additive_noise_in_color_more_intensive_than_additive_noise_in_the_luminance,5,4.61538,-1.875210982,1.875210982,0.7443,0.25570000000000004,16,2.6900767327940707,
i16.png,i16_03_1.png,spatially_correlated_noise,1,4.74359,-1.659225151,1.659225151,0.9311,0.06889999999999996,16,0.9128381735945055,
i16.png,i16_03_2.png,spatially_correlated_noise,2,4.07895,-2.392319368,2.392319368,0.8765,0.12350000000000005,16,1.2394337164361817,
i16.png,i16_03_3.png,spatially_correlated_noise,3,3.69231,-2.928616972,2.928616972,0.787,0.21299999999999997,16,2.2117981277956096,
i16.png,i16_03_4.png,spatially_correlated_noise,4,3.23684,-3.455862667,3.455862667,0.6668,0.33320000000000005,16,3.2272086089428864,
i16.png,i16_03_5.png,spatially_correlated_noise,5,2.79487,-4.19714659,4.19714659,0.5211,0.4789,16,3.4728041861844674,
i16.png,i16_04_1.png,masked_noise,1,5.825,-0.670562807,0.670562807,0.9666,0.033399999999999985,16,0.7979912029402082,
i16.png,i16_04_2.png,masked_noise,2,5.82051,-0.699196578,0.699196578,0.9411,0.05889999999999995,16,0.874270589105884,
i16.png,i16_04_3.png,masked_noise,3,5.75,-0.945022244,0.945022244,0.8929,0.10709999999999997,16,1.1182065318320171,
i16.png,i16_04_4.png,masked_noise,4,5.12821,-1.386694829,1.386694829,0.8165,0.1835,16,1.8535936460954532,
i16.png,i16_04_5.png,masked_noise,5,4.61538,-1.844472332,1.844472332,0.7108,0.2892,16,2.978535025599219,
i16.png,i16_05_1.png,high_frequency_noise,1,5.8,-0.716837771,0.716837771,0.9119,0.08809999999999996,16,1.0035584218844655,
i16.png,i16_05_2.png,high_frequency_noise,2,5.61538,-0.826488254,0.826488254,0.844,0.15600000000000003,16,1.5425035251301584,
i16.png,i16_05_3.png,high_frequency_noise,3,5.23077,-1.237014061,1.237014061,0.6567,0.34330000000000005,16,3.266652976424031,
i16.png,i16_05_4.png,high_frequency_noise,4,4.35,-2.115813309,2.115813309,0.4155,0.5845,16,3.493112953870787,
i16.png,i16_05_5.png,high_frequency_noise,5,3.39474,-3.604725638,3.604725638,0.2105,0.7895,16,3.496999649602247,
i16.png,i16_06_1.png,impulse_noise,1,5.28205,-1.288131544,1.288131544,0.9551,0.04490000000000005,16,0.8288340450596164,
i16.png,i16_06_2.png,impulse_noise,2,4.82051,-1.683134583,1.683134583,0.9152,0.08479999999999999,16,0.9862726272047607,
i16.png,i16_06_3.png,impulse_noise,3,4.53846,-2.069462063,2.069462063,0.8456,0.15439999999999998,16,1.525741313889735,
i16.png,i16_06_4.png,impulse_noise,4,3.97368,-2.462234845,2.462234845,0.7247,0.2753,16,2.86970373341023,
i16.png,i16_06_5.png,impulse_noise,5,3.58974,-3.034692965,3.034692965,0.5532,0.4468,16,3.4552235668166533,
i16.png,i16_07_1.png,quantization_noise,1,5.475,-1.171306037,1.171306037,0.9375,0.0625,16,0.8875283047943909,
i16.png,i16_07_2.png,quantization_noise,2,4.75,-1.826104259,1.826104259,0.9036,0.09640000000000004,16,1.0503872166384778,
i16.png,i16_07_3.png,quantization_noise,3,4.35,-2.34664346,2.34664346,0.846,0.15400000000000003,16,1.5215780148671176,
i16.png,i16_07_4.png,quantization_noise,4,3.66667,-2.899190736,2.899190736,0.7925,0.20750000000000002,16,2.1449941947239908,
i16.png,i16_07_5.png,quantization_noise,5,3.10256,-3.653165837,3.653165837,0.7234,0.27659999999999996,16,2.8805411394910934,
i16.png,i16_08_1.png,gaussian_blur,1,5.82051,-0.717019543,0.717019543,0.982,0.018000000000000016,16,0.7643586390245272,
i16.png,i16_08_2.png,gaussian_blur,2,5.225,-1.229134773,1.229134773,0.9438,0.05620000000000003,16,0.8647685394810956,
i16.png,i16_08_3.png,gaussian_blur,3,4.275,-2.180580878,2.180580878,0.8637,0.13629999999999998,16,1.3490281366078292,
i16.png,i16_08_4.png,gaussian_blur,4,3.61538,-3.145733079,3.145733079,0.7725,0.22750000000000004,16,2.384243162124944,
i16.png,i16_08_5.png,gaussian_blur,5,2.925,-4.119465191,4.119465191,0.6989,0.30110000000000003,16,3.0595479397745606,
i16.png,i16_09_1.png,image_denoising,1,6.02564,-0.573395244,0.573395244,0.9463,0.05369999999999997,16,0.8562963563247435,
i16.png,i16_09_2.png,image_denoising,2,5.76923,-0.814088971,0.814088971,0.9142,0.08579999999999999,16,0.9914328333592426,
i16.png,i16_09_3.png,image_denoising,3,4.58974,-1.741477795,1.741477795,0.8532,0.14680000000000004,16,1.4485704495758225,
i16.png,i16_09_4.png,image_denoising,4,3.12821,-3.570655586,3.570655586,0.7626,0.23740000000000006,16,2.497012983015366,
i16.png,i16_09_5.png,image_denoising,5,2.34211,-5.004341618,5.004341618,0.685,0.31499999999999995,16,3.1407285495063766,
i16.png,i16_10_1.png,JPEG_compression,1,5.9,-0.599150133,0.599150133,0.9576,0.04239999999999999,16,0.8216659132374374,
i16.png,i16_10_2.png,JPEG_compression,2,5.76923,-0.914002085,0.914002085,0.9304,0.0696,16,0.9157469011165128,
i16.png,i16_10_3.png,JPEG_compression,3,5.25641,-1.33430003,1.33430003,0.8687,0.13129999999999997,16,1.3046552736921353,
i16.png,i16_10_4.png,JPEG_compression,4,3.61538,-3.086233297,3.086233297,0.7555,0.24450000000000005,16,2.57453256566454,
i16.png,i16_10_5.png,JPEG_compression,5,2.46154,-4.866193642,4.866193642,0.6667,0.33330000000000004,16,3.227627240070197,
i16.png,i16_11_1.png,JPEG2000_compression,1,5.875,-0.688813068,0.688813068,0.9009,0.09909999999999997,16,1.0666908749652564,
i16.png,i16_11_2.png,JPEG2000_compression,2,5.075,-1.355289976,1.355289976,0.8326,0.1674,16,1.666662986257324,
i16.png,i16_11_3.png,JPEG2000_compression,3,2.89744,-4.043216624,4.043216624,0.705,0.29500000000000004,16,3.01939347284091,
i16.png,i16_11_4.png,JPEG2000_compression,4,2.075,-5.9607692,5.9607692,0.6507,0.34930000000000005,16,3.287524832275885,
i16.png,i16_11_5.png,JPEG2000_compression,5,0.95,-7.691598305,7.691598305,0.6425,0.35750000000000004,16,3.313239472732039,
i16.png,i16_12_1.png,JPEG_transmission_errors,1,5.875,-0.669400604,0.669400604,0.956,0.04400000000000004,16,0.8262225103907131,
i16.png,i16_12_2.png,JPEG_transmission_errors,2,5.575,-0.890788619,0.890788619,0.8919,0.10809999999999997,16,1.1249903648468846,
i16.png,i16_12_3.png,JPEG_transmission_errors,3,4.925,-1.56282967,1.56282967,0.7288,0.2712,16,2.834634115740895,
i16.png,i16_12_4.png,JPEG_transmission_errors,4,3.28205,-3.461261004,3.461261004,0.593,0.40700000000000003,16,3.415403901922137,
i16.png,i16_12_5.png,JPEG_transmission_errors,5,2.6,-4.641614449,4.641614449,0.3623,0.6376999999999999,16,3.495508478526666,
i16.png,i16_13_1.png,JPEG2000_transmission_errors,1,4.6,-2.046591097,2.046591097,0.862,0.138,16,1.364565923834268,
i16.png,i16_13_2.png,JPEG2000_transmission_errors,2,3.81579,-2.607691174,2.607691174,0.7886,0.21140000000000003,16,2.1924148889026536,
i16.png,i16_13_3.png,JPEG2000_transmission_errors,3,4.46154,-2.021211452,2.021211452,0.6844,0.3156,16,3.1439238426839164,
i16.png,i16_13_4.png,JPEG2000_transmission_errors,4,3.05128,-4.023335993,4.023335993,0.503,0.497,16,3.4792502663051854,
i16.png,i16_13_5.png,JPEG2000_transmission_errors,5,3.625,-3.141734185,3.141734185,0.3201,0.6799,16,3.496337595384709,
i16.png,i16_14_1.png,non_eccentricity_pattern_noise,1,5.76923,-0.740871241,0.740871241,0.9355,0.0645,16,0.8951934091374938,
i16.png,i16_14_2.png,non_eccentricity_pattern_noise,2,6.13158,-0.402299685,0.402299685,0.9687,0.031299999999999994,16,0.7929192853309464,
i16.png,i16_14_3.png,non_eccentricity_pattern_noise,3,5.61538,-0.767655897,0.767655897,0.9422,0.05779999999999996,16,0.8703545427159405,
i16.png,i16_14_4.png,non_eccentricity_pattern_noise,4,5.52632,-1.009167948,1.009167948,0.9181,0.08189999999999997,16,0.9716846582206076,
i16.png,i16_14_5.png,non_eccentricity_pattern_noise,5,4.575,-1.903927584,1.903927584,0.893,0.10699999999999998,16,1.1175324105356836,
i16.png,i16_15_1.png,local_block_wise_distortions_of_different_intensity,1,3.41026,-3.297821648,3.297821648,0.9578,0.042200000000000015,16,0.8211040021050168,
i16.png,i16_15_2.png,local_block_wise_distortions_of_different_intensity,2,3.53846,-2.919055545,2.919055545,0.9649,0.03510000000000002,16,0.8022183220659398,
i16.png,i16_15_3.png,local_block_wise_distortions_of_different_intensity,3,3.475,-3.034556785,3.034556785,0.9708,0.029200000000000004,16,0.7880086288407635,
i16.png,i16_15_4.png,local_block_wise_distortions_of_different_intensity,4,3.65,-3.021585206,3.021585206,0.9768,0.0232,16,0.77482665055134,
i16.png,i16_15_5.png,local_block_wise_distortions_of_different_intensity,5,4.02632,-2.528229436,2.528229436,0.988,0.01200000000000001,16,0.7532978760598323,
i16.png,i16_16_1.png,intensity_shift,1,5.92308,-0.604034311,0.604034311,0.9977,0.0022999999999999687,16,0.7375031137341155,
i16.png,i16_16_2.png,intensity_shift,2,6.275,-0.385250796,0.385250796,0.9944,0.005600000000000049,16,0.7426043574395297,
i16.png,i16_16_3.png,intensity_shift,3,5.68421,-0.708673467,0.708673467,0.9833,0.016700000000000048,16,0.7618724582704163,
i16.png,i16_16_4.png,intensity_shift,4,5.75,-0.808062536,0.808062536,0.9705,0.02949999999999997,16,0.7887004509891227,
i16.png,i16_16_5.png,intensity_shift,5,4.61538,-1.719521622,1.719521622,0.9255,0.07450000000000001,16,0.9369163066344041,
i16.png,i16_17_1.png,contrast_change,1,5.825,-0.754261081,0.754261081,0.9957,0.0042999999999999705,16,0.7405625232508025,
i16.png,i16_17_2.png,contrast_change,2,7.1,0.151827098,-0.151827098,0.9867,0.013299999999999979,16,0.7556061436512117,
i16.png,i16_17_3.png,contrast_change,3,4.75,-1.626645329,1.626645329,0.9794,0.02059999999999995,16,0.7694860502346168,
i16.png,i16_17_4.png,contrast_change,4,6.65,-0.180277969,0.180277969,0.9519,0.04810000000000003,16,0.8384088724678209,
i16.png,i16_17_5.png,contrast_change,5,3.35897,-3.212467146,3.212467146,0.9134,0.08660000000000001,16,0.995609580846128,
i16.png,i16_18_1.png,change_of_color_saturation,1,4.6,-1.897496012,1.897496012,1.0,0.0,16,0.7341041191295681,
i16.png,i16_18_2.png,change_of_color_saturation,2,4.39474,-2.118203896,2.118203896,1.0,0.0,16,0.7341041191295681,
i16.png,i16_18_3.png,change_of_color_saturation,3,4.05,-2.443042202,2.443042202,1.0,0.0,16,0.7341041191295681,
i16.png,i16_18_4.png,change_of_color_saturation,4,3.92308,-2.669432583,2.669432583,1.0,0.0,16,0.7341041191295681,
i16.png,i16_18_5.png,change_of_color_saturation,5,3.94737,-2.681533536,2.681533536,0.9998,0.00019999999999997797,16,0.7343947191744935,
i16.png,i16_19_1.png,multiplicative_gaussian_noise,1,5.575,-0.985501095,0.985501095,0.905,0.09499999999999997,16,1.0421435245586357,
i16.png,i16_19_2.png,multiplicative_gaussian_noise,2,5.375,-1.174946702,1.174946702,0.8345,0.16549999999999998,16,1.6454290463274526,
i16.png,i16_19_3.png,multiplicative_gaussian_noise,3,4.61538,-1.722059128,1.722059128,0.7369,0.2631,16,2.7614156133578702,
i16.png,i16_19_4.png,multiplicative_gaussian_noise,4,4.15385,-2.47129533,2.47129533,0.6135,0.38649999999999995,16,3.3823759710963297,
i16.png,i16_19_5.png,multiplicative_gaussian_noise,5,3.66667,-2.917579899,2.917579899,0.4823,0.5177,16,3.484564992208269,
i16.png,i16_20_1.png,comfort_noise,1,6.07692,-0.476642963,0.476642963,0.8926,0.10740000000000005,16,1.120233540475545,
i16.png,i16_20_2.png,comfort_noise,2,5.74359,-0.73551386,0.73551386,0.8124,0.1876,16,1.9027501283617814,
i16.png,i16_20_3.png,comfort_noise,3,5.18421,-1.461728253,1.461728253,0.6702,0.3298,16,3.212624838345849,
i16.png,i16_20_4.png,comfort_noise,4,4.125,-2.288396687,2.288396687,0.4506,0.5494,16,3.489815066002411,
i16.png,i16_20_5.png,comfort_noise,5,3.58974,-3.065160929,3.065160929,0.2251,0.7749,16,3.4969656959117406,
i16.png,i16_21_1.png,lossy_compression_of_noisy_images,1,5.825,-0.859285533,0.859285533,0.9037,0.09630000000000005,16,1.049793652596563,
i16.png,i16_21_2.png,lossy_compression_of_noisy_images,2,5.46154,-1.185972219,1.185972219,0.83,0.17000000000000004,16,1.6960384469692245,
i16.png,i16_21_3.png,lossy_compression_of_noisy_images,3,4.25641,-2.024609338,2.024609338,0.7143,0.28569999999999995,16,2.9525916125243623,
i16.png,i16_21_4.png,lossy_compression_of_noisy_images,4,3.76923,-2.969480827,2.969480827,0.56,0.43999999999999995,16,3.4501286570156933,
i16.png,i16_21_5.png,lossy_compression_of_noisy_images,5,1.84615,-6.503903426,6.503903426,0.5612,0.43879999999999997,16,3.4491683373493105,
i16.png,i16_22_1.png,image_color_quantization_with_dither,1,5.61538,-0.853576794,0.853576794,0.885,0.11499999999999999,16,1.1739330711909501,
i16.png,i16_22_2.png,image_color_quantization_with_dither,2,5.35,-1.236958284,1.236958284,0.8162,0.18379999999999996,16,1.8571739755985672,
i16.png,i16_22_3.png,image_color_quantization_with_dither,3,4.94595,-1.649716833,1.649716833,0.6671,0.3329,16,3.22594922003712,
i16.png,i16_22_4.png,image_color_quantization_with_dither,4,3.97368,-2.425055155,2.425055155,0.6121,0.3879,16,3.384990189440609,
i16.png,i16_22_5.png,image_color_quantization_with_dither,5,2.775,-4.433550982,4.433550982,0.4186,0.5813999999999999,16,3.49289460644282,
i16.png,i16_23_1.png,chromatic_aberrations,1,6.125,-0.472433665,0.472433665,0.9879,0.0121,16,0.7534737510718927,
i16.png,i16_23_2.png,chromatic_aberrations,2,4.825,-1.68426473,1.68426473,0.857,0.14300000000000002,16,1.411570320943667,
i16.png,i16_23_3.png,chromatic_aberrations,3,2.7,-4.665890919,4.665890919,0.6853,0.3147,16,3.139121631092529,
i16.png,i16_23_4.png,chromatic_aberrations,4,2.15789,-5.909781662,5.909781662,0.6556,0.34440000000000004,16,3.270616392072486,
i16.png,i16_23_5.png,chromatic_aberrations,5,1.52632,-6.592964551,6.592964551,0.6432,0.3568,16,3.31116427766163,
i16.png,i16_24_1.png,sparse_sampling_and_reconstruction,1,5.36842,-1.067812717,1.067812717,0.8986,0.10140000000000005,16,1.0810056193242108,
i16.png,i16_24_2.png,sparse_sampling_and_reconstruction,2,4.05263,-2.347538325,2.347538325,0.8173,0.18269999999999997,16,1.8440600092595427,
i16.png,i16_24_3.png,sparse_sampling_and_reconstruction,3,2.64103,-4.45771518,4.45771518,0.7057,0.2943,16,3.0146021500644196,
i16.png,i16_24_4.png,sparse_sampling_and_reconstruction,4,1.84211,-6.421673064,6.421673064,0.6491,0.3509,16,3.292789484276426,
i16.png,i16_24_5.png,sparse_sampling_and_reconstruction,5,0.97436,-7.000664397,7.000664397,0.6422,0.3578,16,3.314122225460857,
i17.png,i17_01_1.png,additive_gaussian_noise,1,5.89189,-0.079475201,0.079475201,0.9207,0.07930000000000004,17,0.9703602821097355,0.5475648296646947
i17.png,i17_01_2.png,additive_gaussian_noise,2,5.21053,-0.718123657,0.718123657,0.8605,0.13949999999999996,17,1.3875823088363688,0.9075490338753989
i17.png,i17_01_3.png,additive_gaussian_noise,3,5.05128,-1.035184282,1.035184282,0.7675,0.23250000000000004,17,2.4621034873634478,1.418273198748924
i17.png,i17_01_4.png,additive_gaussian_noise,4,4.38462,-1.556243221,1.556243221,0.6493,0.3507,17,3.322821530517516,1.962054622384347
i17.png,i17_01_5.png,additive_gaussian_noise,5,3.87179,-2.132913539,2.132913539,0.5108,0.48919999999999997,17,3.506350658637975,2.4371827596278512
i17.png,i17_02_1.png,additive_noise_in_color_more_intensive_than_additive_noise_in_the_luminance,1,5.75,-0.355177174,0.355177174,0.9771,0.02290000000000003,17,0.7890556364233284,
i17.png,i17_02_2.png,additive_noise_in_color_more_intensive_than_additive_noise_in_the_luminance,2,6.0,-0.201111905,0.201111905,0.9578,0.042200000000000015,17,0.8348190067729118,
i17.png,i17_02_3.png,additive_noise_in_color_more_intensive_than_additive_noise_in_the_luminance,3,5.825,-0.365606818,0.365606818,0.9215,0.07850000000000001,17,0.966618848755502,
i17.png,i17_02_4.png,additive_noise_in_color_more_intensive_than_additive_noise_in_the_luminance,4,5.275,-0.789406238,0.789406238,0.8618,0.1382,17,1.3755110341094827,
i17.png,i17_02_5.png,additive_noise_in_color_more_intensive_than_additive_noise_in_the_luminance,5,4.48718,-1.416937322,1.416937322,0.7713,0.22870000000000001,17,2.4177832248017586,
i17.png,i17_03_1.png,spatially_correlated_noise,1,4.97368,-1.002264546,1.002264546,0.936,0.06399999999999995,17,0.9055533057840122,
i17.png,i17_03_2.png,spatially_correlated_noise,2,4.4359,-1.589601827,1.589601827,0.887,0.11299999999999999,17,1.168834833570378,
i17.png,i17_03_3.png,spatially_correlated_noise,3,3.82051,-2.266216829,2.266216829,0.8047,0.19530000000000003,17,2.009999476748233,
i17.png,i17_03_4.png,spatially_correlated_noise,4,3.35,-2.834107307,2.834107307,0.6972,0.30279999999999996,17,3.0993646515139344,
i17.png,i17_03_5.png,spatially_correlated_noise,5,2.89744,-3.504652763,3.504652763,0.5628,0.43720000000000003,17,3.4779899076616654,
i17.png,i17_04_1.png,masked_noise,1,5.76923,-0.381747977,0.381747977,0.9741,0.025900000000000034,17,0.7952951527157053,
i17.png,i17_04_2.png,masked_noise,2,5.97368,-0.299350064,0.299350064,0.9561,0.04390000000000005,17,0.8395427420430885,
i17.png,i17_04_3.png,masked_noise,3,5.33333,-0.729165975,0.729165975,0.9188,0.08120000000000005,17,0.9794112362525882,
i17.png,i17_04_4.png,masked_noise,4,5.23684,-0.73693751,0.73693751,0.8561,0.14390000000000003,17,1.42943878116046,
i17.png,i17_04_5.png,masked_noise,5,4.73684,-1.324435243,1.324435243,0.7629,0.23709999999999998,17,2.514757726423397,
i17.png,i17_05_1.png,high_frequency_noise,1,5.825,-0.395197993,0.395197993,0.9181,0.08189999999999997,17,0.9828049769178699,
i17.png,i17_05_2.png,high_frequency_noise,2,5.925,-0.336989548,0.336989548,0.8565,0.14349999999999996,17,1.425570458288303,
i17.png,i17_05_3.png,high_frequency_noise,3,5.23684,-0.809289764,0.809289764,0.6883,0.3117,17,3.152348338466822,
i17.png,i17_05_4.png,high_frequency_noise,4,4.17949,-1.685263792,1.685263792,0.4619,0.5381,17,3.5175970468299464,
i17.png,i17_05_5.png,high_frequency_noise,5,3.34211,-2.635767765,2.635767765,0.2524,0.7476,17,3.5258715978760735,
i17.png,i17_06_1.png,impulse_noise,1,4.23684,-1.57944816,1.57944816,0.9468,0.053200000000000025,17,0.8676491594654684,
i17.png,i17_06_2.png,impulse_noise,2,4.43243,-1.644936924,1.644936924,0.8874,0.11260000000000003,17,1.1659731222265572,
i17.png,i17_06_3.png,impulse_noise,3,4.0,-2.063920242,2.063920242,0.7948,0.20520000000000005,17,2.1324440829108173,
i17.png,i17_06_4.png,impulse_noise,4,3.55,-2.515109807,2.515109807,0.6681,0.3319,17,3.2520966051977678,
i17.png,i17_06_5.png,impulse_noise,5,3.30769,-3.000515016,3.000515016,0.5094,0.49060000000000004,17,3.5068204571846384,
i17.png,i17_07_1.png,quantization_noise,1,5.71795,-0.550779498,0.550779498,0.9464,0.05359999999999998,17,0.8689481587823448,
i17.png,i17_07_2.png,quantization_noise,2,4.65789,-1.26377308,1.26377308,0.8951,0.1049,17,1.1133689998553669,
i17.png,i17_07_3.png,quantization_noise,3,3.89744,-2.29547757,2.29547757,0.8339,0.16610000000000003,17,1.6625102089729782,
i17.png,i17_07_4.png,quantization_noise,4,3.20513,-2.901799864,2.901799864,0.7806,0.21940000000000004,17,2.3067025857267898,
i17.png,i17_07_5.png,quantization_noise,5,2.47368,-3.846937474,3.846937474,0.7322,0.26780000000000004,17,2.830312247029529,
i17.png,i17_08_1.png,gaussian_blur,1,5.74359,-0.312947421,0.312947421,0.9881,0.011900000000000022,17,0.7685620878103047,
i17.png,i17_08_2.png,gaussian_blur,2,5.225,-0.780978396,0.780978396,0.9659,0.03410000000000002,17,0.8139292994891012,
i17.png,i17_08_3.png,gaussian_blur,3,4.575,-1.499570843,1.499570843,0.9167,0.08330000000000004,17,0.9896892307242712,
i17.png,i17_08_4.png,gaussian_blur,4,3.71795,-2.380992559,2.380992559,0.8337,0.1663,17,1.6647593802646679,
i17.png,i17_08_5.png,gaussian_blur,5,2.95,-3.373500858,3.373500858,0.7246,0.2754,17,2.8972438490102084,
i17.png,i17_09_1.png,image_denoising,1,6.025,-0.232155326,0.232155326,0.9544,0.045599999999999974,17,0.844390301362272,
i17.png,i17_09_2.png,image_denoising,2,6.10526,-0.287349847,0.287349847,0.9342,0.06579999999999997,17,0.9124702607001184,
i17.png,i17_09_3.png,image_denoising,3,5.025,-0.918583004,0.918583004,0.8928,0.10719999999999996,17,1.128591408443746,
i17.png,i17_09_4.png,image_denoising,4,3.82051,-2.14913789,2.14913789,0.8086,0.19140000000000001,17,1.962011297018933,
i17.png,i17_09_5.png,image_denoising,5,2.45946,-3.919533182,3.919533182,0.6799,0.32010000000000005,17,3.197123996609259,
i17.png,i17_10_1.png,JPEG_compression,1,6.05128,-0.262750755,0.262750755,0.963,0.03700000000000003,17,0.8211103544826659,
i17.png,i17_10_2.png,JPEG_compression,2,5.925,-0.25553694,0.25553694,0.9436,0.056400000000000006,17,0.8782601920914849,
i17.png,i17_10_3.png,JPEG_compression,3,5.15385,-0.826084336,0.826084336,0.8953,0.10470000000000002,17,1.1120648129426178,
i17.png,i17_10_4.png,JPEG_compression,4,3.425,-2.697108637,2.697108637,0.7988,0.20120000000000005,17,2.0829340369837337,
i17.png,i17_10_5.png,JPEG_compression,5,2.25,-4.280371869,4.280371869,0.6803,0.3197,17,3.1951020734711673,
i17.png,i17_11_1.png,JPEG2000_compression,1,5.5641,-0.401888495,0.401888495,0.9322,0.06779999999999997,17,0.9203680103989682,
i17.png,i17_11_2.png,JPEG2000_compression,2,5.4359,-0.645927927,0.645927927,0.8887,0.11129999999999995,17,1.156761337922633,
i17.png,i17_11_3.png,JPEG2000_compression,3,3.84615,-2.270542632,2.270542632,0.7902,0.2098,17,2.189266330212571,
i17.png,i17_11_4.png,JPEG2000_compression,4,2.76923,-3.492125926,3.492125926,0.6912,0.30879999999999996,17,3.135727696160271,
i17.png,i17_11_5.png,JPEG2000_compression,5,1.025,-5.774833285,5.774833285,0.6181,0.3819,17,3.4040505681625173,
i17.png,i17_12_1.png,JPEG_transmission_errors,1,5.875,-0.226477776,0.226477776,0.9531,0.04690000000000005,17,0.8481825159369732,
i17.png,i17_12_2.png,JPEG_transmission_errors,2,5.92308,-0.381321557,0.381321557,0.8947,0.10529999999999995,17,1.1159867036298055,
i17.png,i17_12_3.png,JPEG_transmission_errors,3,5.07692,-0.819189379,0.819189379,0.8544,0.14559999999999995,17,1.44601840097307,
i17.png,i17_12_4.png,JPEG_transmission_errors,4,3.925,-2.144315324,2.144315324,0.7039,0.29610000000000003,17,3.0555071966033123,
i17.png,i17_12_5.png,JPEG_transmission_errors,5,2.48718,-3.907605357,3.907605357,0.4916,0.5084,17,3.5119086453324946,
i17.png,i17_13_1.png,JPEG2000_transmission_errors,1,5.15,-1.122457661,1.122457661,0.8906,0.10940000000000005,17,1.1435410803826531,
i17.png,i17_13_2.png,JPEG2000_transmission_errors,2,4.45,-1.598344156,1.598344156,0.857,0.14300000000000002,17,1.420752705915474,
i17.png,i17_13_3.png,JPEG2000_transmission_errors,3,3.26316,-3.091990791,3.091990791,0.6906,0.3094,17,3.139216733977698,
i17.png,i17_13_4.png,JPEG2000_transmission_errors,4,2.425,-4.021019642,4.021019642,0.6381,0.3619,17,3.356533680203458,
i17.png,i17_13_5.png,JPEG2000_transmission_errors,5,2.36842,-4.210954495,4.210954495,0.4842,0.5158,17,3.5136077974539197,
i17.png,i17_14_1.png,non_eccentricity_pattern_noise,1,5.875,-0.291159039,0.291159039,0.9581,0.04190000000000005,17,0.8339980551160353,
i17.png,i17_14_2.png,non_eccentricity_pattern_noise,2,5.79487,-0.356323316,0.356323316,0.97,0.030000000000000027,17,0.8043134786355856,
i17.png,i17_14_3.png,non_eccentricity_pattern_noise,3,5.52632,-0.364803577,0.364803577,0.9459,0.05410000000000004,17,0.8705828063640415,
i17.png,i17_14_4.png,non_eccentricity_pattern_noise,4,4.35897,-1.492968037,1.492968037,0.9252,0.07479999999999998,17,0.949839598351504,
i17.png,i17_14_5.png,non_eccentricity_pattern_noise,5,3.525,-2.517716773,2.517716773,0.8934,0.10660000000000003,17,1.1245804358605753,
i17.png,i17_15_1.png,local_block_wise_distortions_of_different_intensity,1,3.55,-2.685232213,2.685232213,0.9522,0.047799999999999954,17,0.850851906643273,
i17.png,i17_15_2.png,local_block_wise_distortions_of_different_intensity,2,3.41026,-2.905157844,2.905157844,0.9588,0.041200000000000014,17,0.8320970849429725,
i17.png,i17_15_3.png,local_block_wise_distortions_of_different_intensity,3,3.25641,-2.770253269,2.770253269,0.9671,0.03290000000000004,17,0.8110510482715638,
i17.png,i17_15_4.png,local_block_wise_distortions_of_different_intensity,4,3.625,-2.546032313,2.546032313,0.9759,0.02410000000000001,17,0.7915160155668368,
i17.png,i17_15_5.png,local_block_wise_distortions_of_different_intensity,5,4.0,-2.154333253,2.154333253,0.9887,0.011299999999999977,17,0.7675446632291847,
i17.png,i17_16_1.png,intensity_shift,1,5.925,-0.245854263,0.245854263,0.9932,0.006800000000000028,17,0.7602196905902857,
i17.png,i17_16_2.png,intensity_shift,2,6.025,-0.285238541,0.285238541,0.9871,0.012900000000000023,17,0.7702797590346091,
i17.png,i17_16_3.png,intensity_shift,3,5.57895,-0.518713579,0.518713579,0.9423,0.057699999999999974,17,0.8827163168776323,
i17.png,i17_16_4.png,intensity_shift,4,5.15789,-0.757767909,0.757767909,0.9341,0.06589999999999996,17,0.9128598049718148,
i17.png,i17_16_5.png,intensity_shift,5,4.17949,-1.653821413,1.653821413,0.8634,0.13660000000000005,17,1.3608411484804432,
i17.png,i17_17_1.png,contrast_change,1,5.575,-0.53903375,0.53903375,0.9921,0.007900000000000018,17,0.7619614016904376,
i17.png,i17_17_2.png,contrast_change,2,6.625,0.236927902,-0.236927902,0.9695,0.03049999999999997,17,0.80545346811697,
i17.png,i17_17_3.png,contrast_change,3,4.48718,-1.405291945,1.405291945,0.9616,0.03839999999999999,17,0.8246940014823517,
i17.png,i17_17_4.png,contrast_change,4,7.1,0.496804842,-0.496804842,0.9181,0.08189999999999997,17,0.9828049769178699,
i17.png,i17_17_5.png,contrast_change,5,3.36842,-2.723241586,2.723241586,0.8627,0.13729999999999998,17,1.3672337502321308,
i17.png,i17_18_1.png,change_of_color_saturation,1,4.55,-1.450382779,1.450382779,1.0,0.0,17,0.750115818804833,
i17.png,i17_18_2.png,change_of_color_saturation,2,4.07692,-1.778117431,1.778117431,1.0,0.0,17,0.750115818804833,
i17.png,i17_18_3.png,change_of_color_saturation,3,4.12821,-1.925901509,1.925901509,1.0,0.0,17,0.750115818804833,
i17.png,i17_18_4.png,change_of_color_saturation,4,3.82051,-2.199667072,2.199667072,1.0,0.0,17,0.750115818804833,
i17.png,i17_18_5.png,change_of_color_saturation,5,3.71795,-2.302087491,2.302087491,1.0,0.0,17,0.750115818804833,
i17.png,i17_19_1.png,multiplicative_gaussian_noise,1,5.725,-0.537962058,0.537962058,0.9377,0.06230000000000002,17,0.8991834325369521,
i17.png,i17_19_2.png,multiplicative_gaussian_noise,2,5.33333,-0.743716432,0.743716432,0.892,0.10799999999999998,17,1.133983416305642,
i17.png,i17_19_3.png,multiplicative_gaussian_noise,3,4.76923,-1.181756566,1.181756566,0.8256,0.1744,17,1.7577138267850962,
i17.png,i17_19_4.png,multiplicative_gaussian_noise,4,4.30769,-1.669577305,1.669577305,0.736,0.264,17,2.795085361987637,
i17.png,i17_19_5.png,multiplicative_gaussian_noise,5,3.92308,-2.261926174,2.261926174,0.6295,0.37050000000000005,17,3.378786737073256,
i17.png,i17_20_1.png,comfort_noise,1,5.75,-0.360131146,0.360131146,0.8988,0.10119999999999996,17,1.089741248755559,
i17.png,i17_20_2.png,comfort_noise,2,5.45,-0.568918152,0.568918152,0.8418,0.1582,17,1.5756524979609532,
i17.png,i17_20_3.png,comfort_noise,3,4.86842,-1.056747265,1.056747265,0.7535,0.24650000000000005,17,2.618459245655065,
i17.png,i17_20_4.png,comfort_noise,4,4.36842,-1.697902526,1.697902526,0.5934,0.40659999999999996,17,3.445324152706469,
i17.png,i17_20_5.png,comfort_noise,5,2.86486,-3.287618393,3.287618393,0.3826,0.6174,17,3.5239400947094173,
i17.png,i17_21_1.png,lossy_compression_of_noisy_images,1,5.425,-0.669147659,0.669147659,0.9113,0.0887,17,1.0174785743815886,
i17.png,i17_21_2.png,lossy_compression_of_noisy_images,2,4.79487,-1.172421464,1.172421464,0.8546,0.14539999999999997,17,1.444056206022816,
i17.png,i17_21_3.png,lossy_compression_of_noisy_images,3,4.25,-1.613710281,1.613710281,0.7736,0.22640000000000005,17,2.390631700090018,
i17.png,i17_21_4.png,lossy_compression_of_noisy_images,4,3.38462,-2.629207346,2.629207346,0.6682,0.3318,17,3.2516672910014845,
i17.png,i17_21_5.png,lossy_compression_of_noisy_images,5,2.52632,-3.707099463,3.707099463,0.533,0.46699999999999997,17,3.49718711471434,
i17.png,i17_22_1.png,image_color_quantization_with_dither,1,5.975,-0.315098361,0.315098361,0.9139,0.08609999999999995,17,1.003850531183649,
i17.png,i17_22_2.png,image_color_quantization_with_dither,2,5.61538,-0.460534031,0.460534031,0.8515,0.14849999999999997,17,1.4748154773142002,
i17.png,i17_22_3.png,image_color_quantization_with_dither,3,4.34211,-1.578318579,1.578318579,0.7644,0.23560000000000003,17,2.497715104453992,
i17.png,i17_22_4.png,image_color_quantization_with_dither,4,3.58974,-2.45819769,2.45819769,0.6145,0.38549999999999995,17,3.411130134817484,
i17.png,i17_22_5.png,image_color_quantization_with_dither,5,2.89744,-3.370953642,3.370953642,0.5561,0.44389999999999996,17,3.483180772134547,
i17.png,i17_23_1.png,chromatic_aberrations,1,5.9,-0.336609082,0.336609082,0.9932,0.006800000000000028,17,0.7602196905902857,
i17.png,i17_23_2.png,chromatic_aberrations,2,5.9,-0.317568913,0.317568913,0.981,0.019000000000000017,17,0.7813751208900398,
i17.png,i17_23_3.png,chromatic_aberrations,3,4.5641,-1.230358496,1.230358496,0.8892,0.11080000000000001,17,1.1532543984349315,
i17.png,i17_23_4.png,chromatic_aberrations,4,3.15385,-3.002531962,3.002531962,0.7785,0.22150000000000003,17,2.332066041437027,
i17.png,i17_23_5.png,chromatic_aberrations,5,1.92308,-4.872347272,4.872347272,0.6533,0.3467,17,3.309347270611281,
i17.png,i17_24_1.png,sparse_sampling_and_reconstruction,1,6.05,-0.149820318,0.149820318,0.921,0.07899999999999996,17,0.9689524519145934,
i17.png,i17_24_2.png,sparse_sampling_and_reconstruction,2,5.525,-0.514834754,0.514834754,0.8749,0.1251,17,1.2615589104215927,
i17.png,i17_24_3.png,sparse_sampling_and_reconstruction,3,3.97368,-1.983199838,1.983199838,0.7926,0.20740000000000003,17,2.159645277558063,
i17.png,i17_24_4.png,sparse_sampling_and_reconstruction,4,2.02564,-4.366527881,4.366527881,0.6795,0.3205,17,3.199135165712293,
i17.png,i17_24_5.png,sparse_sampling_and_reconstruction,5,0.34211,-6.370268683,6.370268683,0.6104,0.38959999999999995,17,3.4187137273469226,
i18.png,i18_01_1.png,additive_gaussian_noise,1,5.69048,-0.319306957,0.319306957,0.9488,0.05120000000000002,18,0.8591576572774865,0.36681311442599185
i18.png,i18_01_2.png,additive_gaussian_noise,2,5.41463,-0.544721842,0.544721842,0.907,0.09299999999999997,18,1.0301451089207019,0.620970378665552
i18.png,i18_01_3.png,additive_gaussian_noise,3,4.85,-1.274311396,1.274311396,0.8372,0.16279999999999994,18,1.6117468509215345,1.0259130828698337
i18.png,i18_01_4.png,additive_gaussian_noise,4,4.46341,-1.49070766,1.49070766,0.7402,0.25980000000000003,18,2.762479901237707,1.5328626920477957
i18.png,i18_01_5.png,additive_gaussian_noise,5,4.0,-2.286826379,2.286826379,0.6163,0.38370000000000004,18,3.396865926581483,2.0658889718762667
i18.png,i18_02_1.png,additive_noise_in_color_more_intensive_than_additive_noise_in_the_luminance,1,5.95122,-0.162952235,0.162952235,0.9857,0.01429999999999998,18,0.7777007050416032,
i18.png,i18_02_2.png,additive_noise_in_color_more_intensive_than_additive_noise_in_the_luminance,2,5.88095,-0.310055814,0.310055814,0.9728,0.027200000000000002,18,0.8007734717511793,
i18.png,i18_02_3.png,additive_noise_in_color_more_intensive_than_additive_noise_in_the_luminance,3,5.7381,-0.4951313,0.4951313,0.9487,0.05130000000000001,18,0.8594510496399338,
i18.png,i18_02_4.png,additive_noise_in_color_more_intensive_than_additive_noise_in_the_luminance,4,4.63415,-1.208847954,1.208847954,0.9066,0.09340000000000004,18,1.0323292526930234,
i18.png,i18_02_5.png,additive_noise_in_color_more_intensive_than_additive_noise_in_the_luminance,5,4.2439,-1.643508202,1.643508202,0.8385,0.16149999999999998,18,1.5972528764111664,
i18.png,i18_03_1.png,spatially_correlated_noise,1,4.97619,-1.076681359,1.076681359,0.9584,0.04159999999999997,18,0.833058258827188,
i18.png,i18_03_2.png,spatially_correlated_noise,2,4.55,-1.566611024,1.566611024,0.9246,0.07540000000000002,18,0.9451880488588433,
i18.png,i18_03_3.png,spatially_correlated_noise,3,3.7381,-2.322959164,2.322959164,0.8646,0.13539999999999996,18,1.3340756080644571,
i18.png,i18_03_4.png,spatially_correlated_noise,4,3.11905,-3.030680191,3.030680191,0.7755,0.22450000000000003,18,2.3700465679605314,
i18.png,i18_03_5.png,spatially_correlated_noise,5,2.54762,-3.819218406,3.819218406,0.6618,0.33819999999999995,18,3.2761016511283554,
i18.png,i18_04_1.png,masked_noise,1,6.175,-0.060447614,0.060447614,0.9817,0.018299999999999983,18,0.7843305662021535,
i18.png,i18_04_2.png,masked_noise,2,5.88095,-0.305588335,0.305588335,0.9656,0.034399999999999986,18,0.8159670583965972,
i18.png,i18_04_3.png,masked_noise,3,5.87805,-0.375166664,0.375166664,0.935,0.06499999999999995,18,0.9043022151938417,
i18.png,i18_04_4.png,masked_noise,4,5.31707,-0.83533557,0.83533557,0.881,0.119,18,1.1984326587255891,
i18.png,i18_04_5.png,masked_noise,5,4.34146,-1.635022885,1.635022885,0.7933,0.2067,18,2.1480366155449757,
i18.png,i18_05_1.png,high_frequency_noise,1,6.2439,-0.048499631,0.048499631,0.9472,0.05279999999999996,18,0.8639079314799486,
i18.png,i18_05_2.png,high_frequency_noise,2,5.60976,-0.529648115,0.529648115,0.9039,0.09609999999999996,18,1.047385378473149,
i18.png,i18_05_3.png,high_frequency_noise,3,5.17073,-0.912365889,0.912365889,0.7732,0.2268,18,2.3979551348873214,
i18.png,i18_05_4.png,high_frequency_noise,4,4.0,-1.984893772,1.984893772,0.5723,0.42769999999999997,18,3.4524628236099897,
i18.png,i18_05_5.png,high_frequency_noise,5,3.125,-2.987011793,2.987011793,0.3539,0.6461,18,3.4992344420154655,
i18.png,i18_06_1.png,impulse_noise,1,4.57143,-1.427509445,1.427509445,0.9633,0.036699999999999955,18,0.8212108920388794,
i18.png,i18_06_2.png,impulse_noise,2,4.15,-1.86898708,1.86898708,0.9149,0.08509999999999995,18,0.9893851420777537,
i18.png,i18_06_3.png,impulse_noise,3,3.80952,-2.279462424,2.279462424,0.8483,0.15169999999999995,18,1.4919835506505752,
i18.png,i18_06_4.png,impulse_noise,4,3.73171,-2.489392946,2.489392946,0.7315,0.26849999999999996,18,2.844574834273554,
i18.png,i18_06_5.png,impulse_noise,5,3.19512,-3.139061462,3.139061462,0.5732,0.42679999999999996,18,3.451696158453186,
i18.png,i18_07_1.png,quantization_noise,1,5.57143,-0.502343716,0.502343716,0.9566,0.043399999999999994,18,0.8376514605298584,
i18.png,i18_07_2.png,quantization_noise,2,4.92857,-1.073220887,1.073220887,0.9263,0.07369999999999999,18,0.9380640774189526,
i18.png,i18_07_3.png,quantization_noise,3,4.21429,-1.903656813,1.903656813,0.8578,0.1422,18,1.3972143642351513,
i18.png,i18_07_4.png,quantization_noise,4,3.40476,-2.545442675,2.545442675,0.836,0.16400000000000003,18,1.6252294136966352,
i18.png,i18_07_5.png,quantization_noise,5,3.0,-3.30083549,3.30083549,0.7829,0.21709999999999996,18,2.278812214951972,
i18.png,i18_08_1.png,gaussian_blur,1,5.69048,-0.401782261,0.401782261,0.9809,0.019100000000000006,18,0.7857107717949137,
i18.png,i18_08_2.png,gaussian_blur,2,4.65854,-1.423103327,1.423103327,0.9415,0.058499999999999996,18,0.8818331533392539,
i18.png,i18_08_3.png,gaussian_blur,3,4.14286,-2.023573056,2.023573056,0.8474,0.15259999999999996,18,1.5013439458811353,
i18.png,i18_08_4.png,gaussian_blur,4,3.04762,-3.101277153,3.101277153,0.6915,0.3085,18,3.1379443203304,
i18.png,i18_08_5.png,gaussian_blur,5,2.04878,-4.462828094,4.462828094,0.5226,0.47740000000000005,18,3.4804953761668895,
i18.png,i18_09_1.png,image_denoising,1,6.02439,-0.162047515,0.162047515,0.9482,0.05179999999999996,18,0.8609249797949434,
i18.png,i18_09_2.png,image_denoising,2,5.88095,-0.298681958,0.298681958,0.9153,0.0847,18,0.9874385569520966,
i18.png,i18_09_3.png,image_denoising,3,4.2619,-1.727549499,1.727549499,0.8319,0.16810000000000003,18,1.6720152594037885,
i18.png,i18_09_4.png,image_denoising,4,3.02439,-3.334954384,3.334954384,0.6795,0.3205,18,3.20088420535714,
i18.png,i18_09_5.png,image_denoising,5,1.70732,-4.841608792,4.841608792,0.5207,0.47929999999999995,18,3.481153444511097,
i18.png,i18_10_1.png,JPEG_compression,1,6.07317,-0.132124997,0.132124997,0.9549,0.04510000000000003,18,0.8421132196550254,
i18.png,i18_10_2.png,JPEG_compression,2,5.78049,-0.492243011,0.492243011,0.9262,0.07379999999999998,18,0.9384782063967865,
i18.png,i18_10_3.png,JPEG_compression,3,4.675,-1.208451433,1.208451433,0.8602,0.13980000000000004,18,1.3744739304966505,
i18.png,i18_10_4.png,JPEG_compression,4,3.5,-2.759612585,2.759612585,0.7261,0.27390000000000003,18,2.89222593414006,
i18.png,i18_10_5.png,JPEG_compression,5,2.17073,-4.278139447,4.278139447,0.5973,0.40269999999999995,18,3.426026465842935,
i18.png,i18_11_1.png,JPEG2000_compression,1,5.80488,-0.422641932,0.422641932,0.9443,0.05569999999999997,18,0.8728282986370515,
i18.png,i18_11_2.png,JPEG2000_compression,2,5.5,-0.55397507,0.55397507,0.9055,0.09450000000000003,18,1.0383971085907262,
i18.png,i18_11_3.png,JPEG2000_compression,3,4.5122,-1.545722629,1.545722629,0.8451,0.15490000000000004,18,1.525554453038115,
i18.png,i18_11_4.png,JPEG2000_compression,4,3.07143,-3.269902631,3.269902631,0.6676,0.33240000000000003,18,3.2535810162590706,
i18.png,i18_11_5.png,JPEG2000_compression,5,1.0,-5.427196289,5.427196289,0.4804,0.5196000000000001,18,3.4909442761749867,
i18.png,i18_12_1.png,JPEG_transmission_errors,1,6.35714,0.039387884,-0.039387884,0.9259,0.07410000000000005,18,0.9397242716258436,
i18.png,i18_12_2.png,JPEG_transmission_errors,2,5.36585,-0.603038871,0.603038871,0.9339,0.06610000000000005,18,0.9083306801963522,
i18.png,i18_12_3.png,JPEG_transmission_errors,3,5.56098,-0.570131177,0.570131177,0.8274,0.17259999999999998,18,1.724564755420982,
i18.png,i18_12_4.png,JPEG_transmission_errors,4,4.925,-1.19271965,1.19271965,0.7374,0.26259999999999994,18,2.789609207399517,
i18.png,i18_12_5.png,JPEG_transmission_errors,5,2.65854,-3.627094214,3.627094214,0.6021,0.39790000000000003,18,3.419519797379975,
i18.png,i18_13_1.png,JPEG2000_transmission_errors,1,4.14634,-1.812169361,1.812169361,0.9285,0.07150000000000001,18,0.9291068386899534,
i18.png,i18_13_2.png,JPEG2000_transmission_errors,2,4.35714,-1.806310699,1.806310699,0.828,0.17200000000000004,18,1.7174900379380624,
i18.png,i18_13_3.png,JPEG2000_transmission_errors,3,3.88095,-2.191349581,2.191349581,0.8126,0.1874,18,1.9045399263074752,
i18.png,i18_13_4.png,JPEG2000_transmission_errors,4,2.90244,-3.416951772,3.416951772,0.6385,0.36150000000000004,18,3.348788737016753,
i18.png,i18_13_5.png,JPEG2000_transmission_errors,5,2.46341,-3.884277177,3.884277177,0.5064,0.49360000000000004,18,3.4854529900002285,
i18.png,i18_14_1.png,non_eccentricity_pattern_noise,1,4.95122,-1.115305448,1.115305448,0.9709,0.029100000000000015,18,0.8046096294110386,
i18.png,i18_14_2.png,non_eccentricity_pattern_noise,2,6.0,-0.209453813,0.209453813,0.9673,0.03269999999999995,18,0.8122159269551578,
i18.png,i18_14_3.png,non_eccentricity_pattern_noise,3,4.19512,-1.870036363,1.870036363,0.9281,0.07189999999999996,18,0.9307137277735169,
i18.png,i18_14_4.png,non_eccentricity_pattern_noise,4,4.16667,-1.982984572,1.982984572,0.8963,0.10370000000000001,18,1.0927781086974202,
i18.png,i18_14_5.png,non_eccentricity_pattern_noise,5,3.34146,-2.858920815,2.858920815,0.8596,0.14039999999999997,18,1.3801126733747222,
i18.png,i18_15_1.png,local_block_wise_distortions_of_different_intensity,1,3.21951,-3.11417214,3.11417214,0.9512,0.048799999999999955,18,0.8522537487899358,
i18.png,i18_15_2.png,local_block_wise_distortions_of_different_intensity,2,3.34146,-2.968579069,2.968579069,0.9597,0.0403,18,0.8298228879334177,
i18.png,i18_15_3.png,local_block_wise_distortions_of_different_intensity,3,3.2,-2.896340533,2.896340533,0.9684,0.03159999999999996,18,0.809843836720198,
i18.png,i18_15_4.png,local_block_wise_distortions_of_different_intensity,4,3.525,-2.647259705,2.647259705,0.9783,0.021700000000000053,18,0.790326128115972,
i18.png,i18_15_5.png,local_block_wise_distortions_of_different_intensity,5,3.95238,-2.11396479,2.11396479,0.9892,0.010800000000000032,18,0.7722547421240334,
i18.png,i18_16_1.png,intensity_shift,1,6.41463,0.191440784,-0.191440784,0.9961,0.0039000000000000146,18,0.7624190258099002,
i18.png,i18_16_2.png,intensity_shift,2,5.95238,-0.328799466,0.328799466,0.9915,0.008499999999999952,18,0.7688474292871401,
i18.png,i18_16_3.png,intensity_shift,3,5.69048,-0.46696319,0.46696319,0.9556,0.044399999999999995,18,0.8402612768164419,
i18.png,i18_16_4.png,intensity_shift,4,5.0,-0.94098331,0.94098331,0.9496,0.0504,18,0.8568271380037563,
i18.png,i18_16_5.png,intensity_shift,5,4.25641,-1.651572375,1.651572375,0.8147,0.18530000000000002,18,1.8784650265085177,
i18.png,i18_17_1.png,contrast_change,1,5.92857,-0.280595985,0.280595985,0.9945,0.005499999999999949,18,0.7645982109303034,
i18.png,i18_17_2.png,contrast_change,2,6.09756,-0.054603584,0.054603584,0.9847,0.01529999999999998,18,0.7793166269067716,
i18.png,i18_17_3.png,contrast_change,3,4.41463,-1.502192461,1.502192461,0.9687,0.031299999999999994,18,0.809204304787753,
i18.png,i18_17_4.png,contrast_change,4,5.90476,-0.443820988,0.443820988,0.943,0.05700000000000005,18,0.8769603420524801,
i18.png,i18_17_5.png,contrast_change,5,3.4878,-2.58791339,2.58791339,0.8626,0.13739999999999997,18,1.3522300022337714,
i18.png,i18_18_1.png,change_of_color_saturation,1,5.02439,-0.935536176,0.935536176,1.0,0.0,18,0.7573497677531937,
i18.png,i18_18_2.png,change_of_color_saturation,2,4.8,-1.351271904,1.351271904,1.0,0.0,18,0.7573497677531937,
i18.png,i18_18_3.png,change_of_color_saturation,3,4.35714,-1.681780131,1.681780131,1.0,0.0,18,0.7573497677531937,
i18.png,i18_18_4.png,change_of_color_saturation,4,4.07143,-1.947503489,1.947503489,1.0,0.0,18,0.7573497677531937,
i18.png,i18_18_5.png,change_of_color_saturation,5,4.09524,-2.08268515,2.08268515,1.0,0.0,18,0.7573497677531937,
i18.png,i18_19_1.png,multiplicative_gaussian_noise,1,5.14286,-0.935527135,0.935527135,0.9621,0.037900000000000045,18,0.8240258185438267,
i18.png,i18_19_2.png,multiplicative_gaussian_noise,2,5.07143,-1.072545773,1.072545773,0.9305,0.0695,18,0.9212147599770443,
i18.png,i18_19_3.png,multiplicative_gaussian_noise,3,4.375,-1.687634393,1.687634393,0.8752,0.12480000000000002,18,1.243709861436881,
i18.png,i18_19_4.png,multiplicative_gaussian_noise,4,3.85366,-2.219858414,2.219858414,0.7908,0.20920000000000005,18,2.1796470281152907,
i18.png,i18_19_5.png,multiplicative_gaussian_noise,5,3.70732,-2.561942928,2.561942928,0.673,0.32699999999999996,18,3.2307946564826757,
i18.png,i18_20_1.png,comfort_noise,1,6.16667,-0.153669018,0.153669018,0.9205,0.07950000000000002,18,0.9631173296797481,
i18.png,i18_20_2.png,comfort_noise,2,5.57143,-0.537600473,0.537600473,0.8705,0.12949999999999995,18,1.2825598351869858,
i18.png,i18_20_3.png,comfort_noise,3,5.36585,-0.752470965,0.752470965,0.7915,0.20850000000000002,18,2.1708035762460387,
i18.png,i18_20_4.png,comfort_noise,4,4.36585,-1.744932045,1.744932045,0.6585,0.3415,18,3.2880614399421404,
i18.png,i18_20_5.png,comfort_noise,5,3.325,-2.661062568,2.661062568,0.4236,0.5764,18,3.4968557702170666,
i18.png,i18_21_1.png,lossy_compression_of_noisy_images,1,5.52381,-0.573369252,0.573369252,0.9338,0.06620000000000004,18,0.9087002515055982,
i18.png,i18_21_2.png,lossy_compression_of_noisy_images,2,5.34146,-0.838994268,0.838994268,0.8834,0.11660000000000004,18,1.1805510410507474,
i18.png,i18_21_3.png,lossy_compression_of_noisy_images,3,4.5,-1.580022412,1.580022412,0.8026,0.19740000000000002,18,2.0302116471549594,
i18.png,i18_21_4.png,lossy_compression_of_noisy_images,4,3.2619,-2.870439451,2.870439451,0.6787,0.32130000000000003,18,3.2047175926505327,
i18.png,i18_21_5.png,lossy_compression_of_noisy_images,5,2.31707,-4.10672033,4.10672033,0.5043,0.49570000000000003,18,3.4859971425490235,
i18.png,i18_22_1.png,image_color_quantization_with_dither,1,5.71429,-0.456702123,0.456702123,0.9522,0.047799999999999954,18,0.8494538221326008,
i18.png,i18_22_2.png,image_color_quantization_with_dither,2,4.40476,-1.545879256,1.545879256,0.8978,0.10219999999999996,18,1.0834591250089753,
i18.png,i18_22_3.png,image_color_quantization_with_dither,3,3.68293,-2.175362799,2.175362799,0.8157,0.18430000000000002,18,1.86610004661571,
i18.png,i18_22_4.png,image_color_quantization_with_dither,4,2.95238,-3.384033547,3.384033547,0.7638,0.23619999999999997,18,2.5092126975760563,
i18.png,i18_22_5.png,image_color_quantization_with_dither,5,2.33333,-4.196757265,4.196757265,0.5837,0.4163,18,3.4418078931256995,
i18.png,i18_23_1.png,chromatic_aberrations,1,6.30952,0.024495431,-0.024495431,0.995,0.0050000000000000044,18,0.7639108300601629,
i18.png,i18_23_2.png,chromatic_aberrations,2,6.19048,-0.031510184,0.031510184,0.9854,0.014599999999999946,18,0.778182629086085,
i18.png,i18_23_3.png,chromatic_aberrations,3,6.075,0.019432875,-0.019432875,0.9722,0.027800000000000047,18,0.8019719046703562,
i18.png,i18_23_4.png,chromatic_aberrations,4,5.92857,-0.383009975,0.383009975,0.9487,0.05130000000000001,18,0.8594510496399338,
i18.png,i18_23_5.png,chromatic_aberrations,5,4.0,-1.989098955,1.989098955,0.7906,0.20940000000000003,18,2.1821724977673567,
i18.png,i18_24_1.png,sparse_sampling_and_reconstruction,1,5.90244,-0.127191942,0.127191942,0.9453,0.05469999999999997,18,0.8697064030487818,
i18.png,i18_24_2.png,sparse_sampling_and_reconstruction,2,5.59524,-0.499057528,0.499057528,0.8981,0.10189999999999999,18,1.0816168584199652,
i18.png,i18_24_3.png,sparse_sampling_and_reconstruction,3,4.58537,-1.508753138,1.508753138,0.8091,0.19089999999999996,18,1.948283554879754,
i18.png,i18_24_4.png,sparse_sampling_and_reconstruction,4,3.21951,-2.933479504,2.933479504,0.667,0.33299999999999996,18,3.256002433481979,
i18.png,i18_24_5.png,sparse_sampling_and_reconstruction,5,1.02381,-5.425205391,5.425205391,0.4828,0.5172,18,3.4905374218565446,
i19.png,i19_01_1.png,additive_gaussian_noise,1,5.72973,-0.363124178,0.363124178,0.9449,0.05510000000000004,19,0.8785996098977285,0.38888343944967296
i19.png,i19_01_2.png,additive_gaussian_noise,2,5.10811,-0.684196976,0.684196976,0.9019,0.09809999999999997,19,1.0668125257419305,0.6497683928294742
i19.png,i19_01_3.png,additive_gaussian_noise,3,4.60526,-1.186667641,1.186667641,0.8326,0.1674,19,1.667370263410958,1.051159541035704
i19.png,i19_01_4.png,additive_gaussian_noise,4,4.13514,-1.568715376,1.568715376,0.7394,0.26060000000000005,19,2.7697042435491395,1.5386187008321746
i19.png,i19_01_5.png,additive_gaussian_noise,5,3.56757,-2.104535636,2.104535636,0.628,0.372,19,3.386072055525769,2.0247154005956918
i19.png,i19_02_1.png,additive_noise_in_color_more_intensive_than_additive_noise_in_the_luminance,1,6.08108,-0.176515826,0.176515826,0.9845,0.015499999999999958,19,0.7863334405272524,
i19.png,i19_02_2.png,additive_noise_in_color_more_intensive_than_additive_noise_in_the_luminance,2,5.64865,-0.225657588,0.225657588,0.9708,0.029200000000000004,19,0.8118559265936045,
i19.png,i19_02_3.png,additive_noise_in_color_more_intensive_than_additive_noise_in_the_luminance,3,5.57895,-0.428750087,0.428750087,0.945,0.05500000000000005,19,0.8782861342672348,
i19.png,i19_02_4.png,additive_noise_in_color_more_intensive_than_additive_noise_in_the_luminance,4,5.0,-0.755356128,0.755356128,0.9009,0.09909999999999997,19,1.0726679508634556,
i19.png,i19_02_5.png,additive_noise_in_color_more_intensive_than_additive_noise_in_the_luminance,5,4.47222,-1.20415937,1.20415937,0.8323,0.16769999999999996,19,1.670790166060835,
i19.png,i19_03_1.png,spatially_correlated_noise,1,4.66667,-1.007119631,1.007119631,0.9557,0.044300000000000006,19,0.8474117013931219,
i19.png,i19_03_2.png,spatially_correlated_noise,2,4.05405,-1.736348264,1.736348264,0.9204,0.0796,19,0.971555118626626,
i19.png,i19_03_3.png,spatially_correlated_noise,3,3.63158,-2.212112665,2.212112665,0.8604,0.13959999999999995,19,1.3786689624453587,
i19.png,i19_03_4.png,spatially_correlated_noise,4,3.0,-2.948274401,2.948274401,0.7768,0.22319999999999995,19,2.352735897448559,
i19.png,i19_03_5.png,spatially_correlated_noise,5,2.52632,-3.419962778,3.419962778,0.6726,0.3274,19,3.2398534154351504,
i19.png,i19_04_1.png,masked_noise,1,5.89474,-0.127073512,0.127073512,0.9884,0.011600000000000055,19,0.7800626433206537,
i19.png,i19_04_2.png,masked_noise,2,5.94595,-0.203186656,0.203186656,0.9743,0.025699999999999945,19,0.8047805740534707,
i19.png,i19_04_3.png,masked_noise,3,5.89474,-0.247455555,0.247455555,0.9517,0.04830000000000001,19,0.8583532700290729,
i19.png,i19_04_4.png,masked_noise,4,5.24324,-0.546205365,0.546205365,0.9222,0.07779999999999998,19,0.9635289633896886,
i19.png,i19_04_5.png,masked_noise,5,4.48649,-1.192497936,1.192497936,0.8439,0.15610000000000002,19,1.5429474705787787,
i19.png,i19_05_1.png,high_frequency_noise,1,5.97368,-0.150757178,0.150757178,0.9437,0.05630000000000002,19,0.8823992378379985,
i19.png,i19_05_2.png,high_frequency_noise,2,5.5,-0.447424608,0.447424608,0.8992,0.1008,19,1.082798070506891,
i19.png,i19_05_3.png,high_frequency_noise,3,5.07895,-0.798233494,0.798233494,0.7708,0.22919999999999996,19,2.425234445999302,
i19.png,i19_05_4.png,high_frequency_noise,4,4.0,-1.671532775,1.671532775,0.5882,0.41180000000000005,19,3.4524174158598884,
i19.png,i19_05_5.png,high_frequency_noise,5,3.18421,-2.651310027,2.651310027,0.3974,0.6026,19,3.517662594180501,
i19.png,i19_06_1.png,impulse_noise,1,4.73684,-0.970847999,0.970847999,0.969,0.031000000000000028,19,0.8156546953552524,
i19.png,i19_06_2.png,impulse_noise,2,4.64865,-1.209870777,1.209870777,0.9356,0.06440000000000001,19,0.9099524206659776,
i19.png,i19_06_3.png,impulse_noise,3,3.86842,-1.824087469,1.824087469,0.8776,0.12239999999999995,19,1.2317803210494302,
i19.png,i19_06_4.png,impulse_noise,4,3.56757,-2.033233689,2.033233689,0.792,0.20799999999999996,19,2.163855775880787,
i19.png,i19_06_5.png,impulse_noise,5,3.18919,-2.569856916,2.569856916,0.6575,0.3425,19,3.3007597658177024,
i19.png,i19_07_1.png,quantization_noise,1,5.37838,-0.65932687,0.65932687,0.9573,0.04269999999999996,19,0.8432249252725601,
i19.png,i19_07_2.png,quantization_noise,2,4.67568,-1.167625152,1.167625152,0.9299,0.07010000000000005,19,0.9314582173186616,
i19.png,i19_07_3.png,quantization_noise,3,3.88889,-1.822079647,1.822079647,0.9028,0.09719999999999995,19,1.0616075994961085,
i19.png,i19_07_4.png,quantization_noise,4,3.19444,-2.539248079,2.539248079,0.8712,0.12880000000000003,19,1.2834612236059977,
i19.png,i19_07_5.png,quantization_noise,5,2.60526,-3.381810151,3.381810151,0.8147,0.18530000000000002,19,1.8799299106392275,
i19.png,i19_08_1.png,gaussian_blur,1,5.35135,-0.454398921,0.454398921,0.9791,0.02090000000000003,19,0.7957131421555452,
i19.png,i19_08_2.png,gaussian_blur,2,4.7027,-0.924483879,0.924483879,0.9321,0.06789999999999996,19,0.9229408389895616,
i19.png,i19_08_3.png,gaussian_blur,3,3.76316,-1.966213652,1.966213652,0.8214,0.17859999999999998,19,1.7985497333420672,
i19.png,i19_08_4.png,gaussian_blur,4,2.89189,-3.15813539,3.15813539,0.6598,0.34019999999999995,19,3.2923358884938048,
i19.png,i19_08_5.png,gaussian_blur,5,2.27027,-3.867078139,3.867078139,0.5046,0.49539999999999995,19,3.5044354400875926,
i19.png,i19_09_1.png,image_denoising,1,6.08108,-0.065076092,0.065076092,0.9553,0.04469999999999996,19,0.8484750690186075,
i19.png,i19_09_2.png,image_denoising,2,5.89474,-0.246824315,0.246824315,0.929,0.07099999999999995,19,0.9350232138185286,
i19.png,i19_09_3.png,image_denoising,3,4.86842,-1.059055361,1.059055361,0.8817,0.11829999999999996,19,1.2005175611924828,
i19.png,i19_09_4.png,image_denoising,4,3.27027,-2.396046208,2.396046208,0.8073,0.19269999999999998,19,1.9715979632434948,
i19.png,i19_09_5.png,image_denoising,5,1.86486,-4.242540638,4.242540638,0.6874,0.3126,19,3.1659873761084913,
i19.png,i19_10_1.png,JPEG_compression,1,5.73684,-0.232253037,0.232253037,0.9611,0.038900000000000046,19,0.8336977750893781,
i19.png,i19_10_2.png,JPEG_compression,2,5.47222,-0.411849294,0.411849294,0.9374,0.06259999999999999,19,0.9035335642455529,
i19.png,i19_10_3.png,JPEG_compression,3,4.86111,-0.915101887,0.915101887,0.8823,0.11770000000000003,19,1.1960624199986745,
i19.png,i19_10_4.png,JPEG_compression,4,3.0,-2.782341179,2.782341179,0.778,0.22199999999999998,19,2.3380598949577704,
i19.png,i19_10_5.png,JPEG_compression,5,1.65789,-4.543014768,4.543014768,0.679,0.32099999999999995,19,3.209758977954329,
i19.png,i19_11_1.png,JPEG2000_compression,1,5.52632,-0.489860927,0.489860927,0.9321,0.06789999999999996,19,0.9229408389895616,
i19.png,i19_11_2.png,JPEG2000_compression,2,4.97368,-0.794598464,0.794598464,0.897,0.10299999999999998,19,1.0962402547715193,
i19.png,i19_11_3.png,JPEG2000_compression,3,4.52632,-1.253482874,1.253482874,0.8472,0.15280000000000005,19,1.5083535525824727,
i19.png,i19_11_4.png,JPEG2000_compression,4,2.94595,-2.836365665,2.836365665,0.7271,0.27290000000000003,19,2.88408001684283,
i19.png,i19_11_5.png,JPEG2000_compression,5,1.23684,-5.007569689,5.007569689,0.5901,0.40990000000000004,19,3.4501508242869043,
i19.png,i19_12_1.png,JPEG_transmission_errors,1,6.13158,-0.041135806,0.041135806,0.9531,0.04690000000000005,19,0.8544451145259928,
i19.png,i19_12_2.png,JPEG_transmission_errors,2,5.59459,-0.282003158,0.282003158,0.9133,0.0867,19,1.005284674502084,
i19.png,i19_12_3.png,JPEG_transmission_errors,3,5.18421,-0.675943669,0.675943669,0.8886,0.11140000000000005,19,1.1511091364002959,
i19.png,i19_12_4.png,JPEG_transmission_errors,4,5.08108,-0.931733121,0.931733121,0.9014,0.09860000000000002,19,1.06973070882242,
i19.png,i19_12_5.png,JPEG_transmission_errors,5,4.52778,-1.269973299,1.269973299,0.7242,0.27580000000000005,19,2.909166766697354,
i19.png,i19_13_1.png,JPEG2000_transmission_errors,1,4.67568,-1.06190243,1.06190243,0.9493,0.05069999999999997,19,0.865255653426403,
i19.png,i19_13_2.png,JPEG2000_transmission_errors,2,4.05263,-1.709818385,1.709818385,0.873,0.127,19,1.2685694506253142,
i19.png,i19_13_3.png,JPEG2000_transmission_errors,3,3.62162,-2.108051784,2.108051784,0.8216,0.1784,19,1.796149876996491,
i19.png,i19_13_4.png,JPEG2000_transmission_errors,4,3.07895,-2.80780806,2.80780806,0.6955,0.3045,19,3.11886904688114,
i19.png,i19_13_5.png,JPEG2000_transmission_errors,5,1.94737,-4.102173967,4.102173967,0.5839,0.4161,19,3.4572851978111676,
i19.png,i19_14_1.png,non_eccentricity_pattern_noise,1,5.61111,-0.283885413,0.283885413,0.9726,0.02739999999999998,19,0.8081667493243281,
i19.png,i19_14_2.png,non_eccentricity_pattern_noise,2,6.02632,-0.062986025,0.062986025,0.9737,0.02629999999999999,19,0.8059649734375018,
i19.png,i19_14_3.png,non_eccentricity_pattern_noise,3,5.45946,-0.435486603,0.435486603,0.9481,0.051899999999999946,19,0.8688050109080963,
i19.png,i19_14_4.png,non_eccentricity_pattern_noise,4,4.92105,-0.872427665,0.872427665,0.9209,0.07909999999999995,19,0.9693048718584424,
i19.png,i19_14_5.png,non_eccentricity_pattern_noise,5,3.64865,-1.839063118,1.839063118,0.8941,0.1059,19,1.114541627570089,
i19.png,i19_15_1.png,local_block_wise_distortions_of_different_intensity,1,2.88889,-2.629675053,2.629675053,0.9513,0.048699999999999966,19,0.8594857447516803,
i19.png,i19_15_2.png,local_block_wise_distortions_of_different_intensity,2,3.27778,-2.464567219,2.464567219,0.9614,0.03859999999999997,19,0.8329699410590504,
i19.png,i19_15_3.png,local_block_wise_distortions_of_different_intensity,3,3.51351,-2.183200931,2.183200931,0.9705,0.02949999999999997,19,0.8124813660681137,
i19.png,i19_15_4.png,local_block_wise_distortions_of_different_intensity,4,3.68421,-1.821645448,1.821645448,0.9785,0.021499999999999964,19,0.7968078656827835,
i19.png,i19_15_5.png,local_block_wise_distortions_of_different_intensity,5,3.54054,-2.127173621,2.127173621,0.989,0.01100000000000001,19,0.7791335188642181,
i19.png,i19_16_1.png,intensity_shift,1,6.13158,-0.090978471,0.090978471,0.998,0.0020000000000000018,19,0.7662597643351893,
i19.png,i19_16_2.png,intensity_shift,2,6.26316,0.016864432,-0.016864432,0.9955,0.0044999999999999485,19,0.7696431588180125,
i19.png,i19_16_3.png,intensity_shift,3,5.28947,-0.531597238,0.531597238,0.9831,0.016900000000000026,19,0.7886853796639359,
i19.png,i19_16_4.png,intensity_shift,4,5.84211,-0.309522248,0.309522248,0.9732,0.026800000000000046,19,0.806960880867649,
i19.png,i19_16_5.png,intensity_shift,5,4.41667,-1.247148872,1.247148872,0.9265,0.07350000000000001,19,0.9451768400696783,
i19.png,i19_17_1.png,contrast_change,1,5.47368,-0.379703265,0.379703265,0.9946,0.00539999999999996,19,0.7708963959478576,
i19.png,i19_17_2.png,contrast_change,2,6.18919,0.121496146,-0.121496146,0.985,0.015000000000000013,19,0.7855066037182674,
i19.png,i19_17_3.png,contrast_change,3,4.43243,-1.192821413,1.192821413,0.969,0.031000000000000028,19,0.8156546953552524,
i19.png,i19_17_4.png,contrast_change,4,5.75676,-0.438485978,0.438485978,0.9443,0.05569999999999997,19,0.8804906467977001,
i19.png,i19_17_5.png,contrast_change,5,3.34211,-2.5858286,2.5858286,0.8648,0.1352,19,1.3386722413072158,
i19.png,i19_18_1.png,change_of_color_saturation,1,5.13514,-0.619136087,0.619136087,1.0,0.0,19,0.7636537203658187,
i19.png,i19_18_2.png,change_of_color_saturation,2,4.38889,-1.246788976,1.246788976,1.0,0.0,19,0.7636537203658187,
i19.png,i19_18_3.png,change_of_color_saturation,3,4.24324,-1.5187736,1.5187736,1.0,0.0,19,0.7636537203658187,
i19.png,i19_18_4.png,change_of_color_saturation,4,4.08108,-1.697760114,1.697760114,1.0,0.0,19,0.7636537203658187,
i19.png,i19_18_5.png,change_of_color_saturation,5,4.05405,-1.738743349,1.738743349,1.0,0.0,19,0.7636537203658187,
i19.png,i19_19_1.png,multiplicative_gaussian_noise,1,5.54054,-0.445122476,0.445122476,0.95,0.050000000000000044,19,0.8632156441748348,
i19.png,i19_19_2.png,multiplicative_gaussian_noise,2,4.97297,-0.711347014,0.711347014,0.91,0.08999999999999997,19,1.0221319772880377,
i19.png,i19_19_3.png,multiplicative_gaussian_noise,3,4.55556,-1.119837608,1.119837608,0.8474,0.15259999999999996,19,1.5062838589879206,
i19.png,i19_19_4.png,multiplicative_gaussian_noise,4,4.31429,-1.366711598,1.366711598,0.7602,0.2398,19,2.5488812850885587,
i19.png,i19_19_5.png,multiplicative_gaussian_noise,5,3.55556,-2.304833587,2.304833587,0.6521,0.3479,19,3.3194257556398887,
i19.png,i19_20_1.png,comfort_noise,1,5.7027,-0.22848697,0.22848697,0.9207,0.07930000000000004,19,0.9702030444004436,
i19.png,i19_20_2.png,comfort_noise,2,5.71053,-0.36098819,0.36098819,0.8635,0.13649999999999995,19,1.350317377394958,
i19.png,i19_20_3.png,comfort_noise,3,5.18919,-0.783870496,0.783870496,0.7786,0.22140000000000004,19,2.3307022963691795,
i19.png,i19_20_4.png,comfort_noise,4,4.13889,-1.512092706,1.512092706,0.6407,0.35929999999999995,19,3.3540985974313453,
i19.png,i19_20_5.png,comfort_noise,5,3.05263,-2.618540911,2.618540911,0.443,0.5569999999999999,19,3.5147678795750115,
i19.png,i19_21_1.png,lossy_compression_of_noisy_images,1,5.40541,-0.356981851,0.356981851,0.9353,0.06469999999999998,19,0.9110392399289807,
i19.png,i19_21_2.png,lossy_compression_of_noisy_images,2,5.16216,-0.792541299,0.792541299,0.8876,0.11240000000000006,19,1.1580237108707125,
i19.png,i19_21_3.png,lossy_compression_of_noisy_images,3,4.08108,-1.598734264,1.598734264,0.8048,0.19520000000000004,19,2.0028640753082567,
i19.png,i19_21_4.png,lossy_compression_of_noisy_images,4,3.56757,-2.258808156,2.258808156,0.6895,0.3105,19,3.154247523622343,
i19.png,i19_21_5.png,lossy_compression_of_noisy_images,5,2.25,-3.658680525,3.658680525,0.5407,0.45930000000000004,19,3.4905706110998587,
i19.png,i19_22_1.png,image_color_quantization_with_dither,1,5.73684,-0.297378429,0.297378429,0.9419,0.05810000000000004,19,0.8882316902564731,
i19.png,i19_22_2.png,image_color_quantization_with_dither,2,5.32432,-0.486555948,0.486555948,0.9037,0.09630000000000005,19,1.0564637800258825,
i19.png,i19_22_3.png,image_color_quantization_with_dither,3,4.4,-1.145879819,1.145879819,0.8325,0.16749999999999998,19,1.6685096059037408,
i19.png,i19_22_4.png,image_color_quantization_with_dither,4,3.94737,-1.682107874,1.682107874,0.7152,0.28480000000000005,19,2.9824066933961184,
i19.png,i19_22_5.png,image_color_quantization_with_dither,5,2.75676,-3.195499714,3.195499714,0.5854,0.41459999999999997,19,3.455627356360113,
i19.png,i19_23_1.png,chromatic_aberrations,1,5.86842,-0.216801845,0.216801845,0.996,0.0040000000000000036,19,0.7689550564568586,
i19.png,i19_23_2.png,chromatic_aberrations,2,6.28947,0.029682588,-0.029682588,0.9881,0.011900000000000022,19,0.7805307010803691,
i19.png,i19_23_3.png,chromatic_aberrations,3,5.75676,-0.287486878,0.287486878,0.9773,0.022700000000000053,19,0.7990299914987199,
i19.png,i19_23_4.png,chromatic_aberrations,4,5.76316,-0.289544571,0.289544571,0.961,0.039000000000000035,19,0.8339411633682647,
i19.png,i19_23_5.png,chromatic_aberrations,5,5.21622,-0.640299401,0.640299401,0.9362,0.06379999999999997,19,0.9077934323113689,
i19.png,i19_24_1.png,sparse_sampling_and_reconstruction,1,5.45946,-0.389915097,0.389915097,0.9315,0.0685,19,0.925236286620909,
i19.png,i19_24_2.png,sparse_sampling_and_reconstruction,2,4.7027,-0.991219263,0.991219263,0.8841,0.1159,19,1.1828794528184599,
i19.png,i19_24_3.png,sparse_sampling_and_reconstruction,3,3.63889,-1.981543281,1.981543281,0.8158,0.18420000000000003,19,1.8664479332072184,
i19.png,i19_24_4.png,sparse_sampling_and_reconstruction,4,2.5,-3.513332486,3.513332486,0.7198,0.2802,19,2.9458444832727717,
i19.png,i19_24_5.png,sparse_sampling_and_reconstruction,5,0.77778,-5.02219877,5.02219877,0.5908,0.4092,19,3.449297216874231,
i20.png,i20_01_1.png,additive_gaussian_noise,1,5.76923,-0.392439957,0.392439957,0.9358,0.06420000000000003,20,0.9015603513377749,0.44860453616967577
i20.png,i20_01_2.png,additive_gaussian_noise,2,5.51282,-0.498032572,0.498032572,0.8846,0.11539999999999995,20,1.1637981176738432,0.76201831207714
i20.png,i20_01_3.png,additive_gaussian_noise,3,4.92105,-1.031693246,1.031693246,0.8037,0.19630000000000003,20,1.9841579875268192,1.2228453218713438
i20.png,i20_01_4.png,additive_gaussian_noise,4,4.4359,-1.574324632,1.574324632,0.6902,0.30979999999999996,20,3.1411186545554495,1.7790821227520444
i20.png,i20_01_5.png,additive_gaussian_noise,5,3.78378,-2.155900268,2.155900268,0.5545,0.4455,20,3.4991552563192068,2.292453378039878
i20.png,i20_02_1.png,additive_noise_in_color_more_intensive_than_additive_noise_in_the_luminance,1,5.84211,-0.3610124,0.3610124,0.9783,0.021700000000000053,20,0.7922704988682248,
i20.png,i20_02_2.png,additive_noise_in_color_more_intensive_than_additive_noise_in_the_luminance,2,5.79487,-0.443921504,0.443921504,0.9604,0.03959999999999997,20,0.8296399982812321,
i20.png,i20_02_3.png,additive_noise_in_color_more_intensive_than_additive_noise_in_the_luminance,3,5.51351,-0.59575605,0.59575605,0.9271,0.07289999999999996,20,0.9341116249823842,
i20.png,i20_02_4.png,additive_noise_in_color_more_intensive_than_additive_noise_in_the_luminance,4,5.28205,-0.800409358,0.800409358,0.8722,0.12780000000000002,20,1.2569493228764084,
i20.png,i20_02_5.png,additive_noise_in_color_more_intensive_than_additive_noise_in_the_luminance,5,4.48718,-1.460406677,1.460406677,0.7857,0.21430000000000005,20,2.2096050715719553,
i20.png,i20_03_1.png,spatially_correlated_noise,1,4.94737,-1.375596152,1.375596152,0.9482,0.05179999999999996,20,0.8619141203090286,
i20.png,i20_03_2.png,spatially_correlated_noise,2,4.21053,-1.779697534,1.779697534,0.9063,0.0937,20,1.0304947645405853,
i20.png,i20_03_3.png,spatially_correlated_noise,3,3.81081,-2.336697491,2.336697491,0.8361,0.16390000000000005,20,1.6009999176608072,
i20.png,i20_03_4.png,spatially_correlated_noise,4,3.12821,-2.956316202,2.956316202,0.7381,0.2619,20,2.7573864796690217,
i20.png,i20_03_5.png,spatially_correlated_noise,5,2.65789,-3.390340839,3.390340839,0.6137,0.3863,20,3.4250283397863286,
i20.png,i20_04_1.png,masked_noise,1,5.71053,-0.397545627,0.397545627,0.9791,0.02090000000000003,20,0.790839191224437,
i20.png,i20_04_2.png,masked_noise,2,5.47368,-0.369350549,0.369350549,0.9626,0.03739999999999999,20,0.8244501155648694,
i20.png,i20_04_3.png,masked_noise,3,5.15789,-0.906741738,0.906741738,0.9339,0.06610000000000005,20,0.9083166646526996,
i20.png,i20_04_4.png,masked_noise,4,4.72973,-1.200999487,1.200999487,0.8892,0.11080000000000001,20,1.1324715106319023,
i20.png,i20_04_5.png,masked_noise,5,4.05405,-1.794898462,1.794898462,0.8264,0.17359999999999998,20,1.7101419638770907,
i20.png,i20_05_1.png,high_frequency_noise,1,6.02632,-0.281846982,0.281846982,0.9336,0.06640000000000001,20,0.9094010067299859,
i20.png,i20_05_2.png,high_frequency_noise,2,5.76316,-0.445128562,0.445128562,0.8816,0.11839999999999995,20,1.1851592326372287,
i20.png,i20_05_3.png,high_frequency_noise,3,5.39474,-0.790654761,0.790654761,0.7274,0.27259999999999995,20,2.859748013272143,
i20.png,i20_05_4.png,high_frequency_noise,4,4.23077,-1.732208352,1.732208352,0.5024,0.49760000000000004,20,3.524309826786736,
i20.png,i20_05_5.png,high_frequency_noise,5,2.92105,-2.971646016,2.971646016,0.2843,0.7157,20,3.540965341832276,
i20.png,i20_06_1.png,impulse_noise,1,4.97368,-1.096400315,1.096400315,0.9149,0.08509999999999995,20,0.9872358514095341,
i20.png,i20_06_2.png,impulse_noise,2,4.13889,-1.749745735,1.749745735,0.8398,0.1602,20,1.5610233509880276,
i20.png,i20_06_3.png,impulse_noise,3,3.94737,-2.150024547,2.150024547,0.7068,0.2932,20,3.0297626894182543,
i20.png,i20_06_4.png,impulse_noise,4,3.4359,-2.570704339,2.570704339,0.5357,0.46430000000000005,20,3.510902215045223,
i20.png,i20_06_5.png,impulse_noise,5,3.10256,-2.988353861,2.988353861,0.3702,0.6298,20,3.539660817321536,
i20.png,i20_07_1.png,quantization_noise,1,5.28205,-0.720234759,0.720234759,0.9728,0.027200000000000002,20,0.8026305361666359,
i20.png,i20_07_2.png,quantization_noise,2,4.72973,-1.108654526,1.108654526,0.955,0.04500000000000004,20,0.8431694970527148,
i20.png,i20_07_3.png,quantization_noise,3,4.47368,-1.503416414,1.503416414,0.9179,0.08209999999999995,20,0.9733099921865145,
i20.png,i20_07_4.png,quantization_noise,4,3.73684,-2.07662474,2.07662474,0.8918,0.10819999999999996,20,1.11551693392833,
i20.png,i20_07_5.png,quantization_noise,5,3.28205,-2.640018794,2.640018794,0.8715,0.12849999999999995,20,1.262593441666961,
i20.png,i20_08_1.png,gaussian_blur,1,5.65789,-0.458888537,0.458888537,0.9899,0.010099999999999998,20,0.7732430264843846,
i20.png,i20_08_2.png,gaussian_blur,2,5.2973,-0.789487511,0.789487511,0.9704,0.02959999999999996,20,0.8074481683983346,
i20.png,i20_08_3.png,gaussian_blur,3,4.02778,-1.626001876,1.626001876,0.927,0.07299999999999995,20,0.9345104404929304,
i20.png,i20_08_4.png,gaussian_blur,4,3.42105,-2.409201369,2.409201369,0.8595,0.14049999999999996,20,1.3658146989662843,
i20.png,i20_08_5.png,gaussian_blur,5,2.58974,-3.531783325,3.531783325,0.7776,0.22240000000000004,20,2.310170904539291,
i20.png,i20_09_1.png,image_denoising,1,6.26316,0.004518918,-0.004518918,0.9722,0.027800000000000047,20,0.8038175252512284,
i20.png,i20_09_2.png,image_denoising,2,6.13158,-0.321231206,0.321231206,0.9599,0.040100000000000025,20,0.8308449381846995,
i20.png,i20_09_3.png,image_denoising,3,5.33333,-0.68585406,0.68585406,0.9366,0.06340000000000001,20,0.898772360537264,
i20.png,i20_09_4.png,image_denoising,4,3.75676,-2.194034131,2.194034131,0.8864,0.11360000000000003,20,1.1513356275379323,
i20.png,i20_09_5.png,image_denoising,5,2.21622,-4.081345349,4.081345349,0.8049,0.19510000000000005,20,1.969233424069578,
i20.png,i20_10_1.png,JPEG_compression,1,6.13158,-0.179620152,0.179620152,0.9728,0.027200000000000002,20,0.8026305361666359,
i20.png,i20_10_2.png,JPEG_compression,2,5.73684,-0.367878036,0.367878036,0.9581,0.04190000000000005,20,0.835262325724179,
i20.png,i20_10_3.png,JPEG_compression,3,4.94444,-0.980904644,0.980904644,0.9263,0.07369999999999999,20,0.9373184137895295,
i20.png,i20_10_4.png,JPEG_compression,4,3.57895,-2.392484898,2.392484898,0.8689,0.1311,20,1.283921380919717,
i20.png,i20_10_5.png,JPEG_compression,5,2.74359,-3.602634498,3.602634498,0.8168,0.18320000000000003,20,1.8234578654593168,
i20.png,i20_11_1.png,JPEG2000_compression,1,5.57895,-0.553289022,0.553289022,0.9497,0.05030000000000001,20,0.857607662825123,
i20.png,i20_11_2.png,JPEG2000_compression,2,4.84211,-0.980778018,0.980778018,0.9216,0.07840000000000003,20,0.9569241266910212,
i20.png,i20_11_3.png,JPEG2000_compression,3,3.43243,-2.416843571,2.416843571,0.8599,0.1401,20,1.362177810074436,
i20.png,i20_11_4.png,JPEG2000_compression,4,2.05263,-4.053885907,4.053885907,0.7902,0.2098,20,2.1532527390485807,
i20.png,i20_11_5.png,JPEG2000_compression,5,0.74359,-5.715351806,5.715351806,0.7252,0.27480000000000004,20,2.879618294043798,
i20.png,i20_12_1.png,JPEG_transmission_errors,1,6.12821,-0.139971441,0.139971441,0.9509,0.04910000000000003,20,0.8542337092791062,
i20.png,i20_12_2.png,JPEG_transmission_errors,2,5.30769,-0.708874197,0.708874197,0.9969,0.0030999999999999917,20,0.7634016076476423,
i20.png,i20_12_3.png,JPEG_transmission_errors,3,4.44737,-1.426701569,1.426701569,0.8622,0.13780000000000003,20,1.3415269277499389,
i20.png,i20_12_4.png,JPEG_transmission_errors,4,4.25641,-1.758325119,1.758325119,0.8142,0.18579999999999997,20,1.854887417490715,
i20.png,i20_12_5.png,JPEG_transmission_errors,5,2.57895,-3.707597029,3.707597029,0.6732,0.3268,20,3.2333779530355993,
i20.png,i20_13_1.png,JPEG2000_transmission_errors,1,5.15385,-0.879358261,0.879358261,0.9611,0.038900000000000046,20,0.8279690105166879,
i20.png,i20_13_2.png,JPEG2000_transmission_errors,2,3.78947,-2.159357638,2.159357638,0.8289,0.17110000000000003,20,1.6814493017206167,
i20.png,i20_13_3.png,JPEG2000_transmission_errors,3,3.82051,-2.194263487,2.194263487,0.9024,0.09760000000000002,20,1.0518212656748644,
i20.png,i20_13_4.png,JPEG2000_transmission_errors,4,2.89189,-3.203686018,3.203686018,0.6479,0.35209999999999997,20,3.3360136461269865,
i20.png,i20_13_5.png,JPEG2000_transmission_errors,5,2.02703,-4.346940406,4.346940406,0.5308,0.46919999999999995,20,3.513390032986704,
i20.png,i20_14_1.png,non_eccentricity_pattern_noise,1,6.02632,-0.246499303,0.246499303,0.9812,0.01880000000000004,20,0.7871696211839467,
i20.png,i20_14_2.png,non_eccentricity_pattern_noise,2,5.84211,-0.37684618,0.37684618,0.9714,0.02859999999999996,20,0.8054181535154714,
i20.png,i20_14_3.png,non_eccentricity_pattern_noise,3,4.55263,-1.256950422,1.256950422,0.9423,0.057699999999999974,20,0.8798492627829956,
i20.png,i20_14_4.png,non_eccentricity_pattern_noise,4,4.12821,-1.931180353,1.931180353,0.9273,0.07269999999999999,20,0.933315730154399,
i20.png,i20_14_5.png,non_eccentricity_pattern_noise,5,3.36842,-2.477564588,2.477564588,0.9002,0.0998,20,1.0643416462744144,
i20.png,i20_15_1.png,local_block_wise_distortions_of_different_intensity,1,3.23077,-2.830692505,2.830692505,0.949,0.051000000000000045,20,0.8596049316310906,
i20.png,i20_15_2.png,local_block_wise_distortions_of_different_intensity,2,3.34211,-2.654481107,2.654481107,0.9573,0.04269999999999996,20,0.8372661800189614,
i20.png,i20_15_3.png,local_block_wise_distortions_of_different_intensity,3,3.69231,-2.189152302,2.189152302,0.9676,0.032399999999999984,20,0.8133088886156778,
i20.png,i20_15_4.png,local_block_wise_distortions_of_different_intensity,4,3.89744,-2.018847273,2.018847273,0.9777,0.022299999999999986,20,0.7933562762605313,
i20.png,i20_15_5.png,local_block_wise_distortions_of_different_intensity,5,4.05128,-1.654762836,1.654762836,0.9885,0.011499999999999955,20,0.7753517839314866,
i20.png,i20_16_1.png,intensity_shift,1,6.05128,-0.198784027,0.198784027,0.9969,0.0030999999999999917,20,0.7634016076476423,
i20.png,i20_16_2.png,intensity_shift,2,6.05405,-0.133557492,0.133557492,0.9939,0.006099999999999994,20,0.7674799800812431,
i20.png,i20_16_3.png,intensity_shift,3,5.40541,-0.50206576,0.50206576,0.9774,0.022599999999999953,20,0.793903150954058,
i20.png,i20_16_4.png,intensity_shift,4,5.13514,-0.703425198,0.703425198,0.9718,0.028200000000000003,20,0.8046152588432836,
i20.png,i20_16_5.png,intensity_shift,5,4.71795,-1.229228937,1.229228937,0.9209,0.07909999999999995,20,0.9599586382277849,
i20.png,i20_17_1.png,contrast_change,1,5.61538,-0.567830718,0.567830718,0.9916,0.008399999999999963,20,0.7707470634697262,
i20.png,i20_17_2.png,contrast_change,2,6.33333,0.033797052,-0.033797052,0.967,0.03300000000000003,20,0.8145993569231649,
i20.png,i20_17_3.png,contrast_change,3,4.32432,-1.53865534,1.53865534,0.9646,0.03539999999999999,20,0.8198867820986724,
i20.png,i20_17_4.png,contrast_change,4,5.87179,-0.419599968,0.419599968,0.9072,0.0928,20,1.0257280737025987,
i20.png,i20_17_5.png,contrast_change,5,3.53846,-2.542399653,2.542399653,0.888,0.11199999999999999,20,1.1404787507259055,
i20.png,i20_18_1.png,change_of_color_saturation,1,5.61538,-0.484123086,0.484123086,1.0,0.0,20,0.7593956853260112,
i20.png,i20_18_2.png,change_of_color_saturation,2,5.23684,-0.788449315,0.788449315,1.0,0.0,20,0.7593956853260112,
i20.png,i20_18_3.png,change_of_color_saturation,3,4.5,-1.300052451,1.300052451,1.0,0.0,20,0.7593956853260112,
i20.png,i20_18_4.png,change_of_color_saturation,4,4.13514,-1.621790652,1.621790652,1.0,0.0,20,0.7593956853260112,
i20.png,i20_18_5.png,change_of_color_saturation,5,4.10526,-1.889605115,1.889605115,1.0,0.0,20,0.7593956853260112,
i20.png,i20_19_1.png,multiplicative_gaussian_noise,1,5.82051,-0.427546322,0.427546322,0.9119,0.08809999999999996,20,1.0017534632474314,
i20.png,i20_19_2.png,multiplicative_gaussian_noise,2,5.17949,-0.80634021,0.80634021,0.8464,0.15359999999999996,20,1.4922092580882294,
i20.png,i20_19_3.png,multiplicative_gaussian_noise,3,4.79487,-1.294592396,1.294592396,0.7563,0.24370000000000003,20,2.5630084535757165,
i20.png,i20_19_4.png,multiplicative_gaussian_noise,4,4.0,-1.913427874,1.913427874,0.6443,0.3557,20,3.3477545101106556,
i20.png,i20_19_5.png,multiplicative_gaussian_noise,5,3.46154,-2.587491537,2.587491537,0.527,0.473,20,3.5151797723283527,
i20.png,i20_20_1.png,comfort_noise,1,6.15789,-0.239639366,0.239639366,0.9275,0.07250000000000001,20,0.9325221459483896,
i20.png,i20_20_2.png,comfort_noise,2,5.46154,-0.544767583,0.544767583,0.8828,0.11719999999999997,20,1.1765257994310252,
i20.png,i20_20_3.png,comfort_noise,3,4.78947,-1.280044486,1.280044486,0.8227,0.1773,20,1.7532588983064794,
i20.png,i20_20_4.png,comfort_noise,4,3.52632,-2.376958171,2.376958171,0.7307,0.2693,20,2.829182703286119,
i20.png,i20_20_5.png,comfort_noise,5,2.71795,-3.348420693,3.348420693,0.6124,0.38759999999999994,20,3.427552163260311,
i20.png,i20_21_1.png,lossy_compression_of_noisy_images,1,5.55263,-0.545165461,0.545165461,0.943,0.05700000000000005,20,0.8776358692167507,
i20.png,i20_21_2.png,lossy_compression_of_noisy_images,2,4.76316,-1.234179012,1.234179012,0.9086,0.09140000000000004,20,1.0184266243729851,
i20.png,i20_21_3.png,lossy_compression_of_noisy_images,3,4.0,-1.930431486,1.930431486,0.8638,0.1362,20,1.3274244533444963,
i20.png,i20_21_4.png,lossy_compression_of_noisy_images,4,3.24324,-2.764333479,2.764333479,0.81,0.18999999999999995,20,1.9061974364208705,
i20.png,i20_21_5.png,lossy_compression_of_noisy_images,5,2.57895,-3.617779811,3.617779811,0.7536,0.24639999999999995,20,2.593310750769502,
i20.png,i20_22_1.png,image_color_quantization_with_dither,1,6.0,-0.313930816,0.313930816,0.9358,0.06420000000000003,20,0.9015603513377749,
i20.png,i20_22_2.png,image_color_quantization_with_dither,2,5.10526,-0.800568778,0.800568778,0.8858,0.11419999999999997,20,1.1554604546096185,
i20.png,i20_22_3.png,image_color_quantization_with_dither,3,4.52632,-1.375248815,1.375248815,0.8226,0.1774,20,1.7544344607404396,
i20.png,i20_22_4.png,image_color_quantization_with_dither,4,4.10811,-1.685915659,1.685915659,0.726,0.274,20,2.8724398503445876,
i20.png,i20_22_5.png,image_color_quantization_with_dither,5,3.72973,-2.247085434,2.247085434,0.5953,0.40469999999999995,20,3.456220109451806,
i20.png,i20_23_1.png,chromatic_aberrations,1,5.94872,-0.245710395,0.245710395,0.9956,0.0043999999999999595,20,0.7651439858265989,
i20.png,i20_23_2.png,chromatic_aberrations,2,6.25641,-0.172495027,0.172495027,0.9873,0.012700000000000045,20,0.7771984301171417,
i20.png,i20_23_3.png,chromatic_aberrations,3,5.82051,-0.351180471,0.351180471,0.9744,0.025599999999999956,20,0.7995209081546467,
i20.png,i20_23_4.png,chromatic_aberrations,4,4.72973,-1.116344001,1.116344001,0.9112,0.08879999999999999,20,1.0052278822353293,
i20.png,i20_23_5.png,chromatic_aberrations,5,3.15385,-3.055318704,3.055318704,0.8145,0.1855,20,1.8512470245750867,
i20.png,i20_24_1.png,sparse_sampling_and_reconstruction,1,6.18421,-0.365893179,0.365893179,0.9457,0.054300000000000015,20,0.8693164068322631,
i20.png,i20_24_2.png,sparse_sampling_and_reconstruction,2,5.07895,-0.895257997,0.895257997,0.9137,0.08630000000000004,20,0.9929709264534691,
i20.png,i20_24_3.png,sparse_sampling_and_reconstruction,3,3.43243,-2.34339652,2.34339652,0.8647,0.13529999999999998,20,1.3195870516452,
i20.png,i20_24_4.png,sparse_sampling_and_reconstruction,4,1.97436,-4.236585369,4.236585369,0.7929,0.20709999999999995,20,2.1193705955322164,
i20.png,i20_24_5.png,sparse_sampling_and_reconstruction,5,0.84211,-5.305409417,5.305409417,0.7239,0.2761,20,2.8911681067317816,
i21.png,i21_01_1.png,additive_gaussian_noise,1,5.51163,-0.663503739,0.663503739,0.9324,0.0676,21,0.9118765952070307,0.4580072412245597
i21.png,i21_01_2.png,additive_gaussian_noise,2,5.06977,-1.108465449,1.108465449,0.8802,0.11980000000000002,21,1.2068216023628664,0.7707306837817978
i21.png,i21_01_3.png,additive_gaussian_noise,3,4.48837,-1.558846202,1.558846202,0.799,0.20099999999999996,21,2.071177388935056,1.2213011710620032
i21.png,i21_01_4.png,additive_gaussian_noise,4,3.90698,-2.242689373,2.242689373,0.6943,0.30569999999999997,21,3.113282080760256,1.7281250619864394
i21.png,i21_01_5.png,additive_gaussian_noise,5,3.48837,-2.580167107,2.580167107,0.5765,0.4235,21,3.453064880776541,2.1934244514149315
i21.png,i21_02_1.png,additive_noise_in_color_more_intensive_than_additive_noise_in_the_luminance,1,5.80952,-0.365497071,0.365497071,0.9805,0.019499999999999962,21,0.7794364203808282,
i21.png,i21_02_2.png,additive_noise_in_color_more_intensive_than_additive_noise_in_the_luminance,2,5.53488,-0.576647891,0.576647891,0.9635,0.03649999999999998,21,0.8153978548142493,
i21.png,i21_02_3.png,additive_noise_in_color_more_intensive_than_additive_noise_in_the_luminance,3,5.44186,-0.634733726,0.634733726,0.9312,0.06879999999999997,21,0.9165801489411529,
i21.png,i21_02_4.png,additive_noise_in_color_more_intensive_than_additive_noise_in_the_luminance,4,4.81395,-1.20707223,1.20707223,0.8794,0.12060000000000004,21,1.212977413092772,
i21.png,i21_02_5.png,additive_noise_in_color_more_intensive_than_additive_noise_in_the_luminance,5,4.15,-1.779713749,1.779713749,0.7978,0.20220000000000005,21,2.0861851204608364,
i21.png,i21_03_1.png,spatially_correlated_noise,1,4.39535,-1.735621726,1.735621726,0.9455,0.05449999999999999,21,0.8656173460544917,
i21.png,i21_03_2.png,spatially_correlated_noise,2,3.92683,-2.229058629,2.229058629,0.9016,0.09840000000000004,21,1.0616332396045705,
i21.png,i21_03_3.png,spatially_correlated_noise,3,3.16667,-2.937614352,2.937614352,0.8339,0.16610000000000003,21,1.6497028676132839,
i21.png,i21_03_4.png,spatially_correlated_noise,4,3.06977,-3.266720481,3.266720481,0.7376,0.26239999999999997,21,2.776614331748675,
i21.png,i21_03_5.png,spatially_correlated_noise,5,2.55814,-3.875184638,3.875184638,0.6228,0.3772,21,3.384769020831272,
i21.png,i21_04_1.png,masked_noise,1,5.93023,-0.3077397,0.3077397,0.9847,0.01529999999999998,21,0.7719732238466451,
i21.png,i21_04_2.png,masked_noise,2,6.02326,-0.222637147,0.222637147,0.9716,0.02839999999999998,21,0.7970379657452217,
i21.png,i21_04_3.png,masked_noise,3,5.46341,-0.77460577,0.77460577,0.9469,0.053100000000000036,21,0.8611914365207076,
i21.png,i21_04_4.png,masked_noise,4,5.33333,-0.756407583,0.756407583,0.9018,0.09819999999999995,21,1.06044726117931,
i21.png,i21_04_5.png,masked_noise,5,4.65,-1.240774143,1.240774143,0.8332,0.16679999999999995,21,1.6576293381843925,
i21.png,i21_05_1.png,high_frequency_noise,1,5.69767,-0.43509048,0.43509048,0.93,0.06999999999999995,21,0.9213666865638266,
i21.png,i21_05_2.png,high_frequency_noise,2,5.90698,-0.368973977,0.368973977,0.8764,0.12360000000000004,21,1.2365422622523998,
i21.png,i21_05_3.png,high_frequency_noise,3,5.11628,-0.995215287,0.995215287,0.7293,0.27070000000000005,21,2.8533075764759044,
i21.png,i21_05_4.png,high_frequency_noise,4,3.92857,-2.283445157,2.283445157,0.5345,0.4655,21,3.4823991734012134,
i21.png,i21_05_5.png,high_frequency_noise,5,3.0,-3.24224513,3.24224513,0.3395,0.6605,21,3.5088131542413787,
i21.png,i21_06_1.png,impulse_noise,1,4.92683,-1.183700802,1.183700802,0.9645,0.035499999999999976,21,0.8130010625314495,
i21.png,i21_06_2.png,impulse_noise,2,4.38095,-1.619848475,1.619848475,0.9255,0.07450000000000001,21,0.9400743525331399,
i21.png,i21_06_3.png,impulse_noise,3,4.02439,-2.117190526,2.117190526,0.8637,0.13629999999999998,21,1.344742301339338,
i21.png,i21_06_4.png,impulse_noise,4,3.5,-2.721229669,2.721229669,0.7566,0.24339999999999995,21,2.5804816842752483,
i21.png,i21_06_5.png,impulse_noise,5,3.04762,-3.251320537,3.251320537,0.6234,0.37660000000000005,21,3.3834999882781807,
i21.png,i21_07_1.png,quantization_noise,1,5.02439,-1.04315626,1.04315626,0.9599,0.040100000000000025,21,0.8243468288201908,
i21.png,i21_07_2.png,quantization_noise,2,4.45,-1.523726634,1.523726634,0.9358,0.06420000000000003,21,0.8989907653299007,
i21.png,i21_07_3.png,quantization_noise,3,4.16667,-1.886951326,1.886951326,0.9055,0.09450000000000003,21,1.0390485222607493,
i21.png,i21_07_4.png,quantization_noise,4,3.59524,-2.553112934,2.553112934,0.8568,0.1432,21,1.409208873914059,
i21.png,i21_07_5.png,quantization_noise,5,3.16667,-2.98212194,2.98212194,0.8359,0.16410000000000002,21,1.6272242036067648,
i21.png,i21_08_1.png,gaussian_blur,1,5.5,-0.611153853,0.611153853,0.9806,0.019399999999999973,21,0.7792527196528616,
i21.png,i21_08_2.png,gaussian_blur,2,4.85714,-1.13809751,1.13809751,0.9405,0.0595,21,0.8822134400539177,
i21.png,i21_08_3.png,gaussian_blur,3,4.11628,-2.121315154,2.121315154,0.8502,0.14980000000000004,21,1.4744963046027197,
i21.png,i21_08_4.png,gaussian_blur,4,3.23256,-3.127410797,3.127410797,0.7223,0.27769999999999995,21,2.9134891382790116,
i21.png,i21_08_5.png,gaussian_blur,5,2.16279,-4.369199396,4.369199396,0.595,0.405,21,3.4318323848730126,
i21.png,i21_09_1.png,image_denoising,1,6.075,-0.109363675,0.109363675,0.9608,0.03920000000000001,21,0.8220617437425756,
i21.png,i21_09_2.png,image_denoising,2,6.19048,-0.241764038,0.241764038,0.9411,0.05889999999999995,21,0.880155214445847,
i21.png,i21_09_3.png,image_denoising,3,5.30952,-0.788890774,0.788890774,0.8873,0.11270000000000002,21,1.1545322385073369,
i21.png,i21_09_4.png,image_denoising,4,3.76744,-2.455354842,2.455354842,0.7765,0.22350000000000003,21,2.3496485161307232,
i21.png,i21_09_5.png,image_denoising,5,2.09302,-4.387879091,4.387879091,0.6245,0.37549999999999994,21,3.3811414444505203,
i21.png,i21_10_1.png,JPEG_compression,1,6.30952,-0.153260396,0.153260396,0.9597,0.0403,21,0.8248590328368774,
i21.png,i21_10_2.png,JPEG_compression,2,5.88095,-0.484127114,0.484127114,0.9359,0.06410000000000005,21,0.8986214610124562,
i21.png,i21_10_3.png,JPEG_compression,3,5.13953,-1.198419772,1.198419772,0.8856,0.11439999999999995,21,1.1666710940020804,
i21.png,i21_10_4.png,JPEG_compression,4,3.2619,-2.850936337,2.850936337,0.7931,0.20689999999999997,21,2.14494293729567,
i21.png,i21_10_5.png,JPEG_compression,5,1.92683,-4.651220068,4.651220068,0.6948,0.3052,21,3.1102671168569778,
i21.png,i21_11_1.png,JPEG2000_compression,1,6.12195,-0.275681567,0.275681567,0.9494,0.05059999999999998,21,0.8535196614049454,
i21.png,i21_11_2.png,JPEG2000_compression,2,5.39535,-0.70664651,0.70664651,0.9157,0.08430000000000004,21,0.9851915068420002,
i21.png,i21_11_3.png,JPEG2000_compression,3,4.69048,-1.207308696,1.207308696,0.8627,0.13729999999999998,21,1.3538402592845344,
i21.png,i21_11_4.png,JPEG2000_compression,4,3.0,-2.911984692,2.911984692,0.7395,0.26049999999999995,21,2.758259020202071,
i21.png,i21_11_5.png,JPEG2000_compression,5,1.04651,-5.492051255,5.492051255,0.5734,0.4266,21,3.456019136470257,
i21.png,i21_12_1.png,JPEG_transmission_errors,1,5.7907,-0.371532006,0.371532006,0.9822,0.017800000000000038,21,0.7763538455257859,
i21.png,i21_12_2.png,JPEG_transmission_errors,2,4.76744,-1.34711739,1.34711739,0.9667,0.033299999999999996,21,0.8078601338071175,
i21.png,i21_12_3.png,JPEG_transmission_errors,3,6.0,-0.227923294,0.227923294,0.9048,0.09519999999999995,21,1.0430186891265276,
i21.png,i21_12_4.png,JPEG_transmission_errors,4,5.61905,-0.446243645,0.446243645,0.7965,0.20350000000000001,21,2.1024444387341337,
i21.png,i21_12_5.png,JPEG_transmission_errors,5,2.02381,-4.475474196,4.475474196,0.7161,0.28390000000000004,21,2.9633249326673603,
i21.png,i21_13_1.png,JPEG2000_transmission_errors,1,4.45238,-1.555606924,1.555606924,0.9254,0.0746,21,0.9405039627107664,
i21.png,i21_13_2.png,JPEG2000_transmission_errors,2,3.69048,-2.406758372,2.406758372,0.9065,0.09350000000000003,21,1.0334394505892277,
i21.png,i21_13_3.png,JPEG2000_transmission_errors,3,3.17073,-3.095601195,3.095601195,0.7785,0.22150000000000003,21,2.3253930615990828,
i21.png,i21_13_4.png,JPEG2000_transmission_errors,4,2.34884,-3.995959072,3.995959072,0.6743,0.3257,21,3.218980814574138,
i21.png,i21_13_5.png,JPEG2000_transmission_errors,5,2.55814,-3.92393886,3.92393886,0.4788,0.5212,21,3.4994085684833616,
i21.png,i21_14_1.png,non_eccentricity_pattern_noise,1,5.90698,-0.34776383,0.34776383,0.9745,0.025499999999999967,21,0.7910224058920186,
i21.png,i21_14_2.png,non_eccentricity_pattern_noise,2,6.17073,-0.097424444,0.097424444,0.963,0.03700000000000003,21,0.8166105593267534,
i21.png,i21_14_3.png,non_eccentricity_pattern_noise,3,5.95238,-0.246872411,0.246872411,0.927,0.07299999999999995,21,0.9337034163294687,
i21.png,i21_14_4.png,non_eccentricity_pattern_noise,4,4.33333,-1.798436489,1.798436489,0.8991,0.10089999999999999,21,1.0767152894247012,
i21.png,i21_14_5.png,non_eccentricity_pattern_noise,5,3.65116,-2.404276452,2.404276452,0.8718,0.12819999999999998,21,1.274154546796093,
i21.png,i21_15_1.png,local_block_wise_distortions_of_different_intensity,1,2.85366,-3.289622511,3.289622511,0.9503,0.049699999999999966,21,0.8508290444071431,
i21.png,i21_15_2.png,local_block_wise_distortions_of_different_intensity,2,3.26829,-2.879105913,2.879105913,0.9582,0.04179999999999995,21,0.8287522577634009,
i21.png,i21_15_3.png,local_block_wise_distortions_of_different_intensity,3,3.57143,-2.567483859,2.567483859,0.9678,0.032200000000000006,21,0.8053563806664412,
i21.png,i21_15_4.png,local_block_wise_distortions_of_different_intensity,4,3.7619,-2.35593105,2.35593105,0.978,0.02200000000000002,21,0.7841273629107023,
i21.png,i21_15_5.png,local_block_wise_distortions_of_different_intensity,5,3.71429,-2.432159752,2.432159752,0.9889,0.011099999999999999,21,0.7650058760712816,
i21.png,i21_16_1.png,intensity_shift,1,6.12195,-0.219469664,0.219469664,0.9977,0.0022999999999999687,21,0.75188202040348,
i21.png,i21_16_2.png,intensity_shift,2,5.93023,-0.298793051,0.298793051,0.9946,0.00539999999999996,21,0.7562888124079301,
i21.png,i21_16_3.png,intensity_shift,3,5.71429,-0.484046313,0.484046313,0.9811,0.018900000000000028,21,0.7783386893154398,
i21.png,i21_16_4.png,intensity_shift,4,5.16667,-0.902840841,0.902840841,0.9717,0.028299999999999992,21,0.7968258277920502,
i21.png,i21_16_5.png,intensity_shift,5,4.67442,-1.391619255,1.391619255,0.9169,0.08309999999999995,21,0.9793302386545186,
i21.png,i21_17_1.png,contrast_change,1,5.34146,-0.671716259,0.671716259,0.9948,0.005199999999999982,21,0.7559976155011334,
i21.png,i21_17_2.png,contrast_change,2,6.2619,-0.169314,0.169314,0.9845,0.015499999999999958,21,0.7723171218488345,
i21.png,i21_17_3.png,contrast_change,3,4.35714,-1.613886449,1.613886449,0.9731,0.026900000000000035,21,0.7938914208409814,
i21.png,i21_17_4.png,contrast_change,4,6.30233,-0.274918288,0.274918288,0.9433,0.05669999999999997,21,0.8727654115887338,
i21.png,i21_17_5.png,contrast_change,5,3.55,-2.732354558,2.732354558,0.8842,0.11580000000000001,21,1.1768471809170848,
i21.png,i21_18_1.png,change_of_color_saturation,1,4.85714,-1.230610495,1.230610495,1.0,0.0,21,0.7487560478934544,
i21.png,i21_18_2.png,change_of_color_saturation,2,4.31707,-1.669223461,1.669223461,1.0,0.0,21,0.7487560478934544,
i21.png,i21_18_3.png,change_of_color_saturation,3,4.11905,-1.889867778,1.889867778,1.0,0.0,21,0.7487560478934544,
i21.png,i21_18_4.png,change_of_color_saturation,4,3.60976,-2.254805672,2.254805672,1.0,0.0,21,0.7487560478934544,
i21.png,i21_18_5.png,change_of_color_saturation,5,3.78571,-2.392636105,2.392636105,1.0,0.0,21,0.7487560478934544,
i21.png,i21_19_1.png,multiplicative_gaussian_noise,1,5.38095,-0.726818266,0.726818266,0.9223,0.07769999999999999,21,0.9541295302602607,
i21.png,i21_19_2.png,multiplicative_gaussian_noise,2,4.7907,-1.2361759,1.2361759,0.8658,0.13419999999999999,21,1.3259097517953171,
i21.png,i21_19_3.png,multiplicative_gaussian_noise,3,4.07143,-1.991917008,1.991917008,0.7864,0.2136,21,2.2283322231336546,
i21.png,i21_19_4.png,multiplicative_gaussian_noise,4,3.64286,-2.413651925,2.413651925,0.6904,0.3096,21,3.1361489002979006,
i21.png,i21_19_5.png,multiplicative_gaussian_noise,5,3.4186,-2.845147691,2.845147691,0.5869,0.4131,21,3.441944043043505,
i21.png,i21_20_1.png,comfort_noise,1,5.975,-0.207896433,0.207896433,0.9199,0.08009999999999995,21,0.9650956758035238,
i21.png,i21_20_2.png,comfort_noise,2,5.67442,-0.446893682,0.446893682,0.8783,0.12170000000000003,21,1.221529651515566,
i21.png,i21_20_3.png,comfort_noise,3,5.69048,-0.475670397,0.475670397,0.8115,0.1885,21,1.9157226824658378,
i21.png,i21_20_4.png,comfort_noise,4,4.88372,-1.164920696,1.164920696,0.7024,0.2976,21,3.062045727283027,
i21.png,i21_20_5.png,comfort_noise,5,3.83721,-2.27357333,2.27357333,0.5262,0.4738,21,3.486083412550755,
i21.png,i21_21_1.png,lossy_compression_of_noisy_images,1,5.53488,-0.587897924,0.587897924,0.9367,0.06330000000000002,21,0.8956866312443609,
i21.png,i21_21_2.png,lossy_compression_of_noisy_images,2,5.14286,-0.923540356,0.923540356,0.8914,0.10860000000000003,21,1.1262296311844904,
i21.png,i21_21_3.png,lossy_compression_of_noisy_images,3,4.30952,-1.58607604,1.58607604,0.8128,0.18720000000000003,21,1.899732376710081,
i21.png,i21_21_4.png,lossy_compression_of_noisy_images,4,3.61905,-2.443657769,2.443657769,0.687,0.31299999999999994,21,3.155161716653196,
i21.png,i21_21_5.png,lossy_compression_of_noisy_images,5,2.73171,-3.621231922,3.621231922,0.5081,0.4919,21,3.492494400062384,
i21.png,i21_22_1.png,image_color_quantization_with_dither,1,5.35714,-0.695981544,0.695981544,0.9384,0.06159999999999999,21,0.8895646669160152,
i21.png,i21_22_2.png,image_color_quantization_with_dither,2,5.47619,-0.632726481,0.632726481,0.8797,0.12029999999999996,21,1.2106626745189712,
i21.png,i21_22_3.png,image_color_quantization_with_dither,3,4.44186,-1.666594972,1.666594972,0.8084,0.1916,21,1.9540280196938709,
i21.png,i21_22_4.png,image_color_quantization_with_dither,4,3.37209,-2.728330407,2.728330407,0.7221,0.27790000000000004,21,2.9151475837681,
i21.png,i21_22_5.png,image_color_quantization_with_dither,5,3.0,-3.450419523,3.450419523,0.6427,0.35729999999999995,21,3.3355078814139043,
i21.png,i21_23_1.png,chromatic_aberrations,1,6.11628,-0.24078632,0.24078632,0.9945,0.005499999999999949,21,0.7564347730419142,
i21.png,i21_23_2.png,chromatic_aberrations,2,5.90476,-0.236405308,0.236405308,0.9844,0.015599999999999947,21,0.7724894934366339,
i21.png,i21_23_3.png,chromatic_aberrations,3,5.67442,-0.587049246,0.587049246,0.9681,0.03190000000000004,21,0.8046811274193694,
i21.png,i21_23_4.png,chromatic_aberrations,4,5.2381,-0.834771866,0.834771866,0.944,0.05600000000000005,21,0.8704651197178934,
i21.png,i21_23_5.png,chromatic_aberrations,5,2.85714,-3.443929542,3.443929542,0.6986,0.3014,21,3.0867229730273706,
i21.png,i21_24_1.png,sparse_sampling_and_reconstruction,1,5.88372,-0.293472952,0.293472952,0.9449,0.05510000000000004,21,0.8675432204044297,
i21.png,i21_24_2.png,sparse_sampling_and_reconstruction,2,5.72093,-0.46136221,0.46136221,0.8986,0.10140000000000005,21,1.0797892952673722,
i21.png,i21_24_3.png,sparse_sampling_and_reconstruction,3,5.0,-1.108087981,1.108087981,0.8207,0.17930000000000001,21,1.8037579536825137,
i21.png,i21_24_4.png,sparse_sampling_and_reconstruction,4,3.07317,-2.974058565,2.974058565,0.6988,0.3012,21,3.085452645437421,
i21.png,i21_24_5.png,sparse_sampling_and_reconstruction,5,0.52381,-5.598966565,5.598966565,0.5625,0.4375,21,3.465254354830172,
i22.png,i22_01_1.png,additive_gaussian_noise,1,5.81579,-0.204891007,0.204891007,0.9351,0.06489999999999996,22,0.9104894106002837,0.455920975648453
i22.png,i22_01_2.png,additive_gaussian_noise,2,5.23684,-0.678450301,0.678450301,0.8833,0.11670000000000003,22,1.1978482981772194,0.7683629208732885
i22.png,i22_01_3.png,additive_gaussian_noise,3,4.84615,-1.017884997,1.017884997,0.7991,0.20089999999999997,22,2.104076443909622,1.2460493103346226
i22.png,i22_01_4.png,additive_gaussian_noise,4,4.15789,-1.538436775,1.538436775,0.6834,0.3166,22,3.204637442240761,1.8119432154490283
i22.png,i22_01_5.png,additive_gaussian_noise,5,3.71795,-2.138869489,2.138869489,0.5484,0.4516,22,3.4904830956982082,2.3160484879884327
i22.png,i22_02_1.png,additive_noise_in_color_more_intensive_than_additive_noise_in_the_luminance,1,5.60526,-0.361566869,0.361566869,0.9815,0.01849999999999996,22,0.7854237732565512,
i22.png,i22_02_2.png,additive_noise_in_color_more_intensive_than_additive_noise_in_the_luminance,2,5.82051,-0.227370578,0.227370578,0.9652,0.03480000000000005,22,0.8193047941118128,
i22.png,i22_02_3.png,additive_noise_in_color_more_intensive_than_additive_noise_in_the_luminance,3,5.47368,-0.456092265,0.456092265,0.9344,0.06559999999999999,22,0.91315317493572,
i22.png,i22_02_4.png,additive_noise_in_color_more_intensive_than_additive_noise_in_the_luminance,4,5.13158,-0.703138844,0.703138844,0.8822,0.11780000000000002,22,1.2062299237287046,
i22.png,i22_02_5.png,additive_noise_in_color_more_intensive_than_additive_noise_in_the_luminance,5,4.57895,-1.120582652,1.120582652,0.798,0.20199999999999996,22,2.118053498014455,
i22.png,i22_03_1.png,spatially_correlated_noise,1,4.79487,-1.022970052,1.022970052,0.948,0.052000000000000046,22,0.8661403236995475,
i22.png,i22_03_2.png,spatially_correlated_noise,2,4.34211,-1.615651187,1.615651187,0.9047,0.09530000000000005,22,1.0549290339629376,
i22.png,i22_03_3.png,spatially_correlated_noise,3,3.68421,-2.175754019,2.175754019,0.8331,0.16690000000000005,22,1.6846177535774836,
i22.png,i22_03_4.png,spatially_correlated_noise,4,3.07692,-2.888369651,2.888369651,0.732,0.268,22,2.8664000334566584,
i22.png,i22_03_5.png,spatially_correlated_noise,5,2.7027,-3.598015135,3.598015135,0.6029,0.3971,22,3.4398423337582456,
i22.png,i22_04_1.png,masked_noise,1,5.76923,-0.191649255,0.191649255,0.9738,0.0262,22,0.8003073561574473,
i22.png,i22_04_2.png,masked_noise,2,5.71795,-0.279093573,0.279093573,0.9543,0.04569999999999996,22,0.8474899998661765,
i22.png,i22_04_3.png,masked_noise,3,5.4359,-0.479493178,0.479493178,0.9142,0.08579999999999999,22,1.0030220446795923,
i22.png,i22_04_4.png,masked_noise,4,5.0,-0.778122426,0.778122426,0.847,0.15300000000000002,22,1.5296096215157378,
i22.png,i22_04_5.png,masked_noise,5,4.30769,-1.414502186,1.414502186,0.7463,0.25370000000000004,22,2.72865720490296,
i22.png,i22_05_1.png,high_frequency_noise,1,5.86842,-0.271854721,0.271854721,0.9333,0.06669999999999998,22,0.9173958068633483,
i22.png,i22_05_2.png,high_frequency_noise,2,5.68421,-0.30004802,0.30004802,0.88,0.12,22,1.2233069535708,
i22.png,i22_05_3.png,high_frequency_noise,3,4.87179,-0.894833931,0.894833931,0.7237,0.2763,22,2.9382727838944196,
i22.png,i22_05_4.png,high_frequency_noise,4,4.18421,-1.656223528,1.656223528,0.4997,0.5003,22,3.5087694190400405,
i22.png,i22_05_5.png,high_frequency_noise,5,3.18421,-2.900258456,2.900258456,0.2823,0.7177,22,3.5218054228061497,
i22.png,i22_06_1.png,impulse_noise,1,4.7027,-0.984026905,0.984026905,0.9601,0.03990000000000005,22,0.831883296724714,
i22.png,i22_06_2.png,impulse_noise,2,4.24324,-1.468014037,1.468014037,0.9225,0.07750000000000001,22,0.9629142725410582,
i22.png,i22_06_3.png,impulse_noise,3,3.76316,-1.922272955,1.922272955,0.8512,0.14880000000000004,22,1.4855594478535035,
i22.png,i22_06_4.png,impulse_noise,4,3.56757,-2.274098448,2.274098448,0.7439,0.2561,22,2.7529721434815806,
i22.png,i22_06_5.png,impulse_noise,5,3.24324,-2.685452071,2.685452071,0.5869,0.4131,22,3.45985991503073,
i22.png,i22_07_1.png,quantization_noise,1,5.58974,-0.39478989,0.39478989,0.954,0.04600000000000004,22,0.8483369089743701,
i22.png,i22_07_2.png,quantization_noise,2,5.08108,-0.694390964,0.694390964,0.9209,0.07909999999999995,22,0.9702843678473914,
i22.png,i22_07_3.png,quantization_noise,3,4.57895,-1.201804072,1.201804072,0.8766,0.12339999999999995,22,1.2505257665144538,
i22.png,i22_07_4.png,quantization_noise,4,3.89474,-1.813576761,1.813576761,0.8388,0.1612,22,1.6194404768865789,
i22.png,i22_07_5.png,quantization_noise,5,2.74359,-3.443648793,3.443648793,0.7762,0.2238,22,2.390947542413466,
i22.png,i22_08_1.png,gaussian_blur,1,5.44737,-0.407651283,0.407651283,0.9776,0.022399999999999975,22,0.7927263470356055,
i22.png,i22_08_2.png,gaussian_blur,2,4.63158,-1.126927599,1.126927599,0.9311,0.06889999999999996,22,0.9260922867715142,
i22.png,i22_08_3.png,gaussian_blur,3,3.78378,-1.838726439,1.838726439,0.83,0.17000000000000004,22,1.7209109846474062,
i22.png,i22_08_4.png,gaussian_blur,4,3.12821,-2.750896581,2.750896581,0.6976,0.3024,22,3.125656685671571,
i22.png,i22_08_5.png,gaussian_blur,5,2.53846,-3.879111358,3.879111358,0.5814,0.41859999999999997,22,3.4655731000383883,
i22.png,i22_09_1.png,image_denoising,1,5.84615,-0.157934205,0.157934205,0.9382,0.061799999999999966,22,0.8990237343863399,
i22.png,i22_09_2.png,image_denoising,2,5.52632,-0.444572007,0.444572007,0.8941,0.1059,22,1.1210233017311715,
i22.png,i22_09_3.png,image_denoising,3,4.62162,-0.829552372,0.829552372,0.8088,0.19120000000000004,22,1.9811038769906897,
i22.png,i22_09_4.png,image_denoising,4,3.33333,-2.503331969,2.503331969,0.7041,0.29590000000000005,22,3.084313059378809,
i22.png,i22_09_5.png,image_denoising,5,2.05128,-4.324539978,4.324539978,0.5992,0.40080000000000005,22,3.4449653837225482,
i22.png,i22_10_1.png,JPEG_compression,1,5.83784,-0.383479326,0.383479326,0.9466,0.0534,22,0.8705398044133825,
i22.png,i22_10_2.png,JPEG_compression,2,5.58974,-0.420349666,0.420349666,0.912,0.08799999999999997,22,1.0144546743141227,
i22.png,i22_10_3.png,JPEG_compression,3,5.0,-0.802717499,0.802717499,0.8383,0.16169999999999995,22,1.6250724406907073,
i22.png,i22_10_4.png,JPEG_compression,4,3.58974,-2.277712206,2.277712206,0.7085,0.2915,22,3.054369715188697,
i22.png,i22_10_5.png,JPEG_compression,5,2.07895,-4.300274043,4.300274043,0.6133,0.38670000000000004,22,3.42361299599933,
i22.png,i22_11_1.png,JPEG2000_compression,1,5.35897,-0.498262452,0.498262452,0.9254,0.0746,22,0.949979759811876,
i22.png,i22_11_2.png,JPEG2000_compression,2,5.51282,-0.488556355,0.488556355,0.8641,0.13590000000000002,22,1.359271244818446,
i22.png,i22_11_3.png,JPEG2000_compression,3,4.26316,-1.549586415,1.549586415,0.7668,0.23319999999999996,22,2.503235937606849,
i22.png,i22_11_4.png,JPEG2000_compression,4,2.63158,-3.821385577,3.821385577,0.6069,0.3931,22,3.4339325898386,
i22.png,i22_11_5.png,JPEG2000_compression,5,0.86842,-6.078514502,6.078514502,0.522,0.478,22,3.5022916710492,
i22.png,i22_12_1.png,JPEG_transmission_errors,1,5.26316,-0.545500561,0.545500561,0.9976,0.0023999999999999577,22,0.7598274842481363,
i22.png,i22_12_2.png,JPEG_transmission_errors,2,5.76923,-0.302335115,0.302335115,0.8887,0.11129999999999995,22,1.1582058381851725,
i22.png,i22_12_3.png,JPEG_transmission_errors,3,5.74359,-0.322825607,0.322825607,0.8387,0.1613,22,1.6205655105981867,
i22.png,i22_12_4.png,JPEG_transmission_errors,4,4.36842,-1.353987365,1.353987365,0.6526,0.34740000000000004,22,3.330003121130697,
i22.png,i22_12_5.png,JPEG_transmission_errors,5,2.76316,-3.435431349,3.435431349,0.4476,0.5524,22,3.516822485221082,
i22.png,i22_13_1.png,JPEG2000_transmission_errors,1,5.25641,-0.664449051,0.664449051,0.9238,0.07620000000000005,22,0.9570491749926584,
i22.png,i22_13_2.png,JPEG2000_transmission_errors,2,4.4359,-1.448801017,1.448801017,0.8348,0.1652,22,1.6649607527716632,
i22.png,i22_13_3.png,JPEG2000_transmission_errors,3,3.68421,-2.059619543,2.059619543,0.7161,0.28390000000000004,22,2.9988098079391747,
i22.png,i22_13_4.png,JPEG2000_transmission_errors,4,2.87179,-3.248433536,3.248433536,0.5735,0.4265,22,3.472889837456129,
i22.png,i22_13_5.png,JPEG2000_transmission_errors,5,2.51282,-3.810245135,3.810245135,0.5102,0.4898,22,3.506035289489207,
i22.png,i22_14_1.png,non_eccentricity_pattern_noise,1,5.76923,-0.247176746,0.247176746,0.9637,0.0363,22,0.822897975251944,
i22.png,i22_14_2.png,non_eccentricity_pattern_noise,2,5.86111,-0.138380249,0.138380249,0.968,0.03200000000000003,22,0.8128259782518293,
i22.png,i22_14_3.png,non_eccentricity_pattern_noise,3,5.76316,-0.29976291,0.29976291,0.9344,0.06559999999999999,22,0.91315317493572,
i22.png,i22_14_4.png,non_eccentricity_pattern_noise,4,4.62162,-1.005893114,1.005893114,0.8981,0.10189999999999999,22,1.0950291119497413,
i22.png,i22_14_5.png,non_eccentricity_pattern_noise,5,4.10256,-1.787306076,1.787306076,0.8712,0.12880000000000003,22,1.2958302048664188,
i22.png,i22_15_1.png,local_block_wise_distortions_of_different_intensity,1,3.05263,-2.73825343,2.73825343,0.9546,0.045399999999999996,22,0.8466470903856913,
i22.png,i22_15_2.png,local_block_wise_distortions_of_different_intensity,2,3.02632,-2.607632474,2.607632474,0.9618,0.03820000000000001,22,0.8275755752051933,
i22.png,i22_15_3.png,local_block_wise_distortions_of_different_intensity,3,3.21622,-2.45247398,2.45247398,0.9702,0.02980000000000005,22,0.8079378025954692,
i22.png,i22_15_4.png,local_block_wise_distortions_of_different_intensity,4,3.39474,-2.418696253,2.418696253,0.9801,0.01990000000000003,22,0.787991247462117,
i22.png,i22_15_5.png,local_block_wise_distortions_of_different_intensity,5,3.73684,-2.037220307,2.037220307,0.9885,0.011499999999999955,22,0.7734445316875711,
i22.png,i22_16_1.png,intensity_shift,1,5.86486,-0.07128111,0.07128111,0.9976,0.0023999999999999577,22,0.7598274842481363,
i22.png,i22_16_2.png,intensity_shift,2,5.41026,-0.469421658,0.469421658,0.9947,0.005299999999999971,22,0.7639430389452536,
i22.png,i22_16_3.png,intensity_shift,3,6.05128,-0.138956381,0.138956381,0.9801,0.01990000000000003,22,0.787991247462117,
i22.png,i22_16_4.png,intensity_shift,4,4.60526,-1.118101215,1.118101215,0.9674,0.03259999999999996,22,0.8141896895343657,
i22.png,i22_16_5.png,intensity_shift,5,5.25641,-0.697592491,0.697592491,0.9089,0.09109999999999996,22,1.0311585995280117,
i22.png,i22_17_1.png,contrast_change,1,5.33333,-0.5537756,0.5537756,0.9949,0.005099999999999993,22,0.7636527060559151,
i22.png,i22_17_2.png,contrast_change,2,6.0,-0.091862335,0.091862335,0.9853,0.014700000000000046,22,0.7787479609889194,
i22.png,i22_17_3.png,contrast_change,3,4.22222,-1.305286534,1.305286534,0.9732,0.026800000000000046,22,0.8015481388049487,
i22.png,i22_17_4.png,contrast_change,4,6.23077,-0.180417948,0.180417948,0.9428,0.05720000000000003,22,0.8829724524271421,
i22.png,i22_17_5.png,contrast_change,5,3.37838,-2.598591533,2.598591533,0.8832,0.11680000000000001,22,1.1986059544987877,
i22.png,i22_18_1.png,change_of_color_saturation,1,5.15385,-0.715125597,0.715125597,1.0,0.0,22,0.7565706048490912,
i22.png,i22_18_2.png,change_of_color_saturation,2,4.68421,-1.220689217,1.220689217,1.0,0.0,22,0.7565706048490912,
i22.png,i22_18_3.png,change_of_color_saturation,3,4.23684,-1.470384821,1.470384821,1.0,0.0,22,0.7565706048490912,
i22.png,i22_18_4.png,change_of_color_saturation,4,3.76316,-1.925348754,1.925348754,1.0,0.0,22,0.7565706048490912,
i22.png,i22_18_5.png,change_of_color_saturation,5,3.25,-2.287575429,2.287575429,1.0,0.0,22,0.7565706048490912,
i22.png,i22_19_1.png,multiplicative_gaussian_noise,1,5.13158,-0.681673128,0.681673128,0.9333,0.06669999999999998,22,0.9173958068633483,
i22.png,i22_19_2.png,multiplicative_gaussian_noise,2,5.13158,-0.740484971,0.740484971,0.8848,0.11519999999999997,22,1.1865866156375668,
i22.png,i22_19_3.png,multiplicative_gaussian_noise,3,4.66667,-1.106345027,1.106345027,0.8127,0.18730000000000002,22,1.932063957362725,
i22.png,i22_19_4.png,multiplicative_gaussian_noise,4,4.0,-1.727422674,1.727422674,0.7139,0.2861,22,3.015399907921956,
i22.png,i22_19_5.png,multiplicative_gaussian_noise,5,3.58974,-2.275808642,2.275808642,0.595,0.405,22,3.4504051024497993,
i22.png,i22_20_1.png,comfort_noise,1,5.71053,-0.288137287,0.288137287,0.9068,0.09319999999999995,22,1.0428776091826455,
i22.png,i22_20_2.png,comfort_noise,2,5.73684,-0.28860462,0.28860462,0.8417,0.1583,22,1.5871158008146855,
i22.png,i22_20_3.png,comfort_noise,3,5.55263,-0.426637057,0.426637057,0.722,0.278,22,2.9522507333197177,
i22.png,i22_20_4.png,comfort_noise,4,4.89744,-0.985622674,0.985622674,0.5259,0.47409999999999997,22,3.5008728180772963,
i22.png,i22_20_5.png,comfort_noise,5,3.64865,-1.93587192,1.93587192,0.2513,0.7486999999999999,22,3.521921969485775,
i22.png,i22_21_1.png,lossy_compression_of_noisy_images,1,5.57895,-0.434697875,0.434697875,0.9205,0.07950000000000002,22,0.9721533106865616,
i22.png,i22_21_2.png,lossy_compression_of_noisy_images,2,5.02632,-0.691325443,0.691325443,0.858,0.14200000000000002,22,1.4172506793362545,
i22.png,i22_21_3.png,lossy_compression_of_noisy_images,3,4.65789,-1.041704439,1.041704439,0.7588,0.24119999999999997,22,2.594743554257175,
i22.png,i22_21_4.png,lossy_compression_of_noisy_images,4,3.5641,-2.09884372,2.09884372,0.6111,0.3889,22,3.4272854676775526,
i22.png,i22_21_5.png,lossy_compression_of_noisy_images,5,2.63158,-3.648228752,3.648228752,0.4319,0.5681,22,3.5181076576478554,
i22.png,i22_22_1.png,image_color_quantization_with_dither,1,5.92308,-0.164884934,0.164884934,0.9338,0.06620000000000004,22,0.9154587007395796,
i22.png,i22_22_2.png,image_color_quantization_with_dither,2,5.35135,-0.578187769,0.578187769,0.8678,0.13219999999999998,22,1.3256629217029756,
i22.png,i22_22_3.png,image_color_quantization_with_dither,3,4.89744,-0.896362287,0.896362287,0.7863,0.2137,22,2.2659821028625196,
i22.png,i22_22_4.png,image_color_quantization_with_dither,4,4.44737,-1.44203757,1.44203757,0.6698,0.33020000000000005,22,3.267027319063322,
i22.png,i22_22_5.png,image_color_quantization_with_dither,5,2.89474,-3.164491682,3.164491682,0.603,0.397,22,3.4396993857892078,
i22.png,i22_23_1.png,chromatic_aberrations,1,6.32432,0.098511383,-0.098511383,0.9925,0.007499999999999951,22,0.7672019953768385,
i22.png,i22_23_2.png,chromatic_aberrations,2,6.13158,-0.041819496,0.041819496,0.9768,0.0232,22,0.7942832531363659,
i22.png,i22_23_3.png,chromatic_aberrations,3,5.21053,-0.521999811,0.521999811,0.947,0.05300000000000005,22,0.8692730449632403,
i22.png,i22_23_4.png,chromatic_aberrations,4,4.4359,-1.35835659,1.35835659,0.795,0.20499999999999996,22,2.1561481847259483,
i22.png,i22_23_5.png,chromatic_aberrations,5,2.10256,-4.40844323,4.40844323,0.5785,0.4215,22,3.4683752541293433,
i22.png,i22_24_1.png,sparse_sampling_and_reconstruction,1,5.82051,-0.248006375,0.248006375,0.9222,0.07779999999999998,22,0.9642833603913861,
i22.png,i22_24_2.png,sparse_sampling_and_reconstruction,2,5.42105,-0.471240921,0.471240921,0.8494,0.15059999999999996,22,1.5042686454046512,
i22.png,i22_24_3.png,sparse_sampling_and_reconstruction,3,4.21622,-1.586558401,1.586558401,0.7375,0.26249999999999996,22,2.815474315873069,
i22.png,i22_24_4.png,sparse_sampling_and_reconstruction,4,2.25641,-4.003790638,4.003790638,0.6091,0.3909,22,3.4305090548675428,
i22.png,i22_24_5.png,sparse_sampling_and_reconstruction,5,0.36842,-6.542412813,6.542412813,0.5199,0.48009999999999997,22,3.503016201941287,
i23.png,i23_01_1.png,additive_gaussian_noise,1,5.68571,-0.392840043,0.392840043,0.902,0.09799999999999998,23,1.0556714923480142,0.6566872492752793
i23.png,i23_01_2.png,additive_gaussian_noise,2,5.05714,-0.9183545,0.9183545,0.8266,0.1734,23,1.7011609544581878,1.0987603873321206
i23.png,i23_01_3.png,additive_gaussian_noise,3,4.76471,-1.256274096,1.256274096,0.7128,0.2872,23,2.979100536323548,1.681962399651061
i23.png,i23_01_4.png,additive_gaussian_noise,4,4.08571,-2.077401602,2.077401602,0.5731,0.42689999999999995,23,3.4882118397037862,2.2349238579389743
i23.png,i23_01_5.png,additive_gaussian_noise,5,3.73529,-2.628580302,2.628580302,0.4274,0.5726,23,3.543487024081923,2.6309037944294316
i23.png,i23_02_1.png,additive_noise_in_color_more_intensive_than_additive_noise_in_the_luminance,1,6.14706,0.107811473,-0.107811473,0.9717,0.028299999999999992,23,0.8104760206979191,
i23.png,i23_02_2.png,additive_noise_in_color_more_intensive_than_additive_noise_in_the_luminance,2,5.84848,-0.312677835,0.312677835,0.9465,0.05349999999999999,23,0.8715628167948689,
i23.png,i23_02_3.png,additive_noise_in_color_more_intensive_than_additive_noise_in_the_luminance,3,5.45714,-0.541780048,0.541780048,0.9016,0.09840000000000004,23,1.0578972923815058,
i23.png,i23_02_4.png,additive_noise_in_color_more_intensive_than_additive_noise_in_the_luminance,4,5.02857,-0.940688524,0.940688524,0.8262,0.17379999999999995,23,1.7057407600539096,
i23.png,i23_02_5.png,additive_noise_in_color_more_intensive_than_additive_noise_in_the_luminance,5,4.32353,-1.637659259,1.637659259,0.7127,0.2873,23,2.9798993987112232,
i23.png,i23_03_1.png,spatially_correlated_noise,1,4.61765,-1.384794185,1.384794185,0.9211,0.07889999999999997,23,0.9622196085141843,
i23.png,i23_03_2.png,spatially_correlated_noise,2,4.17143,-2.076100174,2.076100174,0.8597,0.14029999999999998,23,1.3610880558046792,
i23.png,i23_03_3.png,spatially_correlated_noise,3,3.55882,-2.867090904,2.867090904,0.7608,0.23919999999999997,23,2.502660428486725,
i23.png,i23_03_4.png,spatially_correlated_noise,4,3.26471,-3.171107575,3.171107575,0.6297,0.37029999999999996,23,3.391826145074704,
i23.png,i23_03_5.png,spatially_correlated_noise,5,2.67647,-3.919228216,3.919228216,0.4856,0.5144,23,3.53508681188209,
i23.png,i23_04_1.png,masked_noise,1,5.61765,-0.230514787,0.230514787,0.9792,0.02080000000000004,23,0.7965494022784979,
i23.png,i23_04_2.png,masked_noise,2,5.64706,-0.315046964,0.315046964,0.9612,0.038799999999999946,23,0.8330204293390002,
i23.png,i23_04_3.png,masked_noise,3,5.32353,-0.580938449,0.580938449,0.9293,0.07069999999999999,23,0.9291649272676088,
i23.png,i23_04_4.png,masked_noise,4,4.79412,-1.105057791,1.105057791,0.8752,0.12480000000000002,23,1.232115842656416,
i23.png,i23_04_5.png,masked_noise,5,4.52941,-1.525025421,1.525025421,0.794,0.20599999999999996,23,2.096543826224412,
i23.png,i23_05_1.png,high_frequency_noise,1,6.05714,0.008396981,-0.008396981,0.8983,0.10170000000000001,23,1.076708282394766,
i23.png,i23_05_2.png,high_frequency_noise,2,5.5,-0.36580411,0.36580411,0.8217,0.17830000000000001,23,1.757887577943654,
i23.png,i23_05_3.png,high_frequency_noise,3,5.09091,-0.786411416,0.786411416,0.6189,0.3811,23,3.4175838721425964,
i23.png,i23_05_4.png,high_frequency_noise,4,4.31429,-1.961606998,1.961606998,0.3815,0.6185,23,3.546113239914892,
i23.png,i23_05_5.png,high_frequency_noise,5,3.35294,-2.875199193,2.875199193,0.2015,0.7985,23,3.5481494154819946,
i23.png,i23_06_1.png,impulse_noise,1,4.61765,-1.347567556,1.347567556,0.9421,0.05789999999999995,23,0.8849087386090334,
i23.png,i23_06_2.png,impulse_noise,2,4.35294,-1.884477625,1.884477625,0.8873,0.11270000000000002,23,1.1453894070618453,
i23.png,i23_06_3.png,impulse_noise,3,4.02941,-2.069240024,2.069240024,0.7943,0.2057,23,2.0927892660402603,
i23.png,i23_06_4.png,impulse_noise,4,3.61765,-2.708727921,2.708727921,0.6554,0.3446,23,3.3101694737589145,
i23.png,i23_06_5.png,impulse_noise,5,3.29412,-3.204384678,3.204384678,0.4798,0.5202,23,3.5363538245334647,
i23.png,i23_07_1.png,quantization_noise,1,4.97059,-1.053624784,1.053624784,0.9373,0.06269999999999998,23,0.9005213255196338,
i23.png,i23_07_2.png,quantization_noise,2,3.84848,-2.201970288,2.201970288,0.899,0.10099999999999998,23,1.0726507655796467,
i23.png,i23_07_3.png,quantization_noise,3,3.68571,-2.546981937,2.546981937,0.866,0.134,23,1.3062214651547257,
i23.png,i23_07_4.png,quantization_noise,4,3.44118,-2.994978846,2.994978846,0.835,0.16500000000000004,23,1.607286333207269,
i23.png,i23_07_5.png,quantization_noise,5,2.78788,-3.916955287,3.916955287,0.7913,0.2087,23,2.1303437068510607,
i23.png,i23_08_1.png,gaussian_blur,1,5.94286,-0.178681609,0.178681609,0.991,0.009000000000000008,23,0.777809439740524,
i23.png,i23_08_2.png,gaussian_blur,2,5.52941,-0.569207279,0.569207279,0.9754,0.024599999999999955,23,0.8033942608192673,
i23.png,i23_08_3.png,gaussian_blur,3,4.67647,-1.205251188,1.205251188,0.9411,0.05889999999999995,23,0.8880686513014502,
i23.png,i23_08_4.png,gaussian_blur,4,3.94118,-2.346140919,2.346140919,0.8852,0.11480000000000001,23,1.159583204171728,
i23.png,i23_08_5.png,gaussian_blur,5,2.77143,-3.724381296,3.724381296,0.8177,0.18230000000000002,23,1.8051312881043855,
i23.png,i23_09_1.png,image_denoising,1,6.69697,0.36908181,-0.36908181,0.9604,0.03959999999999997,23,0.8348974889595171,
i23.png,i23_09_2.png,image_denoising,2,6.05714,0.003531182,-0.003531182,0.9484,0.05159999999999998,23,0.8660721278060892,
i23.png,i23_09_3.png,image_denoising,3,5.70588,-0.303704729,0.303704729,0.925,0.07499999999999996,23,0.9460100987110434,
i23.png,i23_09_4.png,image_denoising,4,4.26471,-1.703922811,1.703922811,0.8867,0.11329999999999996,23,1.1494086170410678,
i23.png,i23_09_5.png,image_denoising,5,2.64706,-3.954715556,3.954715556,0.8199,0.18010000000000004,23,1.7790495492325125,
i23.png,i23_10_1.png,JPEG_compression,1,5.97143,-0.011200096,0.011200096,0.9668,0.03320000000000001,23,0.8205274946397679,
i23.png,i23_10_2.png,JPEG_compression,2,5.79412,-0.049710344,0.049710344,0.954,0.04600000000000004,23,0.8507962636550155,
i23.png,i23_10_3.png,JPEG_compression,3,5.02941,-0.832683663,0.832683663,0.9218,0.07820000000000005,23,0.9592431794651775,
i23.png,i23_10_4.png,JPEG_compression,4,3.64706,-2.986374323,2.986374323,0.8506,0.14939999999999998,23,1.4461842434955223,
i23.png,i23_10_5.png,JPEG_compression,5,2.4,-4.512232051,4.512232051,0.7776,0.22240000000000004,23,2.3008938865854427,
i23.png,i23_11_1.png,JPEG2000_compression,1,5.25714,-0.512423369,0.512423369,0.9355,0.0645,23,0.906672680711915,
i23.png,i23_11_2.png,JPEG2000_compression,2,4.57143,-1.483923522,1.483923522,0.8979,0.10209999999999997,23,1.0790432845227276,
i23.png,i23_11_3.png,JPEG2000_compression,3,3.11765,-3.504264601,3.504264601,0.8534,0.14659999999999995,23,1.4192754220172012,
i23.png,i23_11_4.png,JPEG2000_compression,4,2.24242,-4.521906924,4.521906924,0.8051,0.19489999999999996,23,1.9582832802392875,
i23.png,i23_11_5.png,JPEG2000_compression,5,0.82353,-5.970568182,5.970568182,0.7526,0.24739999999999995,23,2.5960142203128815,
i23.png,i23_12_1.png,JPEG_transmission_errors,1,5.9697,-0.175507926,0.175507926,0.9593,0.04069999999999996,23,0.837517486345811,
i23.png,i23_12_2.png,JPEG_transmission_errors,2,5.74286,-0.286160957,0.286160957,0.9775,0.022499999999999964,23,0.7995594490744696,
i23.png,i23_12_3.png,JPEG_transmission_errors,3,3.8,-2.341929544,2.341929544,0.8454,0.15459999999999996,23,1.4978248143231674,
i23.png,i23_12_4.png,JPEG_transmission_errors,4,2.88571,-3.728845496,3.728845496,0.764,0.236,23,2.4651944812776994,
i23.png,i23_12_5.png,JPEG_transmission_errors,5,1.85714,-5.030406683,5.030406683,0.6537,0.34630000000000005,23,3.316596141002493,
i23.png,i23_13_1.png,JPEG2000_transmission_errors,1,4.54286,-1.400176364,1.400176364,0.9299,0.07010000000000005,23,0.9268972978571854,
i23.png,i23_13_2.png,JPEG2000_transmission_errors,2,4.15152,-2.181038177,2.181038177,0.8123,0.18769999999999998,23,1.8700625077598945,
i23.png,i23_13_3.png,JPEG2000_transmission_errors,3,3.34286,-3.178367077,3.178367077,0.7161,0.28390000000000004,23,2.9522646451986647,
i23.png,i23_13_4.png,JPEG2000_transmission_errors,4,2.47059,-4.230183001,4.230183001,0.5896,0.4104,23,3.468625386799498,
i23.png,i23_13_5.png,JPEG2000_transmission_errors,5,2.58824,-4.157767583,4.157767583,0.4297,0.5703,23,3.5432916958395104,
i23.png,i23_14_1.png,non_eccentricity_pattern_noise,1,6.08571,-0.002404955,0.002404955,0.9668,0.03320000000000001,23,0.8205274946397679,
i23.png,i23_14_2.png,non_eccentricity_pattern_noise,2,6.29412,0.149979927,-0.149979927,0.981,0.019000000000000017,23,0.7934517564416332,
i23.png,i23_14_3.png,non_eccentricity_pattern_noise,3,5.05882,-0.898390369,0.898390369,0.9635,0.03649999999999998,23,0.8277544861067754,
i23.png,i23_14_4.png,non_eccentricity_pattern_noise,4,5.05882,-0.938544434,0.938544434,0.9434,0.056599999999999984,23,0.8808719569671212,
i23.png,i23_14_5.png,non_eccentricity_pattern_noise,5,3.6,-2.521700507,2.521700507,0.9214,0.0786,23,0.9609403589646905,
i23.png,i23_15_1.png,local_block_wise_distortions_of_different_intensity,1,2.94286,-3.721701473,3.721701473,0.9475,0.05249999999999999,23,0.8686529803061289,
i23.png,i23_15_2.png,local_block_wise_distortions_of_different_intensity,2,2.97143,-3.599650124,3.599650124,0.9567,0.043300000000000005,23,0.8438936997288793,
i23.png,i23_15_3.png,local_block_wise_distortions_of_different_intensity,3,3.25714,-3.334065003,3.334065003,0.966,0.03400000000000003,23,0.822244742889412,
i23.png,i23_15_4.png,local_block_wise_distortions_of_different_intensity,4,3.41176,-2.85691764,2.85691764,0.9762,0.023800000000000043,23,0.8019179682066562,
i23.png,i23_15_5.png,local_block_wise_distortions_of_different_intensity,5,3.62857,-2.659048149,2.659048149,0.9874,0.012599999999999945,23,0.783147260441122,
i23.png,i23_16_1.png,intensity_shift,1,6.33333,0.327598995,-0.327598995,0.9974,0.0026000000000000467,23,0.7690693811287633,
i23.png,i23_16_2.png,intensity_shift,2,5.82857,-0.230287326,0.230287326,0.9939,0.006099999999999994,23,0.7737342055738945,
i23.png,i23_16_3.png,intensity_shift,3,5.82353,-0.052899333,0.052899333,0.9818,0.018199999999999994,23,0.7921039335828476,
i23.png,i23_16_4.png,intensity_shift,4,5.2,-0.747785421,0.747785421,0.9692,0.03080000000000005,23,0.8155056085946712,
i23.png,i23_16_5.png,intensity_shift,5,5.71429,-0.324356966,0.324356966,0.919,0.08099999999999996,23,0.9713286221937687,
i23.png,i23_17_1.png,contrast_change,1,5.66667,-0.235263019,0.235263019,0.9956,0.0043999999999999595,23,0.7714346165221714,
i23.png,i23_17_2.png,contrast_change,2,6.8,0.60815888,-0.60815888,0.9872,0.012800000000000034,23,0.7834531802173935,
i23.png,i23_17_3.png,contrast_change,3,4.82857,-1.200720261,1.200720261,0.9812,0.01880000000000004,23,0.793113149591435,
i23.png,i23_17_4.png,contrast_change,4,6.68571,0.381689463,-0.381689463,0.9528,0.04720000000000002,23,0.8539587632764691,
i23.png,i23_17_5.png,contrast_change,5,3.88235,-2.279181914,2.279181914,0.9248,0.07520000000000004,23,0.9468194493221466,
i23.png,i23_18_1.png,change_of_color_saturation,1,5.76471,-0.300937698,0.300937698,1.0,0.0,23,0.7657754077873836,
i23.png,i23_18_2.png,change_of_color_saturation,2,5.64706,-0.313698546,0.313698546,1.0,0.0,23,0.7657754077873836,
i23.png,i23_18_3.png,change_of_color_saturation,3,5.44118,-0.54598914,0.54598914,1.0,0.0,23,0.7657754077873836,
i23.png,i23_18_4.png,change_of_color_saturation,4,5.05714,-0.9573667,0.9573667,1.0,0.0,23,0.7657754077873836,
i23.png,i23_18_5.png,change_of_color_saturation,5,4.38235,-1.646544619,1.646544619,1.0,0.0,23,0.7657754077873836,
i23.png,i23_19_1.png,multiplicative_gaussian_noise,1,5.71429,-0.374843512,0.374843512,0.9004,0.09960000000000002,23,1.0646447846207865,
i23.png,i23_19_2.png,multiplicative_gaussian_noise,2,4.97143,-1.013643069,1.013643069,0.827,0.17300000000000004,23,1.6965905839360467,
i23.png,i23_19_3.png,multiplicative_gaussian_noise,3,4.61765,-1.577380911,1.577380911,0.72,0.28,23,2.91936328540001,
i23.png,i23_19_4.png,multiplicative_gaussian_noise,4,3.88571,-2.386181637,2.386181637,0.5879,0.4121,23,3.4709009816113574,
i23.png,i23_19_5.png,multiplicative_gaussian_noise,5,3.42857,-2.82920501,2.82920501,0.445,0.5549999999999999,23,3.5417719323892034,
i23.png,i23_20_1.png,comfort_noise,1,5.6,-0.343868361,0.343868361,0.8792,0.12080000000000002,23,1.2021119927267867,
i23.png,i23_20_2.png,comfort_noise,2,5.08824,-0.664673236,0.664673236,0.8235,0.1765,23,1.736894751428276,
i23.png,i23_20_3.png,comfort_noise,3,4.09375,-1.735995623,1.735995623,0.7494,0.25060000000000004,23,2.6312965412203577,
i23.png,i23_20_4.png,comfort_noise,4,3.34286,-3.055906849,3.055906849,0.6616,0.33840000000000003,23,3.285337545821146,
i23.png,i23_20_5.png,comfort_noise,5,2.65714,-4.003050244,4.003050244,0.5625,0.4375,23,3.498218170250131,
i23.png,i23_21_1.png,lossy_compression_of_noisy_images,1,5.6,-0.411627014,0.411627014,0.9014,0.09860000000000002,23,1.0590145618132893,
i23.png,i23_21_2.png,lossy_compression_of_noisy_images,2,4.79412,-1.307903477,1.307903477,0.8347,0.1653,23,1.6105593102747884,
i23.png,i23_21_3.png,lossy_compression_of_noisy_images,3,4.12121,-2.140653691,2.140653691,0.727,0.273,23,2.8570961200161547,
i23.png,i23_21_4.png,lossy_compression_of_noisy_images,4,3.51429,-3.021130971,3.021130971,0.5863,0.41369999999999996,23,3.4729848803184598,
i23.png,i23_21_5.png,lossy_compression_of_noisy_images,5,2.41176,-4.649473039,4.649473039,0.5031,0.4969,23,3.5303906644217706,
i23.png,i23_22_1.png,image_color_quantization_with_dither,1,6.17647,0.029526561,-0.029526561,0.9148,0.08520000000000005,23,0.9903751752669179,
i23.png,i23_22_2.png,image_color_quantization_with_dither,2,5.88571,-0.225850429,0.225850429,0.846,0.15400000000000003,23,1.4917575643472416,
i23.png,i23_22_3.png,image_color_quantization_with_dither,3,5.02941,-0.710684233,0.710684233,0.7316,0.26839999999999997,23,2.8139561599131153,
i23.png,i23_22_4.png,image_color_quantization_with_dither,4,4.64706,-1.440298933,1.440298933,0.6361,0.3639,23,3.3743754964460964,
i23.png,i23_22_5.png,image_color_quantization_with_dither,5,4.0,-2.221012891,2.221012891,0.4869,0.5131,23,3.534784871263019,
i23.png,i23_23_1.png,chromatic_aberrations,1,6.30303,0.086323334,-0.086323334,0.9925,0.007499999999999951,23,0.7756771820871005,
i23.png,i23_23_2.png,chromatic_aberrations,2,5.91176,-0.122566105,0.122566105,0.981,0.019000000000000017,23,0.7934517564416332,
i23.png,i23_23_3.png,chromatic_aberrations,3,5.17143,-0.830001079,0.830001079,0.9254,0.0746,23,0.9443983918692744,
i23.png,i23_23_4.png,chromatic_aberrations,4,3.75758,-2.114475474,2.114475474,0.8925,0.10750000000000004,23,1.1117526250888436,
i23.png,i23_23_5.png,chromatic_aberrations,5,3.0,-3.561593456,3.561593456,0.8209,0.17910000000000004,23,1.7672725218628642,
i23.png,i23_24_1.png,sparse_sampling_and_reconstruction,1,5.85294,-0.136817788,0.136817788,0.9298,0.07020000000000004,23,0.9272738524268866,
i23.png,i23_24_2.png,sparse_sampling_and_reconstruction,2,4.73529,-1.02076331,1.02076331,0.896,0.10399999999999998,23,1.09029880929466,
i23.png,i23_24_3.png,sparse_sampling_and_reconstruction,3,3.67647,-2.786849188,2.786849188,0.843,0.15700000000000003,23,1.5223716046447056,
i23.png,i23_24_4.png,sparse_sampling_and_reconstruction,4,1.72727,-5.057419386,5.057419386,0.7836,0.21640000000000004,23,2.226548759812117,
i23.png,i23_24_5.png,sparse_sampling_and_reconstruction,5,0.78788,-6.085021382,6.085021382,0.7441,0.2559,23,2.6881751392186257,
i24.png,i24_01_1.png,additive_gaussian_noise,1,5.88571,-0.215079193,0.215079193,0.9395,0.0605,24,0.8989572676236938,0.42767785914006096
i24.png,i24_01_2.png,additive_gaussian_noise,2,5.05556,-0.722135253,0.722135253,0.8911,0.1089,24,1.138321536990964,0.7188274569587731
i24.png,i24_01_3.png,additive_gaussian_noise,3,4.72222,-1.133859476,1.133859476,0.8104,0.1896,24,1.93969292414135,1.1789299979686096
i24.png,i24_01_4.png,additive_gaussian_noise,4,4.14286,-1.590259144,1.590259144,0.7011,0.29890000000000005,24,3.083353559611451,1.7255990400588002
i24.png,i24_01_5.png,additive_gaussian_noise,5,3.58333,-2.209847239,2.209847239,0.568,0.43200000000000005,24,3.46629357925491,2.2464395983160332
i24.png,i24_02_1.png,additive_noise_in_color_more_intensive_than_additive_noise_in_the_luminance,1,6.44444,0.219059278,-0.219059278,0.983,0.017000000000000015,24,0.7909034245408909,
i24.png,i24_02_2.png,additive_noise_in_color_more_intensive_than_additive_noise_in_the_luminance,2,5.91176,0.011326837,-0.011326837,0.9678,0.032200000000000006,24,0.8204680809366931,
i24.png,i24_02_3.png,additive_noise_in_color_more_intensive_than_additive_noise_in_the_luminance,3,5.13889,-0.649367258,0.649367258,0.9385,0.0615,24,0.902412264519644,
i24.png,i24_02_4.png,additive_noise_in_color_more_intensive_than_additive_noise_in_the_luminance,4,5.08571,-0.756051839,0.756051839,0.8899,0.11009999999999998,24,1.146428296467435,
i24.png,i24_02_5.png,additive_noise_in_color_more_intensive_than_additive_noise_in_the_luminance,5,4.52778,-1.390111207,1.390111207,0.8113,0.18869999999999998,24,1.9285350714906928,
i24.png,i24_03_1.png,spatially_correlated_noise,1,4.8,-1.026717577,1.026717577,0.951,0.049000000000000044,24,0.8628126727596828,
i24.png,i24_03_2.png,spatially_correlated_noise,2,4.25714,-1.477141216,1.477141216,0.9115,0.08850000000000002,24,1.0178073065483981,
i24.png,i24_03_3.png,spatially_correlated_noise,3,3.82857,-2.323119656,2.323119656,0.8427,0.1573,24,1.5617828325656378,
i24.png,i24_03_4.png,spatially_correlated_noise,4,3.28571,-2.727553588,2.727553588,0.7479,0.2521,24,2.687402582115645,
i24.png,i24_03_5.png,spatially_correlated_noise,5,2.69444,-3.536884486,3.536884486,0.6232,0.3768,24,3.3918468802695383,
i24.png,i24_04_1.png,masked_noise,1,5.85714,-0.176239942,0.176239942,0.9796,0.020399999999999974,24,0.7968909506760511,
i24.png,i24_04_2.png,masked_noise,2,5.83333,-0.174049272,0.174049272,0.9629,0.03710000000000002,24,0.8316676727738788,
i24.png,i24_04_3.png,masked_noise,3,5.52941,-0.268810326,0.268810326,0.9299,0.07010000000000005,24,0.9343724332599093,
i24.png,i24_04_4.png,masked_noise,4,5.16667,-0.677463583,0.677463583,0.8705,0.12949999999999995,24,1.2942948210574845,
i24.png,i24_04_5.png,masked_noise,5,4.57143,-1.13097885,1.13097885,0.7766,0.22340000000000004,24,2.3610643567590883,
i24.png,i24_05_1.png,high_frequency_noise,1,5.80556,-0.135861048,0.135861048,0.9375,0.0625,24,0.905920046107476,
i24.png,i24_05_2.png,high_frequency_noise,2,5.33333,-0.486114191,0.486114191,0.8874,0.11260000000000003,24,1.1636982955023953,
i24.png,i24_05_3.png,high_frequency_noise,3,5.13889,-0.778678191,0.778678191,0.7393,0.26070000000000004,24,2.774008099458304,
i24.png,i24_05_4.png,high_frequency_noise,4,4.02857,-1.826770014,1.826770014,0.5226,0.47740000000000005,24,3.4918599775068886,
i24.png,i24_05_5.png,high_frequency_noise,5,3.25,-2.862783771,2.862783771,0.3045,0.6955,24,3.5122800564106402,
i24.png,i24_06_1.png,impulse_noise,1,4.64706,-1.025107942,1.025107942,0.9646,0.03539999999999999,24,0.8276814852874729,
i24.png,i24_06_2.png,impulse_noise,2,4.37143,-1.512701112,1.512701112,0.9312,0.06879999999999997,24,0.9292743242074548,
i24.png,i24_06_3.png,impulse_noise,3,3.97143,-1.796114958,1.796114958,0.871,0.129,24,1.2900792912799917,
i24.png,i24_06_4.png,impulse_noise,4,3.66667,-2.248125482,2.248125482,0.7671,0.2329,24,2.4744728027684717,
i24.png,i24_06_5.png,impulse_noise,5,3.28571,-2.902277264,2.902277264,0.6191,0.3809,24,3.4000266924444325,
i24.png,i24_07_1.png,quantization_noise,1,5.52778,-0.33246388,0.33246388,0.9611,0.038900000000000046,24,0.8360086268339242,
i24.png,i24_07_2.png,quantization_noise,2,4.57143,-1.123006108,1.123006108,0.9314,0.0686,24,0.9284986720328422,
i24.png,i24_07_3.png,quantization_noise,3,4.08824,-1.704522149,1.704522149,0.8816,0.11839999999999995,24,1.2057749919777838,
i24.png,i24_07_4.png,quantization_noise,4,2.88571,-3.208491375,3.208491375,0.837,0.16300000000000003,24,1.6241107361171974,
i24.png,i24_07_5.png,quantization_noise,5,2.44444,-3.99388444,3.99388444,0.7528,0.24719999999999998,24,2.6354830082275043,
i24.png,i24_08_1.png,gaussian_blur,1,5.94444,-0.134820036,0.134820036,0.9833,0.016700000000000048,24,0.7903911099082478,
i24.png,i24_08_2.png,gaussian_blur,2,4.97143,-0.857956629,0.857956629,0.9476,0.0524,24,0.8728377630191856,
i24.png,i24_08_3.png,gaussian_blur,3,4.05714,-1.579707106,1.579707106,0.8607,0.13929999999999998,24,1.3812599606336642,
i24.png,i24_08_4.png,gaussian_blur,4,3.17647,-2.600543061,2.600543061,0.7254,0.27459999999999996,24,2.9010033535898274,
i24.png,i24_08_5.png,gaussian_blur,5,2.61765,-3.722125171,3.722125171,0.5861,0.41390000000000005,24,3.4490138210403223,
i24.png,i24_09_1.png,image_denoising,1,6.0,-0.007886585,0.007886585,0.9592,0.04079999999999995,24,0.8407284245823781,
i24.png,i24_09_2.png,image_denoising,2,5.29412,-0.666223609,0.666223609,0.9304,0.0696,24,0.9324000148047675,
i24.png,i24_09_3.png,image_denoising,3,4.52778,-1.387434738,1.387434738,0.8652,0.13480000000000003,24,1.3403043177991867,
i24.png,i24_09_4.png,image_denoising,4,3.38889,-2.793573339,2.793573339,0.7484,0.25160000000000005,24,2.682187717580093,
i24.png,i24_09_5.png,image_denoising,5,2.0,-4.491099387,4.491099387,0.6009,0.3991,24,3.430340930975223,
i24.png,i24_10_1.png,JPEG_compression,1,5.88571,-0.084104614,0.084104614,0.9612,0.038799999999999946,24,0.8357641645529433,
i24.png,i24_10_2.png,JPEG_compression,2,5.82857,-0.183780498,0.183780498,0.9341,0.06589999999999996,24,0.9182500859822325,
i24.png,i24_10_3.png,JPEG_compression,3,4.65714,-1.047144045,1.047144045,0.8695,0.13049999999999995,24,1.302790598045119,
i24.png,i24_10_4.png,JPEG_compression,4,3.27778,-2.776712039,2.776712039,0.7477,0.25229999999999997,24,2.689483142032505,
i24.png,i24_10_5.png,JPEG_compression,5,1.85294,-4.733354217,4.733354217,0.6343,0.3657,24,3.3667639952683137,
i24.png,i24_11_1.png,JPEG2000_compression,1,5.4,-0.430105855,0.430105855,0.9414,0.058599999999999985,24,0.8925358852268667,
i24.png,i24_11_2.png,JPEG2000_compression,2,4.69697,-0.883895144,0.883895144,0.8951,0.1049,24,1.1121442732723514,
i24.png,i24_11_3.png,JPEG2000_compression,3,4.02941,-1.768485471,1.768485471,0.821,0.17900000000000005,24,1.8099510064122135,
i24.png,i24_11_4.png,JPEG2000_compression,4,2.57143,-3.579674571,3.579674571,0.6561,0.3439,24,3.3025965218971165,
i24.png,i24_11_5.png,JPEG2000_compression,5,0.91667,-6.118071941,6.118071941,0.512,0.488,24,3.495428556222799,
i24.png,i24_12_1.png,JPEG_transmission_errors,1,5.68571,-0.228698158,0.228698158,0.979,0.02100000000000002,24,0.7979829212427354,
i24.png,i24_12_2.png,JPEG_transmission_errors,2,6.08571,0.049533663,-0.049533663,0.9561,0.04390000000000005,24,0.8487424987266289,
i24.png,i24_12_3.png,JPEG_transmission_errors,3,5.48485,-0.431222971,0.431222971,0.8745,0.12549999999999994,24,1.2611745893180102,
i24.png,i24_12_4.png,JPEG_transmission_errors,4,3.5,-2.396236448,2.396236448,0.6539,0.34609999999999996,24,3.310098330926259,
i24.png,i24_12_5.png,JPEG_transmission_errors,5,2.58333,-3.475507939,3.475507939,0.4968,0.5032,24,3.4995118533586065,
i24.png,i24_13_1.png,JPEG2000_transmission_errors,1,4.05882,-1.631520199,1.631520199,0.9182,0.08179999999999998,24,0.9848748228122528,
i24.png,i24_13_2.png,JPEG2000_transmission_errors,2,3.74286,-2.191896254,2.191896254,0.8803,0.11970000000000003,24,1.215596076322788,
i24.png,i24_13_3.png,JPEG2000_transmission_errors,3,3.31429,-2.716026289,2.716026289,0.8016,0.19840000000000002,24,2.049662375423562,
i24.png,i24_13_4.png,JPEG2000_transmission_errors,4,2.88889,-3.29321446,3.29321446,0.6018,0.3982,24,3.4290480244594495,
i24.png,i24_13_5.png,JPEG2000_transmission_errors,5,2.5,-3.808138442,3.808138442,0.6389,0.3611,24,3.3549867956936796,
i24.png,i24_14_1.png,non_eccentricity_pattern_noise,1,6.0,-0.089227547,0.089227547,0.9627,0.0373,24,0.8321438363889482,
i24.png,i24_14_2.png,non_eccentricity_pattern_noise,2,5.97143,-0.096614596,0.096614596,0.9646,0.03539999999999999,24,0.8276814852874729,
i24.png,i24_14_3.png,non_eccentricity_pattern_noise,3,5.34286,-0.485463016,0.485463016,0.9353,0.06469999999999998,24,0.9138261676292219,
i24.png,i24_14_4.png,non_eccentricity_pattern_noise,4,5.13889,-0.833005752,0.833005752,0.9085,0.09150000000000003,24,1.033567893741819,
i24.png,i24_14_5.png,non_eccentricity_pattern_noise,5,4.63889,-1.135016231,1.135016231,0.876,0.124,24,1.2491101212335551,
i24.png,i24_15_1.png,local_block_wise_distortions_of_different_intensity,1,4.02778,-1.607142348,1.607142348,0.9579,0.042100000000000026,24,0.8440411558675253,
i24.png,i24_15_2.png,local_block_wise_distortions_of_different_intensity,2,4.4,-1.445661511,1.445661511,0.9629,0.03710000000000002,24,0.8316676727738788,
i24.png,i24_15_3.png,local_block_wise_distortions_of_different_intensity,3,3.88571,-1.668092561,1.668092561,0.9705,0.02949999999999997,24,0.8146658584454539,
i24.png,i24_15_4.png,local_block_wise_distortions_of_different_intensity,4,3.66667,-2.206700861,2.206700861,0.9769,0.02310000000000001,24,0.8018909296604865,
i24.png,i24_15_5.png,local_block_wise_distortions_of_different_intensity,5,3.38889,-2.646245051,2.646245051,0.9884,0.011600000000000055,24,0.7820612763099962,
i24.png,i24_16_1.png,intensity_shift,1,5.97143,-0.081800541,0.081800541,0.9976,0.0023999999999999577,24,0.7687177651253664,
i24.png,i24_16_2.png,intensity_shift,2,6.11111,0.011007559,-0.011007559,0.9946,0.00539999999999996,24,0.772844699343217,
i24.png,i24_16_3.png,intensity_shift,3,5.45714,-0.362253487,0.362253487,0.9783,0.021700000000000053,24,0.7992706101020586,
i24.png,i24_16_4.png,intensity_shift,4,5.61111,-0.358386276,0.358386276,0.9695,0.03049999999999997,24,0.8167852259760215,
i24.png,i24_16_5.png,intensity_shift,5,4.88571,-0.86136274,0.86136274,0.898,0.10199999999999998,24,1.0939664401569869,
i24.png,i24_17_1.png,contrast_change,1,5.75,-0.233083641,0.233083641,0.9951,0.0049000000000000155,24,0.7721423344537652,
i24.png,i24_17_2.png,contrast_change,2,6.47222,0.176585301,-0.176585301,0.987,0.013000000000000012,24,0.7842779655007182,
i24.png,i24_17_3.png,contrast_change,3,4.80556,-0.916133346,0.916133346,0.9732,0.026800000000000046,24,0.8091130176664149,
i24.png,i24_17_4.png,contrast_change,4,6.72222,0.442499174,-0.442499174,0.9475,0.05249999999999999,24,0.8731407317462669,
i24.png,i24_17_5.png,contrast_change,5,3.6,-2.208158874,2.208158874,0.881,0.119,24,1.2102899274347503,
i24.png,i24_18_1.png,change_of_color_saturation,1,4.8,-0.920691269,0.920691269,1.0,0.0,24,0.7655631634577521,
i24.png,i24_18_2.png,change_of_color_saturation,2,4.39394,-1.338666017,1.338666017,1.0,0.0,24,0.7655631634577521,
i24.png,i24_18_3.png,change_of_color_saturation,3,3.91176,-1.653004072,1.653004072,1.0,0.0,24,0.7655631634577521,
i24.png,i24_18_4.png,change_of_color_saturation,4,4.11429,-1.738491573,1.738491573,1.0,0.0,24,0.7655631634577521,
i24.png,i24_18_5.png,change_of_color_saturation,5,3.79412,-2.245988456,2.245988456,1.0,0.0,24,0.7655631634577521,
i24.png,i24_19_1.png,multiplicative_gaussian_noise,1,5.57143,-0.329904528,0.329904528,0.9396,0.06040000000000001,24,0.8986146462074097,
i24.png,i24_19_2.png,multiplicative_gaussian_noise,2,5.17647,-0.725775984,0.725775984,0.893,0.10699999999999998,24,1.1257261073737679,
i24.png,i24_19_3.png,multiplicative_gaussian_noise,3,4.77778,-1.009018948,1.009018948,0.8231,0.17689999999999995,24,1.784774421431639,
i24.png,i24_19_4.png,multiplicative_gaussian_noise,4,4.08824,-1.619946436,1.619946436,0.7244,0.27559999999999996,24,2.9095020692736764,
i24.png,i24_19_5.png,multiplicative_gaussian_noise,5,3.85714,-2.054773209,2.054773209,0.5999,0.4001,24,3.4317547659033614,
i24.png,i24_20_1.png,comfort_noise,1,6.14286,-0.052320643,0.052320643,0.9269,0.07310000000000005,24,0.9465166354128187,
i24.png,i24_20_2.png,comfort_noise,2,5.61111,-0.197175422,0.197175422,0.8738,0.12619999999999998,24,1.266871002338711,
i24.png,i24_20_3.png,comfort_noise,3,5.17143,-0.685146313,0.685146313,0.7893,0.2107,24,2.2041429542082165,
i24.png,i24_20_4.png,comfort_noise,4,4.02857,-1.702311761,1.702311761,0.6319,0.3681,24,3.372573822909057,
i24.png,i24_20_5.png,comfort_noise,5,3.51429,-2.446096022,2.446096022,0.3808,0.6192,24,3.511034835964455,
i24.png,i24_21_1.png,lossy_compression_of_noisy_images,1,5.77778,-0.279928657,0.279928657,0.9252,0.07479999999999998,24,0.9536386193369644,
i24.png,i24_21_2.png,lossy_compression_of_noisy_images,2,4.82857,-0.974604462,0.974604462,0.8704,0.12960000000000005,24,1.295140515946312,
i24.png,i24_21_3.png,lossy_compression_of_noisy_images,3,4.14286,-1.625688999,1.625688999,0.7798,0.22019999999999995,24,2.3219841739679508,
i24.png,i24_21_4.png,lossy_compression_of_noisy_images,4,3.36111,-2.572713877,2.572713877,0.6479,0.35209999999999997,24,3.3293180837791105,
i24.png,i24_21_5.png,lossy_compression_of_noisy_images,5,2.68571,-3.664167679,3.664167679,0.4758,0.5242,24,3.5036205565216925,
i24.png,i24_22_1.png,image_color_quantization_with_dither,1,5.77143,-0.305127946,0.305127946,0.9388,0.06120000000000003,24,0.9013702524937839,
i24.png,i24_22_2.png,image_color_quantization_with_dither,2,5.02941,-0.607352943,0.607352943,0.8843,0.11570000000000003,24,1.185835420556653,
i24.png,i24_22_3.png,image_color_quantization_with_dither,3,4.61765,-1.017435819,1.017435819,0.7859,0.21409999999999996,24,2.2465709412466106,
i24.png,i24_22_4.png,image_color_quantization_with_dither,4,3.33333,-2.802426552,2.802426552,0.6174,0.38260000000000005,24,3.4032604265364133,
i24.png,i24_22_5.png,image_color_quantization_with_dither,5,2.74286,-3.28655965,3.28655965,0.5002,0.4998,24,3.4986911166905976,
i24.png,i24_23_1.png,chromatic_aberrations,1,5.8,-0.081162693,0.081162693,0.9936,0.006399999999999961,24,0.7742672500245245,
i24.png,i24_23_2.png,chromatic_aberrations,2,6.02778,-0.031456921,0.031456921,0.98,0.020000000000000018,24,0.7961689510910862,
i24.png,i24_23_3.png,chromatic_aberrations,3,5.68571,-0.358369888,0.358369888,0.9581,0.04190000000000005,24,0.8435270328052965,
i24.png,i24_23_4.png,chromatic_aberrations,4,5.08824,-0.58886703,0.58886703,0.9223,0.07769999999999999,24,0.9662002918817287,
i24.png,i24_23_5.png,chromatic_aberrations,5,2.29412,-3.772159088,3.772159088,0.6035,0.39649999999999996,24,3.4265519895662777,
i24.png,i24_24_1.png,sparse_sampling_and_reconstruction,1,5.70588,-0.161647831,0.161647831,0.945,0.05500000000000005,24,0.8808696140101194,
i24.png,i24_24_2.png,sparse_sampling_and_reconstruction,2,5.34286,-0.642064501,0.642064501,0.8909,0.10909999999999997,24,1.1396644749086193,
i24.png,i24_24_3.png,sparse_sampling_and_reconstruction,3,4.34286,-1.385838211,1.385838211,0.8057,0.19430000000000003,24,1.9982649343436942,
i24.png,i24_24_4.png,sparse_sampling_and_reconstruction,4,2.74286,-3.259558956,3.259558956,0.6638,0.33620000000000005,24,3.2742893061318674,
i24.png,i24_24_5.png,sparse_sampling_and_reconstruction,5,0.41667,-6.967959722,6.967959722,0.5059,0.4941,24,3.4971997149546987,
i25.png,i25_01_1.png,additive_gaussian_noise,1,5.14286,-0.597128489,0.597128489,0.9478,0.052200000000000024,25,0.8676787883210801,0.3581155487666563
i25.png,i25_01_2.png,additive_gaussian_noise,2,4.67647,-0.950103569,0.950103569,0.9097,0.09030000000000005,25,1.0131815464758178,0.5873331418725027
i25.png,i25_01_3.png,additive_gaussian_noise,3,4.4,-1.280780222,1.280780222,0.8513,0.14870000000000005,25,1.4455712156081213,0.9287442290228092
i25.png,i25_01_4.png,additive_gaussian_noise,4,3.88571,-1.693525721,1.693525721,0.7815,0.21850000000000003,25,2.2827803759932963,1.31186292798317
i25.png,i25_01_5.png,additive_gaussian_noise,5,3.44444,-2.026977043,2.026977043,0.7047,0.2953,25,3.0619690758038747,1.6913296967967293
i25.png,i25_02_1.png,additive_noise_in_color_more_intensive_than_additive_noise_in_the_luminance,1,5.54286,-0.190219432,0.190219432,0.9849,0.015100000000000002,25,0.7901183323436628,
i25.png,i25_02_2.png,additive_noise_in_color_more_intensive_than_additive_noise_in_the_luminance,2,5.27778,-0.416178346,0.416178346,0.9717,0.028299999999999992,25,0.8123910920372706,
i25.png,i25_02_3.png,additive_noise_in_color_more_intensive_than_additive_noise_in_the_luminance,3,5.25,-0.585301235,0.585301235,0.9473,0.05269999999999997,25,0.8690827237691621,
i25.png,i25_02_4.png,additive_noise_in_color_more_intensive_than_additive_noise_in_the_luminance,4,4.45714,-1.146936293,1.146936293,0.9079,0.09209999999999996,25,1.022315298803803,
i25.png,i25_02_5.png,additive_noise_in_color_more_intensive_than_additive_noise_in_the_luminance,5,3.77143,-1.756715815,1.756715815,0.8509,0.1491,25,1.449562511979734,
i25.png,i25_03_1.png,spatially_correlated_noise,1,4.0,-1.507805419,1.507805419,0.9577,0.042300000000000004,25,0.8421076278268879,
i25.png,i25_03_2.png,spatially_correlated_noise,2,3.58333,-1.955810649,1.955810649,0.9257,0.07430000000000003,25,0.9416932618842226,
i25.png,i25_03_3.png,spatially_correlated_noise,3,3.25,-2.291821976,2.291821976,0.8756,0.12439999999999996,25,1.2297094765488426,
i25.png,i25_03_4.png,spatially_correlated_noise,4,2.91429,-2.717033815,2.717033815,0.8107,0.18930000000000002,25,1.9103876396184696,
i25.png,i25_03_5.png,spatially_correlated_noise,5,2.41667,-2.991265568,2.991265568,0.7347,0.2653,25,2.814127609735694,
i25.png,i25_04_1.png,masked_noise,1,6.39394,0.307751442,-0.307751442,0.9954,0.0046000000000000485,25,0.7756691266624186,
i25.png,i25_04_2.png,masked_noise,2,6.16667,0.190287811,-0.190287811,0.9909,0.009099999999999997,25,0.7815424752552375,
i25.png,i25_04_3.png,masked_noise,3,5.88889,-0.042580651,0.042580651,0.9827,0.017299999999999982,25,0.7934911165613245,
i25.png,i25_04_4.png,masked_noise,4,5.5,-0.268390268,0.268390268,0.9672,0.03280000000000005,25,0.8211958836833371,
i25.png,i25_04_5.png,masked_noise,5,5.23529,-0.452978731,0.452978731,0.9392,0.060799999999999965,25,0.8934676772704404,
i25.png,i25_05_1.png,high_frequency_noise,1,5.33333,-0.356488733,0.356488733,0.9461,0.05389999999999995,25,0.8724987257246468,
i25.png,i25_05_2.png,high_frequency_noise,2,5.25714,-0.42384389,0.42384389,0.9064,0.09360000000000002,25,1.030106506321054,
i25.png,i25_05_3.png,high_frequency_noise,3,4.61111,-1.096348651,1.096348651,0.8036,0.19640000000000002,25,2.000346721034026,
i25.png,i25_05_4.png,high_frequency_noise,4,3.85714,-1.711585567,1.711585567,0.6782,0.3218,25,3.217178585532607,
i25.png,i25_05_5.png,high_frequency_noise,5,2.75,-2.700893925,2.700893925,0.5496,0.4504,25,3.482879690852947,
i25.png,i25_06_1.png,impulse_noise,1,4.4,-1.337720635,1.337720635,0.967,0.03300000000000003,25,0.8216028673886979,
i25.png,i25_06_2.png,impulse_noise,2,4.28571,-1.424668034,1.424668034,0.938,0.062000000000000055,25,0.8973550710475371,
i25.png,i25_06_3.png,impulse_noise,3,3.70588,-1.753973785,1.753973785,0.8896,0.11040000000000005,25,1.1292060154075374,
i25.png,i25_06_4.png,impulse_noise,4,3.47222,-2.108993315,2.108993315,0.806,0.19399999999999995,25,1.9697988602042817,
i25.png,i25_06_5.png,impulse_noise,5,3.02778,-2.579984864,2.579984864,0.7095,0.2905,25,3.027697696324929,
i25.png,i25_07_1.png,quantization_noise,1,3.5,-1.946120098,1.946120098,0.9824,0.01759999999999995,25,0.7939609710116216,
i25.png,i25_07_2.png,quantization_noise,2,3.14286,-2.118544134,2.118544134,0.9737,0.02629999999999999,25,0.8086871488989338,
i25.png,i25_07_3.png,quantization_noise,3,3.0303,-2.40682851,2.40682851,0.9653,0.03469999999999995,25,0.8251178070204481,
i25.png,i25_07_4.png,quantization_noise,4,2.71429,-2.591891272,2.591891272,0.95,0.050000000000000044,25,0.8616346094930782,
i25.png,i25_07_5.png,quantization_noise,5,2.74286,-2.781170705,2.781170705,0.9255,0.07450000000000001,25,0.9424858074707757,
i25.png,i25_08_1.png,gaussian_blur,1,5.52941,-0.212797337,0.212797337,0.9643,0.035699999999999954,25,0.8272325615128141,
i25.png,i25_08_2.png,gaussian_blur,2,5.05556,-0.703738455,0.703738455,0.879,0.121,25,1.2037267661759739,
i25.png,i25_08_3.png,gaussian_blur,3,4.29412,-1.339037823,1.339037823,0.7301,0.26990000000000003,25,2.857363098609973,
i25.png,i25_08_4.png,gaussian_blur,4,3.17647,-2.440758147,2.440758147,0.5953,0.40469999999999995,25,3.4430264650283258,
i25.png,i25_08_5.png,gaussian_blur,5,1.94444,-3.714928399,3.714928399,0.4875,0.5125,25,3.5040661606655723,
i25.png,i25_09_1.png,image_denoising,1,5.83333,-0.035329322,0.035329322,0.996,0.0040000000000000036,25,0.7749200556954868,
i25.png,i25_09_2.png,image_denoising,2,5.2,-0.486690787,0.486690787,0.992,0.008000000000000007,25,0.7800642459340767,
i25.png,i25_09_3.png,image_denoising,3,4.22857,-1.191601978,1.191601978,0.9795,0.020499999999999963,25,0.7986293312436782,
i25.png,i25_09_4.png,image_denoising,4,3.11765,-2.253454668,2.253454668,0.9192,0.08079999999999998,25,0.9687144070197902,
i25.png,i25_09_5.png,image_denoising,5,1.33333,-4.040320397,4.040320397,0.7677,0.23229999999999995,25,2.453586957558469,
i25.png,i25_10_1.png,JPEG_compression,1,5.85714,-0.023979137,0.023979137,0.9904,0.009600000000000053,25,0.7822237427581709,
i25.png,i25_10_2.png,JPEG_compression,2,5.57143,-0.258046249,0.258046249,0.9809,0.019100000000000006,25,0.7963467557355844,
i25.png,i25_10_3.png,JPEG_compression,3,4.25714,-1.15284718,1.15284718,0.9492,0.050799999999999956,25,0.8638076107693419,
i25.png,i25_10_4.png,JPEG_compression,4,2.14706,-3.155757143,3.155757143,0.8743,0.12570000000000003,25,1.239916023659247,
i25.png,i25_10_5.png,JPEG_compression,5,1.47222,-3.772182902,3.772182902,0.7747,0.22529999999999994,25,2.3679373629660314,
i25.png,i25_11_1.png,JPEG2000_compression,1,6.08571,0.24509034,-0.24509034,0.9929,0.007099999999999995,25,0.7788755288658213,
i25.png,i25_11_2.png,JPEG2000_compression,2,5.86111,0.012667378,-0.012667378,0.9888,0.011199999999999988,25,0.7844437344736697,
i25.png,i25_11_3.png,JPEG2000_compression,3,5.36111,-0.377841774,0.377841774,0.9761,0.023900000000000032,25,0.8044047963524237,
i25.png,i25_11_4.png,JPEG2000_compression,4,4.97222,-0.626141774,0.626141774,0.9609,0.039100000000000024,25,0.8346920532370226,
i25.png,i25_11_5.png,JPEG2000_compression,5,4.6,-1.08705264,1.08705264,0.9153,0.0847,25,0.9862276374663433,
i25.png,i25_12_1.png,JPEG_transmission_errors,1,6.02778,0.109969457,-0.109969457,0.998,0.0020000000000000018,25,0.7724787921351275,
i25.png,i25_12_2.png,JPEG_transmission_errors,2,5.8,-0.136072773,0.136072773,0.9935,0.00649999999999995,25,0.7780932768233854,
i25.png,i25_12_3.png,JPEG_transmission_errors,3,4.83333,-0.92511962,0.92511962,0.95,0.050000000000000044,25,0.8616346094930782,
i25.png,i25_12_4.png,JPEG_transmission_errors,4,5.0303,-0.857659793,0.857659793,0.9317,0.06830000000000003,25,0.9190096274539332,
i25.png,i25_12_5.png,JPEG_transmission_errors,5,4.66667,-1.050512636,1.050512636,0.9123,0.0877,25,1.0003960036839759,
i25.png,i25_13_1.png,JPEG2000_transmission_errors,1,4.82857,-0.644864971,0.644864971,0.9438,0.05620000000000003,25,0.8792331941279088,
i25.png,i25_13_2.png,JPEG2000_transmission_errors,2,5.71429,-0.176285143,0.176285143,0.9727,0.02729999999999999,25,0.810523472065892,
i25.png,i25_13_3.png,JPEG2000_transmission_errors,3,3.68571,-1.926743302,1.926743302,0.9252,0.07479999999999998,25,0.9436791469729213,
i25.png,i25_13_4.png,JPEG2000_transmission_errors,4,4.57143,-1.112680612,1.112680612,0.9264,0.0736,25,0.9389382516206057,
i25.png,i25_13_5.png,JPEG2000_transmission_errors,5,3.02857,-2.539582813,2.539582813,0.8458,0.1542,25,1.501641888149738,
i25.png,i25_14_1.png,non_eccentricity_pattern_noise,1,5.71429,-0.269876185,0.269876185,0.9947,0.005299999999999971,25,0.7765529570207963,
i25.png,i25_14_2.png,non_eccentricity_pattern_noise,2,5.14286,-0.47252746,0.47252746,0.9788,0.021199999999999997,25,0.799791225520941,
i25.png,i25_14_3.png,non_eccentricity_pattern_noise,3,5.08824,-0.707812763,0.707812763,0.9676,0.032399999999999984,25,0.8203859981183942,
i25.png,i25_14_4.png,non_eccentricity_pattern_noise,4,3.82857,-1.88317617,1.88317617,0.9521,0.047900000000000054,25,0.8560630805131291,
i25.png,i25_14_5.png,non_eccentricity_pattern_noise,5,3.11111,-2.32059659,2.32059659,0.9349,0.06510000000000005,25,0.9077440997035781,
i25.png,i25_15_1.png,local_block_wise_distortions_of_different_intensity,1,3.27778,-2.18652647,2.18652647,0.9469,0.053100000000000036,25,0.8702140576998068,
i25.png,i25_15_2.png,local_block_wise_distortions_of_different_intensity,2,2.93939,-2.359147499,2.359147499,0.9574,0.04259999999999997,25,0.8428231449591147,
i25.png,i25_15_3.png,local_block_wise_distortions_of_different_intensity,3,3.52778,-1.94089054,1.94089054,0.9673,0.03269999999999995,25,0.820992902836236,
i25.png,i25_15_4.png,local_block_wise_distortions_of_different_intensity,4,3.97059,-1.397604877,1.397604877,0.9778,0.022199999999999998,25,0.8014752968358508,
i25.png,i25_15_5.png,local_block_wise_distortions_of_different_intensity,5,4.14286,-1.26966708,1.26966708,0.9887,0.011299999999999977,25,0.784584528663023,
i25.png,i25_16_1.png,intensity_shift,1,5.91667,0.046307018,-0.046307018,0.9975,0.0024999999999999467,25,0.7730811751221163,
i25.png,i25_16_2.png,intensity_shift,2,6.41667,0.318539204,-0.318539204,0.9932,0.006800000000000028,25,0.7784833869115816,
i25.png,i25_16_3.png,intensity_shift,3,5.77143,-0.130000669,0.130000669,0.9777,0.022299999999999986,25,0.8016452861640695,
i25.png,i25_16_4.png,intensity_shift,4,5.55556,-0.163024811,0.163024811,0.9617,0.0383,25,0.8328987561671235,
i25.png,i25_16_5.png,intensity_shift,5,4.47059,-1.167102785,1.167102785,0.9156,0.08440000000000003,25,0.9848445402996449,
i25.png,i25_17_1.png,contrast_change,1,5.61111,-0.08899303,0.08899303,0.9927,0.007299999999999973,25,0.7791380905762542,
i25.png,i25_17_2.png,contrast_change,2,6.85714,0.617638042,-0.617638042,0.9887,0.011299999999999977,25,0.784584528663023,
i25.png,i25_17_3.png,contrast_change,3,4.48571,-0.913863885,0.913863885,0.9596,0.04039999999999999,25,0.8376573733849184,
i25.png,i25_17_4.png,contrast_change,4,6.38889,0.292597333,-0.292597333,0.9659,0.03410000000000002,25,0.8238658089095565,
i25.png,i25_17_5.png,contrast_change,5,3.28571,-2.293305541,2.293305541,0.842,0.15800000000000003,25,1.5418449144461772,
i25.png,i25_18_1.png,change_of_color_saturation,1,5.61111,-0.234162868,0.234162868,1.0,0.0,25,0.7701209966646592,
i25.png,i25_18_2.png,change_of_color_saturation,2,5.05882,-0.52384095,0.52384095,1.0,0.0,25,0.7701209966646592,
i25.png,i25_18_3.png,change_of_color_saturation,3,4.44444,-1.05092395,1.05092395,1.0,0.0,25,0.7701209966646592,
i25.png,i25_18_4.png,change_of_color_saturation,4,4.0,-1.645572327,1.645572327,1.0,0.0,25,0.7701209966646592,
i25.png,i25_18_5.png,change_of_color_saturation,5,2.67647,-2.61068674,2.61068674,1.0,0.0,25,0.7701209966646592,
i25.png,i25_19_1.png,multiplicative_gaussian_noise,1,5.16667,-0.661114431,0.661114431,0.9515,0.04849999999999999,25,0.8576355613673983,
i25.png,i25_19_2.png,multiplicative_gaussian_noise,2,4.28571,-1.203389716,1.203389716,0.9179,0.08209999999999995,25,0.974440638640099,
i25.png,i25_19_3.png,multiplicative_gaussian_noise,3,3.83333,-1.756869054,1.756869054,0.8702,0.12980000000000003,25,1.273098266594776,
i25.png,i25_19_4.png,multiplicative_gaussian_noise,4,3.79412,-1.948319589,1.948319589,0.8101,0.18989999999999996,25,1.9179362934862871,
i25.png,i25_19_5.png,multiplicative_gaussian_noise,5,3.34286,-2.205241058,2.205241058,0.743,0.257,25,2.731439885345976,
i25.png,i25_20_1.png,comfort_noise,1,5.67647,-0.098183754,0.098183754,0.9886,0.011399999999999966,25,0.7847255657494512,
i25.png,i25_20_2.png,comfort_noise,2,5.54286,-0.460083504,0.460083504,0.9793,0.02070000000000005,25,0.7989598873991962,
i25.png,i25_20_3.png,comfort_noise,3,5.0,-0.728675396,0.728675396,0.9647,0.0353,25,0.8263824206373515,
i25.png,i25_20_4.png,comfort_noise,4,4.97222,-0.79268349,0.79268349,0.9405,0.0595,25,0.8893387945904487,
i25.png,i25_20_5.png,comfort_noise,5,4.05714,-1.384373426,1.384373426,0.8953,0.10470000000000002,25,1.0930636088026393,
i25.png,i25_21_1.png,lossy_compression_of_noisy_images,1,5.17143,-0.627579663,0.627579663,0.9726,0.02739999999999998,25,0.8107088177136484,
i25.png,i25_21_2.png,lossy_compression_of_noisy_images,2,4.45714,-1.172151594,1.172151594,0.9478,0.052200000000000024,25,0.8676787883210801,
i25.png,i25_21_3.png,lossy_compression_of_noisy_images,3,4.88571,-0.745510924,0.745510924,0.9547,0.04530000000000001,25,0.849424252181344,
i25.png,i25_21_4.png,lossy_compression_of_noisy_images,4,3.42857,-2.065806504,2.065806504,0.8312,0.16879999999999995,25,1.662164958933673,
i25.png,i25_21_5.png,lossy_compression_of_noisy_images,5,2.91429,-2.625163854,2.625163854,0.7537,0.24629999999999996,25,2.6164513932294065,
i25.png,i25_22_1.png,image_color_quantization_with_dither,1,4.80556,-0.906908165,0.906908165,0.9198,0.08020000000000005,25,0.9661085321210617,
i25.png,i25_22_2.png,image_color_quantization_with_dither,2,4.25,-1.330524578,1.330524578,0.8694,0.13060000000000005,25,1.2797491538594856,
i25.png,i25_22_3.png,image_color_quantization_with_dither,3,3.79412,-1.587213537,1.587213537,0.8001,0.19989999999999997,25,2.045074993494408,
i25.png,i25_22_4.png,image_color_quantization_with_dither,4,3.4,-2.075123587,2.075123587,0.7371,0.2629,25,2.7908288486995865,
i25.png,i25_22_5.png,image_color_quantization_with_dither,5,2.79412,-2.580274409,2.580274409,0.7049,0.29510000000000003,25,3.0605809197619154,
i25.png,i25_23_1.png,chromatic_aberrations,1,6.30556,0.229189261,-0.229189261,0.9992,0.0008000000000000229,25,0.7710542741630116,
i25.png,i25_23_2.png,chromatic_aberrations,2,6.27778,0.215491469,-0.215491469,0.9977,0.0022999999999999687,25,0.7728395932068004,
i25.png,i25_23_3.png,chromatic_aberrations,3,6.17143,0.11388563,-0.11388563,0.9952,0.0048000000000000265,25,0.7759205553753773,
i25.png,i25_23_4.png,chromatic_aberrations,4,6.14286,0.211066717,-0.211066717,0.992,0.008000000000000007,25,0.7800642459340767,
i25.png,i25_23_5.png,chromatic_aberrations,5,5.97143,0.069033355,-0.069033355,0.9874,0.012599999999999945,25,0.786437100401361,
i25.png,i25_24_1.png,sparse_sampling_and_reconstruction,1,5.65714,-0.086674151,0.086674151,0.9836,0.01639999999999997,25,0.7920959502464682,
i25.png,i25_24_2.png,sparse_sampling_and_reconstruction,2,5.44444,-0.359249517,0.359249517,0.9642,0.035800000000000054,25,0.8274459847531275,
i25.png,i25_24_3.png,sparse_sampling_and_reconstruction,3,4.62857,-0.907353585,0.907353585,0.9269,0.07310000000000005,25,0.9369882872023462,
i25.png,i25_24_4.png,sparse_sampling_and_reconstruction,4,4.02778,-1.538016366,1.538016366,0.8857,0.11429999999999996,25,1.1554990753764667,
i25.png,i25_24_5.png,sparse_sampling_and_reconstruction,5,2.77143,-2.669750888,2.669750888,0.8251,0.17490000000000006,25,1.7336760050598952,
