condition_id,dataset,content_id,dist_id,dist_level,is_hdr,test_file,reference_file,pix_per_deg,distortion_name,repeating_content_id,JOD
t-i01-t-01-1,tid2013,t-i01,t-01,1,0,tid2013/01/i01_01_1.png,tid2013/01/i01.png,31.2467,additive_gaussian_noise,l-05,0.034470919
t-i01-t-01-2,tid2013,t-i01,t-01,2,0,tid2013/01/i01_01_2.png,tid2013/01/i01.png,31.2467,additive_gaussian_noise,l-05,-0.175516306
t-i01-t-01-3,tid2013,t-i01,t-01,3,0,tid2013/01/i01_01_3.png,tid2013/01/i01.png,31.2467,additive_gaussian_noise,l-05,-0.708361862
t-i01-t-01-4,tid2013,t-i01,t-01,4,0,tid2013/01/i01_01_4.png,tid2013/01/i01.png,31.2467,additive_gaussian_noise,l-05,-1.25415525
t-i01-t-01-5,tid2013,t-i01,t-01,5,0,tid2013/01/i01_01_5.png,tid2013/01/i01.png,31.2467,additive_gaussian_noise,l-05,-1.770809111
t-i01-t-02-1,tid2013,t-i01,t-02,1,0,tid2013/01/i01_02_1.png,tid2013/01/i01.png,31.2467,additive_noise_in_color_more_intensive_than_additive_noise_in_the_luminance,l-05,0.237917791
t-i01-t-02-2,tid2013,t-i01,t-02,2,0,tid2013/01/i01_02_2.png,tid2013/01/i01.png,31.2467,additive_noise_in_color_more_intensive_than_additive_noise_in_the_luminance,l-05,0.17845558
t-i01-t-02-3,tid2013,t-i01,t-02,3,0,tid2013/01/i01_02_3.png,tid2013/01/i01.png,31.2467,additive_noise_in_color_more_intensive_than_additive_noise_in_the_luminance,l-05,-0.213000704
t-i01-t-02-4,tid2013,t-i01,t-02,4,0,tid2013/01/i01_02_4.png,tid2013/01/i01.png,31.2467,additive_noise_in_color_more_intensive_than_additive_noise_in_the_luminance,l-05,-0.677279052
t-i01-t-02-5,tid2013,t-i01,t-02,5,0,tid2013/01/i01_02_5.png,tid2013/01/i01.png,31.2467,additive_noise_in_color_more_intensive_than_additive_noise_in_the_luminance,l-05,-1.105593551
t-i01-t-03-1,tid2013,t-i01,t-03,1,0,tid2013/01/i01_03_1.png,tid2013/01/i01.png,31.2467,spatially_correlated_noise,l-05,-0.722482513
t-i01-t-03-2,tid2013,t-i01,t-03,2,0,tid2013/01/i01_03_2.png,tid2013/01/i01.png,31.2467,spatially_correlated_noise,l-05,-1.347806456
t-i01-t-03-3,tid2013,t-i01,t-03,3,0,tid2013/01/i01_03_3.png,tid2013/01/i01.png,31.2467,spatially_correlated_noise,l-05,-2.028032256
t-i01-t-03-4,tid2013,t-i01,t-03,4,0,tid2013/01/i01_03_4.png,tid2013/01/i01.png,31.2467,spatially_correlated_noise,l-05,-2.698561568
t-i01-t-03-5,tid2013,t-i01,t-03,5,0,tid2013/01/i01_03_5.png,tid2013/01/i01.png,31.2467,spatially_correlated_noise,l-05,-3.418143827
t-i01-t-04-1,tid2013,t-i01,t-04,1,0,tid2013/01/i01_04_1.png,tid2013/01/i01.png,31.2467,masked_noise,l-05,0.252240213
t-i01-t-04-2,tid2013,t-i01,t-04,2,0,tid2013/01/i01_04_2.png,tid2013/01/i01.png,31.2467,masked_noise,l-05,0.114476857
t-i01-t-04-3,tid2013,t-i01,t-04,3,0,tid2013/01/i01_04_3.png,tid2013/01/i01.png,31.2467,masked_noise,l-05,-0.195981535
t-i01-t-04-4,tid2013,t-i01,t-04,4,0,tid2013/01/i01_04_4.png,tid2013/01/i01.png,31.2467,masked_noise,l-05,-0.260141596
t-i01-t-04-5,tid2013,t-i01,t-04,5,0,tid2013/01/i01_04_5.png,tid2013/01/i01.png,31.2467,masked_noise,l-05,-0.779423315
t-i01-t-05-1,tid2013,t-i01,t-05,1,0,tid2013/01/i01_05_1.png,tid2013/01/i01.png,31.2467,high_frequency_noise,l-05,0.15314117
t-i01-t-05-2,tid2013,t-i01,t-05,2,0,tid2013/01/i01_05_2.png,tid2013/01/i01.png,31.2467,high_frequency_noise,l-05,0.039458325
t-i01-t-05-3,tid2013,t-i01,t-05,3,0,tid2013/01/i01_05_3.png,tid2013/01/i01.png,31.2467,high_frequency_noise,l-05,-0.44135251
t-i01-t-05-4,tid2013,t-i01,t-05,4,0,tid2013/01/i01_05_4.png,tid2013/01/i01.png,31.2467,high_frequency_noise,l-05,-1.501254704
t-i01-t-05-5,tid2013,t-i01,t-05,5,0,tid2013/01/i01_05_5.png,tid2013/01/i01.png,31.2467,high_frequency_noise,l-05,-2.767657107
t-i01-t-06-1,tid2013,t-i01,t-06,1,0,tid2013/01/i01_06_1.png,tid2013/01/i01.png,31.2467,impulse_noise,l-05,-1.507473861
t-i01-t-06-2,tid2013,t-i01,t-06,2,0,tid2013/01/i01_06_2.png,tid2013/01/i01.png,31.2467,impulse_noise,l-05,-1.68443084
t-i01-t-06-3,tid2013,t-i01,t-06,3,0,tid2013/01/i01_06_3.png,tid2013/01/i01.png,31.2467,impulse_noise,l-05,-2.17178529
t-i01-t-06-4,tid2013,t-i01,t-06,4,0,tid2013/01/i01_06_4.png,tid2013/01/i01.png,31.2467,impulse_noise,l-05,-2.300814706
t-i01-t-06-5,tid2013,t-i01,t-06,5,0,tid2013/01/i01_06_5.png,tid2013/01/i01.png,31.2467,impulse_noise,l-05,-3.160037916
t-i01-t-07-1,tid2013,t-i01,t-07,1,0,tid2013/01/i01_07_1.png,tid2013/01/i01.png,31.2467,quantization_noise,l-05,-0.324107309
t-i01-t-07-2,tid2013,t-i01,t-07,2,0,tid2013/01/i01_07_2.png,tid2013/01/i01.png,31.2467,quantization_noise,l-05,-0.847549575
t-i01-t-07-3,tid2013,t-i01,t-07,3,0,tid2013/01/i01_07_3.png,tid2013/01/i01.png,31.2467,quantization_noise,l-05,-1.615962525
t-i01-t-07-4,tid2013,t-i01,t-07,4,0,tid2013/01/i01_07_4.png,tid2013/01/i01.png,31.2467,quantization_noise,l-05,-2.568082422
t-i01-t-07-5,tid2013,t-i01,t-07,5,0,tid2013/01/i01_07_5.png,tid2013/01/i01.png,31.2467,quantization_noise,l-05,-3.832276997
t-i01-t-08-1,tid2013,t-i01,t-08,1,0,tid2013/01/i01_08_1.png,tid2013/01/i01.png,31.2467,gaussian_blur,l-05,-0.325920964
t-i01-t-08-2,tid2013,t-i01,t-08,2,0,tid2013/01/i01_08_2.png,tid2013/01/i01.png,31.2467,gaussian_blur,l-05,-0.972117158
t-i01-t-08-3,tid2013,t-i01,t-08,3,0,tid2013/01/i01_08_3.png,tid2013/01/i01.png,31.2467,gaussian_blur,l-05,-2.196330347
t-i01-t-08-4,tid2013,t-i01,t-08,4,0,tid2013/01/i01_08_4.png,tid2013/01/i01.png,31.2467,gaussian_blur,l-05,-3.042865228
t-i01-t-08-5,tid2013,t-i01,t-08,5,0,tid2013/01/i01_08_5.png,tid2013/01/i01.png,31.2467,gaussian_blur,l-05,-4.083968171
t-i01-t-09-1,tid2013,t-i01,t-09,1,0,tid2013/01/i01_09_1.png,tid2013/01/i01.png,31.2467,image_denoising,l-05,0.304521081
t-i01-t-09-2,tid2013,t-i01,t-09,2,0,tid2013/01/i01_09_2.png,tid2013/01/i01.png,31.2467,image_denoising,l-05,-0.349252549
t-i01-t-09-3,tid2013,t-i01,t-09,3,0,tid2013/01/i01_09_3.png,tid2013/01/i01.png,31.2467,image_denoising,l-05,-1.136595351
t-i01-t-09-4,tid2013,t-i01,t-09,4,0,tid2013/01/i01_09_4.png,tid2013/01/i01.png,31.2467,image_denoising,l-05,-3.050853714
t-i01-t-09-5,tid2013,t-i01,t-09,5,0,tid2013/01/i01_09_5.png,tid2013/01/i01.png,31.2467,image_denoising,l-05,-4.930595119
t-i01-t-10-1,tid2013,t-i01,t-10,1,0,tid2013/01/i01_10_1.png,tid2013/01/i01.png,31.2467,JPEG_compression,l-05,0.232889224
t-i01-t-10-2,tid2013,t-i01,t-10,2,0,tid2013/01/i01_10_2.png,tid2013/01/i01.png,31.2467,JPEG_compression,l-05,0.190651383
t-i01-t-10-3,tid2013,t-i01,t-10,3,0,tid2013/01/i01_10_3.png,tid2013/01/i01.png,31.2467,JPEG_compression,l-05,-0.607514348
t-i01-t-10-4,tid2013,t-i01,t-10,4,0,tid2013/01/i01_10_4.png,tid2013/01/i01.png,31.2467,JPEG_compression,l-05,-2.792865028
t-i01-t-10-5,tid2013,t-i01,t-10,5,0,tid2013/01/i01_10_5.png,tid2013/01/i01.png,31.2467,JPEG_compression,l-05,-4.170779902
t-i01-t-11-1,tid2013,t-i01,t-11,1,0,tid2013/01/i01_11_1.png,tid2013/01/i01.png,31.2467,JPEG2000_compression,l-05,0.088606555
t-i01-t-11-2,tid2013,t-i01,t-11,2,0,tid2013/01/i01_11_2.png,tid2013/01/i01.png,31.2467,JPEG2000_compression,l-05,-0.048344124
t-i01-t-11-3,tid2013,t-i01,t-11,3,0,tid2013/01/i01_11_3.png,tid2013/01/i01.png,31.2467,JPEG2000_compression,l-05,-0.674189526
t-i01-t-11-4,tid2013,t-i01,t-11,4,0,tid2013/01/i01_11_4.png,tid2013/01/i01.png,31.2467,JPEG2000_compression,l-05,-2.283154966
t-i01-t-11-5,tid2013,t-i01,t-11,5,0,tid2013/01/i01_11_5.png,tid2013/01/i01.png,31.2467,JPEG2000_compression,l-05,-5.081500998
t-i01-t-12-1,tid2013,t-i01,t-12,1,0,tid2013/01/i01_12_1.png,tid2013/01/i01.png,31.2467,JPEG_transmission_errors,l-05,0.237379419
t-i01-t-12-2,tid2013,t-i01,t-12,2,0,tid2013/01/i01_12_2.png,tid2013/01/i01.png,31.2467,JPEG_transmission_errors,l-05,0.148800755
t-i01-t-12-3,tid2013,t-i01,t-12,3,0,tid2013/01/i01_12_3.png,tid2013/01/i01.png,31.2467,JPEG_transmission_errors,l-05,-1.452828594
t-i01-t-12-4,tid2013,t-i01,t-12,4,0,tid2013/01/i01_12_4.png,tid2013/01/i01.png,31.2467,JPEG_transmission_errors,l-05,-1.684811772
t-i01-t-12-5,tid2013,t-i01,t-12,5,0,tid2013/01/i01_12_5.png,tid2013/01/i01.png,31.2467,JPEG_transmission_errors,l-05,-2.240702535
t-i01-t-13-1,tid2013,t-i01,t-13,1,0,tid2013/01/i01_13_1.png,tid2013/01/i01.png,31.2467,JPEG2000_transmission_errors,l-05,-0.118007691
t-i01-t-13-2,tid2013,t-i01,t-13,2,0,tid2013/01/i01_13_2.png,tid2013/01/i01.png,31.2467,JPEG2000_transmission_errors,l-05,-1.614873346
t-i01-t-13-3,tid2013,t-i01,t-13,3,0,tid2013/01/i01_13_3.png,tid2013/01/i01.png,31.2467,JPEG2000_transmission_errors,l-05,-2.417397932
t-i01-t-13-4,tid2013,t-i01,t-13,4,0,tid2013/01/i01_13_4.png,tid2013/01/i01.png,31.2467,JPEG2000_transmission_errors,l-05,-2.418521526
t-i01-t-13-5,tid2013,t-i01,t-13,5,0,tid2013/01/i01_13_5.png,tid2013/01/i01.png,31.2467,JPEG2000_transmission_errors,l-05,-2.760355459
t-i01-t-14-1,tid2013,t-i01,t-14,1,0,tid2013/01/i01_14_1.png,tid2013/01/i01.png,31.2467,non_eccentricity_pattern_noise,l-05,0.055210039
t-i01-t-14-2,tid2013,t-i01,t-14,2,0,tid2013/01/i01_14_2.png,tid2013/01/i01.png,31.2467,non_eccentricity_pattern_noise,l-05,0.288567303
t-i01-t-14-3,tid2013,t-i01,t-14,3,0,tid2013/01/i01_14_3.png,tid2013/01/i01.png,31.2467,non_eccentricity_pattern_noise,l-05,0.045920824
t-i01-t-14-4,tid2013,t-i01,t-14,4,0,tid2013/01/i01_14_4.png,tid2013/01/i01.png,31.2467,non_eccentricity_pattern_noise,l-05,-0.017791389
t-i01-t-14-5,tid2013,t-i01,t-14,5,0,tid2013/01/i01_14_5.png,tid2013/01/i01.png,31.2467,non_eccentricity_pattern_noise,l-05,-0.839453567
t-i01-t-15-1,tid2013,t-i01,t-15,1,0,tid2013/01/i01_15_1.png,tid2013/01/i01.png,31.2467,local_block_wise_distortions_of_different_intensity,l-05,-3.032553818
t-i01-t-15-2,tid2013,t-i01,t-15,2,0,tid2013/01/i01_15_2.png,tid2013/01/i01.png,31.2467,local_block_wise_distortions_of_different_intensity,l-05,-2.845784063
t-i01-t-15-3,tid2013,t-i01,t-15,3,0,tid2013/01/i01_15_3.png,tid2013/01/i01.png,31.2467,local_block_wise_distortions_of_different_intensity,l-05,-2.692728976
t-i01-t-15-4,tid2013,t-i01,t-15,4,0,tid2013/01/i01_15_4.png,tid2013/01/i01.png,31.2467,local_block_wise_distortions_of_different_intensity,l-05,-2.23353737
t-i01-t-15-5,tid2013,t-i01,t-15,5,0,tid2013/01/i01_15_5.png,tid2013/01/i01.png,31.2467,local_block_wise_distortions_of_different_intensity,l-05,-1.855328687
t-i01-t-16-1,tid2013,t-i01,t-16,1,0,tid2013/01/i01_16_1.png,tid2013/01/i01.png,31.2467,intensity_shift,l-05,0.209282663
t-i01-t-16-2,tid2013,t-i01,t-16,2,0,tid2013/01/i01_16_2.png,tid2013/01/i01.png,31.2467,intensity_shift,l-05,0.275607855
t-i01-t-16-3,tid2013,t-i01,t-16,3,0,tid2013/01/i01_16_3.png,tid2013/01/i01.png,31.2467,intensity_shift,l-05,-0.486261066
t-i01-t-16-4,tid2013,t-i01,t-16,4,0,tid2013/01/i01_16_4.png,tid2013/01/i01.png,31.2467,intensity_shift,l-05,-0.349536038
t-i01-t-16-5,tid2013,t-i01,t-16,5,0,tid2013/01/i01_16_5.png,tid2013/01/i01.png,31.2467,intensity_shift,l-05,-1.480785642
t-i01-t-17-1,tid2013,t-i01,t-17,1,0,tid2013/01/i01_17_1.png,tid2013/01/i01.png,31.2467,contrast_change,l-05,-0.24143027
t-i01-t-17-2,tid2013,t-i01,t-17,2,0,tid2013/01/i01_17_2.png,tid2013/01/i01.png,31.2467,contrast_change,l-05,0.640740263
t-i01-t-17-3,tid2013,t-i01,t-17,3,0,tid2013/01/i01_17_3.png,tid2013/01/i01.png,31.2467,contrast_change,l-05,-1.388901972
t-i01-t-17-4,tid2013,t-i01,t-17,4,0,tid2013/01/i01_17_4.png,tid2013/01/i01.png,31.2467,contrast_change,l-05,0.267461608
t-i01-t-17-5,tid2013,t-i01,t-17,5,0,tid2013/01/i01_17_5.png,tid2013/01/i01.png,31.2467,contrast_change,l-05,-2.801861955
t-i01-t-18-1,tid2013,t-i01,t-18,1,0,tid2013/01/i01_18_1.png,tid2013/01/i01.png,31.2467,change_of_color_saturation,l-05,-0.970268394
t-i01-t-18-2,tid2013,t-i01,t-18,2,0,tid2013/01/i01_18_2.png,tid2013/01/i01.png,31.2467,change_of_color_saturation,l-05,-1.299601163
t-i01-t-18-3,tid2013,t-i01,t-18,3,0,tid2013/01/i01_18_3.png,tid2013/01/i01.png,31.2467,change_of_color_saturation,l-05,-1.690395502
t-i01-t-18-4,tid2013,t-i01,t-18,4,0,tid2013/01/i01_18_4.png,tid2013/01/i01.png,31.2467,change_of_color_saturation,l-05,-2.263759845
t-i01-t-18-5,tid2013,t-i01,t-18,5,0,tid2013/01/i01_18_5.png,tid2013/01/i01.png,31.2467,change_of_color_saturation,l-05,-2.5917398
t-i01-t-19-1,tid2013,t-i01,t-19,1,0,tid2013/01/i01_19_1.png,tid2013/01/i01.png,31.2467,multiplicative_gaussian_noise,l-05,0.210499417
t-i01-t-19-2,tid2013,t-i01,t-19,2,0,tid2013/01/i01_19_2.png,tid2013/01/i01.png,31.2467,multiplicative_gaussian_noise,l-05,-0.033119957
t-i01-t-19-3,tid2013,t-i01,t-19,3,0,tid2013/01/i01_19_3.png,tid2013/01/i01.png,31.2467,multiplicative_gaussian_noise,l-05,-0.440357246
t-i01-t-19-4,tid2013,t-i01,t-19,4,0,tid2013/01/i01_19_4.png,tid2013/01/i01.png,31.2467,multiplicative_gaussian_noise,l-05,-0.891005869
t-i01-t-19-5,tid2013,t-i01,t-19,5,0,tid2013/01/i01_19_5.png,tid2013/01/i01.png,31.2467,multiplicative_gaussian_noise,l-05,-1.619521983
t-i01-t-20-1,tid2013,t-i01,t-20,1,0,tid2013/01/i01_20_1.png,tid2013/01/i01.png,31.2467,comfort_noise,l-05,0.246018816
t-i01-t-20-2,tid2013,t-i01,t-20,2,0,tid2013/01/i01_20_2.png,tid2013/01/i01.png,31.2467,comfort_noise,l-05,0.139549627
t-i01-t-20-3,tid2013,t-i01,t-20,3,0,tid2013/01/i01_20_3.png,tid2013/01/i01.png,31.2467,comfort_noise,l-05,0.213557751
t-i01-t-20-4,tid2013,t-i01,t-20,4,0,tid2013/01/i01_20_4.png,tid2013/01/i01.png,31.2467,comfort_noise,l-05,-0.330553394
t-i01-t-20-5,tid2013,t-i01,t-20,5,0,tid2013/01/i01_20_5.png,tid2013/01/i01.png,31.2467,comfort_noise,l-05,-1.145986619
t-i01-t-21-1,tid2013,t-i01,t-21,1,0,tid2013/01/i01_21_1.png,tid2013/01/i01.png,31.2467,lossy_compression_of_noisy_images,l-05,0.050171136
t-i01-t-21-2,tid2013,t-i01,t-21,2,0,tid2013/01/i01_21_2.png,tid2013/01/i01.png,31.2467,lossy_compression_of_noisy_images,l-05,-0.336121476
t-i01-t-21-3,tid2013,t-i01,t-21,3,0,tid2013/01/i01_21_3.png,tid2013/01/i01.png,31.2467,lossy_compression_of_noisy_images,l-05,-0.836751563
t-i01-t-21-4,tid2013,t-i01,t-21,4,0,tid2013/01/i01_21_4.png,tid2013/01/i01.png,31.2467,lossy_compression_of_noisy_images,l-05,-1.392080267
t-i01-t-21-5,tid2013,t-i01,t-21,5,0,tid2013/01/i01_21_5.png,tid2013/01/i01.png,31.2467,lossy_compression_of_noisy_images,l-05,-2.799501941
t-i01-t-22-1,tid2013,t-i01,t-22,1,0,tid2013/01/i01_22_1.png,tid2013/01/i01.png,31.2467,image_color_quantization_with_dither,l-05,-0.038368643
t-i01-t-22-2,tid2013,t-i01,t-22,2,0,tid2013/01/i01_22_2.png,tid2013/01/i01.png,31.2467,image_color_quantization_with_dither,l-05,-0.393401178
t-i01-t-22-3,tid2013,t-i01,t-22,3,0,tid2013/01/i01_22_3.png,tid2013/01/i01.png,31.2467,image_color_quantization_with_dither,l-05,-1.251489758
t-i01-t-22-4,tid2013,t-i01,t-22,4,0,tid2013/01/i01_22_4.png,tid2013/01/i01.png,31.2467,image_color_quantization_with_dither,l-05,-2.659694447
t-i01-t-22-5,tid2013,t-i01,t-22,5,0,tid2013/01/i01_22_5.png,tid2013/01/i01.png,31.2467,image_color_quantization_with_dither,l-05,-4.033748366
t-i01-t-23-1,tid2013,t-i01,t-23,1,0,tid2013/01/i01_23_1.png,tid2013/01/i01.png,31.2467,chromatic_aberrations,l-05,0.378715773
t-i01-t-23-2,tid2013,t-i01,t-23,2,0,tid2013/01/i01_23_2.png,tid2013/01/i01.png,31.2467,chromatic_aberrations,l-05,-0.043595892
t-i01-t-23-3,tid2013,t-i01,t-23,3,0,tid2013/01/i01_23_3.png,tid2013/01/i01.png,31.2467,chromatic_aberrations,l-05,0.13437471
t-i01-t-23-4,tid2013,t-i01,t-23,4,0,tid2013/01/i01_23_4.png,tid2013/01/i01.png,31.2467,chromatic_aberrations,l-05,-0.696250749
t-i01-t-23-5,tid2013,t-i01,t-23,5,0,tid2013/01/i01_23_5.png,tid2013/01/i01.png,31.2467,chromatic_aberrations,l-05,-3.816702076
t-i01-t-24-1,tid2013,t-i01,t-24,1,0,tid2013/01/i01_24_1.png,tid2013/01/i01.png,31.2467,sparse_sampling_and_reconstruction,l-05,0.031616727
t-i01-t-24-2,tid2013,t-i01,t-24,2,0,tid2013/01/i01_24_2.png,tid2013/01/i01.png,31.2467,sparse_sampling_and_reconstruction,l-05,0.076284169
t-i01-t-24-3,tid2013,t-i01,t-24,3,0,tid2013/01/i01_24_3.png,tid2013/01/i01.png,31.2467,sparse_sampling_and_reconstruction,l-05,-0.607179435
t-i01-t-24-4,tid2013,t-i01,t-24,4,0,tid2013/01/i01_24_4.png,tid2013/01/i01.png,31.2467,sparse_sampling_and_reconstruction,l-05,-2.747077821
t-i01-t-24-5,tid2013,t-i01,t-24,5,0,tid2013/01/i01_24_5.png,tid2013/01/i01.png,31.2467,sparse_sampling_and_reconstruction,l-05,-5.781255702
t-i02-t-01-1,tid2013,t-i02,t-01,1,0,tid2013/02/i02_01_1.png,tid2013/02/i02.png,31.2467,additive_gaussian_noise,-,0.145255143
t-i02-t-01-2,tid2013,t-i02,t-01,2,0,tid2013/02/i02_01_2.png,tid2013/02/i02.png,31.2467,additive_gaussian_noise,-,-0.129375535
t-i02-t-01-3,tid2013,t-i02,t-01,3,0,tid2013/02/i02_01_3.png,tid2013/02/i02.png,31.2467,additive_gaussian_noise,-,-0.511855511
t-i02-t-01-4,tid2013,t-i02,t-01,4,0,tid2013/02/i02_01_4.png,tid2013/02/i02.png,31.2467,additive_gaussian_noise,-,-1.480440657
t-i02-t-01-5,tid2013,t-i02,t-01,5,0,tid2013/02/i02_01_5.png,tid2013/02/i02.png,31.2467,additive_gaussian_noise,-,-1.992764721
t-i02-t-02-1,tid2013,t-i02,t-02,1,0,tid2013/02/i02_02_1.png,tid2013/02/i02.png,31.2467,additive_noise_in_color_more_intensive_than_additive_noise_in_the_luminance,-,0.407129263
t-i02-t-02-2,tid2013,t-i02,t-02,2,0,tid2013/02/i02_02_2.png,tid2013/02/i02.png,31.2467,additive_noise_in_color_more_intensive_than_additive_noise_in_the_luminance,-,0.273730431
t-i02-t-02-3,tid2013,t-i02,t-02,3,0,tid2013/02/i02_02_3.png,tid2013/02/i02.png,31.2467,additive_noise_in_color_more_intensive_than_additive_noise_in_the_luminance,-,0.239068268
t-i02-t-02-4,tid2013,t-i02,t-02,4,0,tid2013/02/i02_02_4.png,tid2013/02/i02.png,31.2467,additive_noise_in_color_more_intensive_than_additive_noise_in_the_luminance,-,-0.401734856
t-i02-t-02-5,tid2013,t-i02,t-02,5,0,tid2013/02/i02_02_5.png,tid2013/02/i02.png,31.2467,additive_noise_in_color_more_intensive_than_additive_noise_in_the_luminance,-,-1.377390056
t-i02-t-03-1,tid2013,t-i02,t-03,1,0,tid2013/02/i02_03_1.png,tid2013/02/i02.png,31.2467,spatially_correlated_noise,-,-0.559274137
t-i02-t-03-2,tid2013,t-i02,t-03,2,0,tid2013/02/i02_03_2.png,tid2013/02/i02.png,31.2467,spatially_correlated_noise,-,-1.358203515
t-i02-t-03-3,tid2013,t-i02,t-03,3,0,tid2013/02/i02_03_3.png,tid2013/02/i02.png,31.2467,spatially_correlated_noise,-,-2.100600355
t-i02-t-03-4,tid2013,t-i02,t-03,4,0,tid2013/02/i02_03_4.png,tid2013/02/i02.png,31.2467,spatially_correlated_noise,-,-2.898392435
t-i02-t-03-5,tid2013,t-i02,t-03,5,0,tid2013/02/i02_03_5.png,tid2013/02/i02.png,31.2467,spatially_correlated_noise,-,-3.620691161
t-i02-t-04-1,tid2013,t-i02,t-04,1,0,tid2013/02/i02_04_1.png,tid2013/02/i02.png,31.2467,masked_noise,-,0.585109929
t-i02-t-04-2,tid2013,t-i02,t-04,2,0,tid2013/02/i02_04_2.png,tid2013/02/i02.png,31.2467,masked_noise,-,0.306825948
t-i02-t-04-3,tid2013,t-i02,t-04,3,0,tid2013/02/i02_04_3.png,tid2013/02/i02.png,31.2467,masked_noise,-,-0.18845683
t-i02-t-04-4,tid2013,t-i02,t-04,4,0,tid2013/02/i02_04_4.png,tid2013/02/i02.png,31.2467,masked_noise,-,-0.669327847
t-i02-t-04-5,tid2013,t-i02,t-04,5,0,tid2013/02/i02_04_5.png,tid2013/02/i02.png,31.2467,masked_noise,-,-1.492089434
t-i02-t-05-1,tid2013,t-i02,t-05,1,0,tid2013/02/i02_05_1.png,tid2013/02/i02.png,31.2467,high_frequency_noise,-,0.450648621
t-i02-t-05-2,tid2013,t-i02,t-05,2,0,tid2013/02/i02_05_2.png,tid2013/02/i02.png,31.2467,high_frequency_noise,-,0.335096799
t-i02-t-05-3,tid2013,t-i02,t-05,3,0,tid2013/02/i02_05_3.png,tid2013/02/i02.png,31.2467,high_frequency_noise,-,-0.188010815
t-i02-t-05-4,tid2013,t-i02,t-05,4,0,tid2013/02/i02_05_4.png,tid2013/02/i02.png,31.2467,high_frequency_noise,-,-1.519697652
t-i02-t-05-5,tid2013,t-i02,t-05,5,0,tid2013/02/i02_05_5.png,tid2013/02/i02.png,31.2467,high_frequency_noise,-,-2.860816388
t-i02-t-06-1,tid2013,t-i02,t-06,1,0,tid2013/02/i02_06_1.png,tid2013/02/i02.png,31.2467,impulse_noise,-,-1.143351666
t-i02-t-06-2,tid2013,t-i02,t-06,2,0,tid2013/02/i02_06_2.png,tid2013/02/i02.png,31.2467,impulse_noise,-,-1.464519111
t-i02-t-06-3,tid2013,t-i02,t-06,3,0,tid2013/02/i02_06_3.png,tid2013/02/i02.png,31.2467,impulse_noise,-,-2.296756657
t-i02-t-06-4,tid2013,t-i02,t-06,4,0,tid2013/02/i02_06_4.png,tid2013/02/i02.png,31.2467,impulse_noise,-,-2.659752864
t-i02-t-06-5,tid2013,t-i02,t-06,5,0,tid2013/02/i02_06_5.png,tid2013/02/i02.png,31.2467,impulse_noise,-,-3.32611391
t-i02-t-07-1,tid2013,t-i02,t-07,1,0,tid2013/02/i02_07_1.png,tid2013/02/i02.png,31.2467,quantization_noise,-,0.241189273
t-i02-t-07-2,tid2013,t-i02,t-07,2,0,tid2013/02/i02_07_2.png,tid2013/02/i02.png,31.2467,quantization_noise,-,-0.154455768
t-i02-t-07-3,tid2013,t-i02,t-07,3,0,tid2013/02/i02_07_3.png,tid2013/02/i02.png,31.2467,quantization_noise,-,-2.067338868
t-i02-t-07-4,tid2013,t-i02,t-07,4,0,tid2013/02/i02_07_4.png,tid2013/02/i02.png,31.2467,quantization_noise,-,-2.299734236
t-i02-t-07-5,tid2013,t-i02,t-07,5,0,tid2013/02/i02_07_5.png,tid2013/02/i02.png,31.2467,quantization_noise,-,-3.581995485
t-i02-t-08-1,tid2013,t-i02,t-08,1,0,tid2013/02/i02_08_1.png,tid2013/02/i02.png,31.2467,gaussian_blur,-,0.30439632
t-i02-t-08-2,tid2013,t-i02,t-08,2,0,tid2013/02/i02_08_2.png,tid2013/02/i02.png,31.2467,gaussian_blur,-,-0.40578203
t-i02-t-08-3,tid2013,t-i02,t-08,3,0,tid2013/02/i02_08_3.png,tid2013/02/i02.png,31.2467,gaussian_blur,-,-1.177064765
t-i02-t-08-4,tid2013,t-i02,t-08,4,0,tid2013/02/i02_08_4.png,tid2013/02/i02.png,31.2467,gaussian_blur,-,-2.224679699
t-i02-t-08-5,tid2013,t-i02,t-08,5,0,tid2013/02/i02_08_5.png,tid2013/02/i02.png,31.2467,gaussian_blur,-,-3.524779059
t-i02-t-09-1,tid2013,t-i02,t-09,1,0,tid2013/02/i02_09_1.png,tid2013/02/i02.png,31.2467,image_denoising,-,0.389032929
t-i02-t-09-2,tid2013,t-i02,t-09,2,0,tid2013/02/i02_09_2.png,tid2013/02/i02.png,31.2467,image_denoising,-,-0.035599692
t-i02-t-09-3,tid2013,t-i02,t-09,3,0,tid2013/02/i02_09_3.png,tid2013/02/i02.png,31.2467,image_denoising,-,-0.963157756
t-i02-t-09-4,tid2013,t-i02,t-09,4,0,tid2013/02/i02_09_4.png,tid2013/02/i02.png,31.2467,image_denoising,-,-2.491085011
t-i02-t-09-5,tid2013,t-i02,t-09,5,0,tid2013/02/i02_09_5.png,tid2013/02/i02.png,31.2467,image_denoising,-,-4.51971933
t-i02-t-10-1,tid2013,t-i02,t-10,1,0,tid2013/02/i02_10_1.png,tid2013/02/i02.png,31.2467,JPEG_compression,-,0.214586785
t-i02-t-10-2,tid2013,t-i02,t-10,2,0,tid2013/02/i02_10_2.png,tid2013/02/i02.png,31.2467,JPEG_compression,-,0.303877535
t-i02-t-10-3,tid2013,t-i02,t-10,3,0,tid2013/02/i02_10_3.png,tid2013/02/i02.png,31.2467,JPEG_compression,-,-0.248628508
t-i02-t-10-4,tid2013,t-i02,t-10,4,0,tid2013/02/i02_10_4.png,tid2013/02/i02.png,31.2467,JPEG_compression,-,-2.609473158
t-i02-t-10-5,tid2013,t-i02,t-10,5,0,tid2013/02/i02_10_5.png,tid2013/02/i02.png,31.2467,JPEG_compression,-,-4.260526623
t-i02-t-11-1,tid2013,t-i02,t-11,1,0,tid2013/02/i02_11_1.png,tid2013/02/i02.png,31.2467,JPEG2000_compression,-,0.043019275
t-i02-t-11-2,tid2013,t-i02,t-11,2,0,tid2013/02/i02_11_2.png,tid2013/02/i02.png,31.2467,JPEG2000_compression,-,-0.709011698
t-i02-t-11-3,tid2013,t-i02,t-11,3,0,tid2013/02/i02_11_3.png,tid2013/02/i02.png,31.2467,JPEG2000_compression,-,-3.640162965
t-i02-t-11-4,tid2013,t-i02,t-11,4,0,tid2013/02/i02_11_4.png,tid2013/02/i02.png,31.2467,JPEG2000_compression,-,-5.548257195
t-i02-t-11-5,tid2013,t-i02,t-11,5,0,tid2013/02/i02_11_5.png,tid2013/02/i02.png,31.2467,JPEG2000_compression,-,-6.7242234
t-i02-t-12-1,tid2013,t-i02,t-12,1,0,tid2013/02/i02_12_1.png,tid2013/02/i02.png,31.2467,JPEG_transmission_errors,-,-0.520740138
t-i02-t-12-2,tid2013,t-i02,t-12,2,0,tid2013/02/i02_12_2.png,tid2013/02/i02.png,31.2467,JPEG_transmission_errors,-,-1.417739313
t-i02-t-12-3,tid2013,t-i02,t-12,3,0,tid2013/02/i02_12_3.png,tid2013/02/i02.png,31.2467,JPEG_transmission_errors,-,-3.401535051
t-i02-t-12-4,tid2013,t-i02,t-12,4,0,tid2013/02/i02_12_4.png,tid2013/02/i02.png,31.2467,JPEG_transmission_errors,-,-4.13695877
t-i02-t-12-5,tid2013,t-i02,t-12,5,0,tid2013/02/i02_12_5.png,tid2013/02/i02.png,31.2467,JPEG_transmission_errors,-,-4.840018669
t-i02-t-13-1,tid2013,t-i02,t-13,1,0,tid2013/02/i02_13_1.png,tid2013/02/i02.png,31.2467,JPEG2000_transmission_errors,-,-1.204723989
t-i02-t-13-2,tid2013,t-i02,t-13,2,0,tid2013/02/i02_13_2.png,tid2013/02/i02.png,31.2467,JPEG2000_transmission_errors,-,-1.800108115
t-i02-t-13-3,tid2013,t-i02,t-13,3,0,tid2013/02/i02_13_3.png,tid2013/02/i02.png,31.2467,JPEG2000_transmission_errors,-,-2.608569034
t-i02-t-13-4,tid2013,t-i02,t-13,4,0,tid2013/02/i02_13_4.png,tid2013/02/i02.png,31.2467,JPEG2000_transmission_errors,-,-3.812806949
t-i02-t-13-5,tid2013,t-i02,t-13,5,0,tid2013/02/i02_13_5.png,tid2013/02/i02.png,31.2467,JPEG2000_transmission_errors,-,-2.586596358
t-i02-t-14-1,tid2013,t-i02,t-14,1,0,tid2013/02/i02_14_1.png,tid2013/02/i02.png,31.2467,non_eccentricity_pattern_noise,-,0.017674205
t-i02-t-14-2,tid2013,t-i02,t-14,2,0,tid2013/02/i02_14_2.png,tid2013/02/i02.png,31.2467,non_eccentricity_pattern_noise,-,0.309073483
t-i02-t-14-3,tid2013,t-i02,t-14,3,0,tid2013/02/i02_14_3.png,tid2013/02/i02.png,31.2467,non_eccentricity_pattern_noise,-,-0.245525417
t-i02-t-14-4,tid2013,t-i02,t-14,4,0,tid2013/02/i02_14_4.png,tid2013/02/i02.png,31.2467,non_eccentricity_pattern_noise,-,-0.450715887
t-i02-t-14-5,tid2013,t-i02,t-14,5,0,tid2013/02/i02_14_5.png,tid2013/02/i02.png,31.2467,non_eccentricity_pattern_noise,-,-1.447464576
t-i02-t-15-1,tid2013,t-i02,t-15,1,0,tid2013/02/i02_15_1.png,tid2013/02/i02.png,31.2467,local_block_wise_distortions_of_different_intensity,-,-2.750306367
t-i02-t-15-2,tid2013,t-i02,t-15,2,0,tid2013/02/i02_15_2.png,tid2013/02/i02.png,31.2467,local_block_wise_distortions_of_different_intensity,-,-2.541310596
t-i02-t-15-3,tid2013,t-i02,t-15,3,0,tid2013/02/i02_15_3.png,tid2013/02/i02.png,31.2467,local_block_wise_distortions_of_different_intensity,-,-2.372303482
t-i02-t-15-4,tid2013,t-i02,t-15,4,0,tid2013/02/i02_15_4.png,tid2013/02/i02.png,31.2467,local_block_wise_distortions_of_different_intensity,-,-2.222912773
t-i02-t-15-5,tid2013,t-i02,t-15,5,0,tid2013/02/i02_15_5.png,tid2013/02/i02.png,31.2467,local_block_wise_distortions_of_different_intensity,-,-1.612724282
t-i02-t-16-1,tid2013,t-i02,t-16,1,0,tid2013/02/i02_16_1.png,tid2013/02/i02.png,31.2467,intensity_shift,-,0.195084591
t-i02-t-16-2,tid2013,t-i02,t-16,2,0,tid2013/02/i02_16_2.png,tid2013/02/i02.png,31.2467,intensity_shift,-,0.265019496
t-i02-t-16-3,tid2013,t-i02,t-16,3,0,tid2013/02/i02_16_3.png,tid2013/02/i02.png,31.2467,intensity_shift,-,-0.338056031
t-i02-t-16-4,tid2013,t-i02,t-16,4,0,tid2013/02/i02_16_4.png,tid2013/02/i02.png,31.2467,intensity_shift,-,-0.594761212
t-i02-t-16-5,tid2013,t-i02,t-16,5,0,tid2013/02/i02_16_5.png,tid2013/02/i02.png,31.2467,intensity_shift,-,-1.229159177
t-i02-t-17-1,tid2013,t-i02,t-17,1,0,tid2013/02/i02_17_1.png,tid2013/02/i02.png,31.2467,contrast_change,-,0.131484504
t-i02-t-17-2,tid2013,t-i02,t-17,2,0,tid2013/02/i02_17_2.png,tid2013/02/i02.png,31.2467,contrast_change,-,0.044360521
t-i02-t-17-3,tid2013,t-i02,t-17,3,0,tid2013/02/i02_17_3.png,tid2013/02/i02.png,31.2467,contrast_change,-,-1.038131365
t-i02-t-17-4,tid2013,t-i02,t-17,4,0,tid2013/02/i02_17_4.png,tid2013/02/i02.png,31.2467,contrast_change,-,-0.880060514
t-i02-t-17-5,tid2013,t-i02,t-17,5,0,tid2013/02/i02_17_5.png,tid2013/02/i02.png,31.2467,contrast_change,-,-2.246902083
t-i02-t-18-1,tid2013,t-i02,t-18,1,0,tid2013/02/i02_18_1.png,tid2013/02/i02.png,31.2467,change_of_color_saturation,-,0.276471579
t-i02-t-18-2,tid2013,t-i02,t-18,2,0,tid2013/02/i02_18_2.png,tid2013/02/i02.png,31.2467,change_of_color_saturation,-,-0.154889492
t-i02-t-18-3,tid2013,t-i02,t-18,3,0,tid2013/02/i02_18_3.png,tid2013/02/i02.png,31.2467,change_of_color_saturation,-,-0.671616011
t-i02-t-18-4,tid2013,t-i02,t-18,4,0,tid2013/02/i02_18_4.png,tid2013/02/i02.png,31.2467,change_of_color_saturation,-,-0.71918253
t-i02-t-18-5,tid2013,t-i02,t-18,5,0,tid2013/02/i02_18_5.png,tid2013/02/i02.png,31.2467,change_of_color_saturation,-,-1.225517905
t-i02-t-19-1,tid2013,t-i02,t-19,1,0,tid2013/02/i02_19_1.png,tid2013/02/i02.png,31.2467,multiplicative_gaussian_noise,-,0.158968086
t-i02-t-19-2,tid2013,t-i02,t-19,2,0,tid2013/02/i02_19_2.png,tid2013/02/i02.png,31.2467,multiplicative_gaussian_noise,-,-0.218542231
t-i02-t-19-3,tid2013,t-i02,t-19,3,0,tid2013/02/i02_19_3.png,tid2013/02/i02.png,31.2467,multiplicative_gaussian_noise,-,-0.745884411
t-i02-t-19-4,tid2013,t-i02,t-19,4,0,tid2013/02/i02_19_4.png,tid2013/02/i02.png,31.2467,multiplicative_gaussian_noise,-,-1.4335917
t-i02-t-19-5,tid2013,t-i02,t-19,5,0,tid2013/02/i02_19_5.png,tid2013/02/i02.png,31.2467,multiplicative_gaussian_noise,-,-2.311226174
t-i02-t-20-1,tid2013,t-i02,t-20,1,0,tid2013/02/i02_20_1.png,tid2013/02/i02.png,31.2467,comfort_noise,-,0.282658593
t-i02-t-20-2,tid2013,t-i02,t-20,2,0,tid2013/02/i02_20_2.png,tid2013/02/i02.png,31.2467,comfort_noise,-,0.399294566
t-i02-t-20-3,tid2013,t-i02,t-20,3,0,tid2013/02/i02_20_3.png,tid2013/02/i02.png,31.2467,comfort_noise,-,-0.273786159
t-i02-t-20-4,tid2013,t-i02,t-20,4,0,tid2013/02/i02_20_4.png,tid2013/02/i02.png,31.2467,comfort_noise,-,-1.610925983
t-i02-t-20-5,tid2013,t-i02,t-20,5,0,tid2013/02/i02_20_5.png,tid2013/02/i02.png,31.2467,comfort_noise,-,-3.572963224
t-i02-t-21-1,tid2013,t-i02,t-21,1,0,tid2013/02/i02_21_1.png,tid2013/02/i02.png,31.2467,lossy_compression_of_noisy_images,-,0.254873439
t-i02-t-21-2,tid2013,t-i02,t-21,2,0,tid2013/02/i02_21_2.png,tid2013/02/i02.png,31.2467,lossy_compression_of_noisy_images,-,-0.260389426
t-i02-t-21-3,tid2013,t-i02,t-21,3,0,tid2013/02/i02_21_3.png,tid2013/02/i02.png,31.2467,lossy_compression_of_noisy_images,-,-1.021235287
t-i02-t-21-4,tid2013,t-i02,t-21,4,0,tid2013/02/i02_21_4.png,tid2013/02/i02.png,31.2467,lossy_compression_of_noisy_images,-,-3.040314824
t-i02-t-21-5,tid2013,t-i02,t-21,5,0,tid2013/02/i02_21_5.png,tid2013/02/i02.png,31.2467,lossy_compression_of_noisy_images,-,-4.968619256
t-i02-t-22-1,tid2013,t-i02,t-22,1,0,tid2013/02/i02_22_1.png,tid2013/02/i02.png,31.2467,image_color_quantization_with_dither,-,-0.184901728
t-i02-t-22-2,tid2013,t-i02,t-22,2,0,tid2013/02/i02_22_2.png,tid2013/02/i02.png,31.2467,image_color_quantization_with_dither,-,-0.235552565
t-i02-t-22-3,tid2013,t-i02,t-22,3,0,tid2013/02/i02_22_3.png,tid2013/02/i02.png,31.2467,image_color_quantization_with_dither,-,-1.32677548
t-i02-t-22-4,tid2013,t-i02,t-22,4,0,tid2013/02/i02_22_4.png,tid2013/02/i02.png,31.2467,image_color_quantization_with_dither,-,-2.266274019
t-i02-t-22-5,tid2013,t-i02,t-22,5,0,tid2013/02/i02_22_5.png,tid2013/02/i02.png,31.2467,image_color_quantization_with_dither,-,-4.996336849
t-i02-t-23-1,tid2013,t-i02,t-23,1,0,tid2013/02/i02_23_1.png,tid2013/02/i02.png,31.2467,chromatic_aberrations,-,0.55897476
t-i02-t-23-2,tid2013,t-i02,t-23,2,0,tid2013/02/i02_23_2.png,tid2013/02/i02.png,31.2467,chromatic_aberrations,-,-0.231031806
t-i02-t-23-3,tid2013,t-i02,t-23,3,0,tid2013/02/i02_23_3.png,tid2013/02/i02.png,31.2467,chromatic_aberrations,-,-2.653229132
t-i02-t-23-4,tid2013,t-i02,t-23,4,0,tid2013/02/i02_23_4.png,tid2013/02/i02.png,31.2467,chromatic_aberrations,-,-4.968998142
t-i02-t-23-5,tid2013,t-i02,t-23,5,0,tid2013/02/i02_23_5.png,tid2013/02/i02.png,31.2467,chromatic_aberrations,-,-7.238576143
t-i02-t-24-1,tid2013,t-i02,t-24,1,0,tid2013/02/i02_24_1.png,tid2013/02/i02.png,31.2467,sparse_sampling_and_reconstruction,-,0.275185096
t-i02-t-24-2,tid2013,t-i02,t-24,2,0,tid2013/02/i02_24_2.png,tid2013/02/i02.png,31.2467,sparse_sampling_and_reconstruction,-,-0.876974284
t-i02-t-24-3,tid2013,t-i02,t-24,3,0,tid2013/02/i02_24_3.png,tid2013/02/i02.png,31.2467,sparse_sampling_and_reconstruction,-,-3.296905393
t-i02-t-24-4,tid2013,t-i02,t-24,4,0,tid2013/02/i02_24_4.png,tid2013/02/i02.png,31.2467,sparse_sampling_and_reconstruction,-,-5.271417809
t-i02-t-24-5,tid2013,t-i02,t-24,5,0,tid2013/02/i02_24_5.png,tid2013/02/i02.png,31.2467,sparse_sampling_and_reconstruction,-,-7.049672893
t-i03-t-01-1,tid2013,t-i03,t-01,1,0,tid2013/03/i03_01_1.png,tid2013/03/i03.png,31.2467,additive_gaussian_noise,l-08,-0.446073244
t-i03-t-01-2,tid2013,t-i03,t-01,2,0,tid2013/03/i03_01_2.png,tid2013/03/i03.png,31.2467,additive_gaussian_noise,l-08,-0.891741592
t-i03-t-01-3,tid2013,t-i03,t-01,3,0,tid2013/03/i03_01_3.png,tid2013/03/i03.png,31.2467,additive_gaussian_noise,l-08,-1.398164394
t-i03-t-01-4,tid2013,t-i03,t-01,4,0,tid2013/03/i03_01_4.png,tid2013/03/i03.png,31.2467,additive_gaussian_noise,l-08,-1.975047584
t-i03-t-01-5,tid2013,t-i03,t-01,5,0,tid2013/03/i03_01_5.png,tid2013/03/i03.png,31.2467,additive_gaussian_noise,l-08,-2.511081324
t-i03-t-02-1,tid2013,t-i03,t-02,1,0,tid2013/03/i03_02_1.png,tid2013/03/i03.png,31.2467,additive_noise_in_color_more_intensive_than_additive_noise_in_the_luminance,l-08,-0.00333606
t-i03-t-02-2,tid2013,t-i03,t-02,2,0,tid2013/03/i03_02_2.png,tid2013/03/i03.png,31.2467,additive_noise_in_color_more_intensive_than_additive_noise_in_the_luminance,l-08,-0.171660167
t-i03-t-02-3,tid2013,t-i03,t-02,3,0,tid2013/03/i03_02_3.png,tid2013/03/i03.png,31.2467,additive_noise_in_color_more_intensive_than_additive_noise_in_the_luminance,l-08,-0.851936131
t-i03-t-02-4,tid2013,t-i03,t-02,4,0,tid2013/03/i03_02_4.png,tid2013/03/i03.png,31.2467,additive_noise_in_color_more_intensive_than_additive_noise_in_the_luminance,l-08,-1.240848583
t-i03-t-02-5,tid2013,t-i03,t-02,5,0,tid2013/03/i03_02_5.png,tid2013/03/i03.png,31.2467,additive_noise_in_color_more_intensive_than_additive_noise_in_the_luminance,l-08,-1.672250234
t-i03-t-03-1,tid2013,t-i03,t-03,1,0,tid2013/03/i03_03_1.png,tid2013/03/i03.png,31.2467,spatially_correlated_noise,l-08,-1.639650026
t-i03-t-03-2,tid2013,t-i03,t-03,2,0,tid2013/03/i03_03_2.png,tid2013/03/i03.png,31.2467,spatially_correlated_noise,l-08,-2.268356576
t-i03-t-03-3,tid2013,t-i03,t-03,3,0,tid2013/03/i03_03_3.png,tid2013/03/i03.png,31.2467,spatially_correlated_noise,l-08,-2.802140951
t-i03-t-03-4,tid2013,t-i03,t-03,4,0,tid2013/03/i03_03_4.png,tid2013/03/i03.png,31.2467,spatially_correlated_noise,l-08,-3.474191127
t-i03-t-03-5,tid2013,t-i03,t-03,5,0,tid2013/03/i03_03_5.png,tid2013/03/i03.png,31.2467,spatially_correlated_noise,l-08,-4.145727491
t-i03-t-04-1,tid2013,t-i03,t-04,1,0,tid2013/03/i03_04_1.png,tid2013/03/i03.png,31.2467,masked_noise,l-08,0.073206953
t-i03-t-04-2,tid2013,t-i03,t-04,2,0,tid2013/03/i03_04_2.png,tid2013/03/i03.png,31.2467,masked_noise,l-08,-0.405443604
t-i03-t-04-3,tid2013,t-i03,t-04,3,0,tid2013/03/i03_04_3.png,tid2013/03/i03.png,31.2467,masked_noise,l-08,-0.928400829
t-i03-t-04-4,tid2013,t-i03,t-04,4,0,tid2013/03/i03_04_4.png,tid2013/03/i03.png,31.2467,masked_noise,l-08,-1.617135993
t-i03-t-04-5,tid2013,t-i03,t-04,5,0,tid2013/03/i03_04_5.png,tid2013/03/i03.png,31.2467,masked_noise,l-08,-2.875351534
t-i03-t-05-1,tid2013,t-i03,t-05,1,0,tid2013/03/i03_05_1.png,tid2013/03/i03.png,31.2467,high_frequency_noise,l-08,0.217177741
t-i03-t-05-2,tid2013,t-i03,t-05,2,0,tid2013/03/i03_05_2.png,tid2013/03/i03.png,31.2467,high_frequency_noise,l-08,-0.285404804
t-i03-t-05-3,tid2013,t-i03,t-05,3,0,tid2013/03/i03_05_3.png,tid2013/03/i03.png,31.2467,high_frequency_noise,l-08,-1.000248061
t-i03-t-05-4,tid2013,t-i03,t-05,4,0,tid2013/03/i03_05_4.png,tid2013/03/i03.png,31.2467,high_frequency_noise,l-08,-1.986620022
t-i03-t-05-5,tid2013,t-i03,t-05,5,0,tid2013/03/i03_05_5.png,tid2013/03/i03.png,31.2467,high_frequency_noise,l-08,-3.20944002
t-i03-t-06-1,tid2013,t-i03,t-06,1,0,tid2013/03/i03_06_1.png,tid2013/03/i03.png,31.2467,impulse_noise,l-08,-1.229521194
t-i03-t-06-2,tid2013,t-i03,t-06,2,0,tid2013/03/i03_06_2.png,tid2013/03/i03.png,31.2467,impulse_noise,l-08,-1.722515048
t-i03-t-06-3,tid2013,t-i03,t-06,3,0,tid2013/03/i03_06_3.png,tid2013/03/i03.png,31.2467,impulse_noise,l-08,-2.304116884
t-i03-t-06-4,tid2013,t-i03,t-06,4,0,tid2013/03/i03_06_4.png,tid2013/03/i03.png,31.2467,impulse_noise,l-08,-2.676754116
t-i03-t-06-5,tid2013,t-i03,t-06,5,0,tid2013/03/i03_06_5.png,tid2013/03/i03.png,31.2467,impulse_noise,l-08,-3.299443865
t-i03-t-07-1,tid2013,t-i03,t-07,1,0,tid2013/03/i03_07_1.png,tid2013/03/i03.png,31.2467,quantization_noise,l-08,-1.196082126
t-i03-t-07-2,tid2013,t-i03,t-07,2,0,tid2013/03/i03_07_2.png,tid2013/03/i03.png,31.2467,quantization_noise,l-08,-2.105090691
t-i03-t-07-3,tid2013,t-i03,t-07,3,0,tid2013/03/i03_07_3.png,tid2013/03/i03.png,31.2467,quantization_noise,l-08,-2.569029003
t-i03-t-07-4,tid2013,t-i03,t-07,4,0,tid2013/03/i03_07_4.png,tid2013/03/i03.png,31.2467,quantization_noise,l-08,-2.60843134
t-i03-t-07-5,tid2013,t-i03,t-07,5,0,tid2013/03/i03_07_5.png,tid2013/03/i03.png,31.2467,quantization_noise,l-08,-3.271565235
t-i03-t-08-1,tid2013,t-i03,t-08,1,0,tid2013/03/i03_08_1.png,tid2013/03/i03.png,31.2467,gaussian_blur,l-08,0.113196815
t-i03-t-08-2,tid2013,t-i03,t-08,2,0,tid2013/03/i03_08_2.png,tid2013/03/i03.png,31.2467,gaussian_blur,l-08,-0.533042909
t-i03-t-08-3,tid2013,t-i03,t-08,3,0,tid2013/03/i03_08_3.png,tid2013/03/i03.png,31.2467,gaussian_blur,l-08,-1.604884941
t-i03-t-08-4,tid2013,t-i03,t-08,4,0,tid2013/03/i03_08_4.png,tid2013/03/i03.png,31.2467,gaussian_blur,l-08,-2.597056459
t-i03-t-08-5,tid2013,t-i03,t-08,5,0,tid2013/03/i03_08_5.png,tid2013/03/i03.png,31.2467,gaussian_blur,l-08,-3.926403159
t-i03-t-09-1,tid2013,t-i03,t-09,1,0,tid2013/03/i03_09_1.png,tid2013/03/i03.png,31.2467,image_denoising,l-08,0.28989484
t-i03-t-09-2,tid2013,t-i03,t-09,2,0,tid2013/03/i03_09_2.png,tid2013/03/i03.png,31.2467,image_denoising,l-08,0.05176494
t-i03-t-09-3,tid2013,t-i03,t-09,3,0,tid2013/03/i03_09_3.png,tid2013/03/i03.png,31.2467,image_denoising,l-08,-0.699127619
t-i03-t-09-4,tid2013,t-i03,t-09,4,0,tid2013/03/i03_09_4.png,tid2013/03/i03.png,31.2467,image_denoising,l-08,-2.552780308
t-i03-t-09-5,tid2013,t-i03,t-09,5,0,tid2013/03/i03_09_5.png,tid2013/03/i03.png,31.2467,image_denoising,l-08,-4.883891971
t-i03-t-10-1,tid2013,t-i03,t-10,1,0,tid2013/03/i03_10_1.png,tid2013/03/i03.png,31.2467,JPEG_compression,l-08,0.161922966
t-i03-t-10-2,tid2013,t-i03,t-10,2,0,tid2013/03/i03_10_2.png,tid2013/03/i03.png,31.2467,JPEG_compression,l-08,-0.348522148
t-i03-t-10-3,tid2013,t-i03,t-10,3,0,tid2013/03/i03_10_3.png,tid2013/03/i03.png,31.2467,JPEG_compression,l-08,-1.16165483
t-i03-t-10-4,tid2013,t-i03,t-10,4,0,tid2013/03/i03_10_4.png,tid2013/03/i03.png,31.2467,JPEG_compression,l-08,-3.435565626
t-i03-t-10-5,tid2013,t-i03,t-10,5,0,tid2013/03/i03_10_5.png,tid2013/03/i03.png,31.2467,JPEG_compression,l-08,-5.036059192
t-i03-t-11-1,tid2013,t-i03,t-11,1,0,tid2013/03/i03_11_1.png,tid2013/03/i03.png,31.2467,JPEG2000_compression,l-08,-0.830515149
t-i03-t-11-2,tid2013,t-i03,t-11,2,0,tid2013/03/i03_11_2.png,tid2013/03/i03.png,31.2467,JPEG2000_compression,l-08,-2.43924016
t-i03-t-11-3,tid2013,t-i03,t-11,3,0,tid2013/03/i03_11_3.png,tid2013/03/i03.png,31.2467,JPEG2000_compression,l-08,-4.096476455
t-i03-t-11-4,tid2013,t-i03,t-11,4,0,tid2013/03/i03_11_4.png,tid2013/03/i03.png,31.2467,JPEG2000_compression,l-08,-5.922049229
t-i03-t-11-5,tid2013,t-i03,t-11,5,0,tid2013/03/i03_11_5.png,tid2013/03/i03.png,31.2467,JPEG2000_compression,l-08,-7.571034381
t-i03-t-12-1,tid2013,t-i03,t-12,1,0,tid2013/03/i03_12_1.png,tid2013/03/i03.png,31.2467,JPEG_transmission_errors,l-08,-0.893845787
t-i03-t-12-2,tid2013,t-i03,t-12,2,0,tid2013/03/i03_12_2.png,tid2013/03/i03.png,31.2467,JPEG_transmission_errors,l-08,-2.174554764
t-i03-t-12-3,tid2013,t-i03,t-12,3,0,tid2013/03/i03_12_3.png,tid2013/03/i03.png,31.2467,JPEG_transmission_errors,l-08,-4.015550277
t-i03-t-12-4,tid2013,t-i03,t-12,4,0,tid2013/03/i03_12_4.png,tid2013/03/i03.png,31.2467,JPEG_transmission_errors,l-08,-3.937930928
t-i03-t-12-5,tid2013,t-i03,t-12,5,0,tid2013/03/i03_12_5.png,tid2013/03/i03.png,31.2467,JPEG_transmission_errors,l-08,-4.993896661
t-i03-t-13-1,tid2013,t-i03,t-13,1,0,tid2013/03/i03_13_1.png,tid2013/03/i03.png,31.2467,JPEG2000_transmission_errors,l-08,-0.999608742
t-i03-t-13-2,tid2013,t-i03,t-13,2,0,tid2013/03/i03_13_2.png,tid2013/03/i03.png,31.2467,JPEG2000_transmission_errors,l-08,-3.218858135
t-i03-t-13-3,tid2013,t-i03,t-13,3,0,tid2013/03/i03_13_3.png,tid2013/03/i03.png,31.2467,JPEG2000_transmission_errors,l-08,-2.592559119
t-i03-t-13-4,tid2013,t-i03,t-13,4,0,tid2013/03/i03_13_4.png,tid2013/03/i03.png,31.2467,JPEG2000_transmission_errors,l-08,-3.902228722
t-i03-t-13-5,tid2013,t-i03,t-13,5,0,tid2013/03/i03_13_5.png,tid2013/03/i03.png,31.2467,JPEG2000_transmission_errors,l-08,-5.049322705
t-i03-t-14-1,tid2013,t-i03,t-14,1,0,tid2013/03/i03_14_1.png,tid2013/03/i03.png,31.2467,non_eccentricity_pattern_noise,l-08,-1.189101163
t-i03-t-14-2,tid2013,t-i03,t-14,2,0,tid2013/03/i03_14_2.png,tid2013/03/i03.png,31.2467,non_eccentricity_pattern_noise,l-08,-0.188549888
t-i03-t-14-3,tid2013,t-i03,t-14,3,0,tid2013/03/i03_14_3.png,tid2013/03/i03.png,31.2467,non_eccentricity_pattern_noise,l-08,-1.21178878
t-i03-t-14-4,tid2013,t-i03,t-14,4,0,tid2013/03/i03_14_4.png,tid2013/03/i03.png,31.2467,non_eccentricity_pattern_noise,l-08,-1.792350017
t-i03-t-14-5,tid2013,t-i03,t-14,5,0,tid2013/03/i03_14_5.png,tid2013/03/i03.png,31.2467,non_eccentricity_pattern_noise,l-08,-3.190181072
t-i03-t-15-1,tid2013,t-i03,t-15,1,0,tid2013/03/i03_15_1.png,tid2013/03/i03.png,31.2467,local_block_wise_distortions_of_different_intensity,l-08,-2.70839764
t-i03-t-15-2,tid2013,t-i03,t-15,2,0,tid2013/03/i03_15_2.png,tid2013/03/i03.png,31.2467,local_block_wise_distortions_of_different_intensity,l-08,-2.514101977
t-i03-t-15-3,tid2013,t-i03,t-15,3,0,tid2013/03/i03_15_3.png,tid2013/03/i03.png,31.2467,local_block_wise_distortions_of_different_intensity,l-08,-2.439490085
t-i03-t-15-4,tid2013,t-i03,t-15,4,0,tid2013/03/i03_15_4.png,tid2013/03/i03.png,31.2467,local_block_wise_distortions_of_different_intensity,l-08,-1.940924192
t-i03-t-15-5,tid2013,t-i03,t-15,5,0,tid2013/03/i03_15_5.png,tid2013/03/i03.png,31.2467,local_block_wise_distortions_of_different_intensity,l-08,-1.567203895
t-i03-t-16-1,tid2013,t-i03,t-16,1,0,tid2013/03/i03_16_1.png,tid2013/03/i03.png,31.2467,intensity_shift,l-08,0.532966163
t-i03-t-16-2,tid2013,t-i03,t-16,2,0,tid2013/03/i03_16_2.png,tid2013/03/i03.png,31.2467,intensity_shift,l-08,0.283694323
t-i03-t-16-3,tid2013,t-i03,t-16,3,0,tid2013/03/i03_16_3.png,tid2013/03/i03.png,31.2467,intensity_shift,l-08,-0.168546877
t-i03-t-16-4,tid2013,t-i03,t-16,4,0,tid2013/03/i03_16_4.png,tid2013/03/i03.png,31.2467,intensity_shift,l-08,-0.132085841
t-i03-t-16-5,tid2013,t-i03,t-16,5,0,tid2013/03/i03_16_5.png,tid2013/03/i03.png,31.2467,intensity_shift,l-08,-1.14215291
t-i03-t-17-1,tid2013,t-i03,t-17,1,0,tid2013/03/i03_17_1.png,tid2013/03/i03.png,31.2467,contrast_change,l-08,0.005459196
t-i03-t-17-2,tid2013,t-i03,t-17,2,0,tid2013/03/i03_17_2.png,tid2013/03/i03.png,31.2467,contrast_change,l-08,0.470171139
t-i03-t-17-3,tid2013,t-i03,t-17,3,0,tid2013/03/i03_17_3.png,tid2013/03/i03.png,31.2467,contrast_change,l-08,-0.866802971
t-i03-t-17-4,tid2013,t-i03,t-17,4,0,tid2013/03/i03_17_4.png,tid2013/03/i03.png,31.2467,contrast_change,l-08,0.19322656
t-i03-t-17-5,tid2013,t-i03,t-17,5,0,tid2013/03/i03_17_5.png,tid2013/03/i03.png,31.2467,contrast_change,l-08,-2.551996379
t-i03-t-18-1,tid2013,t-i03,t-18,1,0,tid2013/03/i03_18_1.png,tid2013/03/i03.png,31.2467,change_of_color_saturation,l-08,-0.246325246
t-i03-t-18-2,tid2013,t-i03,t-18,2,0,tid2013/03/i03_18_2.png,tid2013/03/i03.png,31.2467,change_of_color_saturation,l-08,-0.346246839
t-i03-t-18-3,tid2013,t-i03,t-18,3,0,tid2013/03/i03_18_3.png,tid2013/03/i03.png,31.2467,change_of_color_saturation,l-08,-0.462340705
t-i03-t-18-4,tid2013,t-i03,t-18,4,0,tid2013/03/i03_18_4.png,tid2013/03/i03.png,31.2467,change_of_color_saturation,l-08,-1.096314435
t-i03-t-18-5,tid2013,t-i03,t-18,5,0,tid2013/03/i03_18_5.png,tid2013/03/i03.png,31.2467,change_of_color_saturation,l-08,-1.519982495
t-i03-t-19-1,tid2013,t-i03,t-19,1,0,tid2013/03/i03_19_1.png,tid2013/03/i03.png,31.2467,multiplicative_gaussian_noise,l-08,-0.577645573
t-i03-t-19-2,tid2013,t-i03,t-19,2,0,tid2013/03/i03_19_2.png,tid2013/03/i03.png,31.2467,multiplicative_gaussian_noise,l-08,-1.105236542
t-i03-t-19-3,tid2013,t-i03,t-19,3,0,tid2013/03/i03_19_3.png,tid2013/03/i03.png,31.2467,multiplicative_gaussian_noise,l-08,-1.702934331
t-i03-t-19-4,tid2013,t-i03,t-19,4,0,tid2013/03/i03_19_4.png,tid2013/03/i03.png,31.2467,multiplicative_gaussian_noise,l-08,-2.269171141
t-i03-t-19-5,tid2013,t-i03,t-19,5,0,tid2013/03/i03_19_5.png,tid2013/03/i03.png,31.2467,multiplicative_gaussian_noise,l-08,-2.87193379
t-i03-t-20-1,tid2013,t-i03,t-20,1,0,tid2013/03/i03_20_1.png,tid2013/03/i03.png,31.2467,comfort_noise,l-08,-0.132998643
t-i03-t-20-2,tid2013,t-i03,t-20,2,0,tid2013/03/i03_20_2.png,tid2013/03/i03.png,31.2467,comfort_noise,l-08,-0.65768171
t-i03-t-20-3,tid2013,t-i03,t-20,3,0,tid2013/03/i03_20_3.png,tid2013/03/i03.png,31.2467,comfort_noise,l-08,-2.075554359
t-i03-t-20-4,tid2013,t-i03,t-20,4,0,tid2013/03/i03_20_4.png,tid2013/03/i03.png,31.2467,comfort_noise,l-08,-3.521758807
t-i03-t-20-5,tid2013,t-i03,t-20,5,0,tid2013/03/i03_20_5.png,tid2013/03/i03.png,31.2467,comfort_noise,l-08,-4.314148992
t-i03-t-21-1,tid2013,t-i03,t-21,1,0,tid2013/03/i03_21_1.png,tid2013/03/i03.png,31.2467,lossy_compression_of_noisy_images,l-08,-0.817025447
t-i03-t-21-2,tid2013,t-i03,t-21,2,0,tid2013/03/i03_21_2.png,tid2013/03/i03.png,31.2467,lossy_compression_of_noisy_images,l-08,-1.686880203
t-i03-t-21-3,tid2013,t-i03,t-21,3,0,tid2013/03/i03_21_3.png,tid2013/03/i03.png,31.2467,lossy_compression_of_noisy_images,l-08,-2.537529593
t-i03-t-21-4,tid2013,t-i03,t-21,4,0,tid2013/03/i03_21_4.png,tid2013/03/i03.png,31.2467,lossy_compression_of_noisy_images,l-08,-3.552358777
t-i03-t-21-5,tid2013,t-i03,t-21,5,0,tid2013/03/i03_21_5.png,tid2013/03/i03.png,31.2467,lossy_compression_of_noisy_images,l-08,-5.384229308
t-i03-t-22-1,tid2013,t-i03,t-22,1,0,tid2013/03/i03_22_1.png,tid2013/03/i03.png,31.2467,image_color_quantization_with_dither,l-08,-0.209279207
t-i03-t-22-2,tid2013,t-i03,t-22,2,0,tid2013/03/i03_22_2.png,tid2013/03/i03.png,31.2467,image_color_quantization_with_dither,l-08,-0.795678361
t-i03-t-22-3,tid2013,t-i03,t-22,3,0,tid2013/03/i03_22_3.png,tid2013/03/i03.png,31.2467,image_color_quantization_with_dither,l-08,-0.864458838
t-i03-t-22-4,tid2013,t-i03,t-22,4,0,tid2013/03/i03_22_4.png,tid2013/03/i03.png,31.2467,image_color_quantization_with_dither,l-08,-1.883701815
t-i03-t-22-5,tid2013,t-i03,t-22,5,0,tid2013/03/i03_22_5.png,tid2013/03/i03.png,31.2467,image_color_quantization_with_dither,l-08,-2.616472064
t-i03-t-23-1,tid2013,t-i03,t-23,1,0,tid2013/03/i03_23_1.png,tid2013/03/i03.png,31.2467,chromatic_aberrations,l-08,0.358897754
t-i03-t-23-2,tid2013,t-i03,t-23,2,0,tid2013/03/i03_23_2.png,tid2013/03/i03.png,31.2467,chromatic_aberrations,l-08,-0.256871106
t-i03-t-23-3,tid2013,t-i03,t-23,3,0,tid2013/03/i03_23_3.png,tid2013/03/i03.png,31.2467,chromatic_aberrations,l-08,-2.716123326
t-i03-t-23-4,tid2013,t-i03,t-23,4,0,tid2013/03/i03_23_4.png,tid2013/03/i03.png,31.2467,chromatic_aberrations,l-08,-4.386139024
t-i03-t-23-5,tid2013,t-i03,t-23,5,0,tid2013/03/i03_23_5.png,tid2013/03/i03.png,31.2467,chromatic_aberrations,l-08,-5.67858523
t-i03-t-24-1,tid2013,t-i03,t-24,1,0,tid2013/03/i03_24_1.png,tid2013/03/i03.png,31.2467,sparse_sampling_and_reconstruction,l-08,-0.410545097
t-i03-t-24-2,tid2013,t-i03,t-24,2,0,tid2013/03/i03_24_2.png,tid2013/03/i03.png,31.2467,sparse_sampling_and_reconstruction,l-08,-2.184501853
t-i03-t-24-3,tid2013,t-i03,t-24,3,0,tid2013/03/i03_24_3.png,tid2013/03/i03.png,31.2467,sparse_sampling_and_reconstruction,l-08,-4.475023689
t-i03-t-24-4,tid2013,t-i03,t-24,4,0,tid2013/03/i03_24_4.png,tid2013/03/i03.png,31.2467,sparse_sampling_and_reconstruction,l-08,-6.173213625
t-i03-t-24-5,tid2013,t-i03,t-24,5,0,tid2013/03/i03_24_5.png,tid2013/03/i03.png,31.2467,sparse_sampling_and_reconstruction,l-08,-7.565670863
t-i04-t-01-1,tid2013,t-i04,t-01,1,0,tid2013/04/i04_01_1.png,tid2013/04/i04.png,31.2467,additive_gaussian_noise,l-03,-0.38953403
t-i04-t-01-2,tid2013,t-i04,t-01,2,0,tid2013/04/i04_01_2.png,tid2013/04/i04.png,31.2467,additive_gaussian_noise,l-03,-0.798856352
t-i04-t-01-3,tid2013,t-i04,t-01,3,0,tid2013/04/i04_01_3.png,tid2013/04/i04.png,31.2467,additive_gaussian_noise,l-03,-1.621842711
t-i04-t-01-4,tid2013,t-i04,t-01,4,0,tid2013/04/i04_01_4.png,tid2013/04/i04.png,31.2467,additive_gaussian_noise,l-03,-2.316436187
t-i04-t-01-5,tid2013,t-i04,t-01,5,0,tid2013/04/i04_01_5.png,tid2013/04/i04.png,31.2467,additive_gaussian_noise,l-03,-2.960308549
t-i04-t-02-1,tid2013,t-i04,t-02,1,0,tid2013/04/i04_02_1.png,tid2013/04/i04.png,31.2467,additive_noise_in_color_more_intensive_than_additive_noise_in_the_luminance,l-03,0.163002561
t-i04-t-02-2,tid2013,t-i04,t-02,2,0,tid2013/04/i04_02_2.png,tid2013/04/i04.png,31.2467,additive_noise_in_color_more_intensive_than_additive_noise_in_the_luminance,l-03,-0.136972009
t-i04-t-02-3,tid2013,t-i04,t-02,3,0,tid2013/04/i04_02_3.png,tid2013/04/i04.png,31.2467,additive_noise_in_color_more_intensive_than_additive_noise_in_the_luminance,l-03,-0.515788801
t-i04-t-02-4,tid2013,t-i04,t-02,4,0,tid2013/04/i04_02_4.png,tid2013/04/i04.png,31.2467,additive_noise_in_color_more_intensive_than_additive_noise_in_the_luminance,l-03,-1.292261177
t-i04-t-02-5,tid2013,t-i04,t-02,5,0,tid2013/04/i04_02_5.png,tid2013/04/i04.png,31.2467,additive_noise_in_color_more_intensive_than_additive_noise_in_the_luminance,l-03,-2.04447595
t-i04-t-03-1,tid2013,t-i04,t-03,1,0,tid2013/04/i04_03_1.png,tid2013/04/i04.png,31.2467,spatially_correlated_noise,l-03,-1.8067158
t-i04-t-03-2,tid2013,t-i04,t-03,2,0,tid2013/04/i04_03_2.png,tid2013/04/i04.png,31.2467,spatially_correlated_noise,l-03,-2.594369004
t-i04-t-03-3,tid2013,t-i04,t-03,3,0,tid2013/04/i04_03_3.png,tid2013/04/i04.png,31.2467,spatially_correlated_noise,l-03,-3.308547385
t-i04-t-03-4,tid2013,t-i04,t-03,4,0,tid2013/04/i04_03_4.png,tid2013/04/i04.png,31.2467,spatially_correlated_noise,l-03,-4.015243255
t-i04-t-03-5,tid2013,t-i04,t-03,5,0,tid2013/04/i04_03_5.png,tid2013/04/i04.png,31.2467,spatially_correlated_noise,l-03,-4.675247
t-i04-t-04-1,tid2013,t-i04,t-04,1,0,tid2013/04/i04_04_1.png,tid2013/04/i04.png,31.2467,masked_noise,l-03,0.122499109
t-i04-t-04-2,tid2013,t-i04,t-04,2,0,tid2013/04/i04_04_2.png,tid2013/04/i04.png,31.2467,masked_noise,l-03,0.160554481
t-i04-t-04-3,tid2013,t-i04,t-04,3,0,tid2013/04/i04_04_3.png,tid2013/04/i04.png,31.2467,masked_noise,l-03,-0.207480684
t-i04-t-04-4,tid2013,t-i04,t-04,4,0,tid2013/04/i04_04_4.png,tid2013/04/i04.png,31.2467,masked_noise,l-03,-0.687272695
t-i04-t-04-5,tid2013,t-i04,t-04,5,0,tid2013/04/i04_04_5.png,tid2013/04/i04.png,31.2467,masked_noise,l-03,-1.871519799
t-i04-t-05-1,tid2013,t-i04,t-05,1,0,tid2013/04/i04_05_1.png,tid2013/04/i04.png,31.2467,high_frequency_noise,l-03,0.078768791
t-i04-t-05-2,tid2013,t-i04,t-05,2,0,tid2013/04/i04_05_2.png,tid2013/04/i04.png,31.2467,high_frequency_noise,l-03,-0.206289294
t-i04-t-05-3,tid2013,t-i04,t-05,3,0,tid2013/04/i04_05_3.png,tid2013/04/i04.png,31.2467,high_frequency_noise,l-03,-1.063541049
t-i04-t-05-4,tid2013,t-i04,t-05,4,0,tid2013/04/i04_05_4.png,tid2013/04/i04.png,31.2467,high_frequency_noise,l-03,-2.212237843
t-i04-t-05-5,tid2013,t-i04,t-05,5,0,tid2013/04/i04_05_5.png,tid2013/04/i04.png,31.2467,high_frequency_noise,l-03,-3.571197178
t-i04-t-06-1,tid2013,t-i04,t-06,1,0,tid2013/04/i04_06_1.png,tid2013/04/i04.png,31.2467,impulse_noise,l-03,-1.309188696
t-i04-t-06-2,tid2013,t-i04,t-06,2,0,tid2013/04/i04_06_2.png,tid2013/04/i04.png,31.2467,impulse_noise,l-03,-2.005934856
t-i04-t-06-3,tid2013,t-i04,t-06,3,0,tid2013/04/i04_06_3.png,tid2013/04/i04.png,31.2467,impulse_noise,l-03,-2.383738558
t-i04-t-06-4,tid2013,t-i04,t-06,4,0,tid2013/04/i04_06_4.png,tid2013/04/i04.png,31.2467,impulse_noise,l-03,-2.826708714
t-i04-t-06-5,tid2013,t-i04,t-06,5,0,tid2013/04/i04_06_5.png,tid2013/04/i04.png,31.2467,impulse_noise,l-03,-4.006392591
t-i04-t-07-1,tid2013,t-i04,t-07,1,0,tid2013/04/i04_07_1.png,tid2013/04/i04.png,31.2467,quantization_noise,l-03,-1.902395897
t-i04-t-07-2,tid2013,t-i04,t-07,2,0,tid2013/04/i04_07_2.png,tid2013/04/i04.png,31.2467,quantization_noise,l-03,-2.937517269
t-i04-t-07-3,tid2013,t-i04,t-07,3,0,tid2013/04/i04_07_3.png,tid2013/04/i04.png,31.2467,quantization_noise,l-03,-4.035692458
t-i04-t-07-4,tid2013,t-i04,t-07,4,0,tid2013/04/i04_07_4.png,tid2013/04/i04.png,31.2467,quantization_noise,l-03,-4.740112396
t-i04-t-07-5,tid2013,t-i04,t-07,5,0,tid2013/04/i04_07_5.png,tid2013/04/i04.png,31.2467,quantization_noise,l-03,-5.298174631
t-i04-t-08-1,tid2013,t-i04,t-08,1,0,tid2013/04/i04_08_1.png,tid2013/04/i04.png,31.2467,gaussian_blur,l-03,0.145192244
t-i04-t-08-2,tid2013,t-i04,t-08,2,0,tid2013/04/i04_08_2.png,tid2013/04/i04.png,31.2467,gaussian_blur,l-03,-0.189383327
t-i04-t-08-3,tid2013,t-i04,t-08,3,0,tid2013/04/i04_08_3.png,tid2013/04/i04.png,31.2467,gaussian_blur,l-03,-0.860736513
t-i04-t-08-4,tid2013,t-i04,t-08,4,0,tid2013/04/i04_08_4.png,tid2013/04/i04.png,31.2467,gaussian_blur,l-03,-2.271527296
t-i04-t-08-5,tid2013,t-i04,t-08,5,0,tid2013/04/i04_08_5.png,tid2013/04/i04.png,31.2467,gaussian_blur,l-03,-3.663156857
t-i04-t-09-1,tid2013,t-i04,t-09,1,0,tid2013/04/i04_09_1.png,tid2013/04/i04.png,31.2467,image_denoising,l-03,0.165393036
t-i04-t-09-2,tid2013,t-i04,t-09,2,0,tid2013/04/i04_09_2.png,tid2013/04/i04.png,31.2467,image_denoising,l-03,-0.332148837
t-i04-t-09-3,tid2013,t-i04,t-09,3,0,tid2013/04/i04_09_3.png,tid2013/04/i04.png,31.2467,image_denoising,l-03,-1.395773967
t-i04-t-09-4,tid2013,t-i04,t-09,4,0,tid2013/04/i04_09_4.png,tid2013/04/i04.png,31.2467,image_denoising,l-03,-3.303867402
t-i04-t-09-5,tid2013,t-i04,t-09,5,0,tid2013/04/i04_09_5.png,tid2013/04/i04.png,31.2467,image_denoising,l-03,-5.668144881
t-i04-t-10-1,tid2013,t-i04,t-10,1,0,tid2013/04/i04_10_1.png,tid2013/04/i04.png,31.2467,JPEG_compression,l-03,0.008966991
t-i04-t-10-2,tid2013,t-i04,t-10,2,0,tid2013/04/i04_10_2.png,tid2013/04/i04.png,31.2467,JPEG_compression,l-03,-0.301094669
t-i04-t-10-3,tid2013,t-i04,t-10,3,0,tid2013/04/i04_10_3.png,tid2013/04/i04.png,31.2467,JPEG_compression,l-03,-1.349116235
t-i04-t-10-4,tid2013,t-i04,t-10,4,0,tid2013/04/i04_10_4.png,tid2013/04/i04.png,31.2467,JPEG_compression,l-03,-4.428617932
t-i04-t-10-5,tid2013,t-i04,t-10,5,0,tid2013/04/i04_10_5.png,tid2013/04/i04.png,31.2467,JPEG_compression,l-03,-6.523001493
t-i04-t-11-1,tid2013,t-i04,t-11,1,0,tid2013/04/i04_11_1.png,tid2013/04/i04.png,31.2467,JPEG2000_compression,l-03,-1.065293612
t-i04-t-11-2,tid2013,t-i04,t-11,2,0,tid2013/04/i04_11_2.png,tid2013/04/i04.png,31.2467,JPEG2000_compression,l-03,-3.07545149
t-i04-t-11-3,tid2013,t-i04,t-11,3,0,tid2013/04/i04_11_3.png,tid2013/04/i04.png,31.2467,JPEG2000_compression,l-03,-5.074671536
t-i04-t-11-4,tid2013,t-i04,t-11,4,0,tid2013/04/i04_11_4.png,tid2013/04/i04.png,31.2467,JPEG2000_compression,l-03,-6.484649801
t-i04-t-11-5,tid2013,t-i04,t-11,5,0,tid2013/04/i04_11_5.png,tid2013/04/i04.png,31.2467,JPEG2000_compression,l-03,-8.656109406
t-i04-t-12-1,tid2013,t-i04,t-12,1,0,tid2013/04/i04_12_1.png,tid2013/04/i04.png,31.2467,JPEG_transmission_errors,l-03,-0.011406848
t-i04-t-12-2,tid2013,t-i04,t-12,2,0,tid2013/04/i04_12_2.png,tid2013/04/i04.png,31.2467,JPEG_transmission_errors,l-03,-2.046754219
t-i04-t-12-3,tid2013,t-i04,t-12,3,0,tid2013/04/i04_12_3.png,tid2013/04/i04.png,31.2467,JPEG_transmission_errors,l-03,-2.983978471
t-i04-t-12-4,tid2013,t-i04,t-12,4,0,tid2013/04/i04_12_4.png,tid2013/04/i04.png,31.2467,JPEG_transmission_errors,l-03,-5.035014436
t-i04-t-12-5,tid2013,t-i04,t-12,5,0,tid2013/04/i04_12_5.png,tid2013/04/i04.png,31.2467,JPEG_transmission_errors,l-03,-5.256767023
t-i04-t-13-1,tid2013,t-i04,t-13,1,0,tid2013/04/i04_13_1.png,tid2013/04/i04.png,31.2467,JPEG2000_transmission_errors,l-03,-1.945737227
t-i04-t-13-2,tid2013,t-i04,t-13,2,0,tid2013/04/i04_13_2.png,tid2013/04/i04.png,31.2467,JPEG2000_transmission_errors,l-03,-3.371353342
t-i04-t-13-3,tid2013,t-i04,t-13,3,0,tid2013/04/i04_13_3.png,tid2013/04/i04.png,31.2467,JPEG2000_transmission_errors,l-03,-4.277940587
t-i04-t-13-4,tid2013,t-i04,t-13,4,0,tid2013/04/i04_13_4.png,tid2013/04/i04.png,31.2467,JPEG2000_transmission_errors,l-03,-4.075476435
t-i04-t-13-5,tid2013,t-i04,t-13,5,0,tid2013/04/i04_13_5.png,tid2013/04/i04.png,31.2467,JPEG2000_transmission_errors,l-03,-5.69368119
t-i04-t-14-1,tid2013,t-i04,t-14,1,0,tid2013/04/i04_14_1.png,tid2013/04/i04.png,31.2467,non_eccentricity_pattern_noise,l-03,-1.215715162
t-i04-t-14-2,tid2013,t-i04,t-14,2,0,tid2013/04/i04_14_2.png,tid2013/04/i04.png,31.2467,non_eccentricity_pattern_noise,l-03,0.059581134
t-i04-t-14-3,tid2013,t-i04,t-14,3,0,tid2013/04/i04_14_3.png,tid2013/04/i04.png,31.2467,non_eccentricity_pattern_noise,l-03,-0.230211888
t-i04-t-14-4,tid2013,t-i04,t-14,4,0,tid2013/04/i04_14_4.png,tid2013/04/i04.png,31.2467,non_eccentricity_pattern_noise,l-03,-2.051461481
t-i04-t-14-5,tid2013,t-i04,t-14,5,0,tid2013/04/i04_14_5.png,tid2013/04/i04.png,31.2467,non_eccentricity_pattern_noise,l-03,-3.580161613
t-i04-t-15-1,tid2013,t-i04,t-15,1,0,tid2013/04/i04_15_1.png,tid2013/04/i04.png,31.2467,local_block_wise_distortions_of_different_intensity,l-03,-4.01156547
t-i04-t-15-2,tid2013,t-i04,t-15,2,0,tid2013/04/i04_15_2.png,tid2013/04/i04.png,31.2467,local_block_wise_distortions_of_different_intensity,l-03,-3.860395161
t-i04-t-15-3,tid2013,t-i04,t-15,3,0,tid2013/04/i04_15_3.png,tid2013/04/i04.png,31.2467,local_block_wise_distortions_of_different_intensity,l-03,-3.861241376
t-i04-t-15-4,tid2013,t-i04,t-15,4,0,tid2013/04/i04_15_4.png,tid2013/04/i04.png,31.2467,local_block_wise_distortions_of_different_intensity,l-03,-3.543029567
t-i04-t-15-5,tid2013,t-i04,t-15,5,0,tid2013/04/i04_15_5.png,tid2013/04/i04.png,31.2467,local_block_wise_distortions_of_different_intensity,l-03,-2.875540943
t-i04-t-16-1,tid2013,t-i04,t-16,1,0,tid2013/04/i04_16_1.png,tid2013/04/i04.png,31.2467,intensity_shift,l-03,0.101741646
t-i04-t-16-2,tid2013,t-i04,t-16,2,0,tid2013/04/i04_16_2.png,tid2013/04/i04.png,31.2467,intensity_shift,l-03,0.294111401
t-i04-t-16-3,tid2013,t-i04,t-16,3,0,tid2013/04/i04_16_3.png,tid2013/04/i04.png,31.2467,intensity_shift,l-03,-0.183063479
t-i04-t-16-4,tid2013,t-i04,t-16,4,0,tid2013/04/i04_16_4.png,tid2013/04/i04.png,31.2467,intensity_shift,l-03,-0.326679732
t-i04-t-16-5,tid2013,t-i04,t-16,5,0,tid2013/04/i04_16_5.png,tid2013/04/i04.png,31.2467,intensity_shift,l-03,-1.157735638
t-i04-t-17-1,tid2013,t-i04,t-17,1,0,tid2013/04/i04_17_1.png,tid2013/04/i04.png,31.2467,contrast_change,l-03,-0.110735689
t-i04-t-17-2,tid2013,t-i04,t-17,2,0,tid2013/04/i04_17_2.png,tid2013/04/i04.png,31.2467,contrast_change,l-03,0.619693447
t-i04-t-17-3,tid2013,t-i04,t-17,3,0,tid2013/04/i04_17_3.png,tid2013/04/i04.png,31.2467,contrast_change,l-03,-1.466980961
t-i04-t-17-4,tid2013,t-i04,t-17,4,0,tid2013/04/i04_17_4.png,tid2013/04/i04.png,31.2467,contrast_change,l-03,0.771359669
t-i04-t-17-5,tid2013,t-i04,t-17,5,0,tid2013/04/i04_17_5.png,tid2013/04/i04.png,31.2467,contrast_change,l-03,-2.849107617
t-i04-t-18-1,tid2013,t-i04,t-18,1,0,tid2013/04/i04_18_1.png,tid2013/04/i04.png,31.2467,change_of_color_saturation,l-03,-0.595157986
t-i04-t-18-2,tid2013,t-i04,t-18,2,0,tid2013/04/i04_18_2.png,tid2013/04/i04.png,31.2467,change_of_color_saturation,l-03,-1.279614874
t-i04-t-18-3,tid2013,t-i04,t-18,3,0,tid2013/04/i04_18_3.png,tid2013/04/i04.png,31.2467,change_of_color_saturation,l-03,-1.946026441
t-i04-t-18-4,tid2013,t-i04,t-18,4,0,tid2013/04/i04_18_4.png,tid2013/04/i04.png,31.2467,change_of_color_saturation,l-03,-2.291406032
t-i04-t-18-5,tid2013,t-i04,t-18,5,0,tid2013/04/i04_18_5.png,tid2013/04/i04.png,31.2467,change_of_color_saturation,l-03,-2.897254858
t-i04-t-19-1,tid2013,t-i04,t-19,1,0,tid2013/04/i04_19_1.png,tid2013/04/i04.png,31.2467,multiplicative_gaussian_noise,l-03,-0.74925111
t-i04-t-19-2,tid2013,t-i04,t-19,2,0,tid2013/04/i04_19_2.png,tid2013/04/i04.png,31.2467,multiplicative_gaussian_noise,l-03,-1.044926605
t-i04-t-19-3,tid2013,t-i04,t-19,3,0,tid2013/04/i04_19_3.png,tid2013/04/i04.png,31.2467,multiplicative_gaussian_noise,l-03,-1.812455642
t-i04-t-19-4,tid2013,t-i04,t-19,4,0,tid2013/04/i04_19_4.png,tid2013/04/i04.png,31.2467,multiplicative_gaussian_noise,l-03,-2.399417567
t-i04-t-19-5,tid2013,t-i04,t-19,5,0,tid2013/04/i04_19_5.png,tid2013/04/i04.png,31.2467,multiplicative_gaussian_noise,l-03,-2.805861095
t-i04-t-20-1,tid2013,t-i04,t-20,1,0,tid2013/04/i04_20_1.png,tid2013/04/i04.png,31.2467,comfort_noise,l-03,0.103838709
t-i04-t-20-2,tid2013,t-i04,t-20,2,0,tid2013/04/i04_20_2.png,tid2013/04/i04.png,31.2467,comfort_noise,l-03,-0.784055098
t-i04-t-20-3,tid2013,t-i04,t-20,3,0,tid2013/04/i04_20_3.png,tid2013/04/i04.png,31.2467,comfort_noise,l-03,-2.70819771
t-i04-t-20-4,tid2013,t-i04,t-20,4,0,tid2013/04/i04_20_4.png,tid2013/04/i04.png,31.2467,comfort_noise,l-03,-4.682820108
t-i04-t-20-5,tid2013,t-i04,t-20,5,0,tid2013/04/i04_20_5.png,tid2013/04/i04.png,31.2467,comfort_noise,l-03,-5.858627428
t-i04-t-21-1,tid2013,t-i04,t-21,1,0,tid2013/04/i04_21_1.png,tid2013/04/i04.png,31.2467,lossy_compression_of_noisy_images,l-03,-1.047669304
t-i04-t-21-2,tid2013,t-i04,t-21,2,0,tid2013/04/i04_21_2.png,tid2013/04/i04.png,31.2467,lossy_compression_of_noisy_images,l-03,-1.741176958
t-i04-t-21-3,tid2013,t-i04,t-21,3,0,tid2013/04/i04_21_3.png,tid2013/04/i04.png,31.2467,lossy_compression_of_noisy_images,l-03,-3.211078641
t-i04-t-21-4,tid2013,t-i04,t-21,4,0,tid2013/04/i04_21_4.png,tid2013/04/i04.png,31.2467,lossy_compression_of_noisy_images,l-03,-4.172818116
t-i04-t-21-5,tid2013,t-i04,t-21,5,0,tid2013/04/i04_21_5.png,tid2013/04/i04.png,31.2467,lossy_compression_of_noisy_images,l-03,-7.161505027
t-i04-t-22-1,tid2013,t-i04,t-22,1,0,tid2013/04/i04_22_1.png,tid2013/04/i04.png,31.2467,image_color_quantization_with_dither,l-03,0.001622324
t-i04-t-22-2,tid2013,t-i04,t-22,2,0,tid2013/04/i04_22_2.png,tid2013/04/i04.png,31.2467,image_color_quantization_with_dither,l-03,-0.408726391
t-i04-t-22-3,tid2013,t-i04,t-22,3,0,tid2013/04/i04_22_3.png,tid2013/04/i04.png,31.2467,image_color_quantization_with_dither,l-03,-2.376035233
t-i04-t-22-4,tid2013,t-i04,t-22,4,0,tid2013/04/i04_22_4.png,tid2013/04/i04.png,31.2467,image_color_quantization_with_dither,l-03,-2.773659323
t-i04-t-22-5,tid2013,t-i04,t-22,5,0,tid2013/04/i04_22_5.png,tid2013/04/i04.png,31.2467,image_color_quantization_with_dither,l-03,-4.970072696
t-i04-t-23-1,tid2013,t-i04,t-23,1,0,tid2013/04/i04_23_1.png,tid2013/04/i04.png,31.2467,chromatic_aberrations,l-03,0.144384486
t-i04-t-23-2,tid2013,t-i04,t-23,2,0,tid2013/04/i04_23_2.png,tid2013/04/i04.png,31.2467,chromatic_aberrations,l-03,-0.850486819
t-i04-t-23-3,tid2013,t-i04,t-23,3,0,tid2013/04/i04_23_3.png,tid2013/04/i04.png,31.2467,chromatic_aberrations,l-03,-3.246890672
t-i04-t-23-4,tid2013,t-i04,t-23,4,0,tid2013/04/i04_23_4.png,tid2013/04/i04.png,31.2467,chromatic_aberrations,l-03,-4.825203045
t-i04-t-23-5,tid2013,t-i04,t-23,5,0,tid2013/04/i04_23_5.png,tid2013/04/i04.png,31.2467,chromatic_aberrations,l-03,-7.852001797
t-i04-t-24-1,tid2013,t-i04,t-24,1,0,tid2013/04/i04_24_1.png,tid2013/04/i04.png,31.2467,sparse_sampling_and_reconstruction,l-03,-0.800774069
t-i04-t-24-2,tid2013,t-i04,t-24,2,0,tid2013/04/i04_24_2.png,tid2013/04/i04.png,31.2467,sparse_sampling_and_reconstruction,l-03,-3.542151007
t-i04-t-24-3,tid2013,t-i04,t-24,3,0,tid2013/04/i04_24_3.png,tid2013/04/i04.png,31.2467,sparse_sampling_and_reconstruction,l-03,-5.312156104
t-i04-t-24-4,tid2013,t-i04,t-24,4,0,tid2013/04/i04_24_4.png,tid2013/04/i04.png,31.2467,sparse_sampling_and_reconstruction,l-03,-7.127896457
t-i04-t-24-5,tid2013,t-i04,t-24,5,0,tid2013/04/i04_24_5.png,tid2013/04/i04.png,31.2467,sparse_sampling_and_reconstruction,l-03,-8.854307636
t-i05-t-01-1,tid2013,t-i05,t-01,1,0,tid2013/05/i05_01_1.png,tid2013/05/i05.png,31.2467,additive_gaussian_noise,-,-0.201618444
t-i05-t-01-2,tid2013,t-i05,t-01,2,0,tid2013/05/i05_01_2.png,tid2013/05/i05.png,31.2467,additive_gaussian_noise,-,-0.244992248
t-i05-t-01-3,tid2013,t-i05,t-01,3,0,tid2013/05/i05_01_3.png,tid2013/05/i05.png,31.2467,additive_gaussian_noise,-,-0.787365816
t-i05-t-01-4,tid2013,t-i05,t-01,4,0,tid2013/05/i05_01_4.png,tid2013/05/i05.png,31.2467,additive_gaussian_noise,-,-1.224834716
t-i05-t-01-5,tid2013,t-i05,t-01,5,0,tid2013/05/i05_01_5.png,tid2013/05/i05.png,31.2467,additive_gaussian_noise,-,-1.878574158
t-i05-t-02-1,tid2013,t-i05,t-02,1,0,tid2013/05/i05_02_1.png,tid2013/05/i05.png,31.2467,additive_noise_in_color_more_intensive_than_additive_noise_in_the_luminance,-,0.0492253
t-i05-t-02-2,tid2013,t-i05,t-02,2,0,tid2013/05/i05_02_2.png,tid2013/05/i05.png,31.2467,additive_noise_in_color_more_intensive_than_additive_noise_in_the_luminance,-,0.064746232
t-i05-t-02-3,tid2013,t-i05,t-02,3,0,tid2013/05/i05_02_3.png,tid2013/05/i05.png,31.2467,additive_noise_in_color_more_intensive_than_additive_noise_in_the_luminance,-,-0.247354248
t-i05-t-02-4,tid2013,t-i05,t-02,4,0,tid2013/05/i05_02_4.png,tid2013/05/i05.png,31.2467,additive_noise_in_color_more_intensive_than_additive_noise_in_the_luminance,-,-0.409028799
t-i05-t-02-5,tid2013,t-i05,t-02,5,0,tid2013/05/i05_02_5.png,tid2013/05/i05.png,31.2467,additive_noise_in_color_more_intensive_than_additive_noise_in_the_luminance,-,-1.156030521
t-i05-t-03-1,tid2013,t-i05,t-03,1,0,tid2013/05/i05_03_1.png,tid2013/05/i05.png,31.2467,spatially_correlated_noise,-,-0.464723207
t-i05-t-03-2,tid2013,t-i05,t-03,2,0,tid2013/05/i05_03_2.png,tid2013/05/i05.png,31.2467,spatially_correlated_noise,-,-0.963053255
t-i05-t-03-3,tid2013,t-i05,t-03,3,0,tid2013/05/i05_03_3.png,tid2013/05/i05.png,31.2467,spatially_correlated_noise,-,-1.699433272
t-i05-t-03-4,tid2013,t-i05,t-03,4,0,tid2013/05/i05_03_4.png,tid2013/05/i05.png,31.2467,spatially_correlated_noise,-,-2.39899896
t-i05-t-03-5,tid2013,t-i05,t-03,5,0,tid2013/05/i05_03_5.png,tid2013/05/i05.png,31.2467,spatially_correlated_noise,-,-3.178154543
t-i05-t-04-1,tid2013,t-i05,t-04,1,0,tid2013/05/i05_04_1.png,tid2013/05/i05.png,31.2467,masked_noise,-,-0.041853151
t-i05-t-04-2,tid2013,t-i05,t-04,2,0,tid2013/05/i05_04_2.png,tid2013/05/i05.png,31.2467,masked_noise,-,0.104309353
t-i05-t-04-3,tid2013,t-i05,t-04,3,0,tid2013/05/i05_04_3.png,tid2013/05/i05.png,31.2467,masked_noise,-,-0.05436624
t-i05-t-04-4,tid2013,t-i05,t-04,4,0,tid2013/05/i05_04_4.png,tid2013/05/i05.png,31.2467,masked_noise,-,-0.596055677
t-i05-t-04-5,tid2013,t-i05,t-04,5,0,tid2013/05/i05_04_5.png,tid2013/05/i05.png,31.2467,masked_noise,-,-1.053760232
t-i05-t-05-1,tid2013,t-i05,t-05,1,0,tid2013/05/i05_05_1.png,tid2013/05/i05.png,31.2467,high_frequency_noise,-,0.027378676
t-i05-t-05-2,tid2013,t-i05,t-05,2,0,tid2013/05/i05_05_2.png,tid2013/05/i05.png,31.2467,high_frequency_noise,-,-0.211563682
t-i05-t-05-3,tid2013,t-i05,t-05,3,0,tid2013/05/i05_05_3.png,tid2013/05/i05.png,31.2467,high_frequency_noise,-,-0.68698274
t-i05-t-05-4,tid2013,t-i05,t-05,4,0,tid2013/05/i05_05_4.png,tid2013/05/i05.png,31.2467,high_frequency_noise,-,-1.618173355
t-i05-t-05-5,tid2013,t-i05,t-05,5,0,tid2013/05/i05_05_5.png,tid2013/05/i05.png,31.2467,high_frequency_noise,-,-2.557477374
t-i05-t-06-1,tid2013,t-i05,t-06,1,0,tid2013/05/i05_06_1.png,tid2013/05/i05.png,31.2467,impulse_noise,-,-0.991034844
t-i05-t-06-2,tid2013,t-i05,t-06,2,0,tid2013/05/i05_06_2.png,tid2013/05/i05.png,31.2467,impulse_noise,-,-1.458378428
t-i05-t-06-3,tid2013,t-i05,t-06,3,0,tid2013/05/i05_06_3.png,tid2013/05/i05.png,31.2467,impulse_noise,-,-1.867842425
t-i05-t-06-4,tid2013,t-i05,t-06,4,0,tid2013/05/i05_06_4.png,tid2013/05/i05.png,31.2467,impulse_noise,-,-2.29232177
t-i05-t-06-5,tid2013,t-i05,t-06,5,0,tid2013/05/i05_06_5.png,tid2013/05/i05.png,31.2467,impulse_noise,-,-2.890711177
t-i05-t-07-1,tid2013,t-i05,t-07,1,0,tid2013/05/i05_07_1.png,tid2013/05/i05.png,31.2467,quantization_noise,-,-0.226329909
t-i05-t-07-2,tid2013,t-i05,t-07,2,0,tid2013/05/i05_07_2.png,tid2013/05/i05.png,31.2467,quantization_noise,-,-0.341297974
t-i05-t-07-3,tid2013,t-i05,t-07,3,0,tid2013/05/i05_07_3.png,tid2013/05/i05.png,31.2467,quantization_noise,-,-0.875162035
t-i05-t-07-4,tid2013,t-i05,t-07,4,0,tid2013/05/i05_07_4.png,tid2013/05/i05.png,31.2467,quantization_noise,-,-1.285320583
t-i05-t-07-5,tid2013,t-i05,t-07,5,0,tid2013/05/i05_07_5.png,tid2013/05/i05.png,31.2467,quantization_noise,-,-2.38083508
t-i05-t-08-1,tid2013,t-i05,t-08,1,0,tid2013/05/i05_08_1.png,tid2013/05/i05.png,31.2467,gaussian_blur,-,-0.212419286
t-i05-t-08-2,tid2013,t-i05,t-08,2,0,tid2013/05/i05_08_2.png,tid2013/05/i05.png,31.2467,gaussian_blur,-,-0.70313548
t-i05-t-08-3,tid2013,t-i05,t-08,3,0,tid2013/05/i05_08_3.png,tid2013/05/i05.png,31.2467,gaussian_blur,-,-1.723933628
t-i05-t-08-4,tid2013,t-i05,t-08,4,0,tid2013/05/i05_08_4.png,tid2013/05/i05.png,31.2467,gaussian_blur,-,-2.706443189
t-i05-t-08-5,tid2013,t-i05,t-08,5,0,tid2013/05/i05_08_5.png,tid2013/05/i05.png,31.2467,gaussian_blur,-,-4.01329211
t-i05-t-09-1,tid2013,t-i05,t-09,1,0,tid2013/05/i05_09_1.png,tid2013/05/i05.png,31.2467,image_denoising,-,0.02746724
t-i05-t-09-2,tid2013,t-i05,t-09,2,0,tid2013/05/i05_09_2.png,tid2013/05/i05.png,31.2467,image_denoising,-,0.116961427
t-i05-t-09-3,tid2013,t-i05,t-09,3,0,tid2013/05/i05_09_3.png,tid2013/05/i05.png,31.2467,image_denoising,-,-0.345083565
t-i05-t-09-4,tid2013,t-i05,t-09,4,0,tid2013/05/i05_09_4.png,tid2013/05/i05.png,31.2467,image_denoising,-,-1.908478211
t-i05-t-09-5,tid2013,t-i05,t-09,5,0,tid2013/05/i05_09_5.png,tid2013/05/i05.png,31.2467,image_denoising,-,-3.855282695
t-i05-t-10-1,tid2013,t-i05,t-10,1,0,tid2013/05/i05_10_1.png,tid2013/05/i05.png,31.2467,JPEG_compression,-,-0.05749482
t-i05-t-10-2,tid2013,t-i05,t-10,2,0,tid2013/05/i05_10_2.png,tid2013/05/i05.png,31.2467,JPEG_compression,-,-0.359729841
t-i05-t-10-3,tid2013,t-i05,t-10,3,0,tid2013/05/i05_10_3.png,tid2013/05/i05.png,31.2467,JPEG_compression,-,-0.740369859
t-i05-t-10-4,tid2013,t-i05,t-10,4,0,tid2013/05/i05_10_4.png,tid2013/05/i05.png,31.2467,JPEG_compression,-,-1.975937392
t-i05-t-10-5,tid2013,t-i05,t-10,5,0,tid2013/05/i05_10_5.png,tid2013/05/i05.png,31.2467,JPEG_compression,-,-3.570105435
t-i05-t-11-1,tid2013,t-i05,t-11,1,0,tid2013/05/i05_11_1.png,tid2013/05/i05.png,31.2467,JPEG2000_compression,-,0.05769489
t-i05-t-11-2,tid2013,t-i05,t-11,2,0,tid2013/05/i05_11_2.png,tid2013/05/i05.png,31.2467,JPEG2000_compression,-,-0.183513897
t-i05-t-11-3,tid2013,t-i05,t-11,3,0,tid2013/05/i05_11_3.png,tid2013/05/i05.png,31.2467,JPEG2000_compression,-,-0.833129272
t-i05-t-11-4,tid2013,t-i05,t-11,4,0,tid2013/05/i05_11_4.png,tid2013/05/i05.png,31.2467,JPEG2000_compression,-,-1.523440007
t-i05-t-11-5,tid2013,t-i05,t-11,5,0,tid2013/05/i05_11_5.png,tid2013/05/i05.png,31.2467,JPEG2000_compression,-,-3.293556099
t-i05-t-12-1,tid2013,t-i05,t-12,1,0,tid2013/05/i05_12_1.png,tid2013/05/i05.png,31.2467,JPEG_transmission_errors,-,-0.001008063
t-i05-t-12-2,tid2013,t-i05,t-12,2,0,tid2013/05/i05_12_2.png,tid2013/05/i05.png,31.2467,JPEG_transmission_errors,-,-0.038820835
t-i05-t-12-3,tid2013,t-i05,t-12,3,0,tid2013/05/i05_12_3.png,tid2013/05/i05.png,31.2467,JPEG_transmission_errors,-,-0.159894782
t-i05-t-12-4,tid2013,t-i05,t-12,4,0,tid2013/05/i05_12_4.png,tid2013/05/i05.png,31.2467,JPEG_transmission_errors,-,-1.61523167
t-i05-t-12-5,tid2013,t-i05,t-12,5,0,tid2013/05/i05_12_5.png,tid2013/05/i05.png,31.2467,JPEG_transmission_errors,-,-2.815944022
t-i05-t-13-1,tid2013,t-i05,t-13,1,0,tid2013/05/i05_13_1.png,tid2013/05/i05.png,31.2467,JPEG2000_transmission_errors,-,-0.216433442
t-i05-t-13-2,tid2013,t-i05,t-13,2,0,tid2013/05/i05_13_2.png,tid2013/05/i05.png,31.2467,JPEG2000_transmission_errors,-,-0.533516077
t-i05-t-13-3,tid2013,t-i05,t-13,3,0,tid2013/05/i05_13_3.png,tid2013/05/i05.png,31.2467,JPEG2000_transmission_errors,-,-1.887997551
t-i05-t-13-4,tid2013,t-i05,t-13,4,0,tid2013/05/i05_13_4.png,tid2013/05/i05.png,31.2467,JPEG2000_transmission_errors,-,-2.476175561
t-i05-t-13-5,tid2013,t-i05,t-13,5,0,tid2013/05/i05_13_5.png,tid2013/05/i05.png,31.2467,JPEG2000_transmission_errors,-,-3.457845677
t-i05-t-14-1,tid2013,t-i05,t-14,1,0,tid2013/05/i05_14_1.png,tid2013/05/i05.png,31.2467,non_eccentricity_pattern_noise,-,0.148456332
t-i05-t-14-2,tid2013,t-i05,t-14,2,0,tid2013/05/i05_14_2.png,tid2013/05/i05.png,31.2467,non_eccentricity_pattern_noise,-,-0.076373014
t-i05-t-14-3,tid2013,t-i05,t-14,3,0,tid2013/05/i05_14_3.png,tid2013/05/i05.png,31.2467,non_eccentricity_pattern_noise,-,-0.058811898
t-i05-t-14-4,tid2013,t-i05,t-14,4,0,tid2013/05/i05_14_4.png,tid2013/05/i05.png,31.2467,non_eccentricity_pattern_noise,-,-0.439620668
t-i05-t-14-5,tid2013,t-i05,t-14,5,0,tid2013/05/i05_14_5.png,tid2013/05/i05.png,31.2467,non_eccentricity_pattern_noise,-,-1.124509552
t-i05-t-15-1,tid2013,t-i05,t-15,1,0,tid2013/05/i05_15_1.png,tid2013/05/i05.png,31.2467,local_block_wise_distortions_of_different_intensity,-,-2.358839391
t-i05-t-15-2,tid2013,t-i05,t-15,2,0,tid2013/05/i05_15_2.png,tid2013/05/i05.png,31.2467,local_block_wise_distortions_of_different_intensity,-,-2.234337852
t-i05-t-15-3,tid2013,t-i05,t-15,3,0,tid2013/05/i05_15_3.png,tid2013/05/i05.png,31.2467,local_block_wise_distortions_of_different_intensity,-,-2.09623681
t-i05-t-15-4,tid2013,t-i05,t-15,4,0,tid2013/05/i05_15_4.png,tid2013/05/i05.png,31.2467,local_block_wise_distortions_of_different_intensity,-,-1.615300693
t-i05-t-15-5,tid2013,t-i05,t-15,5,0,tid2013/05/i05_15_5.png,tid2013/05/i05.png,31.2467,local_block_wise_distortions_of_different_intensity,-,-1.55974927
t-i05-t-16-1,tid2013,t-i05,t-16,1,0,tid2013/05/i05_16_1.png,tid2013/05/i05.png,31.2467,intensity_shift,-,0.314357894
t-i05-t-16-2,tid2013,t-i05,t-16,2,0,tid2013/05/i05_16_2.png,tid2013/05/i05.png,31.2467,intensity_shift,-,0.085293846
t-i05-t-16-3,tid2013,t-i05,t-16,3,0,tid2013/05/i05_16_3.png,tid2013/05/i05.png,31.2467,intensity_shift,-,-0.189046969
t-i05-t-16-4,tid2013,t-i05,t-16,4,0,tid2013/05/i05_16_4.png,tid2013/05/i05.png,31.2467,intensity_shift,-,-0.62645211
t-i05-t-16-5,tid2013,t-i05,t-16,5,0,tid2013/05/i05_16_5.png,tid2013/05/i05.png,31.2467,intensity_shift,-,-1.09897682
t-i05-t-17-1,tid2013,t-i05,t-17,1,0,tid2013/05/i05_17_1.png,tid2013/05/i05.png,31.2467,contrast_change,-,-0.220597297
t-i05-t-17-2,tid2013,t-i05,t-17,2,0,tid2013/05/i05_17_2.png,tid2013/05/i05.png,31.2467,contrast_change,-,0.664673045
t-i05-t-17-3,tid2013,t-i05,t-17,3,0,tid2013/05/i05_17_3.png,tid2013/05/i05.png,31.2467,contrast_change,-,-1.386384514
t-i05-t-17-4,tid2013,t-i05,t-17,4,0,tid2013/05/i05_17_4.png,tid2013/05/i05.png,31.2467,contrast_change,-,0.50723741
t-i05-t-17-5,tid2013,t-i05,t-17,5,0,tid2013/05/i05_17_5.png,tid2013/05/i05.png,31.2467,contrast_change,-,-2.585818886
t-i05-t-18-1,tid2013,t-i05,t-18,1,0,tid2013/05/i05_18_1.png,tid2013/05/i05.png,31.2467,change_of_color_saturation,-,-0.694149405
t-i05-t-18-2,tid2013,t-i05,t-18,2,0,tid2013/05/i05_18_2.png,tid2013/05/i05.png,31.2467,change_of_color_saturation,-,-1.016477145
t-i05-t-18-3,tid2013,t-i05,t-18,3,0,tid2013/05/i05_18_3.png,tid2013/05/i05.png,31.2467,change_of_color_saturation,-,-1.60219273
t-i05-t-18-4,tid2013,t-i05,t-18,4,0,tid2013/05/i05_18_4.png,tid2013/05/i05.png,31.2467,change_of_color_saturation,-,-1.817265564
t-i05-t-18-5,tid2013,t-i05,t-18,5,0,tid2013/05/i05_18_5.png,tid2013/05/i05.png,31.2467,change_of_color_saturation,-,-2.163464563
t-i05-t-19-1,tid2013,t-i05,t-19,1,0,tid2013/05/i05_19_1.png,tid2013/05/i05.png,31.2467,multiplicative_gaussian_noise,-,-0.370083757
t-i05-t-19-2,tid2013,t-i05,t-19,2,0,tid2013/05/i05_19_2.png,tid2013/05/i05.png,31.2467,multiplicative_gaussian_noise,-,-0.67540882
t-i05-t-19-3,tid2013,t-i05,t-19,3,0,tid2013/05/i05_19_3.png,tid2013/05/i05.png,31.2467,multiplicative_gaussian_noise,-,-1.110845839
t-i05-t-19-4,tid2013,t-i05,t-19,4,0,tid2013/05/i05_19_4.png,tid2013/05/i05.png,31.2467,multiplicative_gaussian_noise,-,-1.719112826
t-i05-t-19-5,tid2013,t-i05,t-19,5,0,tid2013/05/i05_19_5.png,tid2013/05/i05.png,31.2467,multiplicative_gaussian_noise,-,-2.050260567
t-i05-t-20-1,tid2013,t-i05,t-20,1,0,tid2013/05/i05_20_1.png,tid2013/05/i05.png,31.2467,comfort_noise,-,-0.0855934
t-i05-t-20-2,tid2013,t-i05,t-20,2,0,tid2013/05/i05_20_2.png,tid2013/05/i05.png,31.2467,comfort_noise,-,-0.081869706
t-i05-t-20-3,tid2013,t-i05,t-20,3,0,tid2013/05/i05_20_3.png,tid2013/05/i05.png,31.2467,comfort_noise,-,-0.476039034
t-i05-t-20-4,tid2013,t-i05,t-20,4,0,tid2013/05/i05_20_4.png,tid2013/05/i05.png,31.2467,comfort_noise,-,-0.949033312
t-i05-t-20-5,tid2013,t-i05,t-20,5,0,tid2013/05/i05_20_5.png,tid2013/05/i05.png,31.2467,comfort_noise,-,-2.012487471
t-i05-t-21-1,tid2013,t-i05,t-21,1,0,tid2013/05/i05_21_1.png,tid2013/05/i05.png,31.2467,lossy_compression_of_noisy_images,-,-0.025804392
t-i05-t-21-2,tid2013,t-i05,t-21,2,0,tid2013/05/i05_21_2.png,tid2013/05/i05.png,31.2467,lossy_compression_of_noisy_images,-,-0.656677697
t-i05-t-21-3,tid2013,t-i05,t-21,3,0,tid2013/05/i05_21_3.png,tid2013/05/i05.png,31.2467,lossy_compression_of_noisy_images,-,-1.080268664
t-i05-t-21-4,tid2013,t-i05,t-21,4,0,tid2013/05/i05_21_4.png,tid2013/05/i05.png,31.2467,lossy_compression_of_noisy_images,-,-1.981115581
t-i05-t-21-5,tid2013,t-i05,t-21,5,0,tid2013/05/i05_21_5.png,tid2013/05/i05.png,31.2467,lossy_compression_of_noisy_images,-,-2.959952396
t-i05-t-22-1,tid2013,t-i05,t-22,1,0,tid2013/05/i05_22_1.png,tid2013/05/i05.png,31.2467,image_color_quantization_with_dither,-,-0.248059772
t-i05-t-22-2,tid2013,t-i05,t-22,2,0,tid2013/05/i05_22_2.png,tid2013/05/i05.png,31.2467,image_color_quantization_with_dither,-,-0.27274357
t-i05-t-22-3,tid2013,t-i05,t-22,3,0,tid2013/05/i05_22_3.png,tid2013/05/i05.png,31.2467,image_color_quantization_with_dither,-,-0.726921021
t-i05-t-22-4,tid2013,t-i05,t-22,4,0,tid2013/05/i05_22_4.png,tid2013/05/i05.png,31.2467,image_color_quantization_with_dither,-,-1.39000291
t-i05-t-22-5,tid2013,t-i05,t-22,5,0,tid2013/05/i05_22_5.png,tid2013/05/i05.png,31.2467,image_color_quantization_with_dither,-,-2.14048064
t-i05-t-23-1,tid2013,t-i05,t-23,1,0,tid2013/05/i05_23_1.png,tid2013/05/i05.png,31.2467,chromatic_aberrations,-,-0.001307201
t-i05-t-23-2,tid2013,t-i05,t-23,2,0,tid2013/05/i05_23_2.png,tid2013/05/i05.png,31.2467,chromatic_aberrations,-,-0.098587465
t-i05-t-23-3,tid2013,t-i05,t-23,3,0,tid2013/05/i05_23_3.png,tid2013/05/i05.png,31.2467,chromatic_aberrations,-,-0.000554647
t-i05-t-23-4,tid2013,t-i05,t-23,4,0,tid2013/05/i05_23_4.png,tid2013/05/i05.png,31.2467,chromatic_aberrations,-,-0.025445516
t-i05-t-23-5,tid2013,t-i05,t-23,5,0,tid2013/05/i05_23_5.png,tid2013/05/i05.png,31.2467,chromatic_aberrations,-,-0.206847055
t-i05-t-24-1,tid2013,t-i05,t-24,1,0,tid2013/05/i05_24_1.png,tid2013/05/i05.png,31.2467,sparse_sampling_and_reconstruction,-,0.024408137
t-i05-t-24-2,tid2013,t-i05,t-24,2,0,tid2013/05/i05_24_2.png,tid2013/05/i05.png,31.2467,sparse_sampling_and_reconstruction,-,-0.098376379
t-i05-t-24-3,tid2013,t-i05,t-24,3,0,tid2013/05/i05_24_3.png,tid2013/05/i05.png,31.2467,sparse_sampling_and_reconstruction,-,-0.377295626
t-i05-t-24-4,tid2013,t-i05,t-24,4,0,tid2013/05/i05_24_4.png,tid2013/05/i05.png,31.2467,sparse_sampling_and_reconstruction,-,-1.486894207
t-i05-t-24-5,tid2013,t-i05,t-24,5,0,tid2013/05/i05_24_5.png,tid2013/05/i05.png,31.2467,sparse_sampling_and_reconstruction,-,-2.861721746
t-i06-t-01-1,tid2013,t-i06,t-01,1,0,tid2013/06/i06_01_1.png,tid2013/06/i06.png,31.2467,additive_gaussian_noise,-,-0.675275764
t-i06-t-01-2,tid2013,t-i06,t-01,2,0,tid2013/06/i06_01_2.png,tid2013/06/i06.png,31.2467,additive_gaussian_noise,-,-0.977597476
t-i06-t-01-3,tid2013,t-i06,t-01,3,0,tid2013/06/i06_01_3.png,tid2013/06/i06.png,31.2467,additive_gaussian_noise,-,-1.248110578
t-i06-t-01-4,tid2013,t-i06,t-01,4,0,tid2013/06/i06_01_4.png,tid2013/06/i06.png,31.2467,additive_gaussian_noise,-,-1.683781269
t-i06-t-01-5,tid2013,t-i06,t-01,5,0,tid2013/06/i06_01_5.png,tid2013/06/i06.png,31.2467,additive_gaussian_noise,-,-2.520341275
t-i06-t-02-1,tid2013,t-i06,t-02,1,0,tid2013/06/i06_02_1.png,tid2013/06/i06.png,31.2467,additive_noise_in_color_more_intensive_than_additive_noise_in_the_luminance,-,-0.442654954
t-i06-t-02-2,tid2013,t-i06,t-02,2,0,tid2013/06/i06_02_2.png,tid2013/06/i06.png,31.2467,additive_noise_in_color_more_intensive_than_additive_noise_in_the_luminance,-,-0.64642743
t-i06-t-02-3,tid2013,t-i06,t-02,3,0,tid2013/06/i06_02_3.png,tid2013/06/i06.png,31.2467,additive_noise_in_color_more_intensive_than_additive_noise_in_the_luminance,-,-0.884090469
t-i06-t-02-4,tid2013,t-i06,t-02,4,0,tid2013/06/i06_02_4.png,tid2013/06/i06.png,31.2467,additive_noise_in_color_more_intensive_than_additive_noise_in_the_luminance,-,-1.287795663
t-i06-t-02-5,tid2013,t-i06,t-02,5,0,tid2013/06/i06_02_5.png,tid2013/06/i06.png,31.2467,additive_noise_in_color_more_intensive_than_additive_noise_in_the_luminance,-,-1.794620269
t-i06-t-03-1,tid2013,t-i06,t-03,1,0,tid2013/06/i06_03_1.png,tid2013/06/i06.png,31.2467,spatially_correlated_noise,-,-1.391482848
t-i06-t-03-2,tid2013,t-i06,t-03,2,0,tid2013/06/i06_03_2.png,tid2013/06/i06.png,31.2467,spatially_correlated_noise,-,-1.899603511
t-i06-t-03-3,tid2013,t-i06,t-03,3,0,tid2013/06/i06_03_3.png,tid2013/06/i06.png,31.2467,spatially_correlated_noise,-,-2.480086577
t-i06-t-03-4,tid2013,t-i06,t-03,4,0,tid2013/06/i06_03_4.png,tid2013/06/i06.png,31.2467,spatially_correlated_noise,-,-3.158801264
t-i06-t-03-5,tid2013,t-i06,t-03,5,0,tid2013/06/i06_03_5.png,tid2013/06/i06.png,31.2467,spatially_correlated_noise,-,-3.736697056
t-i06-t-04-1,tid2013,t-i06,t-04,1,0,tid2013/06/i06_04_1.png,tid2013/06/i06.png,31.2467,masked_noise,-,-0.627019585
t-i06-t-04-2,tid2013,t-i06,t-04,2,0,tid2013/06/i06_04_2.png,tid2013/06/i06.png,31.2467,masked_noise,-,-0.541434704
t-i06-t-04-3,tid2013,t-i06,t-04,3,0,tid2013/06/i06_04_3.png,tid2013/06/i06.png,31.2467,masked_noise,-,-0.688223539
t-i06-t-04-4,tid2013,t-i06,t-04,4,0,tid2013/06/i06_04_4.png,tid2013/06/i06.png,31.2467,masked_noise,-,-1.097814799
t-i06-t-04-5,tid2013,t-i06,t-04,5,0,tid2013/06/i06_04_5.png,tid2013/06/i06.png,31.2467,masked_noise,-,-1.51077186
t-i06-t-05-1,tid2013,t-i06,t-05,1,0,tid2013/06/i06_05_1.png,tid2013/06/i06.png,31.2467,high_frequency_noise,-,-0.53401974
t-i06-t-05-2,tid2013,t-i06,t-05,2,0,tid2013/06/i06_05_2.png,tid2013/06/i06.png,31.2467,high_frequency_noise,-,-0.814352809
t-i06-t-05-3,tid2013,t-i06,t-05,3,0,tid2013/06/i06_05_3.png,tid2013/06/i06.png,31.2467,high_frequency_noise,-,-1.231559594
t-i06-t-05-4,tid2013,t-i06,t-05,4,0,tid2013/06/i06_05_4.png,tid2013/06/i06.png,31.2467,high_frequency_noise,-,-2.040168779
t-i06-t-05-5,tid2013,t-i06,t-05,5,0,tid2013/06/i06_05_5.png,tid2013/06/i06.png,31.2467,high_frequency_noise,-,-3.308680813
t-i06-t-06-1,tid2013,t-i06,t-06,1,0,tid2013/06/i06_06_1.png,tid2013/06/i06.png,31.2467,impulse_noise,-,-1.449992833
t-i06-t-06-2,tid2013,t-i06,t-06,2,0,tid2013/06/i06_06_2.png,tid2013/06/i06.png,31.2467,impulse_noise,-,-1.699575485
t-i06-t-06-3,tid2013,t-i06,t-06,3,0,tid2013/06/i06_06_3.png,tid2013/06/i06.png,31.2467,impulse_noise,-,-2.177622637
t-i06-t-06-4,tid2013,t-i06,t-06,4,0,tid2013/06/i06_06_4.png,tid2013/06/i06.png,31.2467,impulse_noise,-,-2.653619444
t-i06-t-06-5,tid2013,t-i06,t-06,5,0,tid2013/06/i06_06_5.png,tid2013/06/i06.png,31.2467,impulse_noise,-,-3.100864335
t-i06-t-07-1,tid2013,t-i06,t-07,1,0,tid2013/06/i06_07_1.png,tid2013/06/i06.png,31.2467,quantization_noise,-,-0.99082703
t-i06-t-07-2,tid2013,t-i06,t-07,2,0,tid2013/06/i06_07_2.png,tid2013/06/i06.png,31.2467,quantization_noise,-,-1.153429724
t-i06-t-07-3,tid2013,t-i06,t-07,3,0,tid2013/06/i06_07_3.png,tid2013/06/i06.png,31.2467,quantization_noise,-,-1.694820341
t-i06-t-07-4,tid2013,t-i06,t-07,4,0,tid2013/06/i06_07_4.png,tid2013/06/i06.png,31.2467,quantization_noise,-,-2.859527981
t-i06-t-07-5,tid2013,t-i06,t-07,5,0,tid2013/06/i06_07_5.png,tid2013/06/i06.png,31.2467,quantization_noise,-,-3.547192604
t-i06-t-08-1,tid2013,t-i06,t-08,1,0,tid2013/06/i06_08_1.png,tid2013/06/i06.png,31.2467,gaussian_blur,-,-1.084972841
t-i06-t-08-2,tid2013,t-i06,t-08,2,0,tid2013/06/i06_08_2.png,tid2013/06/i06.png,31.2467,gaussian_blur,-,-1.576748808
t-i06-t-08-3,tid2013,t-i06,t-08,3,0,tid2013/06/i06_08_3.png,tid2013/06/i06.png,31.2467,gaussian_blur,-,-2.488537207
t-i06-t-08-4,tid2013,t-i06,t-08,4,0,tid2013/06/i06_08_4.png,tid2013/06/i06.png,31.2467,gaussian_blur,-,-3.630352985
t-i06-t-08-5,tid2013,t-i06,t-08,5,0,tid2013/06/i06_08_5.png,tid2013/06/i06.png,31.2467,gaussian_blur,-,-4.545306488
t-i06-t-09-1,tid2013,t-i06,t-09,1,0,tid2013/06/i06_09_1.png,tid2013/06/i06.png,31.2467,image_denoising,-,-0.519982061
t-i06-t-09-2,tid2013,t-i06,t-09,2,0,tid2013/06/i06_09_2.png,tid2013/06/i06.png,31.2467,image_denoising,-,-0.672170869
t-i06-t-09-3,tid2013,t-i06,t-09,3,0,tid2013/06/i06_09_3.png,tid2013/06/i06.png,31.2467,image_denoising,-,-1.353522345
t-i06-t-09-4,tid2013,t-i06,t-09,4,0,tid2013/06/i06_09_4.png,tid2013/06/i06.png,31.2467,image_denoising,-,-3.083514475
t-i06-t-09-5,tid2013,t-i06,t-09,5,0,tid2013/06/i06_09_5.png,tid2013/06/i06.png,31.2467,image_denoising,-,-4.91103435
t-i06-t-10-1,tid2013,t-i06,t-10,1,0,tid2013/06/i06_10_1.png,tid2013/06/i06.png,31.2467,JPEG_compression,-,-0.621612611
t-i06-t-10-2,tid2013,t-i06,t-10,2,0,tid2013/06/i06_10_2.png,tid2013/06/i06.png,31.2467,JPEG_compression,-,-0.718581211
t-i06-t-10-3,tid2013,t-i06,t-10,3,0,tid2013/06/i06_10_3.png,tid2013/06/i06.png,31.2467,JPEG_compression,-,-1.058874426
t-i06-t-10-4,tid2013,t-i06,t-10,4,0,tid2013/06/i06_10_4.png,tid2013/06/i06.png,31.2467,JPEG_compression,-,-3.01097695
t-i06-t-10-5,tid2013,t-i06,t-10,5,0,tid2013/06/i06_10_5.png,tid2013/06/i06.png,31.2467,JPEG_compression,-,-4.95355972
t-i06-t-11-1,tid2013,t-i06,t-11,1,0,tid2013/06/i06_11_1.png,tid2013/06/i06.png,31.2467,JPEG2000_compression,-,-0.842988597
t-i06-t-11-2,tid2013,t-i06,t-11,2,0,tid2013/06/i06_11_2.png,tid2013/06/i06.png,31.2467,JPEG2000_compression,-,-1.000299955
t-i06-t-11-3,tid2013,t-i06,t-11,3,0,tid2013/06/i06_11_3.png,tid2013/06/i06.png,31.2467,JPEG2000_compression,-,-1.630501911
t-i06-t-11-4,tid2013,t-i06,t-11,4,0,tid2013/06/i06_11_4.png,tid2013/06/i06.png,31.2467,JPEG2000_compression,-,-3.098835448
t-i06-t-11-5,tid2013,t-i06,t-11,5,0,tid2013/06/i06_11_5.png,tid2013/06/i06.png,31.2467,JPEG2000_compression,-,-5.98391222
t-i06-t-12-1,tid2013,t-i06,t-12,1,0,tid2013/06/i06_12_1.png,tid2013/06/i06.png,31.2467,JPEG_transmission_errors,-,-0.691092474
t-i06-t-12-2,tid2013,t-i06,t-12,2,0,tid2013/06/i06_12_2.png,tid2013/06/i06.png,31.2467,JPEG_transmission_errors,-,-1.496449125
t-i06-t-12-3,tid2013,t-i06,t-12,3,0,tid2013/06/i06_12_3.png,tid2013/06/i06.png,31.2467,JPEG_transmission_errors,-,-1.794511326
t-i06-t-12-4,tid2013,t-i06,t-12,4,0,tid2013/06/i06_12_4.png,tid2013/06/i06.png,31.2467,JPEG_transmission_errors,-,-2.240017378
t-i06-t-12-5,tid2013,t-i06,t-12,5,0,tid2013/06/i06_12_5.png,tid2013/06/i06.png,31.2467,JPEG_transmission_errors,-,-2.229287287
t-i06-t-13-1,tid2013,t-i06,t-13,1,0,tid2013/06/i06_13_1.png,tid2013/06/i06.png,31.2467,JPEG2000_transmission_errors,-,-1.49031236
t-i06-t-13-2,tid2013,t-i06,t-13,2,0,tid2013/06/i06_13_2.png,tid2013/06/i06.png,31.2467,JPEG2000_transmission_errors,-,-1.314311068
t-i06-t-13-3,tid2013,t-i06,t-13,3,0,tid2013/06/i06_13_3.png,tid2013/06/i06.png,31.2467,JPEG2000_transmission_errors,-,-1.853511892
t-i06-t-13-4,tid2013,t-i06,t-13,4,0,tid2013/06/i06_13_4.png,tid2013/06/i06.png,31.2467,JPEG2000_transmission_errors,-,-3.08484177
t-i06-t-13-5,tid2013,t-i06,t-13,5,0,tid2013/06/i06_13_5.png,tid2013/06/i06.png,31.2467,JPEG2000_transmission_errors,-,-3.635017162
t-i06-t-14-1,tid2013,t-i06,t-14,1,0,tid2013/06/i06_14_1.png,tid2013/06/i06.png,31.2467,non_eccentricity_pattern_noise,-,-0.559558929
t-i06-t-14-2,tid2013,t-i06,t-14,2,0,tid2013/06/i06_14_2.png,tid2013/06/i06.png,31.2467,non_eccentricity_pattern_noise,-,-0.477381893
t-i06-t-14-3,tid2013,t-i06,t-14,3,0,tid2013/06/i06_14_3.png,tid2013/06/i06.png,31.2467,non_eccentricity_pattern_noise,-,-1.261729511
t-i06-t-14-4,tid2013,t-i06,t-14,4,0,tid2013/06/i06_14_4.png,tid2013/06/i06.png,31.2467,non_eccentricity_pattern_noise,-,-1.667916013
t-i06-t-14-5,tid2013,t-i06,t-14,5,0,tid2013/06/i06_14_5.png,tid2013/06/i06.png,31.2467,non_eccentricity_pattern_noise,-,-1.761446703
t-i06-t-15-1,tid2013,t-i06,t-15,1,0,tid2013/06/i06_15_1.png,tid2013/06/i06.png,31.2467,local_block_wise_distortions_of_different_intensity,-,-2.70887435
t-i06-t-15-2,tid2013,t-i06,t-15,2,0,tid2013/06/i06_15_2.png,tid2013/06/i06.png,31.2467,local_block_wise_distortions_of_different_intensity,-,-2.740948499
t-i06-t-15-3,tid2013,t-i06,t-15,3,0,tid2013/06/i06_15_3.png,tid2013/06/i06.png,31.2467,local_block_wise_distortions_of_different_intensity,-,-2.271217671
t-i06-t-15-4,tid2013,t-i06,t-15,4,0,tid2013/06/i06_15_4.png,tid2013/06/i06.png,31.2467,local_block_wise_distortions_of_different_intensity,-,-1.796372932
t-i06-t-15-5,tid2013,t-i06,t-15,5,0,tid2013/06/i06_15_5.png,tid2013/06/i06.png,31.2467,local_block_wise_distortions_of_different_intensity,-,-1.266010689
t-i06-t-16-1,tid2013,t-i06,t-16,1,0,tid2013/06/i06_16_1.png,tid2013/06/i06.png,31.2467,intensity_shift,-,-0.760322471
t-i06-t-16-2,tid2013,t-i06,t-16,2,0,tid2013/06/i06_16_2.png,tid2013/06/i06.png,31.2467,intensity_shift,-,-0.406003241
t-i06-t-16-3,tid2013,t-i06,t-16,3,0,tid2013/06/i06_16_3.png,tid2013/06/i06.png,31.2467,intensity_shift,-,-1.09970647
t-i06-t-16-4,tid2013,t-i06,t-16,4,0,tid2013/06/i06_16_4.png,tid2013/06/i06.png,31.2467,intensity_shift,-,-0.784620643
t-i06-t-16-5,tid2013,t-i06,t-16,5,0,tid2013/06/i06_16_5.png,tid2013/06/i06.png,31.2467,intensity_shift,-,-1.873322005
t-i06-t-17-1,tid2013,t-i06,t-17,1,0,tid2013/06/i06_17_1.png,tid2013/06/i06.png,31.2467,contrast_change,-,-0.818568003
t-i06-t-17-2,tid2013,t-i06,t-17,2,0,tid2013/06/i06_17_2.png,tid2013/06/i06.png,31.2467,contrast_change,-,-0.50665852
t-i06-t-17-3,tid2013,t-i06,t-17,3,0,tid2013/06/i06_17_3.png,tid2013/06/i06.png,31.2467,contrast_change,-,-1.944976586
t-i06-t-17-4,tid2013,t-i06,t-17,4,0,tid2013/06/i06_17_4.png,tid2013/06/i06.png,31.2467,contrast_change,-,-0.83745189
t-i06-t-17-5,tid2013,t-i06,t-17,5,0,tid2013/06/i06_17_5.png,tid2013/06/i06.png,31.2467,contrast_change,-,-2.860326971
t-i06-t-18-1,tid2013,t-i06,t-18,1,0,tid2013/06/i06_18_1.png,tid2013/06/i06.png,31.2467,change_of_color_saturation,-,-1.20773177
t-i06-t-18-2,tid2013,t-i06,t-18,2,0,tid2013/06/i06_18_2.png,tid2013/06/i06.png,31.2467,change_of_color_saturation,-,-1.652473449
t-i06-t-18-3,tid2013,t-i06,t-18,3,0,tid2013/06/i06_18_3.png,tid2013/06/i06.png,31.2467,change_of_color_saturation,-,-2.128858961
t-i06-t-18-4,tid2013,t-i06,t-18,4,0,tid2013/06/i06_18_4.png,tid2013/06/i06.png,31.2467,change_of_color_saturation,-,-2.369747666
t-i06-t-18-5,tid2013,t-i06,t-18,5,0,tid2013/06/i06_18_5.png,tid2013/06/i06.png,31.2467,change_of_color_saturation,-,-2.52786882
t-i06-t-19-1,tid2013,t-i06,t-19,1,0,tid2013/06/i06_19_1.png,tid2013/06/i06.png,31.2467,multiplicative_gaussian_noise,-,-0.980709402
t-i06-t-19-2,tid2013,t-i06,t-19,2,0,tid2013/06/i06_19_2.png,tid2013/06/i06.png,31.2467,multiplicative_gaussian_noise,-,-1.075690769
t-i06-t-19-3,tid2013,t-i06,t-19,3,0,tid2013/06/i06_19_3.png,tid2013/06/i06.png,31.2467,multiplicative_gaussian_noise,-,-1.25751747
t-i06-t-19-4,tid2013,t-i06,t-19,4,0,tid2013/06/i06_19_4.png,tid2013/06/i06.png,31.2467,multiplicative_gaussian_noise,-,-1.869444722
t-i06-t-19-5,tid2013,t-i06,t-19,5,0,tid2013/06/i06_19_5.png,tid2013/06/i06.png,31.2467,multiplicative_gaussian_noise,-,-2.497787015
t-i06-t-20-1,tid2013,t-i06,t-20,1,0,tid2013/06/i06_20_1.png,tid2013/06/i06.png,31.2467,comfort_noise,-,-0.694548302
t-i06-t-20-2,tid2013,t-i06,t-20,2,0,tid2013/06/i06_20_2.png,tid2013/06/i06.png,31.2467,comfort_noise,-,-0.826104846
t-i06-t-20-3,tid2013,t-i06,t-20,3,0,tid2013/06/i06_20_3.png,tid2013/06/i06.png,31.2467,comfort_noise,-,-0.767876844
t-i06-t-20-4,tid2013,t-i06,t-20,4,0,tid2013/06/i06_20_4.png,tid2013/06/i06.png,31.2467,comfort_noise,-,-1.334083322
t-i06-t-20-5,tid2013,t-i06,t-20,5,0,tid2013/06/i06_20_5.png,tid2013/06/i06.png,31.2467,comfort_noise,-,-2.158022327
t-i06-t-21-1,tid2013,t-i06,t-21,1,0,tid2013/06/i06_21_1.png,tid2013/06/i06.png,31.2467,lossy_compression_of_noisy_images,-,-0.726270614
t-i06-t-21-2,tid2013,t-i06,t-21,2,0,tid2013/06/i06_21_2.png,tid2013/06/i06.png,31.2467,lossy_compression_of_noisy_images,-,-1.146525036
t-i06-t-21-3,tid2013,t-i06,t-21,3,0,tid2013/06/i06_21_3.png,tid2013/06/i06.png,31.2467,lossy_compression_of_noisy_images,-,-1.432051787
t-i06-t-21-4,tid2013,t-i06,t-21,4,0,tid2013/06/i06_21_4.png,tid2013/06/i06.png,31.2467,lossy_compression_of_noisy_images,-,-2.390860541
t-i06-t-21-5,tid2013,t-i06,t-21,5,0,tid2013/06/i06_21_5.png,tid2013/06/i06.png,31.2467,lossy_compression_of_noisy_images,-,-3.436192541
t-i06-t-22-1,tid2013,t-i06,t-22,1,0,tid2013/06/i06_22_1.png,tid2013/06/i06.png,31.2467,image_color_quantization_with_dither,-,-0.688955996
t-i06-t-22-2,tid2013,t-i06,t-22,2,0,tid2013/06/i06_22_2.png,tid2013/06/i06.png,31.2467,image_color_quantization_with_dither,-,-0.985824833
t-i06-t-22-3,tid2013,t-i06,t-22,3,0,tid2013/06/i06_22_3.png,tid2013/06/i06.png,31.2467,image_color_quantization_with_dither,-,-1.969776076
t-i06-t-22-4,tid2013,t-i06,t-22,4,0,tid2013/06/i06_22_4.png,tid2013/06/i06.png,31.2467,image_color_quantization_with_dither,-,-2.736638702
t-i06-t-22-5,tid2013,t-i06,t-22,5,0,tid2013/06/i06_22_5.png,tid2013/06/i06.png,31.2467,image_color_quantization_with_dither,-,-3.401170759
t-i06-t-23-1,tid2013,t-i06,t-23,1,0,tid2013/06/i06_23_1.png,tid2013/06/i06.png,31.2467,chromatic_aberrations,-,-0.669969038
t-i06-t-23-2,tid2013,t-i06,t-23,2,0,tid2013/06/i06_23_2.png,tid2013/06/i06.png,31.2467,chromatic_aberrations,-,-0.620044391
t-i06-t-23-3,tid2013,t-i06,t-23,3,0,tid2013/06/i06_23_3.png,tid2013/06/i06.png,31.2467,chromatic_aberrations,-,-0.741901226
t-i06-t-23-4,tid2013,t-i06,t-23,4,0,tid2013/06/i06_23_4.png,tid2013/06/i06.png,31.2467,chromatic_aberrations,-,-1.027721269
t-i06-t-23-5,tid2013,t-i06,t-23,5,0,tid2013/06/i06_23_5.png,tid2013/06/i06.png,31.2467,chromatic_aberrations,-,-4.12164108
t-i06-t-24-1,tid2013,t-i06,t-24,1,0,tid2013/06/i06_24_1.png,tid2013/06/i06.png,31.2467,sparse_sampling_and_reconstruction,-,-0.564635086
t-i06-t-24-2,tid2013,t-i06,t-24,2,0,tid2013/06/i06_24_2.png,tid2013/06/i06.png,31.2467,sparse_sampling_and_reconstruction,-,-0.832736891
t-i06-t-24-3,tid2013,t-i06,t-24,3,0,tid2013/06/i06_24_3.png,tid2013/06/i06.png,31.2467,sparse_sampling_and_reconstruction,-,-1.360008402
t-i06-t-24-4,tid2013,t-i06,t-24,4,0,tid2013/06/i06_24_4.png,tid2013/06/i06.png,31.2467,sparse_sampling_and_reconstruction,-,-3.090965584
t-i06-t-24-5,tid2013,t-i06,t-24,5,0,tid2013/06/i06_24_5.png,tid2013/06/i06.png,31.2467,sparse_sampling_and_reconstruction,-,-5.621045987
t-i07-t-01-1,tid2013,t-i07,t-01,1,0,tid2013/07/i07_01_1.png,tid2013/07/i07.png,31.2467,additive_gaussian_noise,-,-0.678162569
t-i07-t-01-2,tid2013,t-i07,t-01,2,0,tid2013/07/i07_01_2.png,tid2013/07/i07.png,31.2467,additive_gaussian_noise,-,-0.961150041
t-i07-t-01-3,tid2013,t-i07,t-01,3,0,tid2013/07/i07_01_3.png,tid2013/07/i07.png,31.2467,additive_gaussian_noise,-,-1.506275024
t-i07-t-01-4,tid2013,t-i07,t-01,4,0,tid2013/07/i07_01_4.png,tid2013/07/i07.png,31.2467,additive_gaussian_noise,-,-1.742783765
t-i07-t-01-5,tid2013,t-i07,t-01,5,0,tid2013/07/i07_01_5.png,tid2013/07/i07.png,31.2467,additive_gaussian_noise,-,-2.306089382
t-i07-t-02-1,tid2013,t-i07,t-02,1,0,tid2013/07/i07_02_1.png,tid2013/07/i07.png,31.2467,additive_noise_in_color_more_intensive_than_additive_noise_in_the_luminance,-,-0.327541838
t-i07-t-02-2,tid2013,t-i07,t-02,2,0,tid2013/07/i07_02_2.png,tid2013/07/i07.png,31.2467,additive_noise_in_color_more_intensive_than_additive_noise_in_the_luminance,-,-0.545485978
t-i07-t-02-3,tid2013,t-i07,t-02,3,0,tid2013/07/i07_02_3.png,tid2013/07/i07.png,31.2467,additive_noise_in_color_more_intensive_than_additive_noise_in_the_luminance,-,-0.703337177
t-i07-t-02-4,tid2013,t-i07,t-02,4,0,tid2013/07/i07_02_4.png,tid2013/07/i07.png,31.2467,additive_noise_in_color_more_intensive_than_additive_noise_in_the_luminance,-,-1.088177913
t-i07-t-02-5,tid2013,t-i07,t-02,5,0,tid2013/07/i07_02_5.png,tid2013/07/i07.png,31.2467,additive_noise_in_color_more_intensive_than_additive_noise_in_the_luminance,-,-1.547973269
t-i07-t-03-1,tid2013,t-i07,t-03,1,0,tid2013/07/i07_03_1.png,tid2013/07/i07.png,31.2467,spatially_correlated_noise,-,-1.238665461
t-i07-t-03-2,tid2013,t-i07,t-03,2,0,tid2013/07/i07_03_2.png,tid2013/07/i07.png,31.2467,spatially_correlated_noise,-,-1.922827866
t-i07-t-03-3,tid2013,t-i07,t-03,3,0,tid2013/07/i07_03_3.png,tid2013/07/i07.png,31.2467,spatially_correlated_noise,-,-2.435514414
t-i07-t-03-4,tid2013,t-i07,t-03,4,0,tid2013/07/i07_03_4.png,tid2013/07/i07.png,31.2467,spatially_correlated_noise,-,-3.063235676
t-i07-t-03-5,tid2013,t-i07,t-03,5,0,tid2013/07/i07_03_5.png,tid2013/07/i07.png,31.2467,spatially_correlated_noise,-,-3.708056605
t-i07-t-04-1,tid2013,t-i07,t-04,1,0,tid2013/07/i07_04_1.png,tid2013/07/i07.png,31.2467,masked_noise,-,-0.422732281
t-i07-t-04-2,tid2013,t-i07,t-04,2,0,tid2013/07/i07_04_2.png,tid2013/07/i07.png,31.2467,masked_noise,-,-0.427765238
t-i07-t-04-3,tid2013,t-i07,t-04,3,0,tid2013/07/i07_04_3.png,tid2013/07/i07.png,31.2467,masked_noise,-,-0.815871852
t-i07-t-04-4,tid2013,t-i07,t-04,4,0,tid2013/07/i07_04_4.png,tid2013/07/i07.png,31.2467,masked_noise,-,-1.385701688
t-i07-t-04-5,tid2013,t-i07,t-04,5,0,tid2013/07/i07_04_5.png,tid2013/07/i07.png,31.2467,masked_noise,-,-1.935838967
t-i07-t-05-1,tid2013,t-i07,t-05,1,0,tid2013/07/i07_05_1.png,tid2013/07/i07.png,31.2467,high_frequency_noise,-,-0.475585932
t-i07-t-05-2,tid2013,t-i07,t-05,2,0,tid2013/07/i07_05_2.png,tid2013/07/i07.png,31.2467,high_frequency_noise,-,-0.538497483
t-i07-t-05-3,tid2013,t-i07,t-05,3,0,tid2013/07/i07_05_3.png,tid2013/07/i07.png,31.2467,high_frequency_noise,-,-1.074421918
t-i07-t-05-4,tid2013,t-i07,t-05,4,0,tid2013/07/i07_05_4.png,tid2013/07/i07.png,31.2467,high_frequency_noise,-,-1.923910118
t-i07-t-05-5,tid2013,t-i07,t-05,5,0,tid2013/07/i07_05_5.png,tid2013/07/i07.png,31.2467,high_frequency_noise,-,-2.936861955
t-i07-t-06-1,tid2013,t-i07,t-06,1,0,tid2013/07/i07_06_1.png,tid2013/07/i07.png,31.2467,impulse_noise,-,-1.35456129
t-i07-t-06-2,tid2013,t-i07,t-06,2,0,tid2013/07/i07_06_2.png,tid2013/07/i07.png,31.2467,impulse_noise,-,-1.61571273
t-i07-t-06-3,tid2013,t-i07,t-06,3,0,tid2013/07/i07_06_3.png,tid2013/07/i07.png,31.2467,impulse_noise,-,-2.132713693
t-i07-t-06-4,tid2013,t-i07,t-06,4,0,tid2013/07/i07_06_4.png,tid2013/07/i07.png,31.2467,impulse_noise,-,-2.506023149
t-i07-t-06-5,tid2013,t-i07,t-06,5,0,tid2013/07/i07_06_5.png,tid2013/07/i07.png,31.2467,impulse_noise,-,-3.021755233
t-i07-t-07-1,tid2013,t-i07,t-07,1,0,tid2013/07/i07_07_1.png,tid2013/07/i07.png,31.2467,quantization_noise,-,-0.692182567
t-i07-t-07-2,tid2013,t-i07,t-07,2,0,tid2013/07/i07_07_2.png,tid2013/07/i07.png,31.2467,quantization_noise,-,-0.992047473
t-i07-t-07-3,tid2013,t-i07,t-07,3,0,tid2013/07/i07_07_3.png,tid2013/07/i07.png,31.2467,quantization_noise,-,-1.898977806
t-i07-t-07-4,tid2013,t-i07,t-07,4,0,tid2013/07/i07_07_4.png,tid2013/07/i07.png,31.2467,quantization_noise,-,-2.686839005
t-i07-t-07-5,tid2013,t-i07,t-07,5,0,tid2013/07/i07_07_5.png,tid2013/07/i07.png,31.2467,quantization_noise,-,-3.395680818
t-i07-t-08-1,tid2013,t-i07,t-08,1,0,tid2013/07/i07_08_1.png,tid2013/07/i07.png,31.2467,gaussian_blur,-,-0.406191837
t-i07-t-08-2,tid2013,t-i07,t-08,2,0,tid2013/07/i07_08_2.png,tid2013/07/i07.png,31.2467,gaussian_blur,-,-0.768124075
t-i07-t-08-3,tid2013,t-i07,t-08,3,0,tid2013/07/i07_08_3.png,tid2013/07/i07.png,31.2467,gaussian_blur,-,-1.566864171
t-i07-t-08-4,tid2013,t-i07,t-08,4,0,tid2013/07/i07_08_4.png,tid2013/07/i07.png,31.2467,gaussian_blur,-,-2.861699265
t-i07-t-08-5,tid2013,t-i07,t-08,5,0,tid2013/07/i07_08_5.png,tid2013/07/i07.png,31.2467,gaussian_blur,-,-3.957351562
t-i07-t-09-1,tid2013,t-i07,t-09,1,0,tid2013/07/i07_09_1.png,tid2013/07/i07.png,31.2467,image_denoising,-,-0.24436049
t-i07-t-09-2,tid2013,t-i07,t-09,2,0,tid2013/07/i07_09_2.png,tid2013/07/i07.png,31.2467,image_denoising,-,-0.383928373
t-i07-t-09-3,tid2013,t-i07,t-09,3,0,tid2013/07/i07_09_3.png,tid2013/07/i07.png,31.2467,image_denoising,-,-0.988846942
t-i07-t-09-4,tid2013,t-i07,t-09,4,0,tid2013/07/i07_09_4.png,tid2013/07/i07.png,31.2467,image_denoising,-,-2.31809549
t-i07-t-09-5,tid2013,t-i07,t-09,5,0,tid2013/07/i07_09_5.png,tid2013/07/i07.png,31.2467,image_denoising,-,-4.083785856
t-i07-t-10-1,tid2013,t-i07,t-10,1,0,tid2013/07/i07_10_1.png,tid2013/07/i07.png,31.2467,JPEG_compression,-,-0.307506794
t-i07-t-10-2,tid2013,t-i07,t-10,2,0,tid2013/07/i07_10_2.png,tid2013/07/i07.png,31.2467,JPEG_compression,-,-0.586441564
t-i07-t-10-3,tid2013,t-i07,t-10,3,0,tid2013/07/i07_10_3.png,tid2013/07/i07.png,31.2467,JPEG_compression,-,-1.279828066
t-i07-t-10-4,tid2013,t-i07,t-10,4,0,tid2013/07/i07_10_4.png,tid2013/07/i07.png,31.2467,JPEG_compression,-,-2.680687382
t-i07-t-10-5,tid2013,t-i07,t-10,5,0,tid2013/07/i07_10_5.png,tid2013/07/i07.png,31.2467,JPEG_compression,-,-4.274460391
t-i07-t-11-1,tid2013,t-i07,t-11,1,0,tid2013/07/i07_11_1.png,tid2013/07/i07.png,31.2467,JPEG2000_compression,-,-0.712932129
t-i07-t-11-2,tid2013,t-i07,t-11,2,0,tid2013/07/i07_11_2.png,tid2013/07/i07.png,31.2467,JPEG2000_compression,-,-1.580033017
t-i07-t-11-3,tid2013,t-i07,t-11,3,0,tid2013/07/i07_11_3.png,tid2013/07/i07.png,31.2467,JPEG2000_compression,-,-2.79459555
t-i07-t-11-4,tid2013,t-i07,t-11,4,0,tid2013/07/i07_11_4.png,tid2013/07/i07.png,31.2467,JPEG2000_compression,-,-4.166121262
t-i07-t-11-5,tid2013,t-i07,t-11,5,0,tid2013/07/i07_11_5.png,tid2013/07/i07.png,31.2467,JPEG2000_compression,-,-5.499572692
t-i07-t-12-1,tid2013,t-i07,t-12,1,0,tid2013/07/i07_12_1.png,tid2013/07/i07.png,31.2467,JPEG_transmission_errors,-,-0.875822796
t-i07-t-12-2,tid2013,t-i07,t-12,2,0,tid2013/07/i07_12_2.png,tid2013/07/i07.png,31.2467,JPEG_transmission_errors,-,-1.423112765
t-i07-t-12-3,tid2013,t-i07,t-12,3,0,tid2013/07/i07_12_3.png,tid2013/07/i07.png,31.2467,JPEG_transmission_errors,-,-2.802294725
t-i07-t-12-4,tid2013,t-i07,t-12,4,0,tid2013/07/i07_12_4.png,tid2013/07/i07.png,31.2467,JPEG_transmission_errors,-,-3.529755323
t-i07-t-12-5,tid2013,t-i07,t-12,5,0,tid2013/07/i07_12_5.png,tid2013/07/i07.png,31.2467,JPEG_transmission_errors,-,-4.041003435
t-i07-t-13-1,tid2013,t-i07,t-13,1,0,tid2013/07/i07_13_1.png,tid2013/07/i07.png,31.2467,JPEG2000_transmission_errors,-,-1.571841322
t-i07-t-13-2,tid2013,t-i07,t-13,2,0,tid2013/07/i07_13_2.png,tid2013/07/i07.png,31.2467,JPEG2000_transmission_errors,-,-2.291993473
t-i07-t-13-3,tid2013,t-i07,t-13,3,0,tid2013/07/i07_13_3.png,tid2013/07/i07.png,31.2467,JPEG2000_transmission_errors,-,-3.042863026
t-i07-t-13-4,tid2013,t-i07,t-13,4,0,tid2013/07/i07_13_4.png,tid2013/07/i07.png,31.2467,JPEG2000_transmission_errors,-,-3.898785134
t-i07-t-13-5,tid2013,t-i07,t-13,5,0,tid2013/07/i07_13_5.png,tid2013/07/i07.png,31.2467,JPEG2000_transmission_errors,-,-4.006183256
t-i07-t-14-1,tid2013,t-i07,t-14,1,0,tid2013/07/i07_14_1.png,tid2013/07/i07.png,31.2467,non_eccentricity_pattern_noise,-,-0.471056488
t-i07-t-14-2,tid2013,t-i07,t-14,2,0,tid2013/07/i07_14_2.png,tid2013/07/i07.png,31.2467,non_eccentricity_pattern_noise,-,-0.207262696
t-i07-t-14-3,tid2013,t-i07,t-14,3,0,tid2013/07/i07_14_3.png,tid2013/07/i07.png,31.2467,non_eccentricity_pattern_noise,-,-0.571116156
t-i07-t-14-4,tid2013,t-i07,t-14,4,0,tid2013/07/i07_14_4.png,tid2013/07/i07.png,31.2467,non_eccentricity_pattern_noise,-,-0.976263941
t-i07-t-14-5,tid2013,t-i07,t-14,5,0,tid2013/07/i07_14_5.png,tid2013/07/i07.png,31.2467,non_eccentricity_pattern_noise,-,-1.943417965
t-i07-t-15-1,tid2013,t-i07,t-15,1,0,tid2013/07/i07_15_1.png,tid2013/07/i07.png,31.2467,local_block_wise_distortions_of_different_intensity,-,-2.424174491
t-i07-t-15-2,tid2013,t-i07,t-15,2,0,tid2013/07/i07_15_2.png,tid2013/07/i07.png,31.2467,local_block_wise_distortions_of_different_intensity,-,-3.006842505
t-i07-t-15-3,tid2013,t-i07,t-15,3,0,tid2013/07/i07_15_3.png,tid2013/07/i07.png,31.2467,local_block_wise_distortions_of_different_intensity,-,-3.179230691
t-i07-t-15-4,tid2013,t-i07,t-15,4,0,tid2013/07/i07_15_4.png,tid2013/07/i07.png,31.2467,local_block_wise_distortions_of_different_intensity,-,-2.857865159
t-i07-t-15-5,tid2013,t-i07,t-15,5,0,tid2013/07/i07_15_5.png,tid2013/07/i07.png,31.2467,local_block_wise_distortions_of_different_intensity,-,-2.5038253
t-i07-t-16-1,tid2013,t-i07,t-16,1,0,tid2013/07/i07_16_1.png,tid2013/07/i07.png,31.2467,intensity_shift,-,-0.19489148
t-i07-t-16-2,tid2013,t-i07,t-16,2,0,tid2013/07/i07_16_2.png,tid2013/07/i07.png,31.2467,intensity_shift,-,-0.267300223
t-i07-t-16-3,tid2013,t-i07,t-16,3,0,tid2013/07/i07_16_3.png,tid2013/07/i07.png,31.2467,intensity_shift,-,-0.431215619
t-i07-t-16-4,tid2013,t-i07,t-16,4,0,tid2013/07/i07_16_4.png,tid2013/07/i07.png,31.2467,intensity_shift,-,-0.89788319
t-i07-t-16-5,tid2013,t-i07,t-16,5,0,tid2013/07/i07_16_5.png,tid2013/07/i07.png,31.2467,intensity_shift,-,-1.265917766
t-i07-t-17-1,tid2013,t-i07,t-17,1,0,tid2013/07/i07_17_1.png,tid2013/07/i07.png,31.2467,contrast_change,-,-0.711797299
t-i07-t-17-2,tid2013,t-i07,t-17,2,0,tid2013/07/i07_17_2.png,tid2013/07/i07.png,31.2467,contrast_change,-,-0.10714283
t-i07-t-17-3,tid2013,t-i07,t-17,3,0,tid2013/07/i07_17_3.png,tid2013/07/i07.png,31.2467,contrast_change,-,-1.576903733
t-i07-t-17-4,tid2013,t-i07,t-17,4,0,tid2013/07/i07_17_4.png,tid2013/07/i07.png,31.2467,contrast_change,-,-0.039238023
t-i07-t-17-5,tid2013,t-i07,t-17,5,0,tid2013/07/i07_17_5.png,tid2013/07/i07.png,31.2467,contrast_change,-,-2.915276966
t-i07-t-18-1,tid2013,t-i07,t-18,1,0,tid2013/07/i07_18_1.png,tid2013/07/i07.png,31.2467,change_of_color_saturation,-,-0.840377543
t-i07-t-18-2,tid2013,t-i07,t-18,2,0,tid2013/07/i07_18_2.png,tid2013/07/i07.png,31.2467,change_of_color_saturation,-,-1.332274045
t-i07-t-18-3,tid2013,t-i07,t-18,3,0,tid2013/07/i07_18_3.png,tid2013/07/i07.png,31.2467,change_of_color_saturation,-,-1.883022919
t-i07-t-18-4,tid2013,t-i07,t-18,4,0,tid2013/07/i07_18_4.png,tid2013/07/i07.png,31.2467,change_of_color_saturation,-,-2.388291568
t-i07-t-18-5,tid2013,t-i07,t-18,5,0,tid2013/07/i07_18_5.png,tid2013/07/i07.png,31.2467,change_of_color_saturation,-,-2.574233079
t-i07-t-19-1,tid2013,t-i07,t-19,1,0,tid2013/07/i07_19_1.png,tid2013/07/i07.png,31.2467,multiplicative_gaussian_noise,-,-0.568700243
t-i07-t-19-2,tid2013,t-i07,t-19,2,0,tid2013/07/i07_19_2.png,tid2013/07/i07.png,31.2467,multiplicative_gaussian_noise,-,-0.850050704
t-i07-t-19-3,tid2013,t-i07,t-19,3,0,tid2013/07/i07_19_3.png,tid2013/07/i07.png,31.2467,multiplicative_gaussian_noise,-,-1.46379744
t-i07-t-19-4,tid2013,t-i07,t-19,4,0,tid2013/07/i07_19_4.png,tid2013/07/i07.png,31.2467,multiplicative_gaussian_noise,-,-2.163145495
t-i07-t-19-5,tid2013,t-i07,t-19,5,0,tid2013/07/i07_19_5.png,tid2013/07/i07.png,31.2467,multiplicative_gaussian_noise,-,-2.706186226
t-i07-t-20-1,tid2013,t-i07,t-20,1,0,tid2013/07/i07_20_1.png,tid2013/07/i07.png,31.2467,comfort_noise,-,-0.595241235
t-i07-t-20-2,tid2013,t-i07,t-20,2,0,tid2013/07/i07_20_2.png,tid2013/07/i07.png,31.2467,comfort_noise,-,-0.831107346
t-i07-t-20-3,tid2013,t-i07,t-20,3,0,tid2013/07/i07_20_3.png,tid2013/07/i07.png,31.2467,comfort_noise,-,-1.694393773
t-i07-t-20-4,tid2013,t-i07,t-20,4,0,tid2013/07/i07_20_4.png,tid2013/07/i07.png,31.2467,comfort_noise,-,-2.768269373
t-i07-t-20-5,tid2013,t-i07,t-20,5,0,tid2013/07/i07_20_5.png,tid2013/07/i07.png,31.2467,comfort_noise,-,-3.471626386
t-i07-t-21-1,tid2013,t-i07,t-21,1,0,tid2013/07/i07_21_1.png,tid2013/07/i07.png,31.2467,lossy_compression_of_noisy_images,-,-0.852057352
t-i07-t-21-2,tid2013,t-i07,t-21,2,0,tid2013/07/i07_21_2.png,tid2013/07/i07.png,31.2467,lossy_compression_of_noisy_images,-,-1.260659115
t-i07-t-21-3,tid2013,t-i07,t-21,3,0,tid2013/07/i07_21_3.png,tid2013/07/i07.png,31.2467,lossy_compression_of_noisy_images,-,-2.058939506
t-i07-t-21-4,tid2013,t-i07,t-21,4,0,tid2013/07/i07_21_4.png,tid2013/07/i07.png,31.2467,lossy_compression_of_noisy_images,-,-3.003749207
t-i07-t-21-5,tid2013,t-i07,t-21,5,0,tid2013/07/i07_21_5.png,tid2013/07/i07.png,31.2467,lossy_compression_of_noisy_images,-,-3.998062249
t-i07-t-22-1,tid2013,t-i07,t-22,1,0,tid2013/07/i07_22_1.png,tid2013/07/i07.png,31.2467,image_color_quantization_with_dither,-,-0.459680386
t-i07-t-22-2,tid2013,t-i07,t-22,2,0,tid2013/07/i07_22_2.png,tid2013/07/i07.png,31.2467,image_color_quantization_with_dither,-,-0.914106091
t-i07-t-22-3,tid2013,t-i07,t-22,3,0,tid2013/07/i07_22_3.png,tid2013/07/i07.png,31.2467,image_color_quantization_with_dither,-,-1.470434265
t-i07-t-22-4,tid2013,t-i07,t-22,4,0,tid2013/07/i07_22_4.png,tid2013/07/i07.png,31.2467,image_color_quantization_with_dither,-,-2.305338227
t-i07-t-22-5,tid2013,t-i07,t-22,5,0,tid2013/07/i07_22_5.png,tid2013/07/i07.png,31.2467,image_color_quantization_with_dither,-,-3.753161793
t-i07-t-23-1,tid2013,t-i07,t-23,1,0,tid2013/07/i07_23_1.png,tid2013/07/i07.png,31.2467,chromatic_aberrations,-,-0.320938239
t-i07-t-23-2,tid2013,t-i07,t-23,2,0,tid2013/07/i07_23_2.png,tid2013/07/i07.png,31.2467,chromatic_aberrations,-,-0.674630683
t-i07-t-23-3,tid2013,t-i07,t-23,3,0,tid2013/07/i07_23_3.png,tid2013/07/i07.png,31.2467,chromatic_aberrations,-,-1.177317178
t-i07-t-23-4,tid2013,t-i07,t-23,4,0,tid2013/07/i07_23_4.png,tid2013/07/i07.png,31.2467,chromatic_aberrations,-,-1.837042973
t-i07-t-23-5,tid2013,t-i07,t-23,5,0,tid2013/07/i07_23_5.png,tid2013/07/i07.png,31.2467,chromatic_aberrations,-,-3.714754889
t-i07-t-24-1,tid2013,t-i07,t-24,1,0,tid2013/07/i07_24_1.png,tid2013/07/i07.png,31.2467,sparse_sampling_and_reconstruction,-,-0.611405737
t-i07-t-24-2,tid2013,t-i07,t-24,2,0,tid2013/07/i07_24_2.png,tid2013/07/i07.png,31.2467,sparse_sampling_and_reconstruction,-,-1.356896502
t-i07-t-24-3,tid2013,t-i07,t-24,3,0,tid2013/07/i07_24_3.png,tid2013/07/i07.png,31.2467,sparse_sampling_and_reconstruction,-,-2.510682831
t-i07-t-24-4,tid2013,t-i07,t-24,4,0,tid2013/07/i07_24_4.png,tid2013/07/i07.png,31.2467,sparse_sampling_and_reconstruction,-,-4.359692597
t-i07-t-24-5,tid2013,t-i07,t-24,5,0,tid2013/07/i07_24_5.png,tid2013/07/i07.png,31.2467,sparse_sampling_and_reconstruction,-,-5.682696357
t-i08-t-01-1,tid2013,t-i08,t-01,1,0,tid2013/08/i08_01_1.png,tid2013/08/i08.png,31.2467,additive_gaussian_noise,-,-0.176546208
t-i08-t-01-2,tid2013,t-i08,t-01,2,0,tid2013/08/i08_01_2.png,tid2013/08/i08.png,31.2467,additive_gaussian_noise,-,-0.75133182
t-i08-t-01-3,tid2013,t-i08,t-01,3,0,tid2013/08/i08_01_3.png,tid2013/08/i08.png,31.2467,additive_gaussian_noise,-,-0.612480492
t-i08-t-01-4,tid2013,t-i08,t-01,4,0,tid2013/08/i08_01_4.png,tid2013/08/i08.png,31.2467,additive_gaussian_noise,-,-1.195704374
t-i08-t-01-5,tid2013,t-i08,t-01,5,0,tid2013/08/i08_01_5.png,tid2013/08/i08.png,31.2467,additive_gaussian_noise,-,-1.740074375
t-i08-t-02-1,tid2013,t-i08,t-02,1,0,tid2013/08/i08_02_1.png,tid2013/08/i08.png,31.2467,additive_noise_in_color_more_intensive_than_additive_noise_in_the_luminance,-,-0.114992548
t-i08-t-02-2,tid2013,t-i08,t-02,2,0,tid2013/08/i08_02_2.png,tid2013/08/i08.png,31.2467,additive_noise_in_color_more_intensive_than_additive_noise_in_the_luminance,-,-0.214796269
t-i08-t-02-3,tid2013,t-i08,t-02,3,0,tid2013/08/i08_02_3.png,tid2013/08/i08.png,31.2467,additive_noise_in_color_more_intensive_than_additive_noise_in_the_luminance,-,-0.209133079
t-i08-t-02-4,tid2013,t-i08,t-02,4,0,tid2013/08/i08_02_4.png,tid2013/08/i08.png,31.2467,additive_noise_in_color_more_intensive_than_additive_noise_in_the_luminance,-,-0.397754591
t-i08-t-02-5,tid2013,t-i08,t-02,5,0,tid2013/08/i08_02_5.png,tid2013/08/i08.png,31.2467,additive_noise_in_color_more_intensive_than_additive_noise_in_the_luminance,-,-0.967656195
t-i08-t-03-1,tid2013,t-i08,t-03,1,0,tid2013/08/i08_03_1.png,tid2013/08/i08.png,31.2467,spatially_correlated_noise,-,-0.860237651
t-i08-t-03-2,tid2013,t-i08,t-03,2,0,tid2013/08/i08_03_2.png,tid2013/08/i08.png,31.2467,spatially_correlated_noise,-,-1.156122393
t-i08-t-03-3,tid2013,t-i08,t-03,3,0,tid2013/08/i08_03_3.png,tid2013/08/i08.png,31.2467,spatially_correlated_noise,-,-1.862028399
t-i08-t-03-4,tid2013,t-i08,t-03,4,0,tid2013/08/i08_03_4.png,tid2013/08/i08.png,31.2467,spatially_correlated_noise,-,-2.390624451
t-i08-t-03-5,tid2013,t-i08,t-03,5,0,tid2013/08/i08_03_5.png,tid2013/08/i08.png,31.2467,spatially_correlated_noise,-,-3.05671689
t-i08-t-04-1,tid2013,t-i08,t-04,1,0,tid2013/08/i08_04_1.png,tid2013/08/i08.png,31.2467,masked_noise,-,0.294632075
t-i08-t-04-2,tid2013,t-i08,t-04,2,0,tid2013/08/i08_04_2.png,tid2013/08/i08.png,31.2467,masked_noise,-,-0.081026276
t-i08-t-04-3,tid2013,t-i08,t-04,3,0,tid2013/08/i08_04_3.png,tid2013/08/i08.png,31.2467,masked_noise,-,-0.155334624
t-i08-t-04-4,tid2013,t-i08,t-04,4,0,tid2013/08/i08_04_4.png,tid2013/08/i08.png,31.2467,masked_noise,-,-0.304127295
t-i08-t-04-5,tid2013,t-i08,t-04,5,0,tid2013/08/i08_04_5.png,tid2013/08/i08.png,31.2467,masked_noise,-,-0.713284107
t-i08-t-05-1,tid2013,t-i08,t-05,1,0,tid2013/08/i08_05_1.png,tid2013/08/i08.png,31.2467,high_frequency_noise,-,-0.242559662
t-i08-t-05-2,tid2013,t-i08,t-05,2,0,tid2013/08/i08_05_2.png,tid2013/08/i08.png,31.2467,high_frequency_noise,-,-0.118511821
t-i08-t-05-3,tid2013,t-i08,t-05,3,0,tid2013/08/i08_05_3.png,tid2013/08/i08.png,31.2467,high_frequency_noise,-,-0.694262591
t-i08-t-05-4,tid2013,t-i08,t-05,4,0,tid2013/08/i08_05_4.png,tid2013/08/i08.png,31.2467,high_frequency_noise,-,-1.290165608
t-i08-t-05-5,tid2013,t-i08,t-05,5,0,tid2013/08/i08_05_5.png,tid2013/08/i08.png,31.2467,high_frequency_noise,-,-2.296476422
t-i08-t-06-1,tid2013,t-i08,t-06,1,0,tid2013/08/i08_06_1.png,tid2013/08/i08.png,31.2467,impulse_noise,-,-0.985723624
t-i08-t-06-2,tid2013,t-i08,t-06,2,0,tid2013/08/i08_06_2.png,tid2013/08/i08.png,31.2467,impulse_noise,-,-1.34848474
t-i08-t-06-3,tid2013,t-i08,t-06,3,0,tid2013/08/i08_06_3.png,tid2013/08/i08.png,31.2467,impulse_noise,-,-1.499106506
t-i08-t-06-4,tid2013,t-i08,t-06,4,0,tid2013/08/i08_06_4.png,tid2013/08/i08.png,31.2467,impulse_noise,-,-1.86042826
t-i08-t-06-5,tid2013,t-i08,t-06,5,0,tid2013/08/i08_06_5.png,tid2013/08/i08.png,31.2467,impulse_noise,-,-2.260461119
t-i08-t-07-1,tid2013,t-i08,t-07,1,0,tid2013/08/i08_07_1.png,tid2013/08/i08.png,31.2467,quantization_noise,-,-0.231501469
t-i08-t-07-2,tid2013,t-i08,t-07,2,0,tid2013/08/i08_07_2.png,tid2013/08/i08.png,31.2467,quantization_noise,-,-0.741238726
t-i08-t-07-3,tid2013,t-i08,t-07,3,0,tid2013/08/i08_07_3.png,tid2013/08/i08.png,31.2467,quantization_noise,-,-1.261619639
t-i08-t-07-4,tid2013,t-i08,t-07,4,0,tid2013/08/i08_07_4.png,tid2013/08/i08.png,31.2467,quantization_noise,-,-1.907132348
t-i08-t-07-5,tid2013,t-i08,t-07,5,0,tid2013/08/i08_07_5.png,tid2013/08/i08.png,31.2467,quantization_noise,-,-2.891192741
t-i08-t-08-1,tid2013,t-i08,t-08,1,0,tid2013/08/i08_08_1.png,tid2013/08/i08.png,31.2467,gaussian_blur,-,-0.381474964
t-i08-t-08-2,tid2013,t-i08,t-08,2,0,tid2013/08/i08_08_2.png,tid2013/08/i08.png,31.2467,gaussian_blur,-,-0.906871415
t-i08-t-08-3,tid2013,t-i08,t-08,3,0,tid2013/08/i08_08_3.png,tid2013/08/i08.png,31.2467,gaussian_blur,-,-1.617198606
t-i08-t-08-4,tid2013,t-i08,t-08,4,0,tid2013/08/i08_08_4.png,tid2013/08/i08.png,31.2467,gaussian_blur,-,-2.667224726
t-i08-t-08-5,tid2013,t-i08,t-08,5,0,tid2013/08/i08_08_5.png,tid2013/08/i08.png,31.2467,gaussian_blur,-,-3.303782747
t-i08-t-09-1,tid2013,t-i08,t-09,1,0,tid2013/08/i08_09_1.png,tid2013/08/i08.png,31.2467,image_denoising,-,0.087476997
t-i08-t-09-2,tid2013,t-i08,t-09,2,0,tid2013/08/i08_09_2.png,tid2013/08/i08.png,31.2467,image_denoising,-,-0.008173451
t-i08-t-09-3,tid2013,t-i08,t-09,3,0,tid2013/08/i08_09_3.png,tid2013/08/i08.png,31.2467,image_denoising,-,-0.607728536
t-i08-t-09-4,tid2013,t-i08,t-09,4,0,tid2013/08/i08_09_4.png,tid2013/08/i08.png,31.2467,image_denoising,-,-1.964696545
t-i08-t-09-5,tid2013,t-i08,t-09,5,0,tid2013/08/i08_09_5.png,tid2013/08/i08.png,31.2467,image_denoising,-,-3.633986104
t-i08-t-10-1,tid2013,t-i08,t-10,1,0,tid2013/08/i08_10_1.png,tid2013/08/i08.png,31.2467,JPEG_compression,-,0.048134748
t-i08-t-10-2,tid2013,t-i08,t-10,2,0,tid2013/08/i08_10_2.png,tid2013/08/i08.png,31.2467,JPEG_compression,-,-0.15745561
t-i08-t-10-3,tid2013,t-i08,t-10,3,0,tid2013/08/i08_10_3.png,tid2013/08/i08.png,31.2467,JPEG_compression,-,-0.737170726
t-i08-t-10-4,tid2013,t-i08,t-10,4,0,tid2013/08/i08_10_4.png,tid2013/08/i08.png,31.2467,JPEG_compression,-,-1.985109188
t-i08-t-10-5,tid2013,t-i08,t-10,5,0,tid2013/08/i08_10_5.png,tid2013/08/i08.png,31.2467,JPEG_compression,-,-3.931334262
t-i08-t-11-1,tid2013,t-i08,t-11,1,0,tid2013/08/i08_11_1.png,tid2013/08/i08.png,31.2467,JPEG2000_compression,-,0.04562737
t-i08-t-11-2,tid2013,t-i08,t-11,2,0,tid2013/08/i08_11_2.png,tid2013/08/i08.png,31.2467,JPEG2000_compression,-,-0.366462811
t-i08-t-11-3,tid2013,t-i08,t-11,3,0,tid2013/08/i08_11_3.png,tid2013/08/i08.png,31.2467,JPEG2000_compression,-,-0.800617102
t-i08-t-11-4,tid2013,t-i08,t-11,4,0,tid2013/08/i08_11_4.png,tid2013/08/i08.png,31.2467,JPEG2000_compression,-,-1.374912083
t-i08-t-11-5,tid2013,t-i08,t-11,5,0,tid2013/08/i08_11_5.png,tid2013/08/i08.png,31.2467,JPEG2000_compression,-,-3.154217441
t-i08-t-12-1,tid2013,t-i08,t-12,1,0,tid2013/08/i08_12_1.png,tid2013/08/i08.png,31.2467,JPEG_transmission_errors,-,0.191453999
t-i08-t-12-2,tid2013,t-i08,t-12,2,0,tid2013/08/i08_12_2.png,tid2013/08/i08.png,31.2467,JPEG_transmission_errors,-,0.02028525
t-i08-t-12-3,tid2013,t-i08,t-12,3,0,tid2013/08/i08_12_3.png,tid2013/08/i08.png,31.2467,JPEG_transmission_errors,-,-0.22066103
t-i08-t-12-4,tid2013,t-i08,t-12,4,0,tid2013/08/i08_12_4.png,tid2013/08/i08.png,31.2467,JPEG_transmission_errors,-,-0.667524139
t-i08-t-12-5,tid2013,t-i08,t-12,5,0,tid2013/08/i08_12_5.png,tid2013/08/i08.png,31.2467,JPEG_transmission_errors,-,-1.136985958
t-i08-t-13-1,tid2013,t-i08,t-13,1,0,tid2013/08/i08_13_1.png,tid2013/08/i08.png,31.2467,JPEG2000_transmission_errors,-,-0.083926139
t-i08-t-13-2,tid2013,t-i08,t-13,2,0,tid2013/08/i08_13_2.png,tid2013/08/i08.png,31.2467,JPEG2000_transmission_errors,-,-2.02477012
t-i08-t-13-3,tid2013,t-i08,t-13,3,0,tid2013/08/i08_13_3.png,tid2013/08/i08.png,31.2467,JPEG2000_transmission_errors,-,-0.977454316
t-i08-t-13-4,tid2013,t-i08,t-13,4,0,tid2013/08/i08_13_4.png,tid2013/08/i08.png,31.2467,JPEG2000_transmission_errors,-,-2.560427745
t-i08-t-13-5,tid2013,t-i08,t-13,5,0,tid2013/08/i08_13_5.png,tid2013/08/i08.png,31.2467,JPEG2000_transmission_errors,-,-3.233940622
t-i08-t-14-1,tid2013,t-i08,t-14,1,0,tid2013/08/i08_14_1.png,tid2013/08/i08.png,31.2467,non_eccentricity_pattern_noise,-,-0.096169795
t-i08-t-14-2,tid2013,t-i08,t-14,2,0,tid2013/08/i08_14_2.png,tid2013/08/i08.png,31.2467,non_eccentricity_pattern_noise,-,-0.183626982
t-i08-t-14-3,tid2013,t-i08,t-14,3,0,tid2013/08/i08_14_3.png,tid2013/08/i08.png,31.2467,non_eccentricity_pattern_noise,-,-0.569473516
t-i08-t-14-4,tid2013,t-i08,t-14,4,0,tid2013/08/i08_14_4.png,tid2013/08/i08.png,31.2467,non_eccentricity_pattern_noise,-,-0.811515328
t-i08-t-14-5,tid2013,t-i08,t-14,5,0,tid2013/08/i08_14_5.png,tid2013/08/i08.png,31.2467,non_eccentricity_pattern_noise,-,-1.389432846
t-i08-t-15-1,tid2013,t-i08,t-15,1,0,tid2013/08/i08_15_1.png,tid2013/08/i08.png,31.2467,local_block_wise_distortions_of_different_intensity,-,-1.716103633
t-i08-t-15-2,tid2013,t-i08,t-15,2,0,tid2013/08/i08_15_2.png,tid2013/08/i08.png,31.2467,local_block_wise_distortions_of_different_intensity,-,-2.25108146
t-i08-t-15-3,tid2013,t-i08,t-15,3,0,tid2013/08/i08_15_3.png,tid2013/08/i08.png,31.2467,local_block_wise_distortions_of_different_intensity,-,-2.204490894
t-i08-t-15-4,tid2013,t-i08,t-15,4,0,tid2013/08/i08_15_4.png,tid2013/08/i08.png,31.2467,local_block_wise_distortions_of_different_intensity,-,-1.788026525
t-i08-t-15-5,tid2013,t-i08,t-15,5,0,tid2013/08/i08_15_5.png,tid2013/08/i08.png,31.2467,local_block_wise_distortions_of_different_intensity,-,-1.763067243
t-i08-t-16-1,tid2013,t-i08,t-16,1,0,tid2013/08/i08_16_1.png,tid2013/08/i08.png,31.2467,intensity_shift,-,0.223434691
t-i08-t-16-2,tid2013,t-i08,t-16,2,0,tid2013/08/i08_16_2.png,tid2013/08/i08.png,31.2467,intensity_shift,-,-0.050498913
t-i08-t-16-3,tid2013,t-i08,t-16,3,0,tid2013/08/i08_16_3.png,tid2013/08/i08.png,31.2467,intensity_shift,-,-0.05894883
t-i08-t-16-4,tid2013,t-i08,t-16,4,0,tid2013/08/i08_16_4.png,tid2013/08/i08.png,31.2467,intensity_shift,-,-0.571559731
t-i08-t-16-5,tid2013,t-i08,t-16,5,0,tid2013/08/i08_16_5.png,tid2013/08/i08.png,31.2467,intensity_shift,-,-0.797687046
t-i08-t-17-1,tid2013,t-i08,t-17,1,0,tid2013/08/i08_17_1.png,tid2013/08/i08.png,31.2467,contrast_change,-,-0.201500544
t-i08-t-17-2,tid2013,t-i08,t-17,2,0,tid2013/08/i08_17_2.png,tid2013/08/i08.png,31.2467,contrast_change,-,-0.034781903
t-i08-t-17-3,tid2013,t-i08,t-17,3,0,tid2013/08/i08_17_3.png,tid2013/08/i08.png,31.2467,contrast_change,-,-1.110672819
t-i08-t-17-4,tid2013,t-i08,t-17,4,0,tid2013/08/i08_17_4.png,tid2013/08/i08.png,31.2467,contrast_change,-,-0.487095651
t-i08-t-17-5,tid2013,t-i08,t-17,5,0,tid2013/08/i08_17_5.png,tid2013/08/i08.png,31.2467,contrast_change,-,-2.087809172
t-i08-t-18-1,tid2013,t-i08,t-18,1,0,tid2013/08/i08_18_1.png,tid2013/08/i08.png,31.2467,change_of_color_saturation,-,-0.987634456
t-i08-t-18-2,tid2013,t-i08,t-18,2,0,tid2013/08/i08_18_2.png,tid2013/08/i08.png,31.2467,change_of_color_saturation,-,-1.712454775
t-i08-t-18-3,tid2013,t-i08,t-18,3,0,tid2013/08/i08_18_3.png,tid2013/08/i08.png,31.2467,change_of_color_saturation,-,-2.437361394
t-i08-t-18-4,tid2013,t-i08,t-18,4,0,tid2013/08/i08_18_4.png,tid2013/08/i08.png,31.2467,change_of_color_saturation,-,-2.42674071
t-i08-t-18-5,tid2013,t-i08,t-18,5,0,tid2013/08/i08_18_5.png,tid2013/08/i08.png,31.2467,change_of_color_saturation,-,-2.349773057
t-i08-t-19-1,tid2013,t-i08,t-19,1,0,tid2013/08/i08_19_1.png,tid2013/08/i08.png,31.2467,multiplicative_gaussian_noise,-,-0.21760816
t-i08-t-19-2,tid2013,t-i08,t-19,2,0,tid2013/08/i08_19_2.png,tid2013/08/i08.png,31.2467,multiplicative_gaussian_noise,-,-0.608076892
t-i08-t-19-3,tid2013,t-i08,t-19,3,0,tid2013/08/i08_19_3.png,tid2013/08/i08.png,31.2467,multiplicative_gaussian_noise,-,-0.778645802
t-i08-t-19-4,tid2013,t-i08,t-19,4,0,tid2013/08/i08_19_4.png,tid2013/08/i08.png,31.2467,multiplicative_gaussian_noise,-,-1.210494719
t-i08-t-19-5,tid2013,t-i08,t-19,5,0,tid2013/08/i08_19_5.png,tid2013/08/i08.png,31.2467,multiplicative_gaussian_noise,-,-1.89780449
t-i08-t-20-1,tid2013,t-i08,t-20,1,0,tid2013/08/i08_20_1.png,tid2013/08/i08.png,31.2467,comfort_noise,-,0.151843137
t-i08-t-20-2,tid2013,t-i08,t-20,2,0,tid2013/08/i08_20_2.png,tid2013/08/i08.png,31.2467,comfort_noise,-,0.041496928
t-i08-t-20-3,tid2013,t-i08,t-20,3,0,tid2013/08/i08_20_3.png,tid2013/08/i08.png,31.2467,comfort_noise,-,-0.271077264
t-i08-t-20-4,tid2013,t-i08,t-20,4,0,tid2013/08/i08_20_4.png,tid2013/08/i08.png,31.2467,comfort_noise,-,-0.851547493
t-i08-t-20-5,tid2013,t-i08,t-20,5,0,tid2013/08/i08_20_5.png,tid2013/08/i08.png,31.2467,comfort_noise,-,-1.4734828
t-i08-t-21-1,tid2013,t-i08,t-21,1,0,tid2013/08/i08_21_1.png,tid2013/08/i08.png,31.2467,lossy_compression_of_noisy_images,-,-0.070740387
t-i08-t-21-2,tid2013,t-i08,t-21,2,0,tid2013/08/i08_21_2.png,tid2013/08/i08.png,31.2467,lossy_compression_of_noisy_images,-,-0.682632011
t-i08-t-21-3,tid2013,t-i08,t-21,3,0,tid2013/08/i08_21_3.png,tid2013/08/i08.png,31.2467,lossy_compression_of_noisy_images,-,-1.009215427
t-i08-t-21-4,tid2013,t-i08,t-21,4,0,tid2013/08/i08_21_4.png,tid2013/08/i08.png,31.2467,lossy_compression_of_noisy_images,-,-1.563216327
t-i08-t-21-5,tid2013,t-i08,t-21,5,0,tid2013/08/i08_21_5.png,tid2013/08/i08.png,31.2467,lossy_compression_of_noisy_images,-,-2.522807638
t-i08-t-22-1,tid2013,t-i08,t-22,1,0,tid2013/08/i08_22_1.png,tid2013/08/i08.png,31.2467,image_color_quantization_with_dither,-,-0.150433548
t-i08-t-22-2,tid2013,t-i08,t-22,2,0,tid2013/08/i08_22_2.png,tid2013/08/i08.png,31.2467,image_color_quantization_with_dither,-,-0.301669524
t-i08-t-22-3,tid2013,t-i08,t-22,3,0,tid2013/08/i08_22_3.png,tid2013/08/i08.png,31.2467,image_color_quantization_with_dither,-,-1.109972716
t-i08-t-22-4,tid2013,t-i08,t-22,4,0,tid2013/08/i08_22_4.png,tid2013/08/i08.png,31.2467,image_color_quantization_with_dither,-,-2.261439079
t-i08-t-22-5,tid2013,t-i08,t-22,5,0,tid2013/08/i08_22_5.png,tid2013/08/i08.png,31.2467,image_color_quantization_with_dither,-,-3.096362803
t-i08-t-23-1,tid2013,t-i08,t-23,1,0,tid2013/08/i08_23_1.png,tid2013/08/i08.png,31.2467,chromatic_aberrations,-,0.08352354
t-i08-t-23-2,tid2013,t-i08,t-23,2,0,tid2013/08/i08_23_2.png,tid2013/08/i08.png,31.2467,chromatic_aberrations,-,0.084312979
t-i08-t-23-3,tid2013,t-i08,t-23,3,0,tid2013/08/i08_23_3.png,tid2013/08/i08.png,31.2467,chromatic_aberrations,-,0.026097622
t-i08-t-23-4,tid2013,t-i08,t-23,4,0,tid2013/08/i08_23_4.png,tid2013/08/i08.png,31.2467,chromatic_aberrations,-,-0.24554508
t-i08-t-23-5,tid2013,t-i08,t-23,5,0,tid2013/08/i08_23_5.png,tid2013/08/i08.png,31.2467,chromatic_aberrations,-,-0.240107099
t-i08-t-24-1,tid2013,t-i08,t-24,1,0,tid2013/08/i08_24_1.png,tid2013/08/i08.png,31.2467,sparse_sampling_and_reconstruction,-,0.065955377
t-i08-t-24-2,tid2013,t-i08,t-24,2,0,tid2013/08/i08_24_2.png,tid2013/08/i08.png,31.2467,sparse_sampling_and_reconstruction,-,-0.078438198
t-i08-t-24-3,tid2013,t-i08,t-24,3,0,tid2013/08/i08_24_3.png,tid2013/08/i08.png,31.2467,sparse_sampling_and_reconstruction,-,-0.296332086
t-i08-t-24-4,tid2013,t-i08,t-24,4,0,tid2013/08/i08_24_4.png,tid2013/08/i08.png,31.2467,sparse_sampling_and_reconstruction,-,-1.424277564
t-i08-t-24-5,tid2013,t-i08,t-24,5,0,tid2013/08/i08_24_5.png,tid2013/08/i08.png,31.2467,sparse_sampling_and_reconstruction,-,-2.726019268
t-i09-t-01-1,tid2013,t-i09,t-01,1,0,tid2013/09/i09_01_1.png,tid2013/09/i09.png,31.2467,additive_gaussian_noise,-,-0.717043631
t-i09-t-01-2,tid2013,t-i09,t-01,2,0,tid2013/09/i09_01_2.png,tid2013/09/i09.png,31.2467,additive_gaussian_noise,-,-0.969360981
t-i09-t-01-3,tid2013,t-i09,t-01,3,0,tid2013/09/i09_01_3.png,tid2013/09/i09.png,31.2467,additive_gaussian_noise,-,-1.461360045
t-i09-t-01-4,tid2013,t-i09,t-01,4,0,tid2013/09/i09_01_4.png,tid2013/09/i09.png,31.2467,additive_gaussian_noise,-,-2.067374849
t-i09-t-01-5,tid2013,t-i09,t-01,5,0,tid2013/09/i09_01_5.png,tid2013/09/i09.png,31.2467,additive_gaussian_noise,-,-2.568339795
t-i09-t-02-1,tid2013,t-i09,t-02,1,0,tid2013/09/i09_02_1.png,tid2013/09/i09.png,31.2467,additive_noise_in_color_more_intensive_than_additive_noise_in_the_luminance,-,-0.277730883
t-i09-t-02-2,tid2013,t-i09,t-02,2,0,tid2013/09/i09_02_2.png,tid2013/09/i09.png,31.2467,additive_noise_in_color_more_intensive_than_additive_noise_in_the_luminance,-,-0.206214577
t-i09-t-02-3,tid2013,t-i09,t-02,3,0,tid2013/09/i09_02_3.png,tid2013/09/i09.png,31.2467,additive_noise_in_color_more_intensive_than_additive_noise_in_the_luminance,-,-0.520650946
t-i09-t-02-4,tid2013,t-i09,t-02,4,0,tid2013/09/i09_02_4.png,tid2013/09/i09.png,31.2467,additive_noise_in_color_more_intensive_than_additive_noise_in_the_luminance,-,-1.130555465
t-i09-t-02-5,tid2013,t-i09,t-02,5,0,tid2013/09/i09_02_5.png,tid2013/09/i09.png,31.2467,additive_noise_in_color_more_intensive_than_additive_noise_in_the_luminance,-,-1.594038619
t-i09-t-03-1,tid2013,t-i09,t-03,1,0,tid2013/09/i09_03_1.png,tid2013/09/i09.png,31.2467,spatially_correlated_noise,-,-1.557421289
t-i09-t-03-2,tid2013,t-i09,t-03,2,0,tid2013/09/i09_03_2.png,tid2013/09/i09.png,31.2467,spatially_correlated_noise,-,-2.106683723
t-i09-t-03-3,tid2013,t-i09,t-03,3,0,tid2013/09/i09_03_3.png,tid2013/09/i09.png,31.2467,spatially_correlated_noise,-,-2.621825243
t-i09-t-03-4,tid2013,t-i09,t-03,4,0,tid2013/09/i09_03_4.png,tid2013/09/i09.png,31.2467,spatially_correlated_noise,-,-3.332872518
t-i09-t-03-5,tid2013,t-i09,t-03,5,0,tid2013/09/i09_03_5.png,tid2013/09/i09.png,31.2467,spatially_correlated_noise,-,-3.671948127
t-i09-t-04-1,tid2013,t-i09,t-04,1,0,tid2013/09/i09_04_1.png,tid2013/09/i09.png,31.2467,masked_noise,-,-0.308420971
t-i09-t-04-2,tid2013,t-i09,t-04,2,0,tid2013/09/i09_04_2.png,tid2013/09/i09.png,31.2467,masked_noise,-,-0.584194949
t-i09-t-04-3,tid2013,t-i09,t-04,3,0,tid2013/09/i09_04_3.png,tid2013/09/i09.png,31.2467,masked_noise,-,-0.669653395
t-i09-t-04-4,tid2013,t-i09,t-04,4,0,tid2013/09/i09_04_4.png,tid2013/09/i09.png,31.2467,masked_noise,-,-1.260082071
t-i09-t-04-5,tid2013,t-i09,t-04,5,0,tid2013/09/i09_04_5.png,tid2013/09/i09.png,31.2467,masked_noise,-,-1.89035681
t-i09-t-05-1,tid2013,t-i09,t-05,1,0,tid2013/09/i09_05_1.png,tid2013/09/i09.png,31.2467,high_frequency_noise,-,-0.213475449
t-i09-t-05-2,tid2013,t-i09,t-05,2,0,tid2013/09/i09_05_2.png,tid2013/09/i09.png,31.2467,high_frequency_noise,-,-0.550264423
t-i09-t-05-3,tid2013,t-i09,t-05,3,0,tid2013/09/i09_05_3.png,tid2013/09/i09.png,31.2467,high_frequency_noise,-,-1.03971418
t-i09-t-05-4,tid2013,t-i09,t-05,4,0,tid2013/09/i09_05_4.png,tid2013/09/i09.png,31.2467,high_frequency_noise,-,-1.993926852
t-i09-t-05-5,tid2013,t-i09,t-05,5,0,tid2013/09/i09_05_5.png,tid2013/09/i09.png,31.2467,high_frequency_noise,-,-2.917628985
t-i09-t-06-1,tid2013,t-i09,t-06,1,0,tid2013/09/i09_06_1.png,tid2013/09/i09.png,31.2467,impulse_noise,-,-1.068992451
t-i09-t-06-2,tid2013,t-i09,t-06,2,0,tid2013/09/i09_06_2.png,tid2013/09/i09.png,31.2467,impulse_noise,-,-1.717913652
t-i09-t-06-3,tid2013,t-i09,t-06,3,0,tid2013/09/i09_06_3.png,tid2013/09/i09.png,31.2467,impulse_noise,-,-1.937835588
t-i09-t-06-4,tid2013,t-i09,t-06,4,0,tid2013/09/i09_06_4.png,tid2013/09/i09.png,31.2467,impulse_noise,-,-2.452904354
t-i09-t-06-5,tid2013,t-i09,t-06,5,0,tid2013/09/i09_06_5.png,tid2013/09/i09.png,31.2467,impulse_noise,-,-3.063351187
t-i09-t-07-1,tid2013,t-i09,t-07,1,0,tid2013/09/i09_07_1.png,tid2013/09/i09.png,31.2467,quantization_noise,-,-1.084286157
t-i09-t-07-2,tid2013,t-i09,t-07,2,0,tid2013/09/i09_07_2.png,tid2013/09/i09.png,31.2467,quantization_noise,-,-1.481087745
t-i09-t-07-3,tid2013,t-i09,t-07,3,0,tid2013/09/i09_07_3.png,tid2013/09/i09.png,31.2467,quantization_noise,-,-1.932951497
t-i09-t-07-4,tid2013,t-i09,t-07,4,0,tid2013/09/i09_07_4.png,tid2013/09/i09.png,31.2467,quantization_noise,-,-2.700335693
t-i09-t-07-5,tid2013,t-i09,t-07,5,0,tid2013/09/i09_07_5.png,tid2013/09/i09.png,31.2467,quantization_noise,-,-3.624080443
t-i09-t-08-1,tid2013,t-i09,t-08,1,0,tid2013/09/i09_08_1.png,tid2013/09/i09.png,31.2467,gaussian_blur,-,-0.108152966
t-i09-t-08-2,tid2013,t-i09,t-08,2,0,tid2013/09/i09_08_2.png,tid2013/09/i09.png,31.2467,gaussian_blur,-,-0.830797099
t-i09-t-08-3,tid2013,t-i09,t-08,3,0,tid2013/09/i09_08_3.png,tid2013/09/i09.png,31.2467,gaussian_blur,-,-1.621595888
t-i09-t-08-4,tid2013,t-i09,t-08,4,0,tid2013/09/i09_08_4.png,tid2013/09/i09.png,31.2467,gaussian_blur,-,-2.8936663
t-i09-t-08-5,tid2013,t-i09,t-08,5,0,tid2013/09/i09_08_5.png,tid2013/09/i09.png,31.2467,gaussian_blur,-,-4.065849796
t-i09-t-09-1,tid2013,t-i09,t-09,1,0,tid2013/09/i09_09_1.png,tid2013/09/i09.png,31.2467,image_denoising,-,0.153499991
t-i09-t-09-2,tid2013,t-i09,t-09,2,0,tid2013/09/i09_09_2.png,tid2013/09/i09.png,31.2467,image_denoising,-,-0.094861824
t-i09-t-09-3,tid2013,t-i09,t-09,3,0,tid2013/09/i09_09_3.png,tid2013/09/i09.png,31.2467,image_denoising,-,-0.837415899
t-i09-t-09-4,tid2013,t-i09,t-09,4,0,tid2013/09/i09_09_4.png,tid2013/09/i09.png,31.2467,image_denoising,-,-2.298532081
t-i09-t-09-5,tid2013,t-i09,t-09,5,0,tid2013/09/i09_09_5.png,tid2013/09/i09.png,31.2467,image_denoising,-,-4.240009285
t-i09-t-10-1,tid2013,t-i09,t-10,1,0,tid2013/09/i09_10_1.png,tid2013/09/i09.png,31.2467,JPEG_compression,-,-0.092299154
t-i09-t-10-2,tid2013,t-i09,t-10,2,0,tid2013/09/i09_10_2.png,tid2013/09/i09.png,31.2467,JPEG_compression,-,-0.449366554
t-i09-t-10-3,tid2013,t-i09,t-10,3,0,tid2013/09/i09_10_3.png,tid2013/09/i09.png,31.2467,JPEG_compression,-,-1.123197904
t-i09-t-10-4,tid2013,t-i09,t-10,4,0,tid2013/09/i09_10_4.png,tid2013/09/i09.png,31.2467,JPEG_compression,-,-3.02836391
t-i09-t-10-5,tid2013,t-i09,t-10,5,0,tid2013/09/i09_10_5.png,tid2013/09/i09.png,31.2467,JPEG_compression,-,-4.39800349
t-i09-t-11-1,tid2013,t-i09,t-11,1,0,tid2013/09/i09_11_1.png,tid2013/09/i09.png,31.2467,JPEG2000_compression,-,-0.203935319
t-i09-t-11-2,tid2013,t-i09,t-11,2,0,tid2013/09/i09_11_2.png,tid2013/09/i09.png,31.2467,JPEG2000_compression,-,-0.919755131
t-i09-t-11-3,tid2013,t-i09,t-11,3,0,tid2013/09/i09_11_3.png,tid2013/09/i09.png,31.2467,JPEG2000_compression,-,-2.32401488
t-i09-t-11-4,tid2013,t-i09,t-11,4,0,tid2013/09/i09_11_4.png,tid2013/09/i09.png,31.2467,JPEG2000_compression,-,-4.247233001
t-i09-t-11-5,tid2013,t-i09,t-11,5,0,tid2013/09/i09_11_5.png,tid2013/09/i09.png,31.2467,JPEG2000_compression,-,-6.605871407
t-i09-t-12-1,tid2013,t-i09,t-12,1,0,tid2013/09/i09_12_1.png,tid2013/09/i09.png,31.2467,JPEG_transmission_errors,-,-0.172915753
t-i09-t-12-2,tid2013,t-i09,t-12,2,0,tid2013/09/i09_12_2.png,tid2013/09/i09.png,31.2467,JPEG_transmission_errors,-,-0.238428086
t-i09-t-12-3,tid2013,t-i09,t-12,3,0,tid2013/09/i09_12_3.png,tid2013/09/i09.png,31.2467,JPEG_transmission_errors,-,-1.242730028
t-i09-t-12-4,tid2013,t-i09,t-12,4,0,tid2013/09/i09_12_4.png,tid2013/09/i09.png,31.2467,JPEG_transmission_errors,-,-3.55374633
t-i09-t-12-5,tid2013,t-i09,t-12,5,0,tid2013/09/i09_12_5.png,tid2013/09/i09.png,31.2467,JPEG_transmission_errors,-,-3.854261867
t-i09-t-13-1,tid2013,t-i09,t-13,1,0,tid2013/09/i09_13_1.png,tid2013/09/i09.png,31.2467,JPEG2000_transmission_errors,-,-1.542724181
t-i09-t-13-2,tid2013,t-i09,t-13,2,0,tid2013/09/i09_13_2.png,tid2013/09/i09.png,31.2467,JPEG2000_transmission_errors,-,-2.686732714
t-i09-t-13-3,tid2013,t-i09,t-13,3,0,tid2013/09/i09_13_3.png,tid2013/09/i09.png,31.2467,JPEG2000_transmission_errors,-,-3.274871422
t-i09-t-13-4,tid2013,t-i09,t-13,4,0,tid2013/09/i09_13_4.png,tid2013/09/i09.png,31.2467,JPEG2000_transmission_errors,-,-3.681296567
t-i09-t-13-5,tid2013,t-i09,t-13,5,0,tid2013/09/i09_13_5.png,tid2013/09/i09.png,31.2467,JPEG2000_transmission_errors,-,-3.61440585
t-i09-t-14-1,tid2013,t-i09,t-14,1,0,tid2013/09/i09_14_1.png,tid2013/09/i09.png,31.2467,non_eccentricity_pattern_noise,-,-0.311329528
t-i09-t-14-2,tid2013,t-i09,t-14,2,0,tid2013/09/i09_14_2.png,tid2013/09/i09.png,31.2467,non_eccentricity_pattern_noise,-,-0.527165232
t-i09-t-14-3,tid2013,t-i09,t-14,3,0,tid2013/09/i09_14_3.png,tid2013/09/i09.png,31.2467,non_eccentricity_pattern_noise,-,0.004800743
t-i09-t-14-4,tid2013,t-i09,t-14,4,0,tid2013/09/i09_14_4.png,tid2013/09/i09.png,31.2467,non_eccentricity_pattern_noise,-,-1.598883306
t-i09-t-14-5,tid2013,t-i09,t-14,5,0,tid2013/09/i09_14_5.png,tid2013/09/i09.png,31.2467,non_eccentricity_pattern_noise,-,-2.965324704
t-i09-t-15-1,tid2013,t-i09,t-15,1,0,tid2013/09/i09_15_1.png,tid2013/09/i09.png,31.2467,local_block_wise_distortions_of_different_intensity,-,-3.452581243
t-i09-t-15-2,tid2013,t-i09,t-15,2,0,tid2013/09/i09_15_2.png,tid2013/09/i09.png,31.2467,local_block_wise_distortions_of_different_intensity,-,-3.204602587
t-i09-t-15-3,tid2013,t-i09,t-15,3,0,tid2013/09/i09_15_3.png,tid2013/09/i09.png,31.2467,local_block_wise_distortions_of_different_intensity,-,-2.988848288
t-i09-t-15-4,tid2013,t-i09,t-15,4,0,tid2013/09/i09_15_4.png,tid2013/09/i09.png,31.2467,local_block_wise_distortions_of_different_intensity,-,-2.66460734
t-i09-t-15-5,tid2013,t-i09,t-15,5,0,tid2013/09/i09_15_5.png,tid2013/09/i09.png,31.2467,local_block_wise_distortions_of_different_intensity,-,-0.258280731
t-i09-t-16-1,tid2013,t-i09,t-16,1,0,tid2013/09/i09_16_1.png,tid2013/09/i09.png,31.2467,intensity_shift,-,-0.169450285
t-i09-t-16-2,tid2013,t-i09,t-16,2,0,tid2013/09/i09_16_2.png,tid2013/09/i09.png,31.2467,intensity_shift,-,-0.006704087
t-i09-t-16-3,tid2013,t-i09,t-16,3,0,tid2013/09/i09_16_3.png,tid2013/09/i09.png,31.2467,intensity_shift,-,-0.408654446
t-i09-t-16-4,tid2013,t-i09,t-16,4,0,tid2013/09/i09_16_4.png,tid2013/09/i09.png,31.2467,intensity_shift,-,-0.247723369
t-i09-t-16-5,tid2013,t-i09,t-16,5,0,tid2013/09/i09_16_5.png,tid2013/09/i09.png,31.2467,intensity_shift,-,-1.396055664
t-i09-t-17-1,tid2013,t-i09,t-17,1,0,tid2013/09/i09_17_1.png,tid2013/09/i09.png,31.2467,contrast_change,-,-0.361679325
t-i09-t-17-2,tid2013,t-i09,t-17,2,0,tid2013/09/i09_17_2.png,tid2013/09/i09.png,31.2467,contrast_change,-,0.463693855
t-i09-t-17-3,tid2013,t-i09,t-17,3,0,tid2013/09/i09_17_3.png,tid2013/09/i09.png,31.2467,contrast_change,-,-1.26568563
t-i09-t-17-4,tid2013,t-i09,t-17,4,0,tid2013/09/i09_17_4.png,tid2013/09/i09.png,31.2467,contrast_change,-,-0.093742705
t-i09-t-17-5,tid2013,t-i09,t-17,5,0,tid2013/09/i09_17_5.png,tid2013/09/i09.png,31.2467,contrast_change,-,-2.671471758
t-i09-t-18-1,tid2013,t-i09,t-18,1,0,tid2013/09/i09_18_1.png,tid2013/09/i09.png,31.2467,change_of_color_saturation,-,-1.201670853
t-i09-t-18-2,tid2013,t-i09,t-18,2,0,tid2013/09/i09_18_2.png,tid2013/09/i09.png,31.2467,change_of_color_saturation,-,-1.758104557
t-i09-t-18-3,tid2013,t-i09,t-18,3,0,tid2013/09/i09_18_3.png,tid2013/09/i09.png,31.2467,change_of_color_saturation,-,-2.156770053
t-i09-t-18-4,tid2013,t-i09,t-18,4,0,tid2013/09/i09_18_4.png,tid2013/09/i09.png,31.2467,change_of_color_saturation,-,-2.823092395
t-i09-t-18-5,tid2013,t-i09,t-18,5,0,tid2013/09/i09_18_5.png,tid2013/09/i09.png,31.2467,change_of_color_saturation,-,-3.196550314
t-i09-t-19-1,tid2013,t-i09,t-19,1,0,tid2013/09/i09_19_1.png,tid2013/09/i09.png,31.2467,multiplicative_gaussian_noise,-,-0.570974714
t-i09-t-19-2,tid2013,t-i09,t-19,2,0,tid2013/09/i09_19_2.png,tid2013/09/i09.png,31.2467,multiplicative_gaussian_noise,-,-1.246402399
t-i09-t-19-3,tid2013,t-i09,t-19,3,0,tid2013/09/i09_19_3.png,tid2013/09/i09.png,31.2467,multiplicative_gaussian_noise,-,-1.563699551
t-i09-t-19-4,tid2013,t-i09,t-19,4,0,tid2013/09/i09_19_4.png,tid2013/09/i09.png,31.2467,multiplicative_gaussian_noise,-,-2.25004403
t-i09-t-19-5,tid2013,t-i09,t-19,5,0,tid2013/09/i09_19_5.png,tid2013/09/i09.png,31.2467,multiplicative_gaussian_noise,-,-2.751642007
t-i09-t-20-1,tid2013,t-i09,t-20,1,0,tid2013/09/i09_20_1.png,tid2013/09/i09.png,31.2467,comfort_noise,-,-0.260230038
t-i09-t-20-2,tid2013,t-i09,t-20,2,0,tid2013/09/i09_20_2.png,tid2013/09/i09.png,31.2467,comfort_noise,-,-0.427178177
t-i09-t-20-3,tid2013,t-i09,t-20,3,0,tid2013/09/i09_20_3.png,tid2013/09/i09.png,31.2467,comfort_noise,-,-1.329852656
t-i09-t-20-4,tid2013,t-i09,t-20,4,0,tid2013/09/i09_20_4.png,tid2013/09/i09.png,31.2467,comfort_noise,-,-2.283699088
t-i09-t-20-5,tid2013,t-i09,t-20,5,0,tid2013/09/i09_20_5.png,tid2013/09/i09.png,31.2467,comfort_noise,-,-3.601802637
t-i09-t-21-1,tid2013,t-i09,t-21,1,0,tid2013/09/i09_21_1.png,tid2013/09/i09.png,31.2467,lossy_compression_of_noisy_images,-,-0.649922795
t-i09-t-21-2,tid2013,t-i09,t-21,2,0,tid2013/09/i09_21_2.png,tid2013/09/i09.png,31.2467,lossy_compression_of_noisy_images,-,-1.213240686
t-i09-t-21-3,tid2013,t-i09,t-21,3,0,tid2013/09/i09_21_3.png,tid2013/09/i09.png,31.2467,lossy_compression_of_noisy_images,-,-1.929207697
t-i09-t-21-4,tid2013,t-i09,t-21,4,0,tid2013/09/i09_21_4.png,tid2013/09/i09.png,31.2467,lossy_compression_of_noisy_images,-,-2.801363644
t-i09-t-21-5,tid2013,t-i09,t-21,5,0,tid2013/09/i09_21_5.png,tid2013/09/i09.png,31.2467,lossy_compression_of_noisy_images,-,-4.800727776
t-i09-t-22-1,tid2013,t-i09,t-22,1,0,tid2013/09/i09_22_1.png,tid2013/09/i09.png,31.2467,image_color_quantization_with_dither,-,-0.321646841
t-i09-t-22-2,tid2013,t-i09,t-22,2,0,tid2013/09/i09_22_2.png,tid2013/09/i09.png,31.2467,image_color_quantization_with_dither,-,-0.431291521
t-i09-t-22-3,tid2013,t-i09,t-22,3,0,tid2013/09/i09_22_3.png,tid2013/09/i09.png,31.2467,image_color_quantization_with_dither,-,-0.752499737
t-i09-t-22-4,tid2013,t-i09,t-22,4,0,tid2013/09/i09_22_4.png,tid2013/09/i09.png,31.2467,image_color_quantization_with_dither,-,-1.983227228
t-i09-t-22-5,tid2013,t-i09,t-22,5,0,tid2013/09/i09_22_5.png,tid2013/09/i09.png,31.2467,image_color_quantization_with_dither,-,-3.717326139
t-i09-t-23-1,tid2013,t-i09,t-23,1,0,tid2013/09/i09_23_1.png,tid2013/09/i09.png,31.2467,chromatic_aberrations,-,-0.000643518
t-i09-t-23-2,tid2013,t-i09,t-23,2,0,tid2013/09/i09_23_2.png,tid2013/09/i09.png,31.2467,chromatic_aberrations,-,-0.089035408
t-i09-t-23-3,tid2013,t-i09,t-23,3,0,tid2013/09/i09_23_3.png,tid2013/09/i09.png,31.2467,chromatic_aberrations,-,-0.211319906
t-i09-t-23-4,tid2013,t-i09,t-23,4,0,tid2013/09/i09_23_4.png,tid2013/09/i09.png,31.2467,chromatic_aberrations,-,-1.10409982
t-i09-t-23-5,tid2013,t-i09,t-23,5,0,tid2013/09/i09_23_5.png,tid2013/09/i09.png,31.2467,chromatic_aberrations,-,-3.474812365
t-i09-t-24-1,tid2013,t-i09,t-24,1,0,tid2013/09/i09_24_1.png,tid2013/09/i09.png,31.2467,sparse_sampling_and_reconstruction,-,-0.305809331
t-i09-t-24-2,tid2013,t-i09,t-24,2,0,tid2013/09/i09_24_2.png,tid2013/09/i09.png,31.2467,sparse_sampling_and_reconstruction,-,-0.941428344
t-i09-t-24-3,tid2013,t-i09,t-24,3,0,tid2013/09/i09_24_3.png,tid2013/09/i09.png,31.2467,sparse_sampling_and_reconstruction,-,-2.301458618
t-i09-t-24-4,tid2013,t-i09,t-24,4,0,tid2013/09/i09_24_4.png,tid2013/09/i09.png,31.2467,sparse_sampling_and_reconstruction,-,-5.003070386
t-i09-t-24-5,tid2013,t-i09,t-24,5,0,tid2013/09/i09_24_5.png,tid2013/09/i09.png,31.2467,sparse_sampling_and_reconstruction,-,-7.163154383
t-i10-t-01-1,tid2013,t-i10,t-01,1,0,tid2013/10/i10_01_1.png,tid2013/10/i10.png,31.2467,additive_gaussian_noise,-,-0.80944361
t-i10-t-01-2,tid2013,t-i10,t-01,2,0,tid2013/10/i10_01_2.png,tid2013/10/i10.png,31.2467,additive_gaussian_noise,-,-1.092266523
t-i10-t-01-3,tid2013,t-i10,t-01,3,0,tid2013/10/i10_01_3.png,tid2013/10/i10.png,31.2467,additive_gaussian_noise,-,-1.610617382
t-i10-t-01-4,tid2013,t-i10,t-01,4,0,tid2013/10/i10_01_4.png,tid2013/10/i10.png,31.2467,additive_gaussian_noise,-,-1.931459199
t-i10-t-01-5,tid2013,t-i10,t-01,5,0,tid2013/10/i10_01_5.png,tid2013/10/i10.png,31.2467,additive_gaussian_noise,-,-2.512576062
t-i10-t-02-1,tid2013,t-i10,t-02,1,0,tid2013/10/i10_02_1.png,tid2013/10/i10.png,31.2467,additive_noise_in_color_more_intensive_than_additive_noise_in_the_luminance,-,-0.463533044
t-i10-t-02-2,tid2013,t-i10,t-02,2,0,tid2013/10/i10_02_2.png,tid2013/10/i10.png,31.2467,additive_noise_in_color_more_intensive_than_additive_noise_in_the_luminance,-,-0.644276233
t-i10-t-02-3,tid2013,t-i10,t-02,3,0,tid2013/10/i10_02_3.png,tid2013/10/i10.png,31.2467,additive_noise_in_color_more_intensive_than_additive_noise_in_the_luminance,-,-0.853201341
t-i10-t-02-4,tid2013,t-i10,t-02,4,0,tid2013/10/i10_02_4.png,tid2013/10/i10.png,31.2467,additive_noise_in_color_more_intensive_than_additive_noise_in_the_luminance,-,-0.968943596
t-i10-t-02-5,tid2013,t-i10,t-02,5,0,tid2013/10/i10_02_5.png,tid2013/10/i10.png,31.2467,additive_noise_in_color_more_intensive_than_additive_noise_in_the_luminance,-,-1.637363923
t-i10-t-03-1,tid2013,t-i10,t-03,1,0,tid2013/10/i10_03_1.png,tid2013/10/i10.png,31.2467,spatially_correlated_noise,-,-1.527332766
t-i10-t-03-2,tid2013,t-i10,t-03,2,0,tid2013/10/i10_03_2.png,tid2013/10/i10.png,31.2467,spatially_correlated_noise,-,-1.919773914
t-i10-t-03-3,tid2013,t-i10,t-03,3,0,tid2013/10/i10_03_3.png,tid2013/10/i10.png,31.2467,spatially_correlated_noise,-,-2.534395218
t-i10-t-03-4,tid2013,t-i10,t-03,4,0,tid2013/10/i10_03_4.png,tid2013/10/i10.png,31.2467,spatially_correlated_noise,-,-3.211286926
t-i10-t-03-5,tid2013,t-i10,t-03,5,0,tid2013/10/i10_03_5.png,tid2013/10/i10.png,31.2467,spatially_correlated_noise,-,-3.519302831
t-i10-t-04-1,tid2013,t-i10,t-04,1,0,tid2013/10/i10_04_1.png,tid2013/10/i10.png,31.2467,masked_noise,-,-0.603952441
t-i10-t-04-2,tid2013,t-i10,t-04,2,0,tid2013/10/i10_04_2.png,tid2013/10/i10.png,31.2467,masked_noise,-,-1.062203149
t-i10-t-04-3,tid2013,t-i10,t-04,3,0,tid2013/10/i10_04_3.png,tid2013/10/i10.png,31.2467,masked_noise,-,-1.238118262
t-i10-t-04-4,tid2013,t-i10,t-04,4,0,tid2013/10/i10_04_4.png,tid2013/10/i10.png,31.2467,masked_noise,-,-1.589330357
t-i10-t-04-5,tid2013,t-i10,t-04,5,0,tid2013/10/i10_04_5.png,tid2013/10/i10.png,31.2467,masked_noise,-,-2.135314555
t-i10-t-05-1,tid2013,t-i10,t-05,1,0,tid2013/10/i10_05_1.png,tid2013/10/i10.png,31.2467,high_frequency_noise,-,-0.539337213
t-i10-t-05-2,tid2013,t-i10,t-05,2,0,tid2013/10/i10_05_2.png,tid2013/10/i10.png,31.2467,high_frequency_noise,-,-0.760195288
t-i10-t-05-3,tid2013,t-i10,t-05,3,0,tid2013/10/i10_05_3.png,tid2013/10/i10.png,31.2467,high_frequency_noise,-,-1.341300947
t-i10-t-05-4,tid2013,t-i10,t-05,4,0,tid2013/10/i10_05_4.png,tid2013/10/i10.png,31.2467,high_frequency_noise,-,-1.968314809
t-i10-t-05-5,tid2013,t-i10,t-05,5,0,tid2013/10/i10_05_5.png,tid2013/10/i10.png,31.2467,high_frequency_noise,-,-3.205451875
t-i10-t-06-1,tid2013,t-i10,t-06,1,0,tid2013/10/i10_06_1.png,tid2013/10/i10.png,31.2467,impulse_noise,-,-1.333797195
t-i10-t-06-2,tid2013,t-i10,t-06,2,0,tid2013/10/i10_06_2.png,tid2013/10/i10.png,31.2467,impulse_noise,-,-1.683849632
t-i10-t-06-3,tid2013,t-i10,t-06,3,0,tid2013/10/i10_06_3.png,tid2013/10/i10.png,31.2467,impulse_noise,-,-1.943776006
t-i10-t-06-4,tid2013,t-i10,t-06,4,0,tid2013/10/i10_06_4.png,tid2013/10/i10.png,31.2467,impulse_noise,-,-2.666474296
t-i10-t-06-5,tid2013,t-i10,t-06,5,0,tid2013/10/i10_06_5.png,tid2013/10/i10.png,31.2467,impulse_noise,-,-2.959560481
t-i10-t-07-1,tid2013,t-i10,t-07,1,0,tid2013/10/i10_07_1.png,tid2013/10/i10.png,31.2467,quantization_noise,-,-1.030457601
t-i10-t-07-2,tid2013,t-i10,t-07,2,0,tid2013/10/i10_07_2.png,tid2013/10/i10.png,31.2467,quantization_noise,-,-1.375473481
t-i10-t-07-3,tid2013,t-i10,t-07,3,0,tid2013/10/i10_07_3.png,tid2013/10/i10.png,31.2467,quantization_noise,-,-2.073102737
t-i10-t-07-4,tid2013,t-i10,t-07,4,0,tid2013/10/i10_07_4.png,tid2013/10/i10.png,31.2467,quantization_noise,-,-2.604197849
t-i10-t-07-5,tid2013,t-i10,t-07,5,0,tid2013/10/i10_07_5.png,tid2013/10/i10.png,31.2467,quantization_noise,-,-3.684253441
t-i10-t-08-1,tid2013,t-i10,t-08,1,0,tid2013/10/i10_08_1.png,tid2013/10/i10.png,31.2467,gaussian_blur,-,-0.757887415
t-i10-t-08-2,tid2013,t-i10,t-08,2,0,tid2013/10/i10_08_2.png,tid2013/10/i10.png,31.2467,gaussian_blur,-,-1.214906311
t-i10-t-08-3,tid2013,t-i10,t-08,3,0,tid2013/10/i10_08_3.png,tid2013/10/i10.png,31.2467,gaussian_blur,-,-1.97332627
t-i10-t-08-4,tid2013,t-i10,t-08,4,0,tid2013/10/i10_08_4.png,tid2013/10/i10.png,31.2467,gaussian_blur,-,-2.998758237
t-i10-t-08-5,tid2013,t-i10,t-08,5,0,tid2013/10/i10_08_5.png,tid2013/10/i10.png,31.2467,gaussian_blur,-,-4.181881691
t-i10-t-09-1,tid2013,t-i10,t-09,1,0,tid2013/10/i10_09_1.png,tid2013/10/i10.png,31.2467,image_denoising,-,-0.628901536
t-i10-t-09-2,tid2013,t-i10,t-09,2,0,tid2013/10/i10_09_2.png,tid2013/10/i10.png,31.2467,image_denoising,-,-0.861713613
t-i10-t-09-3,tid2013,t-i10,t-09,3,0,tid2013/10/i10_09_3.png,tid2013/10/i10.png,31.2467,image_denoising,-,-1.312218935
t-i10-t-09-4,tid2013,t-i10,t-09,4,0,tid2013/10/i10_09_4.png,tid2013/10/i10.png,31.2467,image_denoising,-,-2.728763437
t-i10-t-09-5,tid2013,t-i10,t-09,5,0,tid2013/10/i10_09_5.png,tid2013/10/i10.png,31.2467,image_denoising,-,-4.715536775
t-i10-t-10-1,tid2013,t-i10,t-10,1,0,tid2013/10/i10_10_1.png,tid2013/10/i10.png,31.2467,JPEG_compression,-,-0.583777356
t-i10-t-10-2,tid2013,t-i10,t-10,2,0,tid2013/10/i10_10_2.png,tid2013/10/i10.png,31.2467,JPEG_compression,-,-0.746765769
t-i10-t-10-3,tid2013,t-i10,t-10,3,0,tid2013/10/i10_10_3.png,tid2013/10/i10.png,31.2467,JPEG_compression,-,-1.366818495
t-i10-t-10-4,tid2013,t-i10,t-10,4,0,tid2013/10/i10_10_4.png,tid2013/10/i10.png,31.2467,JPEG_compression,-,-3.016559563
t-i10-t-10-5,tid2013,t-i10,t-10,5,0,tid2013/10/i10_10_5.png,tid2013/10/i10.png,31.2467,JPEG_compression,-,-4.592458752
t-i10-t-11-1,tid2013,t-i10,t-11,1,0,tid2013/10/i10_11_1.png,tid2013/10/i10.png,31.2467,JPEG2000_compression,-,-1.13058423
t-i10-t-11-2,tid2013,t-i10,t-11,2,0,tid2013/10/i10_11_2.png,tid2013/10/i10.png,31.2467,JPEG2000_compression,-,-1.883361123
t-i10-t-11-3,tid2013,t-i10,t-11,3,0,tid2013/10/i10_11_3.png,tid2013/10/i10.png,31.2467,JPEG2000_compression,-,-3.032673261
t-i10-t-11-4,tid2013,t-i10,t-11,4,0,tid2013/10/i10_11_4.png,tid2013/10/i10.png,31.2467,JPEG2000_compression,-,-4.940619033
t-i10-t-11-5,tid2013,t-i10,t-11,5,0,tid2013/10/i10_11_5.png,tid2013/10/i10.png,31.2467,JPEG2000_compression,-,-6.413853674
t-i10-t-12-1,tid2013,t-i10,t-12,1,0,tid2013/10/i10_12_1.png,tid2013/10/i10.png,31.2467,JPEG_transmission_errors,-,-1.562220791
t-i10-t-12-2,tid2013,t-i10,t-12,2,0,tid2013/10/i10_12_2.png,tid2013/10/i10.png,31.2467,JPEG_transmission_errors,-,-0.92979888
t-i10-t-12-3,tid2013,t-i10,t-12,3,0,tid2013/10/i10_12_3.png,tid2013/10/i10.png,31.2467,JPEG_transmission_errors,-,-1.419328885
t-i10-t-12-4,tid2013,t-i10,t-12,4,0,tid2013/10/i10_12_4.png,tid2013/10/i10.png,31.2467,JPEG_transmission_errors,-,-2.237696666
t-i10-t-12-5,tid2013,t-i10,t-12,5,0,tid2013/10/i10_12_5.png,tid2013/10/i10.png,31.2467,JPEG_transmission_errors,-,-4.121946411
t-i10-t-13-1,tid2013,t-i10,t-13,1,0,tid2013/10/i10_13_1.png,tid2013/10/i10.png,31.2467,JPEG2000_transmission_errors,-,-0.690369035
t-i10-t-13-2,tid2013,t-i10,t-13,2,0,tid2013/10/i10_13_2.png,tid2013/10/i10.png,31.2467,JPEG2000_transmission_errors,-,-2.550127564
t-i10-t-13-3,tid2013,t-i10,t-13,3,0,tid2013/10/i10_13_3.png,tid2013/10/i10.png,31.2467,JPEG2000_transmission_errors,-,-3.167360142
t-i10-t-13-4,tid2013,t-i10,t-13,4,0,tid2013/10/i10_13_4.png,tid2013/10/i10.png,31.2467,JPEG2000_transmission_errors,-,-4.072758016
t-i10-t-13-5,tid2013,t-i10,t-13,5,0,tid2013/10/i10_13_5.png,tid2013/10/i10.png,31.2467,JPEG2000_transmission_errors,-,-3.760260785
t-i10-t-14-1,tid2013,t-i10,t-14,1,0,tid2013/10/i10_14_1.png,tid2013/10/i10.png,31.2467,non_eccentricity_pattern_noise,-,-0.723379554
t-i10-t-14-2,tid2013,t-i10,t-14,2,0,tid2013/10/i10_14_2.png,tid2013/10/i10.png,31.2467,non_eccentricity_pattern_noise,-,-0.498909761
t-i10-t-14-3,tid2013,t-i10,t-14,3,0,tid2013/10/i10_14_3.png,tid2013/10/i10.png,31.2467,non_eccentricity_pattern_noise,-,-0.986345061
t-i10-t-14-4,tid2013,t-i10,t-14,4,0,tid2013/10/i10_14_4.png,tid2013/10/i10.png,31.2467,non_eccentricity_pattern_noise,-,-2.145615627
t-i10-t-14-5,tid2013,t-i10,t-14,5,0,tid2013/10/i10_14_5.png,tid2013/10/i10.png,31.2467,non_eccentricity_pattern_noise,-,-2.470469803
t-i10-t-15-1,tid2013,t-i10,t-15,1,0,tid2013/10/i10_15_1.png,tid2013/10/i10.png,31.2467,local_block_wise_distortions_of_different_intensity,-,-3.665062907
t-i10-t-15-2,tid2013,t-i10,t-15,2,0,tid2013/10/i10_15_2.png,tid2013/10/i10.png,31.2467,local_block_wise_distortions_of_different_intensity,-,-3.388853906
t-i10-t-15-3,tid2013,t-i10,t-15,3,0,tid2013/10/i10_15_3.png,tid2013/10/i10.png,31.2467,local_block_wise_distortions_of_different_intensity,-,-3.028974221
t-i10-t-15-4,tid2013,t-i10,t-15,4,0,tid2013/10/i10_15_4.png,tid2013/10/i10.png,31.2467,local_block_wise_distortions_of_different_intensity,-,-3.061208736
t-i10-t-15-5,tid2013,t-i10,t-15,5,0,tid2013/10/i10_15_5.png,tid2013/10/i10.png,31.2467,local_block_wise_distortions_of_different_intensity,-,-2.352786889
t-i10-t-16-1,tid2013,t-i10,t-16,1,0,tid2013/10/i10_16_1.png,tid2013/10/i10.png,31.2467,intensity_shift,-,-0.44728647
t-i10-t-16-2,tid2013,t-i10,t-16,2,0,tid2013/10/i10_16_2.png,tid2013/10/i10.png,31.2467,intensity_shift,-,-0.511480164
t-i10-t-16-3,tid2013,t-i10,t-16,3,0,tid2013/10/i10_16_3.png,tid2013/10/i10.png,31.2467,intensity_shift,-,-0.543629529
t-i10-t-16-4,tid2013,t-i10,t-16,4,0,tid2013/10/i10_16_4.png,tid2013/10/i10.png,31.2467,intensity_shift,-,-0.931595399
t-i10-t-16-5,tid2013,t-i10,t-16,5,0,tid2013/10/i10_16_5.png,tid2013/10/i10.png,31.2467,intensity_shift,-,-1.229964382
t-i10-t-17-1,tid2013,t-i10,t-17,1,0,tid2013/10/i10_17_1.png,tid2013/10/i10.png,31.2467,contrast_change,-,-0.791549951
t-i10-t-17-2,tid2013,t-i10,t-17,2,0,tid2013/10/i10_17_2.png,tid2013/10/i10.png,31.2467,contrast_change,-,-0.211107441
t-i10-t-17-3,tid2013,t-i10,t-17,3,0,tid2013/10/i10_17_3.png,tid2013/10/i10.png,31.2467,contrast_change,-,-1.520040588
t-i10-t-17-4,tid2013,t-i10,t-17,4,0,tid2013/10/i10_17_4.png,tid2013/10/i10.png,31.2467,contrast_change,-,-0.354630478
t-i10-t-17-5,tid2013,t-i10,t-17,5,0,tid2013/10/i10_17_5.png,tid2013/10/i10.png,31.2467,contrast_change,-,-2.742964942
t-i10-t-18-1,tid2013,t-i10,t-18,1,0,tid2013/10/i10_18_1.png,tid2013/10/i10.png,31.2467,change_of_color_saturation,-,-1.870534291
t-i10-t-18-2,tid2013,t-i10,t-18,2,0,tid2013/10/i10_18_2.png,tid2013/10/i10.png,31.2467,change_of_color_saturation,-,-2.295137661
t-i10-t-18-3,tid2013,t-i10,t-18,3,0,tid2013/10/i10_18_3.png,tid2013/10/i10.png,31.2467,change_of_color_saturation,-,-2.596109382
t-i10-t-18-4,tid2013,t-i10,t-18,4,0,tid2013/10/i10_18_4.png,tid2013/10/i10.png,31.2467,change_of_color_saturation,-,-2.887000006
t-i10-t-18-5,tid2013,t-i10,t-18,5,0,tid2013/10/i10_18_5.png,tid2013/10/i10.png,31.2467,change_of_color_saturation,-,-3.063815538
t-i10-t-19-1,tid2013,t-i10,t-19,1,0,tid2013/10/i10_19_1.png,tid2013/10/i10.png,31.2467,multiplicative_gaussian_noise,-,-0.951786827
t-i10-t-19-2,tid2013,t-i10,t-19,2,0,tid2013/10/i10_19_2.png,tid2013/10/i10.png,31.2467,multiplicative_gaussian_noise,-,-1.087138815
t-i10-t-19-3,tid2013,t-i10,t-19,3,0,tid2013/10/i10_19_3.png,tid2013/10/i10.png,31.2467,multiplicative_gaussian_noise,-,-1.582321502
t-i10-t-19-4,tid2013,t-i10,t-19,4,0,tid2013/10/i10_19_4.png,tid2013/10/i10.png,31.2467,multiplicative_gaussian_noise,-,-2.105476608
t-i10-t-19-5,tid2013,t-i10,t-19,5,0,tid2013/10/i10_19_5.png,tid2013/10/i10.png,31.2467,multiplicative_gaussian_noise,-,-2.51739696
t-i10-t-20-1,tid2013,t-i10,t-20,1,0,tid2013/10/i10_20_1.png,tid2013/10/i10.png,31.2467,comfort_noise,-,-0.671954441
t-i10-t-20-2,tid2013,t-i10,t-20,2,0,tid2013/10/i10_20_2.png,tid2013/10/i10.png,31.2467,comfort_noise,-,-1.096167401
t-i10-t-20-3,tid2013,t-i10,t-20,3,0,tid2013/10/i10_20_3.png,tid2013/10/i10.png,31.2467,comfort_noise,-,-1.992586812
t-i10-t-20-4,tid2013,t-i10,t-20,4,0,tid2013/10/i10_20_4.png,tid2013/10/i10.png,31.2467,comfort_noise,-,-2.801968835
t-i10-t-20-5,tid2013,t-i10,t-20,5,0,tid2013/10/i10_20_5.png,tid2013/10/i10.png,31.2467,comfort_noise,-,-3.665666476
t-i10-t-21-1,tid2013,t-i10,t-21,1,0,tid2013/10/i10_21_1.png,tid2013/10/i10.png,31.2467,lossy_compression_of_noisy_images,-,-0.981802642
t-i10-t-21-2,tid2013,t-i10,t-21,2,0,tid2013/10/i10_21_2.png,tid2013/10/i10.png,31.2467,lossy_compression_of_noisy_images,-,-1.446795856
t-i10-t-21-3,tid2013,t-i10,t-21,3,0,tid2013/10/i10_21_3.png,tid2013/10/i10.png,31.2467,lossy_compression_of_noisy_images,-,-2.257256733
t-i10-t-21-4,tid2013,t-i10,t-21,4,0,tid2013/10/i10_21_4.png,tid2013/10/i10.png,31.2467,lossy_compression_of_noisy_images,-,-2.914126178
t-i10-t-21-5,tid2013,t-i10,t-21,5,0,tid2013/10/i10_21_5.png,tid2013/10/i10.png,31.2467,lossy_compression_of_noisy_images,-,-4.52092282
t-i10-t-22-1,tid2013,t-i10,t-22,1,0,tid2013/10/i10_22_1.png,tid2013/10/i10.png,31.2467,image_color_quantization_with_dither,-,-0.658139497
t-i10-t-22-2,tid2013,t-i10,t-22,2,0,tid2013/10/i10_22_2.png,tid2013/10/i10.png,31.2467,image_color_quantization_with_dither,-,-1.52444046
t-i10-t-22-3,tid2013,t-i10,t-22,3,0,tid2013/10/i10_22_3.png,tid2013/10/i10.png,31.2467,image_color_quantization_with_dither,-,-1.868319827
t-i10-t-22-4,tid2013,t-i10,t-22,4,0,tid2013/10/i10_22_4.png,tid2013/10/i10.png,31.2467,image_color_quantization_with_dither,-,-2.335818507
t-i10-t-22-5,tid2013,t-i10,t-22,5,0,tid2013/10/i10_22_5.png,tid2013/10/i10.png,31.2467,image_color_quantization_with_dither,-,-3.523190143
t-i10-t-23-1,tid2013,t-i10,t-23,1,0,tid2013/10/i10_23_1.png,tid2013/10/i10.png,31.2467,chromatic_aberrations,-,-0.530419406
t-i10-t-23-2,tid2013,t-i10,t-23,2,0,tid2013/10/i10_23_2.png,tid2013/10/i10.png,31.2467,chromatic_aberrations,-,-0.617734689
t-i10-t-23-3,tid2013,t-i10,t-23,3,0,tid2013/10/i10_23_3.png,tid2013/10/i10.png,31.2467,chromatic_aberrations,-,-1.798035533
t-i10-t-23-4,tid2013,t-i10,t-23,4,0,tid2013/10/i10_23_4.png,tid2013/10/i10.png,31.2467,chromatic_aberrations,-,-4.224722922
t-i10-t-23-5,tid2013,t-i10,t-23,5,0,tid2013/10/i10_23_5.png,tid2013/10/i10.png,31.2467,chromatic_aberrations,-,-5.964150201
t-i10-t-24-1,tid2013,t-i10,t-24,1,0,tid2013/10/i10_24_1.png,tid2013/10/i10.png,31.2467,sparse_sampling_and_reconstruction,-,-0.911529317
t-i10-t-24-2,tid2013,t-i10,t-24,2,0,tid2013/10/i10_24_2.png,tid2013/10/i10.png,31.2467,sparse_sampling_and_reconstruction,-,-1.645451726
t-i10-t-24-3,tid2013,t-i10,t-24,3,0,tid2013/10/i10_24_3.png,tid2013/10/i10.png,31.2467,sparse_sampling_and_reconstruction,-,-3.202186285
t-i10-t-24-4,tid2013,t-i10,t-24,4,0,tid2013/10/i10_24_4.png,tid2013/10/i10.png,31.2467,sparse_sampling_and_reconstruction,-,-5.75971318
t-i10-t-24-5,tid2013,t-i10,t-24,5,0,tid2013/10/i10_24_5.png,tid2013/10/i10.png,31.2467,sparse_sampling_and_reconstruction,-,-7.197748395
t-i11-t-01-1,tid2013,t-i11,t-01,1,0,tid2013/11/i11_01_1.png,tid2013/11/i11.png,31.2467,additive_gaussian_noise,l-22,-0.533379258
t-i11-t-01-2,tid2013,t-i11,t-01,2,0,tid2013/11/i11_01_2.png,tid2013/11/i11.png,31.2467,additive_gaussian_noise,l-22,-0.79636314
t-i11-t-01-3,tid2013,t-i11,t-01,3,0,tid2013/11/i11_01_3.png,tid2013/11/i11.png,31.2467,additive_gaussian_noise,l-22,-0.823195655
t-i11-t-01-4,tid2013,t-i11,t-01,4,0,tid2013/11/i11_01_4.png,tid2013/11/i11.png,31.2467,additive_gaussian_noise,l-22,-1.681404419
t-i11-t-01-5,tid2013,t-i11,t-01,5,0,tid2013/11/i11_01_5.png,tid2013/11/i11.png,31.2467,additive_gaussian_noise,l-22,-2.317751594
t-i11-t-02-1,tid2013,t-i11,t-02,1,0,tid2013/11/i11_02_1.png,tid2013/11/i11.png,31.2467,additive_noise_in_color_more_intensive_than_additive_noise_in_the_luminance,l-22,-0.372166727
t-i11-t-02-2,tid2013,t-i11,t-02,2,0,tid2013/11/i11_02_2.png,tid2013/11/i11.png,31.2467,additive_noise_in_color_more_intensive_than_additive_noise_in_the_luminance,l-22,-0.306689541
t-i11-t-02-3,tid2013,t-i11,t-02,3,0,tid2013/11/i11_02_3.png,tid2013/11/i11.png,31.2467,additive_noise_in_color_more_intensive_than_additive_noise_in_the_luminance,l-22,-0.554553428
t-i11-t-02-4,tid2013,t-i11,t-02,4,0,tid2013/11/i11_02_4.png,tid2013/11/i11.png,31.2467,additive_noise_in_color_more_intensive_than_additive_noise_in_the_luminance,l-22,-0.792608838
t-i11-t-02-5,tid2013,t-i11,t-02,5,0,tid2013/11/i11_02_5.png,tid2013/11/i11.png,31.2467,additive_noise_in_color_more_intensive_than_additive_noise_in_the_luminance,l-22,-1.308021207
t-i11-t-03-1,tid2013,t-i11,t-03,1,0,tid2013/11/i11_03_1.png,tid2013/11/i11.png,31.2467,spatially_correlated_noise,l-22,-1.171452419
t-i11-t-03-2,tid2013,t-i11,t-03,2,0,tid2013/11/i11_03_2.png,tid2013/11/i11.png,31.2467,spatially_correlated_noise,l-22,-1.57963565
t-i11-t-03-3,tid2013,t-i11,t-03,3,0,tid2013/11/i11_03_3.png,tid2013/11/i11.png,31.2467,spatially_correlated_noise,l-22,-2.368910603
t-i11-t-03-4,tid2013,t-i11,t-03,4,0,tid2013/11/i11_03_4.png,tid2013/11/i11.png,31.2467,spatially_correlated_noise,l-22,-2.90416713
t-i11-t-03-5,tid2013,t-i11,t-03,5,0,tid2013/11/i11_03_5.png,tid2013/11/i11.png,31.2467,spatially_correlated_noise,l-22,-3.56409611
t-i11-t-04-1,tid2013,t-i11,t-04,1,0,tid2013/11/i11_04_1.png,tid2013/11/i11.png,31.2467,masked_noise,l-22,-0.466777072
t-i11-t-04-2,tid2013,t-i11,t-04,2,0,tid2013/11/i11_04_2.png,tid2013/11/i11.png,31.2467,masked_noise,l-22,-0.320526386
t-i11-t-04-3,tid2013,t-i11,t-04,3,0,tid2013/11/i11_04_3.png,tid2013/11/i11.png,31.2467,masked_noise,l-22,-0.651089642
t-i11-t-04-4,tid2013,t-i11,t-04,4,0,tid2013/11/i11_04_4.png,tid2013/11/i11.png,31.2467,masked_noise,l-22,-0.833756893
t-i11-t-04-5,tid2013,t-i11,t-04,5,0,tid2013/11/i11_04_5.png,tid2013/11/i11.png,31.2467,masked_noise,l-22,-1.300118759
t-i11-t-05-1,tid2013,t-i11,t-05,1,0,tid2013/11/i11_05_1.png,tid2013/11/i11.png,31.2467,high_frequency_noise,l-22,-0.268100722
t-i11-t-05-2,tid2013,t-i11,t-05,2,0,tid2013/11/i11_05_2.png,tid2013/11/i11.png,31.2467,high_frequency_noise,l-22,-0.266409717
t-i11-t-05-3,tid2013,t-i11,t-05,3,0,tid2013/11/i11_05_3.png,tid2013/11/i11.png,31.2467,high_frequency_noise,l-22,-0.790852883
t-i11-t-05-4,tid2013,t-i11,t-05,4,0,tid2013/11/i11_05_4.png,tid2013/11/i11.png,31.2467,high_frequency_noise,l-22,-1.718861577
t-i11-t-05-5,tid2013,t-i11,t-05,5,0,tid2013/11/i11_05_5.png,tid2013/11/i11.png,31.2467,high_frequency_noise,l-22,-3.122814989
t-i11-t-06-1,tid2013,t-i11,t-06,1,0,tid2013/11/i11_06_1.png,tid2013/11/i11.png,31.2467,impulse_noise,l-22,-1.299841488
t-i11-t-06-2,tid2013,t-i11,t-06,2,0,tid2013/11/i11_06_2.png,tid2013/11/i11.png,31.2467,impulse_noise,l-22,-1.597640411
t-i11-t-06-3,tid2013,t-i11,t-06,3,0,tid2013/11/i11_06_3.png,tid2013/11/i11.png,31.2467,impulse_noise,l-22,-2.031317519
t-i11-t-06-4,tid2013,t-i11,t-06,4,0,tid2013/11/i11_06_4.png,tid2013/11/i11.png,31.2467,impulse_noise,l-22,-2.543021677
t-i11-t-06-5,tid2013,t-i11,t-06,5,0,tid2013/11/i11_06_5.png,tid2013/11/i11.png,31.2467,impulse_noise,l-22,-3.16200128
t-i11-t-07-1,tid2013,t-i11,t-07,1,0,tid2013/11/i11_07_1.png,tid2013/11/i11.png,31.2467,quantization_noise,l-22,-0.537397631
t-i11-t-07-2,tid2013,t-i11,t-07,2,0,tid2013/11/i11_07_2.png,tid2013/11/i11.png,31.2467,quantization_noise,l-22,-1.031246467
t-i11-t-07-3,tid2013,t-i11,t-07,3,0,tid2013/11/i11_07_3.png,tid2013/11/i11.png,31.2467,quantization_noise,l-22,-1.320945049
t-i11-t-07-4,tid2013,t-i11,t-07,4,0,tid2013/11/i11_07_4.png,tid2013/11/i11.png,31.2467,quantization_noise,l-22,-2.302075723
t-i11-t-07-5,tid2013,t-i11,t-07,5,0,tid2013/11/i11_07_5.png,tid2013/11/i11.png,31.2467,quantization_noise,l-22,-3.561081448
t-i11-t-08-1,tid2013,t-i11,t-08,1,0,tid2013/11/i11_08_1.png,tid2013/11/i11.png,31.2467,gaussian_blur,l-22,-0.892474517
t-i11-t-08-2,tid2013,t-i11,t-08,2,0,tid2013/11/i11_08_2.png,tid2013/11/i11.png,31.2467,gaussian_blur,l-22,-1.240636943
t-i11-t-08-3,tid2013,t-i11,t-08,3,0,tid2013/11/i11_08_3.png,tid2013/11/i11.png,31.2467,gaussian_blur,l-22,-2.266131414
t-i11-t-08-4,tid2013,t-i11,t-08,4,0,tid2013/11/i11_08_4.png,tid2013/11/i11.png,31.2467,gaussian_blur,l-22,-3.198757968
t-i11-t-08-5,tid2013,t-i11,t-08,5,0,tid2013/11/i11_08_5.png,tid2013/11/i11.png,31.2467,gaussian_blur,l-22,-4.157780619
t-i11-t-09-1,tid2013,t-i11,t-09,1,0,tid2013/11/i11_09_1.png,tid2013/11/i11.png,31.2467,image_denoising,l-22,-0.427044586
t-i11-t-09-2,tid2013,t-i11,t-09,2,0,tid2013/11/i11_09_2.png,tid2013/11/i11.png,31.2467,image_denoising,l-22,-0.281988652
t-i11-t-09-3,tid2013,t-i11,t-09,3,0,tid2013/11/i11_09_3.png,tid2013/11/i11.png,31.2467,image_denoising,l-22,-1.271128324
t-i11-t-09-4,tid2013,t-i11,t-09,4,0,tid2013/11/i11_09_4.png,tid2013/11/i11.png,31.2467,image_denoising,l-22,-2.826903975
t-i11-t-09-5,tid2013,t-i11,t-09,5,0,tid2013/11/i11_09_5.png,tid2013/11/i11.png,31.2467,image_denoising,l-22,-4.773574059
t-i11-t-10-1,tid2013,t-i11,t-10,1,0,tid2013/11/i11_10_1.png,tid2013/11/i11.png,31.2467,JPEG_compression,l-22,-0.392148071
t-i11-t-10-2,tid2013,t-i11,t-10,2,0,tid2013/11/i11_10_2.png,tid2013/11/i11.png,31.2467,JPEG_compression,l-22,-0.396362905
t-i11-t-10-3,tid2013,t-i11,t-10,3,0,tid2013/11/i11_10_3.png,tid2013/11/i11.png,31.2467,JPEG_compression,l-22,-0.86333414
t-i11-t-10-4,tid2013,t-i11,t-10,4,0,tid2013/11/i11_10_4.png,tid2013/11/i11.png,31.2467,JPEG_compression,l-22,-2.478003895
t-i11-t-10-5,tid2013,t-i11,t-10,5,0,tid2013/11/i11_10_5.png,tid2013/11/i11.png,31.2467,JPEG_compression,l-22,-4.342630474
t-i11-t-11-1,tid2013,t-i11,t-11,1,0,tid2013/11/i11_11_1.png,tid2013/11/i11.png,31.2467,JPEG2000_compression,l-22,-0.302895855
t-i11-t-11-2,tid2013,t-i11,t-11,2,0,tid2013/11/i11_11_2.png,tid2013/11/i11.png,31.2467,JPEG2000_compression,l-22,-0.525802605
t-i11-t-11-3,tid2013,t-i11,t-11,3,0,tid2013/11/i11_11_3.png,tid2013/11/i11.png,31.2467,JPEG2000_compression,l-22,-1.540965993
t-i11-t-11-4,tid2013,t-i11,t-11,4,0,tid2013/11/i11_11_4.png,tid2013/11/i11.png,31.2467,JPEG2000_compression,l-22,-3.484384751
t-i11-t-11-5,tid2013,t-i11,t-11,5,0,tid2013/11/i11_11_5.png,tid2013/11/i11.png,31.2467,JPEG2000_compression,l-22,-5.692014944
t-i11-t-12-1,tid2013,t-i11,t-12,1,0,tid2013/11/i11_12_1.png,tid2013/11/i11.png,31.2467,JPEG_transmission_errors,l-22,-0.436191302
t-i11-t-12-2,tid2013,t-i11,t-12,2,0,tid2013/11/i11_12_2.png,tid2013/11/i11.png,31.2467,JPEG_transmission_errors,l-22,-0.248419244
t-i11-t-12-3,tid2013,t-i11,t-12,3,0,tid2013/11/i11_12_3.png,tid2013/11/i11.png,31.2467,JPEG_transmission_errors,l-22,-1.264492799
t-i11-t-12-4,tid2013,t-i11,t-12,4,0,tid2013/11/i11_12_4.png,tid2013/11/i11.png,31.2467,JPEG_transmission_errors,l-22,-2.006697272
t-i11-t-12-5,tid2013,t-i11,t-12,5,0,tid2013/11/i11_12_5.png,tid2013/11/i11.png,31.2467,JPEG_transmission_errors,l-22,-4.393876092
t-i11-t-13-1,tid2013,t-i11,t-13,1,0,tid2013/11/i11_13_1.png,tid2013/11/i11.png,31.2467,JPEG2000_transmission_errors,l-22,-1.978807596
t-i11-t-13-2,tid2013,t-i11,t-13,2,0,tid2013/11/i11_13_2.png,tid2013/11/i11.png,31.2467,JPEG2000_transmission_errors,l-22,-1.382687621
t-i11-t-13-3,tid2013,t-i11,t-13,3,0,tid2013/11/i11_13_3.png,tid2013/11/i11.png,31.2467,JPEG2000_transmission_errors,l-22,-2.835421244
t-i11-t-13-4,tid2013,t-i11,t-13,4,0,tid2013/11/i11_13_4.png,tid2013/11/i11.png,31.2467,JPEG2000_transmission_errors,l-22,-3.624815768
t-i11-t-13-5,tid2013,t-i11,t-13,5,0,tid2013/11/i11_13_5.png,tid2013/11/i11.png,31.2467,JPEG2000_transmission_errors,l-22,-4.335862011
t-i11-t-14-1,tid2013,t-i11,t-14,1,0,tid2013/11/i11_14_1.png,tid2013/11/i11.png,31.2467,non_eccentricity_pattern_noise,l-22,-0.274607928
t-i11-t-14-2,tid2013,t-i11,t-14,2,0,tid2013/11/i11_14_2.png,tid2013/11/i11.png,31.2467,non_eccentricity_pattern_noise,l-22,-0.420221296
t-i11-t-14-3,tid2013,t-i11,t-14,3,0,tid2013/11/i11_14_3.png,tid2013/11/i11.png,31.2467,non_eccentricity_pattern_noise,l-22,-0.703438716
t-i11-t-14-4,tid2013,t-i11,t-14,4,0,tid2013/11/i11_14_4.png,tid2013/11/i11.png,31.2467,non_eccentricity_pattern_noise,l-22,-0.977381143
t-i11-t-14-5,tid2013,t-i11,t-14,5,0,tid2013/11/i11_14_5.png,tid2013/11/i11.png,31.2467,non_eccentricity_pattern_noise,l-22,-1.651119577
t-i11-t-15-1,tid2013,t-i11,t-15,1,0,tid2013/11/i11_15_1.png,tid2013/11/i11.png,31.2467,local_block_wise_distortions_of_different_intensity,l-22,-2.763565147
t-i11-t-15-2,tid2013,t-i11,t-15,2,0,tid2013/11/i11_15_2.png,tid2013/11/i11.png,31.2467,local_block_wise_distortions_of_different_intensity,l-22,-2.646791054
t-i11-t-15-3,tid2013,t-i11,t-15,3,0,tid2013/11/i11_15_3.png,tid2013/11/i11.png,31.2467,local_block_wise_distortions_of_different_intensity,l-22,-2.271489534
t-i11-t-15-4,tid2013,t-i11,t-15,4,0,tid2013/11/i11_15_4.png,tid2013/11/i11.png,31.2467,local_block_wise_distortions_of_different_intensity,l-22,-2.088397241
t-i11-t-15-5,tid2013,t-i11,t-15,5,0,tid2013/11/i11_15_5.png,tid2013/11/i11.png,31.2467,local_block_wise_distortions_of_different_intensity,l-22,-2.6903559
t-i11-t-16-1,tid2013,t-i11,t-16,1,0,tid2013/11/i11_16_1.png,tid2013/11/i11.png,31.2467,intensity_shift,l-22,-0.169504225
t-i11-t-16-2,tid2013,t-i11,t-16,2,0,tid2013/11/i11_16_2.png,tid2013/11/i11.png,31.2467,intensity_shift,l-22,-0.325346451
t-i11-t-16-3,tid2013,t-i11,t-16,3,0,tid2013/11/i11_16_3.png,tid2013/11/i11.png,31.2467,intensity_shift,l-22,-0.456492076
t-i11-t-16-4,tid2013,t-i11,t-16,4,0,tid2013/11/i11_16_4.png,tid2013/11/i11.png,31.2467,intensity_shift,l-22,-1.20005802
t-i11-t-16-5,tid2013,t-i11,t-16,5,0,tid2013/11/i11_16_5.png,tid2013/11/i11.png,31.2467,intensity_shift,l-22,-1.263974152
t-i11-t-17-1,tid2013,t-i11,t-17,1,0,tid2013/11/i11_17_1.png,tid2013/11/i11.png,31.2467,contrast_change,l-22,-0.519993834
t-i11-t-17-2,tid2013,t-i11,t-17,2,0,tid2013/11/i11_17_2.png,tid2013/11/i11.png,31.2467,contrast_change,l-22,0.245277751
t-i11-t-17-3,tid2013,t-i11,t-17,3,0,tid2013/11/i11_17_3.png,tid2013/11/i11.png,31.2467,contrast_change,l-22,-1.707778929
t-i11-t-17-4,tid2013,t-i11,t-17,4,0,tid2013/11/i11_17_4.png,tid2013/11/i11.png,31.2467,contrast_change,l-22,0.26304508
t-i11-t-17-5,tid2013,t-i11,t-17,5,0,tid2013/11/i11_17_5.png,tid2013/11/i11.png,31.2467,contrast_change,l-22,-3.035700617
t-i11-t-18-1,tid2013,t-i11,t-18,1,0,tid2013/11/i11_18_1.png,tid2013/11/i11.png,31.2467,change_of_color_saturation,l-22,-1.349507838
t-i11-t-18-2,tid2013,t-i11,t-18,2,0,tid2013/11/i11_18_2.png,tid2013/11/i11.png,31.2467,change_of_color_saturation,l-22,-1.715537
t-i11-t-18-3,tid2013,t-i11,t-18,3,0,tid2013/11/i11_18_3.png,tid2013/11/i11.png,31.2467,change_of_color_saturation,l-22,-2.305913726
t-i11-t-18-4,tid2013,t-i11,t-18,4,0,tid2013/11/i11_18_4.png,tid2013/11/i11.png,31.2467,change_of_color_saturation,l-22,-2.476373612
t-i11-t-18-5,tid2013,t-i11,t-18,5,0,tid2013/11/i11_18_5.png,tid2013/11/i11.png,31.2467,change_of_color_saturation,l-22,-2.732799192
t-i11-t-19-1,tid2013,t-i11,t-19,1,0,tid2013/11/i11_19_1.png,tid2013/11/i11.png,31.2467,multiplicative_gaussian_noise,l-22,-0.477902212
t-i11-t-19-2,tid2013,t-i11,t-19,2,0,tid2013/11/i11_19_2.png,tid2013/11/i11.png,31.2467,multiplicative_gaussian_noise,l-22,-0.776314244
t-i11-t-19-3,tid2013,t-i11,t-19,3,0,tid2013/11/i11_19_3.png,tid2013/11/i11.png,31.2467,multiplicative_gaussian_noise,l-22,-1.28933305
t-i11-t-19-4,tid2013,t-i11,t-19,4,0,tid2013/11/i11_19_4.png,tid2013/11/i11.png,31.2467,multiplicative_gaussian_noise,l-22,-1.853573893
t-i11-t-19-5,tid2013,t-i11,t-19,5,0,tid2013/11/i11_19_5.png,tid2013/11/i11.png,31.2467,multiplicative_gaussian_noise,l-22,-2.480591325
t-i11-t-20-1,tid2013,t-i11,t-20,1,0,tid2013/11/i11_20_1.png,tid2013/11/i11.png,31.2467,comfort_noise,l-22,-0.111055711
t-i11-t-20-2,tid2013,t-i11,t-20,2,0,tid2013/11/i11_20_2.png,tid2013/11/i11.png,31.2467,comfort_noise,l-22,-0.459259891
t-i11-t-20-3,tid2013,t-i11,t-20,3,0,tid2013/11/i11_20_3.png,tid2013/11/i11.png,31.2467,comfort_noise,l-22,-0.707275933
t-i11-t-20-4,tid2013,t-i11,t-20,4,0,tid2013/11/i11_20_4.png,tid2013/11/i11.png,31.2467,comfort_noise,l-22,-1.12202863
t-i11-t-20-5,tid2013,t-i11,t-20,5,0,tid2013/11/i11_20_5.png,tid2013/11/i11.png,31.2467,comfort_noise,l-22,-2.30218376
t-i11-t-21-1,tid2013,t-i11,t-21,1,0,tid2013/11/i11_21_1.png,tid2013/11/i11.png,31.2467,lossy_compression_of_noisy_images,l-22,-0.345547175
t-i11-t-21-2,tid2013,t-i11,t-21,2,0,tid2013/11/i11_21_2.png,tid2013/11/i11.png,31.2467,lossy_compression_of_noisy_images,l-22,-0.544556059
t-i11-t-21-3,tid2013,t-i11,t-21,3,0,tid2013/11/i11_21_3.png,tid2013/11/i11.png,31.2467,lossy_compression_of_noisy_images,l-22,-1.413048724
t-i11-t-21-4,tid2013,t-i11,t-21,4,0,tid2013/11/i11_21_4.png,tid2013/11/i11.png,31.2467,lossy_compression_of_noisy_images,l-22,-2.028701864
t-i11-t-21-5,tid2013,t-i11,t-21,5,0,tid2013/11/i11_21_5.png,tid2013/11/i11.png,31.2467,lossy_compression_of_noisy_images,l-22,-3.724584019
t-i11-t-22-1,tid2013,t-i11,t-22,1,0,tid2013/11/i11_22_1.png,tid2013/11/i11.png,31.2467,image_color_quantization_with_dither,l-22,-0.444816285
t-i11-t-22-2,tid2013,t-i11,t-22,2,0,tid2013/11/i11_22_2.png,tid2013/11/i11.png,31.2467,image_color_quantization_with_dither,l-22,-0.605864803
t-i11-t-22-3,tid2013,t-i11,t-22,3,0,tid2013/11/i11_22_3.png,tid2013/11/i11.png,31.2467,image_color_quantization_with_dither,l-22,-0.979609745
t-i11-t-22-4,tid2013,t-i11,t-22,4,0,tid2013/11/i11_22_4.png,tid2013/11/i11.png,31.2467,image_color_quantization_with_dither,l-22,-2.302765997
t-i11-t-22-5,tid2013,t-i11,t-22,5,0,tid2013/11/i11_22_5.png,tid2013/11/i11.png,31.2467,image_color_quantization_with_dither,l-22,-3.811697944
t-i11-t-23-1,tid2013,t-i11,t-23,1,0,tid2013/11/i11_23_1.png,tid2013/11/i11.png,31.2467,chromatic_aberrations,l-22,-0.268853101
t-i11-t-23-2,tid2013,t-i11,t-23,2,0,tid2013/11/i11_23_2.png,tid2013/11/i11.png,31.2467,chromatic_aberrations,l-22,-0.32456493
t-i11-t-23-3,tid2013,t-i11,t-23,3,0,tid2013/11/i11_23_3.png,tid2013/11/i11.png,31.2467,chromatic_aberrations,l-22,-0.139627492
t-i11-t-23-4,tid2013,t-i11,t-23,4,0,tid2013/11/i11_23_4.png,tid2013/11/i11.png,31.2467,chromatic_aberrations,l-22,-0.762986716
t-i11-t-23-5,tid2013,t-i11,t-23,5,0,tid2013/11/i11_23_5.png,tid2013/11/i11.png,31.2467,chromatic_aberrations,l-22,-3.523166233
t-i11-t-24-1,tid2013,t-i11,t-24,1,0,tid2013/11/i11_24_1.png,tid2013/11/i11.png,31.2467,sparse_sampling_and_reconstruction,l-22,-0.19694152
t-i11-t-24-2,tid2013,t-i11,t-24,2,0,tid2013/11/i11_24_2.png,tid2013/11/i11.png,31.2467,sparse_sampling_and_reconstruction,l-22,-0.61239113
t-i11-t-24-3,tid2013,t-i11,t-24,3,0,tid2013/11/i11_24_3.png,tid2013/11/i11.png,31.2467,sparse_sampling_and_reconstruction,l-22,-1.37272289
t-i11-t-24-4,tid2013,t-i11,t-24,4,0,tid2013/11/i11_24_4.png,tid2013/11/i11.png,31.2467,sparse_sampling_and_reconstruction,l-22,-3.447126519
t-i11-t-24-5,tid2013,t-i11,t-24,5,0,tid2013/11/i11_24_5.png,tid2013/11/i11.png,31.2467,sparse_sampling_and_reconstruction,l-22,-5.807473024
t-i12-t-01-1,tid2013,t-i12,t-01,1,0,tid2013/12/i12_01_1.png,tid2013/12/i12.png,31.2467,additive_gaussian_noise,l-19,-0.747425603
t-i12-t-01-2,tid2013,t-i12,t-01,2,0,tid2013/12/i12_01_2.png,tid2013/12/i12.png,31.2467,additive_gaussian_noise,l-19,-1.358093873
t-i12-t-01-3,tid2013,t-i12,t-01,3,0,tid2013/12/i12_01_3.png,tid2013/12/i12.png,31.2467,additive_gaussian_noise,l-19,-1.869977935
t-i12-t-01-4,tid2013,t-i12,t-01,4,0,tid2013/12/i12_01_4.png,tid2013/12/i12.png,31.2467,additive_gaussian_noise,l-19,-2.343493556
t-i12-t-01-5,tid2013,t-i12,t-01,5,0,tid2013/12/i12_01_5.png,tid2013/12/i12.png,31.2467,additive_gaussian_noise,l-19,-2.871091514
t-i12-t-02-1,tid2013,t-i12,t-02,1,0,tid2013/12/i12_02_1.png,tid2013/12/i12.png,31.2467,additive_noise_in_color_more_intensive_than_additive_noise_in_the_luminance,l-19,-0.550178458
t-i12-t-02-2,tid2013,t-i12,t-02,2,0,tid2013/12/i12_02_2.png,tid2013/12/i12.png,31.2467,additive_noise_in_color_more_intensive_than_additive_noise_in_the_luminance,l-19,-0.703865873
t-i12-t-02-3,tid2013,t-i12,t-02,3,0,tid2013/12/i12_02_3.png,tid2013/12/i12.png,31.2467,additive_noise_in_color_more_intensive_than_additive_noise_in_the_luminance,l-19,-0.969830669
t-i12-t-02-4,tid2013,t-i12,t-02,4,0,tid2013/12/i12_02_4.png,tid2013/12/i12.png,31.2467,additive_noise_in_color_more_intensive_than_additive_noise_in_the_luminance,l-19,-1.474378584
t-i12-t-02-5,tid2013,t-i12,t-02,5,0,tid2013/12/i12_02_5.png,tid2013/12/i12.png,31.2467,additive_noise_in_color_more_intensive_than_additive_noise_in_the_luminance,l-19,-1.977649081
t-i12-t-03-1,tid2013,t-i12,t-03,1,0,tid2013/12/i12_03_1.png,tid2013/12/i12.png,31.2467,spatially_correlated_noise,l-19,-1.879305143
t-i12-t-03-2,tid2013,t-i12,t-03,2,0,tid2013/12/i12_03_2.png,tid2013/12/i12.png,31.2467,spatially_correlated_noise,l-19,-2.385759034
t-i12-t-03-3,tid2013,t-i12,t-03,3,0,tid2013/12/i12_03_3.png,tid2013/12/i12.png,31.2467,spatially_correlated_noise,l-19,-3.103094361
t-i12-t-03-4,tid2013,t-i12,t-03,4,0,tid2013/12/i12_03_4.png,tid2013/12/i12.png,31.2467,spatially_correlated_noise,l-19,-3.921056923
t-i12-t-03-5,tid2013,t-i12,t-03,5,0,tid2013/12/i12_03_5.png,tid2013/12/i12.png,31.2467,spatially_correlated_noise,l-19,-4.418594967
t-i12-t-04-1,tid2013,t-i12,t-04,1,0,tid2013/12/i12_04_1.png,tid2013/12/i12.png,31.2467,masked_noise,l-19,-0.694281529
t-i12-t-04-2,tid2013,t-i12,t-04,2,0,tid2013/12/i12_04_2.png,tid2013/12/i12.png,31.2467,masked_noise,l-19,-1.106138864
t-i12-t-04-3,tid2013,t-i12,t-04,3,0,tid2013/12/i12_04_3.png,tid2013/12/i12.png,31.2467,masked_noise,l-19,-1.348903158
t-i12-t-04-4,tid2013,t-i12,t-04,4,0,tid2013/12/i12_04_4.png,tid2013/12/i12.png,31.2467,masked_noise,l-19,-1.845390819
t-i12-t-04-5,tid2013,t-i12,t-04,5,0,tid2013/12/i12_04_5.png,tid2013/12/i12.png,31.2467,masked_noise,l-19,-2.743227266
t-i12-t-05-1,tid2013,t-i12,t-05,1,0,tid2013/12/i12_05_1.png,tid2013/12/i12.png,31.2467,high_frequency_noise,l-19,-0.863783535
t-i12-t-05-2,tid2013,t-i12,t-05,2,0,tid2013/12/i12_05_2.png,tid2013/12/i12.png,31.2467,high_frequency_noise,l-19,-0.874304792
t-i12-t-05-3,tid2013,t-i12,t-05,3,0,tid2013/12/i12_05_3.png,tid2013/12/i12.png,31.2467,high_frequency_noise,l-19,-1.396296269
t-i12-t-05-4,tid2013,t-i12,t-05,4,0,tid2013/12/i12_05_4.png,tid2013/12/i12.png,31.2467,high_frequency_noise,l-19,-2.390219477
t-i12-t-05-5,tid2013,t-i12,t-05,5,0,tid2013/12/i12_05_5.png,tid2013/12/i12.png,31.2467,high_frequency_noise,l-19,-3.209874448
t-i12-t-06-1,tid2013,t-i12,t-06,1,0,tid2013/12/i12_06_1.png,tid2013/12/i12.png,31.2467,impulse_noise,l-19,-1.385249356
t-i12-t-06-2,tid2013,t-i12,t-06,2,0,tid2013/12/i12_06_2.png,tid2013/12/i12.png,31.2467,impulse_noise,l-19,-1.781657761
t-i12-t-06-3,tid2013,t-i12,t-06,3,0,tid2013/12/i12_06_3.png,tid2013/12/i12.png,31.2467,impulse_noise,l-19,-2.176902163
t-i12-t-06-4,tid2013,t-i12,t-06,4,0,tid2013/12/i12_06_4.png,tid2013/12/i12.png,31.2467,impulse_noise,l-19,-2.656164111
t-i12-t-06-5,tid2013,t-i12,t-06,5,0,tid2013/12/i12_06_5.png,tid2013/12/i12.png,31.2467,impulse_noise,l-19,-3.170852409
t-i12-t-07-1,tid2013,t-i12,t-07,1,0,tid2013/12/i12_07_1.png,tid2013/12/i12.png,31.2467,quantization_noise,l-19,-1.766048107
t-i12-t-07-2,tid2013,t-i12,t-07,2,0,tid2013/12/i12_07_2.png,tid2013/12/i12.png,31.2467,quantization_noise,l-19,-2.180933888
t-i12-t-07-3,tid2013,t-i12,t-07,3,0,tid2013/12/i12_07_3.png,tid2013/12/i12.png,31.2467,quantization_noise,l-19,-2.667706665
t-i12-t-07-4,tid2013,t-i12,t-07,4,0,tid2013/12/i12_07_4.png,tid2013/12/i12.png,31.2467,quantization_noise,l-19,-3.738835147
t-i12-t-07-5,tid2013,t-i12,t-07,5,0,tid2013/12/i12_07_5.png,tid2013/12/i12.png,31.2467,quantization_noise,l-19,-4.088256594
t-i12-t-08-1,tid2013,t-i12,t-08,1,0,tid2013/12/i12_08_1.png,tid2013/12/i12.png,31.2467,gaussian_blur,l-19,-0.467377164
t-i12-t-08-2,tid2013,t-i12,t-08,2,0,tid2013/12/i12_08_2.png,tid2013/12/i12.png,31.2467,gaussian_blur,l-19,-1.307657206
t-i12-t-08-3,tid2013,t-i12,t-08,3,0,tid2013/12/i12_08_3.png,tid2013/12/i12.png,31.2467,gaussian_blur,l-19,-2.181557119
t-i12-t-08-4,tid2013,t-i12,t-08,4,0,tid2013/12/i12_08_4.png,tid2013/12/i12.png,31.2467,gaussian_blur,l-19,-3.208885821
t-i12-t-08-5,tid2013,t-i12,t-08,5,0,tid2013/12/i12_08_5.png,tid2013/12/i12.png,31.2467,gaussian_blur,l-19,-4.212353192
t-i12-t-09-1,tid2013,t-i12,t-09,1,0,tid2013/12/i12_09_1.png,tid2013/12/i12.png,31.2467,image_denoising,l-19,-0.422675204
t-i12-t-09-2,tid2013,t-i12,t-09,2,0,tid2013/12/i12_09_2.png,tid2013/12/i12.png,31.2467,image_denoising,l-19,-1.03035345
t-i12-t-09-3,tid2013,t-i12,t-09,3,0,tid2013/12/i12_09_3.png,tid2013/12/i12.png,31.2467,image_denoising,l-19,-1.838531647
t-i12-t-09-4,tid2013,t-i12,t-09,4,0,tid2013/12/i12_09_4.png,tid2013/12/i12.png,31.2467,image_denoising,l-19,-3.45724197
t-i12-t-09-5,tid2013,t-i12,t-09,5,0,tid2013/12/i12_09_5.png,tid2013/12/i12.png,31.2467,image_denoising,l-19,-4.811140173
t-i12-t-10-1,tid2013,t-i12,t-10,1,0,tid2013/12/i12_10_1.png,tid2013/12/i12.png,31.2467,JPEG_compression,l-19,-0.598287764
t-i12-t-10-2,tid2013,t-i12,t-10,2,0,tid2013/12/i12_10_2.png,tid2013/12/i12.png,31.2467,JPEG_compression,l-19,-0.754999735
t-i12-t-10-3,tid2013,t-i12,t-10,3,0,tid2013/12/i12_10_3.png,tid2013/12/i12.png,31.2467,JPEG_compression,l-19,-1.486437292
t-i12-t-10-4,tid2013,t-i12,t-10,4,0,tid2013/12/i12_10_4.png,tid2013/12/i12.png,31.2467,JPEG_compression,l-19,-3.732246517
t-i12-t-10-5,tid2013,t-i12,t-10,5,0,tid2013/12/i12_10_5.png,tid2013/12/i12.png,31.2467,JPEG_compression,l-19,-5.460011623
t-i12-t-11-1,tid2013,t-i12,t-11,1,0,tid2013/12/i12_11_1.png,tid2013/12/i12.png,31.2467,JPEG2000_compression,l-19,-1.122530687
t-i12-t-11-2,tid2013,t-i12,t-11,2,0,tid2013/12/i12_11_2.png,tid2013/12/i12.png,31.2467,JPEG2000_compression,l-19,-1.877271132
t-i12-t-11-3,tid2013,t-i12,t-11,3,0,tid2013/12/i12_11_3.png,tid2013/12/i12.png,31.2467,JPEG2000_compression,l-19,-4.492838303
t-i12-t-11-4,tid2013,t-i12,t-11,4,0,tid2013/12/i12_11_4.png,tid2013/12/i12.png,31.2467,JPEG2000_compression,l-19,-6.055104542
t-i12-t-11-5,tid2013,t-i12,t-11,5,0,tid2013/12/i12_11_5.png,tid2013/12/i12.png,31.2467,JPEG2000_compression,l-19,-7.484083898
t-i12-t-12-1,tid2013,t-i12,t-12,1,0,tid2013/12/i12_12_1.png,tid2013/12/i12.png,31.2467,JPEG_transmission_errors,l-19,-1.033811246
t-i12-t-12-2,tid2013,t-i12,t-12,2,0,tid2013/12/i12_12_2.png,tid2013/12/i12.png,31.2467,JPEG_transmission_errors,l-19,-1.507747294
t-i12-t-12-3,tid2013,t-i12,t-12,3,0,tid2013/12/i12_12_3.png,tid2013/12/i12.png,31.2467,JPEG_transmission_errors,l-19,-3.387612162
t-i12-t-12-4,tid2013,t-i12,t-12,4,0,tid2013/12/i12_12_4.png,tid2013/12/i12.png,31.2467,JPEG_transmission_errors,l-19,-3.881753935
t-i12-t-12-5,tid2013,t-i12,t-12,5,0,tid2013/12/i12_12_5.png,tid2013/12/i12.png,31.2467,JPEG_transmission_errors,l-19,-3.816687322
t-i12-t-13-1,tid2013,t-i12,t-13,1,0,tid2013/12/i12_13_1.png,tid2013/12/i12.png,31.2467,JPEG2000_transmission_errors,l-19,-1.051681267
t-i12-t-13-2,tid2013,t-i12,t-13,2,0,tid2013/12/i12_13_2.png,tid2013/12/i12.png,31.2467,JPEG2000_transmission_errors,l-19,-1.983566514
t-i12-t-13-3,tid2013,t-i12,t-13,3,0,tid2013/12/i12_13_3.png,tid2013/12/i12.png,31.2467,JPEG2000_transmission_errors,l-19,-3.478187286
t-i12-t-13-4,tid2013,t-i12,t-13,4,0,tid2013/12/i12_13_4.png,tid2013/12/i12.png,31.2467,JPEG2000_transmission_errors,l-19,-4.418773129
t-i12-t-13-5,tid2013,t-i12,t-13,5,0,tid2013/12/i12_13_5.png,tid2013/12/i12.png,31.2467,JPEG2000_transmission_errors,l-19,-2.606714466
t-i12-t-14-1,tid2013,t-i12,t-14,1,0,tid2013/12/i12_14_1.png,tid2013/12/i12.png,31.2467,non_eccentricity_pattern_noise,l-19,-1.062763551
t-i12-t-14-2,tid2013,t-i12,t-14,2,0,tid2013/12/i12_14_2.png,tid2013/12/i12.png,31.2467,non_eccentricity_pattern_noise,l-19,-0.513566955
t-i12-t-14-3,tid2013,t-i12,t-14,3,0,tid2013/12/i12_14_3.png,tid2013/12/i12.png,31.2467,non_eccentricity_pattern_noise,l-19,-1.81917104
t-i12-t-14-4,tid2013,t-i12,t-14,4,0,tid2013/12/i12_14_4.png,tid2013/12/i12.png,31.2467,non_eccentricity_pattern_noise,l-19,-2.034844215
t-i12-t-14-5,tid2013,t-i12,t-14,5,0,tid2013/12/i12_14_5.png,tid2013/12/i12.png,31.2467,non_eccentricity_pattern_noise,l-19,-2.959667002
t-i12-t-15-1,tid2013,t-i12,t-15,1,0,tid2013/12/i12_15_1.png,tid2013/12/i12.png,31.2467,local_block_wise_distortions_of_different_intensity,l-19,-3.427081487
t-i12-t-15-2,tid2013,t-i12,t-15,2,0,tid2013/12/i12_15_2.png,tid2013/12/i12.png,31.2467,local_block_wise_distortions_of_different_intensity,l-19,-3.249262969
t-i12-t-15-3,tid2013,t-i12,t-15,3,0,tid2013/12/i12_15_3.png,tid2013/12/i12.png,31.2467,local_block_wise_distortions_of_different_intensity,l-19,-2.987658606
t-i12-t-15-4,tid2013,t-i12,t-15,4,0,tid2013/12/i12_15_4.png,tid2013/12/i12.png,31.2467,local_block_wise_distortions_of_different_intensity,l-19,-2.699033179
t-i12-t-15-5,tid2013,t-i12,t-15,5,0,tid2013/12/i12_15_5.png,tid2013/12/i12.png,31.2467,local_block_wise_distortions_of_different_intensity,l-19,-2.048573705
t-i12-t-16-1,tid2013,t-i12,t-16,1,0,tid2013/12/i12_16_1.png,tid2013/12/i12.png,31.2467,intensity_shift,l-19,-0.151894875
t-i12-t-16-2,tid2013,t-i12,t-16,2,0,tid2013/12/i12_16_2.png,tid2013/12/i12.png,31.2467,intensity_shift,l-19,-0.418749109
t-i12-t-16-3,tid2013,t-i12,t-16,3,0,tid2013/12/i12_16_3.png,tid2013/12/i12.png,31.2467,intensity_shift,l-19,-0.617076476
t-i12-t-16-4,tid2013,t-i12,t-16,4,0,tid2013/12/i12_16_4.png,tid2013/12/i12.png,31.2467,intensity_shift,l-19,-0.568069158
t-i12-t-16-5,tid2013,t-i12,t-16,5,0,tid2013/12/i12_16_5.png,tid2013/12/i12.png,31.2467,intensity_shift,l-19,-1.031899221
t-i12-t-17-1,tid2013,t-i12,t-17,1,0,tid2013/12/i12_17_1.png,tid2013/12/i12.png,31.2467,contrast_change,l-19,-0.520092728
t-i12-t-17-2,tid2013,t-i12,t-17,2,0,tid2013/12/i12_17_2.png,tid2013/12/i12.png,31.2467,contrast_change,l-19,0.023484576
t-i12-t-17-3,tid2013,t-i12,t-17,3,0,tid2013/12/i12_17_3.png,tid2013/12/i12.png,31.2467,contrast_change,l-19,-1.487398826
t-i12-t-17-4,tid2013,t-i12,t-17,4,0,tid2013/12/i12_17_4.png,tid2013/12/i12.png,31.2467,contrast_change,l-19,-0.519073137
t-i12-t-17-5,tid2013,t-i12,t-17,5,0,tid2013/12/i12_17_5.png,tid2013/12/i12.png,31.2467,contrast_change,l-19,-2.732416613
t-i12-t-18-1,tid2013,t-i12,t-18,1,0,tid2013/12/i12_18_1.png,tid2013/12/i12.png,31.2467,change_of_color_saturation,l-19,-0.812161236
t-i12-t-18-2,tid2013,t-i12,t-18,2,0,tid2013/12/i12_18_2.png,tid2013/12/i12.png,31.2467,change_of_color_saturation,l-19,-1.057254146
t-i12-t-18-3,tid2013,t-i12,t-18,3,0,tid2013/12/i12_18_3.png,tid2013/12/i12.png,31.2467,change_of_color_saturation,l-19,-1.610814078
t-i12-t-18-4,tid2013,t-i12,t-18,4,0,tid2013/12/i12_18_4.png,tid2013/12/i12.png,31.2467,change_of_color_saturation,l-19,-2.0439177
t-i12-t-18-5,tid2013,t-i12,t-18,5,0,tid2013/12/i12_18_5.png,tid2013/12/i12.png,31.2467,change_of_color_saturation,l-19,-2.260016021
t-i12-t-19-1,tid2013,t-i12,t-19,1,0,tid2013/12/i12_19_1.png,tid2013/12/i12.png,31.2467,multiplicative_gaussian_noise,l-19,-0.761581438
t-i12-t-19-2,tid2013,t-i12,t-19,2,0,tid2013/12/i12_19_2.png,tid2013/12/i12.png,31.2467,multiplicative_gaussian_noise,l-19,-1.087064478
t-i12-t-19-3,tid2013,t-i12,t-19,3,0,tid2013/12/i12_19_3.png,tid2013/12/i12.png,31.2467,multiplicative_gaussian_noise,l-19,-1.162119391
t-i12-t-19-4,tid2013,t-i12,t-19,4,0,tid2013/12/i12_19_4.png,tid2013/12/i12.png,31.2467,multiplicative_gaussian_noise,l-19,-1.859189201
t-i12-t-19-5,tid2013,t-i12,t-19,5,0,tid2013/12/i12_19_5.png,tid2013/12/i12.png,31.2467,multiplicative_gaussian_noise,l-19,-2.601495202
t-i12-t-20-1,tid2013,t-i12,t-20,1,0,tid2013/12/i12_20_1.png,tid2013/12/i12.png,31.2467,comfort_noise,l-19,-0.891829759
t-i12-t-20-2,tid2013,t-i12,t-20,2,0,tid2013/12/i12_20_2.png,tid2013/12/i12.png,31.2467,comfort_noise,l-19,-1.152977302
t-i12-t-20-3,tid2013,t-i12,t-20,3,0,tid2013/12/i12_20_3.png,tid2013/12/i12.png,31.2467,comfort_noise,l-19,-2.150456813
t-i12-t-20-4,tid2013,t-i12,t-20,4,0,tid2013/12/i12_20_4.png,tid2013/12/i12.png,31.2467,comfort_noise,l-19,-3.145460134
t-i12-t-20-5,tid2013,t-i12,t-20,5,0,tid2013/12/i12_20_5.png,tid2013/12/i12.png,31.2467,comfort_noise,l-19,-4.040218085
t-i12-t-21-1,tid2013,t-i12,t-21,1,0,tid2013/12/i12_21_1.png,tid2013/12/i12.png,31.2467,lossy_compression_of_noisy_images,l-19,-1.226418284
t-i12-t-21-2,tid2013,t-i12,t-21,2,0,tid2013/12/i12_21_2.png,tid2013/12/i12.png,31.2467,lossy_compression_of_noisy_images,l-19,-1.654508043
t-i12-t-21-3,tid2013,t-i12,t-21,3,0,tid2013/12/i12_21_3.png,tid2013/12/i12.png,31.2467,lossy_compression_of_noisy_images,l-19,-2.764885414
t-i12-t-21-4,tid2013,t-i12,t-21,4,0,tid2013/12/i12_21_4.png,tid2013/12/i12.png,31.2467,lossy_compression_of_noisy_images,l-19,-3.705433879
t-i12-t-21-5,tid2013,t-i12,t-21,5,0,tid2013/12/i12_21_5.png,tid2013/12/i12.png,31.2467,lossy_compression_of_noisy_images,l-19,-5.650043817
t-i12-t-22-1,tid2013,t-i12,t-22,1,0,tid2013/12/i12_22_1.png,tid2013/12/i12.png,31.2467,image_color_quantization_with_dither,l-19,-1.242086327
t-i12-t-22-2,tid2013,t-i12,t-22,2,0,tid2013/12/i12_22_2.png,tid2013/12/i12.png,31.2467,image_color_quantization_with_dither,l-19,-1.541293173
t-i12-t-22-3,tid2013,t-i12,t-22,3,0,tid2013/12/i12_22_3.png,tid2013/12/i12.png,31.2467,image_color_quantization_with_dither,l-19,-2.132382014
t-i12-t-22-4,tid2013,t-i12,t-22,4,0,tid2013/12/i12_22_4.png,tid2013/12/i12.png,31.2467,image_color_quantization_with_dither,l-19,-3.536175475
t-i12-t-22-5,tid2013,t-i12,t-22,5,0,tid2013/12/i12_22_5.png,tid2013/12/i12.png,31.2467,image_color_quantization_with_dither,l-19,-4.699252643
t-i12-t-23-1,tid2013,t-i12,t-23,1,0,tid2013/12/i12_23_1.png,tid2013/12/i12.png,31.2467,chromatic_aberrations,l-19,-0.529087337
t-i12-t-23-2,tid2013,t-i12,t-23,2,0,tid2013/12/i12_23_2.png,tid2013/12/i12.png,31.2467,chromatic_aberrations,l-19,-0.563173309
t-i12-t-23-3,tid2013,t-i12,t-23,3,0,tid2013/12/i12_23_3.png,tid2013/12/i12.png,31.2467,chromatic_aberrations,l-19,-1.687197782
t-i12-t-23-4,tid2013,t-i12,t-23,4,0,tid2013/12/i12_23_4.png,tid2013/12/i12.png,31.2467,chromatic_aberrations,l-19,-3.531869506
t-i12-t-23-5,tid2013,t-i12,t-23,5,0,tid2013/12/i12_23_5.png,tid2013/12/i12.png,31.2467,chromatic_aberrations,l-19,-5.201346404
t-i12-t-24-1,tid2013,t-i12,t-24,1,0,tid2013/12/i12_24_1.png,tid2013/12/i12.png,31.2467,sparse_sampling_and_reconstruction,l-19,-0.904702222
t-i12-t-24-2,tid2013,t-i12,t-24,2,0,tid2013/12/i12_24_2.png,tid2013/12/i12.png,31.2467,sparse_sampling_and_reconstruction,l-19,-2.150039557
t-i12-t-24-3,tid2013,t-i12,t-24,3,0,tid2013/12/i12_24_3.png,tid2013/12/i12.png,31.2467,sparse_sampling_and_reconstruction,l-19,-4.00444716
t-i12-t-24-4,tid2013,t-i12,t-24,4,0,tid2013/12/i12_24_4.png,tid2013/12/i12.png,31.2467,sparse_sampling_and_reconstruction,l-19,-5.90975792
t-i12-t-24-5,tid2013,t-i12,t-24,5,0,tid2013/12/i12_24_5.png,tid2013/12/i12.png,31.2467,sparse_sampling_and_reconstruction,l-19,-7.922977629
t-i13-t-01-1,tid2013,t-i13,t-01,1,0,tid2013/13/i13_01_1.png,tid2013/13/i13.png,31.2467,additive_gaussian_noise,l-21,-0.347059724
t-i13-t-01-2,tid2013,t-i13,t-01,2,0,tid2013/13/i13_01_2.png,tid2013/13/i13.png,31.2467,additive_gaussian_noise,l-21,-0.299424482
t-i13-t-01-3,tid2013,t-i13,t-01,3,0,tid2013/13/i13_01_3.png,tid2013/13/i13.png,31.2467,additive_gaussian_noise,l-21,-0.628360172
t-i13-t-01-4,tid2013,t-i13,t-01,4,0,tid2013/13/i13_01_4.png,tid2013/13/i13.png,31.2467,additive_gaussian_noise,l-21,-0.77977272
t-i13-t-01-5,tid2013,t-i13,t-01,5,0,tid2013/13/i13_01_5.png,tid2013/13/i13.png,31.2467,additive_gaussian_noise,l-21,-1.687410305
t-i13-t-02-1,tid2013,t-i13,t-02,1,0,tid2013/13/i13_02_1.png,tid2013/13/i13.png,31.2467,additive_noise_in_color_more_intensive_than_additive_noise_in_the_luminance,l-21,-0.445668936
t-i13-t-02-2,tid2013,t-i13,t-02,2,0,tid2013/13/i13_02_2.png,tid2013/13/i13.png,31.2467,additive_noise_in_color_more_intensive_than_additive_noise_in_the_luminance,l-21,-0.389800108
t-i13-t-02-3,tid2013,t-i13,t-02,3,0,tid2013/13/i13_02_3.png,tid2013/13/i13.png,31.2467,additive_noise_in_color_more_intensive_than_additive_noise_in_the_luminance,l-21,-0.228267274
t-i13-t-02-4,tid2013,t-i13,t-02,4,0,tid2013/13/i13_02_4.png,tid2013/13/i13.png,31.2467,additive_noise_in_color_more_intensive_than_additive_noise_in_the_luminance,l-21,-0.389192655
t-i13-t-02-5,tid2013,t-i13,t-02,5,0,tid2013/13/i13_02_5.png,tid2013/13/i13.png,31.2467,additive_noise_in_color_more_intensive_than_additive_noise_in_the_luminance,l-21,-0.968892416
t-i13-t-03-1,tid2013,t-i13,t-03,1,0,tid2013/13/i13_03_1.png,tid2013/13/i13.png,31.2467,spatially_correlated_noise,l-21,-0.502253712
t-i13-t-03-2,tid2013,t-i13,t-03,2,0,tid2013/13/i13_03_2.png,tid2013/13/i13.png,31.2467,spatially_correlated_noise,l-21,-0.704229341
t-i13-t-03-3,tid2013,t-i13,t-03,3,0,tid2013/13/i13_03_3.png,tid2013/13/i13.png,31.2467,spatially_correlated_noise,l-21,-1.290668186
t-i13-t-03-4,tid2013,t-i13,t-03,4,0,tid2013/13/i13_03_4.png,tid2013/13/i13.png,31.2467,spatially_correlated_noise,l-21,-1.945796254
t-i13-t-03-5,tid2013,t-i13,t-03,5,0,tid2013/13/i13_03_5.png,tid2013/13/i13.png,31.2467,spatially_correlated_noise,l-21,-2.971369189
t-i13-t-04-1,tid2013,t-i13,t-04,1,0,tid2013/13/i13_04_1.png,tid2013/13/i13.png,31.2467,masked_noise,l-21,-0.2685508
t-i13-t-04-2,tid2013,t-i13,t-04,2,0,tid2013/13/i13_04_2.png,tid2013/13/i13.png,31.2467,masked_noise,l-21,-0.290676612
t-i13-t-04-3,tid2013,t-i13,t-04,3,0,tid2013/13/i13_04_3.png,tid2013/13/i13.png,31.2467,masked_noise,l-21,-0.201121051
t-i13-t-04-4,tid2013,t-i13,t-04,4,0,tid2013/13/i13_04_4.png,tid2013/13/i13.png,31.2467,masked_noise,l-21,-0.298956741
t-i13-t-04-5,tid2013,t-i13,t-04,5,0,tid2013/13/i13_04_5.png,tid2013/13/i13.png,31.2467,masked_noise,l-21,-0.626978193
t-i13-t-05-1,tid2013,t-i13,t-05,1,0,tid2013/13/i13_05_1.png,tid2013/13/i13.png,31.2467,high_frequency_noise,l-21,-0.374578773
t-i13-t-05-2,tid2013,t-i13,t-05,2,0,tid2013/13/i13_05_2.png,tid2013/13/i13.png,31.2467,high_frequency_noise,l-21,-0.50520033
t-i13-t-05-3,tid2013,t-i13,t-05,3,0,tid2013/13/i13_05_3.png,tid2013/13/i13.png,31.2467,high_frequency_noise,l-21,-0.419462909
t-i13-t-05-4,tid2013,t-i13,t-05,4,0,tid2013/13/i13_05_4.png,tid2013/13/i13.png,31.2467,high_frequency_noise,l-21,-1.116349707
t-i13-t-05-5,tid2013,t-i13,t-05,5,0,tid2013/13/i13_05_5.png,tid2013/13/i13.png,31.2467,high_frequency_noise,l-21,-2.580052331
t-i13-t-06-1,tid2013,t-i13,t-06,1,0,tid2013/13/i13_06_1.png,tid2013/13/i13.png,31.2467,impulse_noise,l-21,-0.988820917
t-i13-t-06-2,tid2013,t-i13,t-06,2,0,tid2013/13/i13_06_2.png,tid2013/13/i13.png,31.2467,impulse_noise,l-21,-1.375360394
t-i13-t-06-3,tid2013,t-i13,t-06,3,0,tid2013/13/i13_06_3.png,tid2013/13/i13.png,31.2467,impulse_noise,l-21,-1.882265927
t-i13-t-06-4,tid2013,t-i13,t-06,4,0,tid2013/13/i13_06_4.png,tid2013/13/i13.png,31.2467,impulse_noise,l-21,-2.196099046
t-i13-t-06-5,tid2013,t-i13,t-06,5,0,tid2013/13/i13_06_5.png,tid2013/13/i13.png,31.2467,impulse_noise,l-21,-2.603055251
t-i13-t-07-1,tid2013,t-i13,t-07,1,0,tid2013/13/i13_07_1.png,tid2013/13/i13.png,31.2467,quantization_noise,l-21,-0.324044958
t-i13-t-07-2,tid2013,t-i13,t-07,2,0,tid2013/13/i13_07_2.png,tid2013/13/i13.png,31.2467,quantization_noise,l-21,-0.405877805
t-i13-t-07-3,tid2013,t-i13,t-07,3,0,tid2013/13/i13_07_3.png,tid2013/13/i13.png,31.2467,quantization_noise,l-21,-0.938455483
t-i13-t-07-4,tid2013,t-i13,t-07,4,0,tid2013/13/i13_07_4.png,tid2013/13/i13.png,31.2467,quantization_noise,l-21,-2.094587297
t-i13-t-07-5,tid2013,t-i13,t-07,5,0,tid2013/13/i13_07_5.png,tid2013/13/i13.png,31.2467,quantization_noise,l-21,-3.097979792
t-i13-t-08-1,tid2013,t-i13,t-08,1,0,tid2013/13/i13_08_1.png,tid2013/13/i13.png,31.2467,gaussian_blur,l-21,-0.846200715
t-i13-t-08-2,tid2013,t-i13,t-08,2,0,tid2013/13/i13_08_2.png,tid2013/13/i13.png,31.2467,gaussian_blur,l-21,-1.569554665
t-i13-t-08-3,tid2013,t-i13,t-08,3,0,tid2013/13/i13_08_3.png,tid2013/13/i13.png,31.2467,gaussian_blur,l-21,-2.582754398
t-i13-t-08-4,tid2013,t-i13,t-08,4,0,tid2013/13/i13_08_4.png,tid2013/13/i13.png,31.2467,gaussian_blur,l-21,-3.312137824
t-i13-t-08-5,tid2013,t-i13,t-08,5,0,tid2013/13/i13_08_5.png,tid2013/13/i13.png,31.2467,gaussian_blur,l-21,-4.433384061
t-i13-t-09-1,tid2013,t-i13,t-09,1,0,tid2013/13/i13_09_1.png,tid2013/13/i13.png,31.2467,image_denoising,l-21,-0.603414309
t-i13-t-09-2,tid2013,t-i13,t-09,2,0,tid2013/13/i13_09_2.png,tid2013/13/i13.png,31.2467,image_denoising,l-21,-0.90591738
t-i13-t-09-3,tid2013,t-i13,t-09,3,0,tid2013/13/i13_09_3.png,tid2013/13/i13.png,31.2467,image_denoising,l-21,-2.4169384
t-i13-t-09-4,tid2013,t-i13,t-09,4,0,tid2013/13/i13_09_4.png,tid2013/13/i13.png,31.2467,image_denoising,l-21,-3.845241284
t-i13-t-09-5,tid2013,t-i13,t-09,5,0,tid2013/13/i13_09_5.png,tid2013/13/i13.png,31.2467,image_denoising,l-21,-5.847963705
t-i13-t-10-1,tid2013,t-i13,t-10,1,0,tid2013/13/i13_10_1.png,tid2013/13/i13.png,31.2467,JPEG_compression,l-21,-0.317041698
t-i13-t-10-2,tid2013,t-i13,t-10,2,0,tid2013/13/i13_10_2.png,tid2013/13/i13.png,31.2467,JPEG_compression,l-21,-0.409279094
t-i13-t-10-3,tid2013,t-i13,t-10,3,0,tid2013/13/i13_10_3.png,tid2013/13/i13.png,31.2467,JPEG_compression,l-21,-0.909909385
t-i13-t-10-4,tid2013,t-i13,t-10,4,0,tid2013/13/i13_10_4.png,tid2013/13/i13.png,31.2467,JPEG_compression,l-21,-2.508846143
t-i13-t-10-5,tid2013,t-i13,t-10,5,0,tid2013/13/i13_10_5.png,tid2013/13/i13.png,31.2467,JPEG_compression,l-21,-5.119330072
t-i13-t-11-1,tid2013,t-i13,t-11,1,0,tid2013/13/i13_11_1.png,tid2013/13/i13.png,31.2467,JPEG2000_compression,l-21,-0.421975826
t-i13-t-11-2,tid2013,t-i13,t-11,2,0,tid2013/13/i13_11_2.png,tid2013/13/i13.png,31.2467,JPEG2000_compression,l-21,-0.407301436
t-i13-t-11-3,tid2013,t-i13,t-11,3,0,tid2013/13/i13_11_3.png,tid2013/13/i13.png,31.2467,JPEG2000_compression,l-21,-0.91419902
t-i13-t-11-4,tid2013,t-i13,t-11,4,0,tid2013/13/i13_11_4.png,tid2013/13/i13.png,31.2467,JPEG2000_compression,l-21,-1.151742674
t-i13-t-11-5,tid2013,t-i13,t-11,5,0,tid2013/13/i13_11_5.png,tid2013/13/i13.png,31.2467,JPEG2000_compression,l-21,-3.665535065
t-i13-t-12-1,tid2013,t-i13,t-12,1,0,tid2013/13/i13_12_1.png,tid2013/13/i13.png,31.2467,JPEG_transmission_errors,l-21,-0.469738006
t-i13-t-12-2,tid2013,t-i13,t-12,2,0,tid2013/13/i13_12_2.png,tid2013/13/i13.png,31.2467,JPEG_transmission_errors,l-21,-0.388610981
t-i13-t-12-3,tid2013,t-i13,t-12,3,0,tid2013/13/i13_12_3.png,tid2013/13/i13.png,31.2467,JPEG_transmission_errors,l-21,-0.583934917
t-i13-t-12-4,tid2013,t-i13,t-12,4,0,tid2013/13/i13_12_4.png,tid2013/13/i13.png,31.2467,JPEG_transmission_errors,l-21,-0.412346555
t-i13-t-12-5,tid2013,t-i13,t-12,5,0,tid2013/13/i13_12_5.png,tid2013/13/i13.png,31.2467,JPEG_transmission_errors,l-21,-0.657585484
t-i13-t-13-1,tid2013,t-i13,t-13,1,0,tid2013/13/i13_13_1.png,tid2013/13/i13.png,31.2467,JPEG2000_transmission_errors,l-21,-0.40203249
t-i13-t-13-2,tid2013,t-i13,t-13,2,0,tid2013/13/i13_13_2.png,tid2013/13/i13.png,31.2467,JPEG2000_transmission_errors,l-21,-0.73569846
t-i13-t-13-3,tid2013,t-i13,t-13,3,0,tid2013/13/i13_13_3.png,tid2013/13/i13.png,31.2467,JPEG2000_transmission_errors,l-21,-0.792861769
t-i13-t-13-4,tid2013,t-i13,t-13,4,0,tid2013/13/i13_13_4.png,tid2013/13/i13.png,31.2467,JPEG2000_transmission_errors,l-21,-1.787399337
t-i13-t-13-5,tid2013,t-i13,t-13,5,0,tid2013/13/i13_13_5.png,tid2013/13/i13.png,31.2467,JPEG2000_transmission_errors,l-21,-3.565292444
t-i13-t-14-1,tid2013,t-i13,t-14,1,0,tid2013/13/i13_14_1.png,tid2013/13/i13.png,31.2467,non_eccentricity_pattern_noise,l-21,-0.181750858
t-i13-t-14-2,tid2013,t-i13,t-14,2,0,tid2013/13/i13_14_2.png,tid2013/13/i13.png,31.2467,non_eccentricity_pattern_noise,l-21,-0.306153043
t-i13-t-14-3,tid2013,t-i13,t-14,3,0,tid2013/13/i13_14_3.png,tid2013/13/i13.png,31.2467,non_eccentricity_pattern_noise,l-21,-0.088398888
t-i13-t-14-4,tid2013,t-i13,t-14,4,0,tid2013/13/i13_14_4.png,tid2013/13/i13.png,31.2467,non_eccentricity_pattern_noise,l-21,-0.664542848
t-i13-t-14-5,tid2013,t-i13,t-14,5,0,tid2013/13/i13_14_5.png,tid2013/13/i13.png,31.2467,non_eccentricity_pattern_noise,l-21,-1.485341199
t-i13-t-15-1,tid2013,t-i13,t-15,1,0,tid2013/13/i13_15_1.png,tid2013/13/i13.png,31.2467,local_block_wise_distortions_of_different_intensity,l-21,-2.939330255
t-i13-t-15-2,tid2013,t-i13,t-15,2,0,tid2013/13/i13_15_2.png,tid2013/13/i13.png,31.2467,local_block_wise_distortions_of_different_intensity,l-21,-2.754716318
t-i13-t-15-3,tid2013,t-i13,t-15,3,0,tid2013/13/i13_15_3.png,tid2013/13/i13.png,31.2467,local_block_wise_distortions_of_different_intensity,l-21,-2.492249238
t-i13-t-15-4,tid2013,t-i13,t-15,4,0,tid2013/13/i13_15_4.png,tid2013/13/i13.png,31.2467,local_block_wise_distortions_of_different_intensity,l-21,-2.036909381
t-i13-t-15-5,tid2013,t-i13,t-15,5,0,tid2013/13/i13_15_5.png,tid2013/13/i13.png,31.2467,local_block_wise_distortions_of_different_intensity,l-21,-1.977117438
t-i13-t-16-1,tid2013,t-i13,t-16,1,0,tid2013/13/i13_16_1.png,tid2013/13/i13.png,31.2467,intensity_shift,l-21,-0.260334819
t-i13-t-16-2,tid2013,t-i13,t-16,2,0,tid2013/13/i13_16_2.png,tid2013/13/i13.png,31.2467,intensity_shift,l-21,-0.525698988
t-i13-t-16-3,tid2013,t-i13,t-16,3,0,tid2013/13/i13_16_3.png,tid2013/13/i13.png,31.2467,intensity_shift,l-21,-0.332966152
t-i13-t-16-4,tid2013,t-i13,t-16,4,0,tid2013/13/i13_16_4.png,tid2013/13/i13.png,31.2467,intensity_shift,l-21,-1.287955567
t-i13-t-16-5,tid2013,t-i13,t-16,5,0,tid2013/13/i13_16_5.png,tid2013/13/i13.png,31.2467,intensity_shift,l-21,-1.104040529
t-i13-t-17-1,tid2013,t-i13,t-17,1,0,tid2013/13/i13_17_1.png,tid2013/13/i13.png,31.2467,contrast_change,l-21,-0.993973932
t-i13-t-17-2,tid2013,t-i13,t-17,2,0,tid2013/13/i13_17_2.png,tid2013/13/i13.png,31.2467,contrast_change,l-21,0.326315993
t-i13-t-17-3,tid2013,t-i13,t-17,3,0,tid2013/13/i13_17_3.png,tid2013/13/i13.png,31.2467,contrast_change,l-21,-1.768788525
t-i13-t-17-4,tid2013,t-i13,t-17,4,0,tid2013/13/i13_17_4.png,tid2013/13/i13.png,31.2467,contrast_change,l-21,0.149495838
t-i13-t-17-5,tid2013,t-i13,t-17,5,0,tid2013/13/i13_17_5.png,tid2013/13/i13.png,31.2467,contrast_change,l-21,-3.071831308
t-i13-t-18-1,tid2013,t-i13,t-18,1,0,tid2013/13/i13_18_1.png,tid2013/13/i13.png,31.2467,change_of_color_saturation,l-21,-1.488281281
t-i13-t-18-2,tid2013,t-i13,t-18,2,0,tid2013/13/i13_18_2.png,tid2013/13/i13.png,31.2467,change_of_color_saturation,l-21,-1.785839073
t-i13-t-18-3,tid2013,t-i13,t-18,3,0,tid2013/13/i13_18_3.png,tid2013/13/i13.png,31.2467,change_of_color_saturation,l-21,-2.458053652
t-i13-t-18-4,tid2013,t-i13,t-18,4,0,tid2013/13/i13_18_4.png,tid2013/13/i13.png,31.2467,change_of_color_saturation,l-21,-2.646224703
t-i13-t-18-5,tid2013,t-i13,t-18,5,0,tid2013/13/i13_18_5.png,tid2013/13/i13.png,31.2467,change_of_color_saturation,l-21,-2.95653492
t-i13-t-19-1,tid2013,t-i13,t-19,1,0,tid2013/13/i13_19_1.png,tid2013/13/i13.png,31.2467,multiplicative_gaussian_noise,l-21,-0.483000366
t-i13-t-19-2,tid2013,t-i13,t-19,2,0,tid2013/13/i13_19_2.png,tid2013/13/i13.png,31.2467,multiplicative_gaussian_noise,l-21,-0.465343744
t-i13-t-19-3,tid2013,t-i13,t-19,3,0,tid2013/13/i13_19_3.png,tid2013/13/i13.png,31.2467,multiplicative_gaussian_noise,l-21,-0.519425325
t-i13-t-19-4,tid2013,t-i13,t-19,4,0,tid2013/13/i13_19_4.png,tid2013/13/i13.png,31.2467,multiplicative_gaussian_noise,l-21,-0.901778228
t-i13-t-19-5,tid2013,t-i13,t-19,5,0,tid2013/13/i13_19_5.png,tid2013/13/i13.png,31.2467,multiplicative_gaussian_noise,l-21,-1.532276365
t-i13-t-20-1,tid2013,t-i13,t-20,1,0,tid2013/13/i13_20_1.png,tid2013/13/i13.png,31.2467,comfort_noise,l-21,-0.161922141
t-i13-t-20-2,tid2013,t-i13,t-20,2,0,tid2013/13/i13_20_2.png,tid2013/13/i13.png,31.2467,comfort_noise,l-21,-0.586652773
t-i13-t-20-3,tid2013,t-i13,t-20,3,0,tid2013/13/i13_20_3.png,tid2013/13/i13.png,31.2467,comfort_noise,l-21,-0.360597627
t-i13-t-20-4,tid2013,t-i13,t-20,4,0,tid2013/13/i13_20_4.png,tid2013/13/i13.png,31.2467,comfort_noise,l-21,-0.543225243
t-i13-t-20-5,tid2013,t-i13,t-20,5,0,tid2013/13/i13_20_5.png,tid2013/13/i13.png,31.2467,comfort_noise,l-21,-0.590176236
t-i13-t-21-1,tid2013,t-i13,t-21,1,0,tid2013/13/i13_21_1.png,tid2013/13/i13.png,31.2467,lossy_compression_of_noisy_images,l-21,-0.284244831
t-i13-t-21-2,tid2013,t-i13,t-21,2,0,tid2013/13/i13_21_2.png,tid2013/13/i13.png,31.2467,lossy_compression_of_noisy_images,l-21,-0.264744924
t-i13-t-21-3,tid2013,t-i13,t-21,3,0,tid2013/13/i13_21_3.png,tid2013/13/i13.png,31.2467,lossy_compression_of_noisy_images,l-21,-0.583096607
t-i13-t-21-4,tid2013,t-i13,t-21,4,0,tid2013/13/i13_21_4.png,tid2013/13/i13.png,31.2467,lossy_compression_of_noisy_images,l-21,-1.007773818
t-i13-t-21-5,tid2013,t-i13,t-21,5,0,tid2013/13/i13_21_5.png,tid2013/13/i13.png,31.2467,lossy_compression_of_noisy_images,l-21,-2.14372723
t-i13-t-22-1,tid2013,t-i13,t-22,1,0,tid2013/13/i13_22_1.png,tid2013/13/i13.png,31.2467,image_color_quantization_with_dither,l-21,-0.399840534
t-i13-t-22-2,tid2013,t-i13,t-22,2,0,tid2013/13/i13_22_2.png,tid2013/13/i13.png,31.2467,image_color_quantization_with_dither,l-21,-0.736664228
t-i13-t-22-3,tid2013,t-i13,t-22,3,0,tid2013/13/i13_22_3.png,tid2013/13/i13.png,31.2467,image_color_quantization_with_dither,l-21,-1.466589734
t-i13-t-22-4,tid2013,t-i13,t-22,4,0,tid2013/13/i13_22_4.png,tid2013/13/i13.png,31.2467,image_color_quantization_with_dither,l-21,-2.778638396
t-i13-t-22-5,tid2013,t-i13,t-22,5,0,tid2013/13/i13_22_5.png,tid2013/13/i13.png,31.2467,image_color_quantization_with_dither,l-21,-3.712175851
t-i13-t-23-1,tid2013,t-i13,t-23,1,0,tid2013/13/i13_23_1.png,tid2013/13/i13.png,31.2467,chromatic_aberrations,l-21,-0.375688107
t-i13-t-23-2,tid2013,t-i13,t-23,2,0,tid2013/13/i13_23_2.png,tid2013/13/i13.png,31.2467,chromatic_aberrations,l-21,-0.413235305
t-i13-t-23-3,tid2013,t-i13,t-23,3,0,tid2013/13/i13_23_3.png,tid2013/13/i13.png,31.2467,chromatic_aberrations,l-21,-0.344369331
t-i13-t-23-4,tid2013,t-i13,t-23,4,0,tid2013/13/i13_23_4.png,tid2013/13/i13.png,31.2467,chromatic_aberrations,l-21,-0.617353424
t-i13-t-23-5,tid2013,t-i13,t-23,5,0,tid2013/13/i13_23_5.png,tid2013/13/i13.png,31.2467,chromatic_aberrations,l-21,-0.546910622
t-i13-t-24-1,tid2013,t-i13,t-24,1,0,tid2013/13/i13_24_1.png,tid2013/13/i13.png,31.2467,sparse_sampling_and_reconstruction,l-21,-0.413850311
t-i13-t-24-2,tid2013,t-i13,t-24,2,0,tid2013/13/i13_24_2.png,tid2013/13/i13.png,31.2467,sparse_sampling_and_reconstruction,l-21,-0.491748043
t-i13-t-24-3,tid2013,t-i13,t-24,3,0,tid2013/13/i13_24_3.png,tid2013/13/i13.png,31.2467,sparse_sampling_and_reconstruction,l-21,-1.066495016
t-i13-t-24-4,tid2013,t-i13,t-24,4,0,tid2013/13/i13_24_4.png,tid2013/13/i13.png,31.2467,sparse_sampling_and_reconstruction,l-21,-1.634978022
t-i13-t-24-5,tid2013,t-i13,t-24,5,0,tid2013/13/i13_24_5.png,tid2013/13/i13.png,31.2467,sparse_sampling_and_reconstruction,l-21,-2.805239444
t-i14-t-01-1,tid2013,t-i14,t-01,1,0,tid2013/14/i14_01_1.png,tid2013/14/i14.png,31.2467,additive_gaussian_noise,-,-0.339638153
t-i14-t-01-2,tid2013,t-i14,t-01,2,0,tid2013/14/i14_01_2.png,tid2013/14/i14.png,31.2467,additive_gaussian_noise,-,-0.442676483
t-i14-t-01-3,tid2013,t-i14,t-01,3,0,tid2013/14/i14_01_3.png,tid2013/14/i14.png,31.2467,additive_gaussian_noise,-,-1.155038058
t-i14-t-01-4,tid2013,t-i14,t-01,4,0,tid2013/14/i14_01_4.png,tid2013/14/i14.png,31.2467,additive_gaussian_noise,-,-1.581711137
t-i14-t-01-5,tid2013,t-i14,t-01,5,0,tid2013/14/i14_01_5.png,tid2013/14/i14.png,31.2467,additive_gaussian_noise,-,-2.341041722
t-i14-t-02-1,tid2013,t-i14,t-02,1,0,tid2013/14/i14_02_1.png,tid2013/14/i14.png,31.2467,additive_noise_in_color_more_intensive_than_additive_noise_in_the_luminance,-,-0.350707688
t-i14-t-02-2,tid2013,t-i14,t-02,2,0,tid2013/14/i14_02_2.png,tid2013/14/i14.png,31.2467,additive_noise_in_color_more_intensive_than_additive_noise_in_the_luminance,-,-0.439695001
t-i14-t-02-3,tid2013,t-i14,t-02,3,0,tid2013/14/i14_02_3.png,tid2013/14/i14.png,31.2467,additive_noise_in_color_more_intensive_than_additive_noise_in_the_luminance,-,-0.482176575
t-i14-t-02-4,tid2013,t-i14,t-02,4,0,tid2013/14/i14_02_4.png,tid2013/14/i14.png,31.2467,additive_noise_in_color_more_intensive_than_additive_noise_in_the_luminance,-,-0.999204014
t-i14-t-02-5,tid2013,t-i14,t-02,5,0,tid2013/14/i14_02_5.png,tid2013/14/i14.png,31.2467,additive_noise_in_color_more_intensive_than_additive_noise_in_the_luminance,-,-1.43126215
t-i14-t-03-1,tid2013,t-i14,t-03,1,0,tid2013/14/i14_03_1.png,tid2013/14/i14.png,31.2467,spatially_correlated_noise,-,-0.861404283
t-i14-t-03-2,tid2013,t-i14,t-03,2,0,tid2013/14/i14_03_2.png,tid2013/14/i14.png,31.2467,spatially_correlated_noise,-,-1.474844382
t-i14-t-03-3,tid2013,t-i14,t-03,3,0,tid2013/14/i14_03_3.png,tid2013/14/i14.png,31.2467,spatially_correlated_noise,-,-2.227755578
t-i14-t-03-4,tid2013,t-i14,t-03,4,0,tid2013/14/i14_03_4.png,tid2013/14/i14.png,31.2467,spatially_correlated_noise,-,-2.939462144
t-i14-t-03-5,tid2013,t-i14,t-03,5,0,tid2013/14/i14_03_5.png,tid2013/14/i14.png,31.2467,spatially_correlated_noise,-,-3.629190411
t-i14-t-04-1,tid2013,t-i14,t-04,1,0,tid2013/14/i14_04_1.png,tid2013/14/i14.png,31.2467,masked_noise,-,-0.276735815
t-i14-t-04-2,tid2013,t-i14,t-04,2,0,tid2013/14/i14_04_2.png,tid2013/14/i14.png,31.2467,masked_noise,-,-0.558305981
t-i14-t-04-3,tid2013,t-i14,t-04,3,0,tid2013/14/i14_04_3.png,tid2013/14/i14.png,31.2467,masked_noise,-,-0.675569716
t-i14-t-04-4,tid2013,t-i14,t-04,4,0,tid2013/14/i14_04_4.png,tid2013/14/i14.png,31.2467,masked_noise,-,-1.318451863
t-i14-t-04-5,tid2013,t-i14,t-04,5,0,tid2013/14/i14_04_5.png,tid2013/14/i14.png,31.2467,masked_noise,-,-1.977911926
t-i14-t-05-1,tid2013,t-i14,t-05,1,0,tid2013/14/i14_05_1.png,tid2013/14/i14.png,31.2467,high_frequency_noise,-,-0.260635979
t-i14-t-05-2,tid2013,t-i14,t-05,2,0,tid2013/14/i14_05_2.png,tid2013/14/i14.png,31.2467,high_frequency_noise,-,-0.536070278
t-i14-t-05-3,tid2013,t-i14,t-05,3,0,tid2013/14/i14_05_3.png,tid2013/14/i14.png,31.2467,high_frequency_noise,-,-1.132444752
t-i14-t-05-4,tid2013,t-i14,t-05,4,0,tid2013/14/i14_05_4.png,tid2013/14/i14.png,31.2467,high_frequency_noise,-,-1.784928292
t-i14-t-05-5,tid2013,t-i14,t-05,5,0,tid2013/14/i14_05_5.png,tid2013/14/i14.png,31.2467,high_frequency_noise,-,-3.216378309
t-i14-t-06-1,tid2013,t-i14,t-06,1,0,tid2013/14/i14_06_1.png,tid2013/14/i14.png,31.2467,impulse_noise,-,-0.990540646
t-i14-t-06-2,tid2013,t-i14,t-06,2,0,tid2013/14/i14_06_2.png,tid2013/14/i14.png,31.2467,impulse_noise,-,-1.518431204
t-i14-t-06-3,tid2013,t-i14,t-06,3,0,tid2013/14/i14_06_3.png,tid2013/14/i14.png,31.2467,impulse_noise,-,-1.983389231
t-i14-t-06-4,tid2013,t-i14,t-06,4,0,tid2013/14/i14_06_4.png,tid2013/14/i14.png,31.2467,impulse_noise,-,-2.431502888
t-i14-t-06-5,tid2013,t-i14,t-06,5,0,tid2013/14/i14_06_5.png,tid2013/14/i14.png,31.2467,impulse_noise,-,-2.970667009
t-i14-t-07-1,tid2013,t-i14,t-07,1,0,tid2013/14/i14_07_1.png,tid2013/14/i14.png,31.2467,quantization_noise,-,-0.499688029
t-i14-t-07-2,tid2013,t-i14,t-07,2,0,tid2013/14/i14_07_2.png,tid2013/14/i14.png,31.2467,quantization_noise,-,-0.650805324
t-i14-t-07-3,tid2013,t-i14,t-07,3,0,tid2013/14/i14_07_3.png,tid2013/14/i14.png,31.2467,quantization_noise,-,-1.695164915
t-i14-t-07-4,tid2013,t-i14,t-07,4,0,tid2013/14/i14_07_4.png,tid2013/14/i14.png,31.2467,quantization_noise,-,-2.476690216
t-i14-t-07-5,tid2013,t-i14,t-07,5,0,tid2013/14/i14_07_5.png,tid2013/14/i14.png,31.2467,quantization_noise,-,-3.410831059
t-i14-t-08-1,tid2013,t-i14,t-08,1,0,tid2013/14/i14_08_1.png,tid2013/14/i14.png,31.2467,gaussian_blur,-,-0.717026161
t-i14-t-08-2,tid2013,t-i14,t-08,2,0,tid2013/14/i14_08_2.png,tid2013/14/i14.png,31.2467,gaussian_blur,-,-1.545617111
t-i14-t-08-3,tid2013,t-i14,t-08,3,0,tid2013/14/i14_08_3.png,tid2013/14/i14.png,31.2467,gaussian_blur,-,-2.602716725
t-i14-t-08-4,tid2013,t-i14,t-08,4,0,tid2013/14/i14_08_4.png,tid2013/14/i14.png,31.2467,gaussian_blur,-,-3.472505077
t-i14-t-08-5,tid2013,t-i14,t-08,5,0,tid2013/14/i14_08_5.png,tid2013/14/i14.png,31.2467,gaussian_blur,-,-4.922456631
t-i14-t-09-1,tid2013,t-i14,t-09,1,0,tid2013/14/i14_09_1.png,tid2013/14/i14.png,31.2467,image_denoising,-,-0.244657623
t-i14-t-09-2,tid2013,t-i14,t-09,2,0,tid2013/14/i14_09_2.png,tid2013/14/i14.png,31.2467,image_denoising,-,-0.390440265
t-i14-t-09-3,tid2013,t-i14,t-09,3,0,tid2013/14/i14_09_3.png,tid2013/14/i14.png,31.2467,image_denoising,-,-1.347034587
t-i14-t-09-4,tid2013,t-i14,t-09,4,0,tid2013/14/i14_09_4.png,tid2013/14/i14.png,31.2467,image_denoising,-,-3.274464452
t-i14-t-09-5,tid2013,t-i14,t-09,5,0,tid2013/14/i14_09_5.png,tid2013/14/i14.png,31.2467,image_denoising,-,-4.843752056
t-i14-t-10-1,tid2013,t-i14,t-10,1,0,tid2013/14/i14_10_1.png,tid2013/14/i14.png,31.2467,JPEG_compression,-,-0.588101453
t-i14-t-10-2,tid2013,t-i14,t-10,2,0,tid2013/14/i14_10_2.png,tid2013/14/i14.png,31.2467,JPEG_compression,-,-0.786841831
t-i14-t-10-3,tid2013,t-i14,t-10,3,0,tid2013/14/i14_10_3.png,tid2013/14/i14.png,31.2467,JPEG_compression,-,-1.551478965
t-i14-t-10-4,tid2013,t-i14,t-10,4,0,tid2013/14/i14_10_4.png,tid2013/14/i14.png,31.2467,JPEG_compression,-,-3.009020888
t-i14-t-10-5,tid2013,t-i14,t-10,5,0,tid2013/14/i14_10_5.png,tid2013/14/i14.png,31.2467,JPEG_compression,-,-4.458636753
t-i14-t-11-1,tid2013,t-i14,t-11,1,0,tid2013/14/i14_11_1.png,tid2013/14/i14.png,31.2467,JPEG2000_compression,-,-0.271370134
t-i14-t-11-2,tid2013,t-i14,t-11,2,0,tid2013/14/i14_11_2.png,tid2013/14/i14.png,31.2467,JPEG2000_compression,-,-0.602983334
t-i14-t-11-3,tid2013,t-i14,t-11,3,0,tid2013/14/i14_11_3.png,tid2013/14/i14.png,31.2467,JPEG2000_compression,-,-1.751066917
t-i14-t-11-4,tid2013,t-i14,t-11,4,0,tid2013/14/i14_11_4.png,tid2013/14/i14.png,31.2467,JPEG2000_compression,-,-3.067993195
t-i14-t-11-5,tid2013,t-i14,t-11,5,0,tid2013/14/i14_11_5.png,tid2013/14/i14.png,31.2467,JPEG2000_compression,-,-5.177980938
t-i14-t-12-1,tid2013,t-i14,t-12,1,0,tid2013/14/i14_12_1.png,tid2013/14/i14.png,31.2467,JPEG_transmission_errors,-,-0.403080299
t-i14-t-12-2,tid2013,t-i14,t-12,2,0,tid2013/14/i14_12_2.png,tid2013/14/i14.png,31.2467,JPEG_transmission_errors,-,-0.555823098
t-i14-t-12-3,tid2013,t-i14,t-12,3,0,tid2013/14/i14_12_3.png,tid2013/14/i14.png,31.2467,JPEG_transmission_errors,-,-1.932416658
t-i14-t-12-4,tid2013,t-i14,t-12,4,0,tid2013/14/i14_12_4.png,tid2013/14/i14.png,31.2467,JPEG_transmission_errors,-,-2.008525894
t-i14-t-12-5,tid2013,t-i14,t-12,5,0,tid2013/14/i14_12_5.png,tid2013/14/i14.png,31.2467,JPEG_transmission_errors,-,-2.895551119
t-i14-t-13-1,tid2013,t-i14,t-13,1,0,tid2013/14/i14_13_1.png,tid2013/14/i14.png,31.2467,JPEG2000_transmission_errors,-,-0.953058405
t-i14-t-13-2,tid2013,t-i14,t-13,2,0,tid2013/14/i14_13_2.png,tid2013/14/i14.png,31.2467,JPEG2000_transmission_errors,-,-1.290088219
t-i14-t-13-3,tid2013,t-i14,t-13,3,0,tid2013/14/i14_13_3.png,tid2013/14/i14.png,31.2467,JPEG2000_transmission_errors,-,-2.555185433
t-i14-t-13-4,tid2013,t-i14,t-13,4,0,tid2013/14/i14_13_4.png,tid2013/14/i14.png,31.2467,JPEG2000_transmission_errors,-,-2.991205247
t-i14-t-13-5,tid2013,t-i14,t-13,5,0,tid2013/14/i14_13_5.png,tid2013/14/i14.png,31.2467,JPEG2000_transmission_errors,-,-4.526917414
t-i14-t-14-1,tid2013,t-i14,t-14,1,0,tid2013/14/i14_14_1.png,tid2013/14/i14.png,31.2467,non_eccentricity_pattern_noise,-,-0.273287684
t-i14-t-14-2,tid2013,t-i14,t-14,2,0,tid2013/14/i14_14_2.png,tid2013/14/i14.png,31.2467,non_eccentricity_pattern_noise,-,-0.472305173
t-i14-t-14-3,tid2013,t-i14,t-14,3,0,tid2013/14/i14_14_3.png,tid2013/14/i14.png,31.2467,non_eccentricity_pattern_noise,-,-1.308002473
t-i14-t-14-4,tid2013,t-i14,t-14,4,0,tid2013/14/i14_14_4.png,tid2013/14/i14.png,31.2467,non_eccentricity_pattern_noise,-,-1.854130749
t-i14-t-14-5,tid2013,t-i14,t-14,5,0,tid2013/14/i14_14_5.png,tid2013/14/i14.png,31.2467,non_eccentricity_pattern_noise,-,-2.61700586
t-i14-t-15-1,tid2013,t-i14,t-15,1,0,tid2013/14/i14_15_1.png,tid2013/14/i14.png,31.2467,local_block_wise_distortions_of_different_intensity,-,-3.196421563
t-i14-t-15-2,tid2013,t-i14,t-15,2,0,tid2013/14/i14_15_2.png,tid2013/14/i14.png,31.2467,local_block_wise_distortions_of_different_intensity,-,-2.882967924
t-i14-t-15-3,tid2013,t-i14,t-15,3,0,tid2013/14/i14_15_3.png,tid2013/14/i14.png,31.2467,local_block_wise_distortions_of_different_intensity,-,-2.593655595
t-i14-t-15-4,tid2013,t-i14,t-15,4,0,tid2013/14/i14_15_4.png,tid2013/14/i14.png,31.2467,local_block_wise_distortions_of_different_intensity,-,-2.370516305
t-i14-t-15-5,tid2013,t-i14,t-15,5,0,tid2013/14/i14_15_5.png,tid2013/14/i14.png,31.2467,local_block_wise_distortions_of_different_intensity,-,-1.966600099
t-i14-t-16-1,tid2013,t-i14,t-16,1,0,tid2013/14/i14_16_1.png,tid2013/14/i14.png,31.2467,intensity_shift,-,-0.314206864
t-i14-t-16-2,tid2013,t-i14,t-16,2,0,tid2013/14/i14_16_2.png,tid2013/14/i14.png,31.2467,intensity_shift,-,-0.366090763
t-i14-t-16-3,tid2013,t-i14,t-16,3,0,tid2013/14/i14_16_3.png,tid2013/14/i14.png,31.2467,intensity_shift,-,-0.837629963
t-i14-t-16-4,tid2013,t-i14,t-16,4,0,tid2013/14/i14_16_4.png,tid2013/14/i14.png,31.2467,intensity_shift,-,-0.772338463
t-i14-t-16-5,tid2013,t-i14,t-16,5,0,tid2013/14/i14_16_5.png,tid2013/14/i14.png,31.2467,intensity_shift,-,-1.754718503
t-i14-t-17-1,tid2013,t-i14,t-17,1,0,tid2013/14/i14_17_1.png,tid2013/14/i14.png,31.2467,contrast_change,-,-0.74463387
t-i14-t-17-2,tid2013,t-i14,t-17,2,0,tid2013/14/i14_17_2.png,tid2013/14/i14.png,31.2467,contrast_change,-,0.069861542
t-i14-t-17-3,tid2013,t-i14,t-17,3,0,tid2013/14/i14_17_3.png,tid2013/14/i14.png,31.2467,contrast_change,-,-1.868078715
t-i14-t-17-4,tid2013,t-i14,t-17,4,0,tid2013/14/i14_17_4.png,tid2013/14/i14.png,31.2467,contrast_change,-,-0.423161321
t-i14-t-17-5,tid2013,t-i14,t-17,5,0,tid2013/14/i14_17_5.png,tid2013/14/i14.png,31.2467,contrast_change,-,-2.842733455
t-i14-t-18-1,tid2013,t-i14,t-18,1,0,tid2013/14/i14_18_1.png,tid2013/14/i14.png,31.2467,change_of_color_saturation,-,-0.600403417
t-i14-t-18-2,tid2013,t-i14,t-18,2,0,tid2013/14/i14_18_2.png,tid2013/14/i14.png,31.2467,change_of_color_saturation,-,-0.959896954
t-i14-t-18-3,tid2013,t-i14,t-18,3,0,tid2013/14/i14_18_3.png,tid2013/14/i14.png,31.2467,change_of_color_saturation,-,-1.305692587
t-i14-t-18-4,tid2013,t-i14,t-18,4,0,tid2013/14/i14_18_4.png,tid2013/14/i14.png,31.2467,change_of_color_saturation,-,-1.674921177
t-i14-t-18-5,tid2013,t-i14,t-18,5,0,tid2013/14/i14_18_5.png,tid2013/14/i14.png,31.2467,change_of_color_saturation,-,-2.140888611
t-i14-t-19-1,tid2013,t-i14,t-19,1,0,tid2013/14/i14_19_1.png,tid2013/14/i14.png,31.2467,multiplicative_gaussian_noise,-,-0.633531145
t-i14-t-19-2,tid2013,t-i14,t-19,2,0,tid2013/14/i14_19_2.png,tid2013/14/i14.png,31.2467,multiplicative_gaussian_noise,-,-0.921228106
t-i14-t-19-3,tid2013,t-i14,t-19,3,0,tid2013/14/i14_19_3.png,tid2013/14/i14.png,31.2467,multiplicative_gaussian_noise,-,-1.200441741
t-i14-t-19-4,tid2013,t-i14,t-19,4,0,tid2013/14/i14_19_4.png,tid2013/14/i14.png,31.2467,multiplicative_gaussian_noise,-,-1.940195369
t-i14-t-19-5,tid2013,t-i14,t-19,5,0,tid2013/14/i14_19_5.png,tid2013/14/i14.png,31.2467,multiplicative_gaussian_noise,-,-2.67249194
t-i14-t-20-1,tid2013,t-i14,t-20,1,0,tid2013/14/i14_20_1.png,tid2013/14/i14.png,31.2467,comfort_noise,-,-0.39256851
t-i14-t-20-2,tid2013,t-i14,t-20,2,0,tid2013/14/i14_20_2.png,tid2013/14/i14.png,31.2467,comfort_noise,-,-0.567079332
t-i14-t-20-3,tid2013,t-i14,t-20,3,0,tid2013/14/i14_20_3.png,tid2013/14/i14.png,31.2467,comfort_noise,-,-0.900004844
t-i14-t-20-4,tid2013,t-i14,t-20,4,0,tid2013/14/i14_20_4.png,tid2013/14/i14.png,31.2467,comfort_noise,-,-1.639445175
t-i14-t-20-5,tid2013,t-i14,t-20,5,0,tid2013/14/i14_20_5.png,tid2013/14/i14.png,31.2467,comfort_noise,-,-2.893956086
t-i14-t-21-1,tid2013,t-i14,t-21,1,0,tid2013/14/i14_21_1.png,tid2013/14/i14.png,31.2467,lossy_compression_of_noisy_images,-,-0.739944228
t-i14-t-21-2,tid2013,t-i14,t-21,2,0,tid2013/14/i14_21_2.png,tid2013/14/i14.png,31.2467,lossy_compression_of_noisy_images,-,-0.905636599
t-i14-t-21-3,tid2013,t-i14,t-21,3,0,tid2013/14/i14_21_3.png,tid2013/14/i14.png,31.2467,lossy_compression_of_noisy_images,-,-1.526536478
t-i14-t-21-4,tid2013,t-i14,t-21,4,0,tid2013/14/i14_21_4.png,tid2013/14/i14.png,31.2467,lossy_compression_of_noisy_images,-,-2.448053411
t-i14-t-21-5,tid2013,t-i14,t-21,5,0,tid2013/14/i14_21_5.png,tid2013/14/i14.png,31.2467,lossy_compression_of_noisy_images,-,-3.69910949
t-i14-t-22-1,tid2013,t-i14,t-22,1,0,tid2013/14/i14_22_1.png,tid2013/14/i14.png,31.2467,image_color_quantization_with_dither,-,-0.685561651
t-i14-t-22-2,tid2013,t-i14,t-22,2,0,tid2013/14/i14_22_2.png,tid2013/14/i14.png,31.2467,image_color_quantization_with_dither,-,-0.661552833
t-i14-t-22-3,tid2013,t-i14,t-22,3,0,tid2013/14/i14_22_3.png,tid2013/14/i14.png,31.2467,image_color_quantization_with_dither,-,-0.852420735
t-i14-t-22-4,tid2013,t-i14,t-22,4,0,tid2013/14/i14_22_4.png,tid2013/14/i14.png,31.2467,image_color_quantization_with_dither,-,-1.859034262
t-i14-t-22-5,tid2013,t-i14,t-22,5,0,tid2013/14/i14_22_5.png,tid2013/14/i14.png,31.2467,image_color_quantization_with_dither,-,-2.930082973
t-i14-t-23-1,tid2013,t-i14,t-23,1,0,tid2013/14/i14_23_1.png,tid2013/14/i14.png,31.2467,chromatic_aberrations,-,-0.398101803
t-i14-t-23-2,tid2013,t-i14,t-23,2,0,tid2013/14/i14_23_2.png,tid2013/14/i14.png,31.2467,chromatic_aberrations,-,-0.358793241
t-i14-t-23-3,tid2013,t-i14,t-23,3,0,tid2013/14/i14_23_3.png,tid2013/14/i14.png,31.2467,chromatic_aberrations,-,-0.578199951
t-i14-t-23-4,tid2013,t-i14,t-23,4,0,tid2013/14/i14_23_4.png,tid2013/14/i14.png,31.2467,chromatic_aberrations,-,-0.966636846
t-i14-t-23-5,tid2013,t-i14,t-23,5,0,tid2013/14/i14_23_5.png,tid2013/14/i14.png,31.2467,chromatic_aberrations,-,-3.317036083
t-i14-t-24-1,tid2013,t-i14,t-24,1,0,tid2013/14/i14_24_1.png,tid2013/14/i14.png,31.2467,sparse_sampling_and_reconstruction,-,-0.246952262
t-i14-t-24-2,tid2013,t-i14,t-24,2,0,tid2013/14/i14_24_2.png,tid2013/14/i14.png,31.2467,sparse_sampling_and_reconstruction,-,-0.554532254
t-i14-t-24-3,tid2013,t-i14,t-24,3,0,tid2013/14/i14_24_3.png,tid2013/14/i14.png,31.2467,sparse_sampling_and_reconstruction,-,-1.545729007
t-i14-t-24-4,tid2013,t-i14,t-24,4,0,tid2013/14/i14_24_4.png,tid2013/14/i14.png,31.2467,sparse_sampling_and_reconstruction,-,-2.940924925
t-i14-t-24-5,tid2013,t-i14,t-24,5,0,tid2013/14/i14_24_5.png,tid2013/14/i14.png,31.2467,sparse_sampling_and_reconstruction,-,-5.513592926
t-i15-t-01-1,tid2013,t-i15,t-01,1,0,tid2013/15/i15_01_1.png,tid2013/15/i15.png,31.2467,additive_gaussian_noise,-,-0.34472642
t-i15-t-01-2,tid2013,t-i15,t-01,2,0,tid2013/15/i15_01_2.png,tid2013/15/i15.png,31.2467,additive_gaussian_noise,-,-0.826637879
t-i15-t-01-3,tid2013,t-i15,t-01,3,0,tid2013/15/i15_01_3.png,tid2013/15/i15.png,31.2467,additive_gaussian_noise,-,-1.149786798
t-i15-t-01-4,tid2013,t-i15,t-01,4,0,tid2013/15/i15_01_4.png,tid2013/15/i15.png,31.2467,additive_gaussian_noise,-,-1.73167764
t-i15-t-01-5,tid2013,t-i15,t-01,5,0,tid2013/15/i15_01_5.png,tid2013/15/i15.png,31.2467,additive_gaussian_noise,-,-2.438449501
t-i15-t-02-1,tid2013,t-i15,t-02,1,0,tid2013/15/i15_02_1.png,tid2013/15/i15.png,31.2467,additive_noise_in_color_more_intensive_than_additive_noise_in_the_luminance,-,-0.046729477
t-i15-t-02-2,tid2013,t-i15,t-02,2,0,tid2013/15/i15_02_2.png,tid2013/15/i15.png,31.2467,additive_noise_in_color_more_intensive_than_additive_noise_in_the_luminance,-,-0.265339207
t-i15-t-02-3,tid2013,t-i15,t-02,3,0,tid2013/15/i15_02_3.png,tid2013/15/i15.png,31.2467,additive_noise_in_color_more_intensive_than_additive_noise_in_the_luminance,-,-0.506984997
t-i15-t-02-4,tid2013,t-i15,t-02,4,0,tid2013/15/i15_02_4.png,tid2013/15/i15.png,31.2467,additive_noise_in_color_more_intensive_than_additive_noise_in_the_luminance,-,-1.084077887
t-i15-t-02-5,tid2013,t-i15,t-02,5,0,tid2013/15/i15_02_5.png,tid2013/15/i15.png,31.2467,additive_noise_in_color_more_intensive_than_additive_noise_in_the_luminance,-,-1.395377961
t-i15-t-03-1,tid2013,t-i15,t-03,1,0,tid2013/15/i15_03_1.png,tid2013/15/i15.png,31.2467,spatially_correlated_noise,-,-1.697816595
t-i15-t-03-2,tid2013,t-i15,t-03,2,0,tid2013/15/i15_03_2.png,tid2013/15/i15.png,31.2467,spatially_correlated_noise,-,-2.214299726
t-i15-t-03-3,tid2013,t-i15,t-03,3,0,tid2013/15/i15_03_3.png,tid2013/15/i15.png,31.2467,spatially_correlated_noise,-,-2.704754043
t-i15-t-03-4,tid2013,t-i15,t-03,4,0,tid2013/15/i15_03_4.png,tid2013/15/i15.png,31.2467,spatially_correlated_noise,-,-3.412388745
t-i15-t-03-5,tid2013,t-i15,t-03,5,0,tid2013/15/i15_03_5.png,tid2013/15/i15.png,31.2467,spatially_correlated_noise,-,-4.092495996
t-i15-t-04-1,tid2013,t-i15,t-04,1,0,tid2013/15/i15_04_1.png,tid2013/15/i15.png,31.2467,masked_noise,-,-0.033065149
t-i15-t-04-2,tid2013,t-i15,t-04,2,0,tid2013/15/i15_04_2.png,tid2013/15/i15.png,31.2467,masked_noise,-,-0.157328097
t-i15-t-04-3,tid2013,t-i15,t-04,3,0,tid2013/15/i15_04_3.png,tid2013/15/i15.png,31.2467,masked_noise,-,-0.233505102
t-i15-t-04-4,tid2013,t-i15,t-04,4,0,tid2013/15/i15_04_4.png,tid2013/15/i15.png,31.2467,masked_noise,-,-0.322288584
t-i15-t-04-5,tid2013,t-i15,t-04,5,0,tid2013/15/i15_04_5.png,tid2013/15/i15.png,31.2467,masked_noise,-,-1.054563598
t-i15-t-05-1,tid2013,t-i15,t-05,1,0,tid2013/15/i15_05_1.png,tid2013/15/i15.png,31.2467,high_frequency_noise,-,-0.200647942
t-i15-t-05-2,tid2013,t-i15,t-05,2,0,tid2013/15/i15_05_2.png,tid2013/15/i15.png,31.2467,high_frequency_noise,-,-0.372238829
t-i15-t-05-3,tid2013,t-i15,t-05,3,0,tid2013/15/i15_05_3.png,tid2013/15/i15.png,31.2467,high_frequency_noise,-,-0.887764843
t-i15-t-05-4,tid2013,t-i15,t-05,4,0,tid2013/15/i15_05_4.png,tid2013/15/i15.png,31.2467,high_frequency_noise,-,-1.954214521
t-i15-t-05-5,tid2013,t-i15,t-05,5,0,tid2013/15/i15_05_5.png,tid2013/15/i15.png,31.2467,high_frequency_noise,-,-3.112800193
t-i15-t-06-1,tid2013,t-i15,t-06,1,0,tid2013/15/i15_06_1.png,tid2013/15/i15.png,31.2467,impulse_noise,-,-1.57460118
t-i15-t-06-2,tid2013,t-i15,t-06,2,0,tid2013/15/i15_06_2.png,tid2013/15/i15.png,31.2467,impulse_noise,-,-2.06144032
t-i15-t-06-3,tid2013,t-i15,t-06,3,0,tid2013/15/i15_06_3.png,tid2013/15/i15.png,31.2467,impulse_noise,-,-2.301840478
t-i15-t-06-4,tid2013,t-i15,t-06,4,0,tid2013/15/i15_06_4.png,tid2013/15/i15.png,31.2467,impulse_noise,-,-3.062513991
t-i15-t-06-5,tid2013,t-i15,t-06,5,0,tid2013/15/i15_06_5.png,tid2013/15/i15.png,31.2467,impulse_noise,-,-3.515387579
t-i15-t-07-1,tid2013,t-i15,t-07,1,0,tid2013/15/i15_07_1.png,tid2013/15/i15.png,31.2467,quantization_noise,-,-1.567946525
t-i15-t-07-2,tid2013,t-i15,t-07,2,0,tid2013/15/i15_07_2.png,tid2013/15/i15.png,31.2467,quantization_noise,-,-2.322572759
t-i15-t-07-3,tid2013,t-i15,t-07,3,0,tid2013/15/i15_07_3.png,tid2013/15/i15.png,31.2467,quantization_noise,-,-2.590053354
t-i15-t-07-4,tid2013,t-i15,t-07,4,0,tid2013/15/i15_07_4.png,tid2013/15/i15.png,31.2467,quantization_noise,-,-3.761338051
t-i15-t-07-5,tid2013,t-i15,t-07,5,0,tid2013/15/i15_07_5.png,tid2013/15/i15.png,31.2467,quantization_noise,-,-4.45671281
t-i15-t-08-1,tid2013,t-i15,t-08,1,0,tid2013/15/i15_08_1.png,tid2013/15/i15.png,31.2467,gaussian_blur,-,-0.16181453
t-i15-t-08-2,tid2013,t-i15,t-08,2,0,tid2013/15/i15_08_2.png,tid2013/15/i15.png,31.2467,gaussian_blur,-,-0.199744318
t-i15-t-08-3,tid2013,t-i15,t-08,3,0,tid2013/15/i15_08_3.png,tid2013/15/i15.png,31.2467,gaussian_blur,-,-0.933153999
t-i15-t-08-4,tid2013,t-i15,t-08,4,0,tid2013/15/i15_08_4.png,tid2013/15/i15.png,31.2467,gaussian_blur,-,-2.211332303
t-i15-t-08-5,tid2013,t-i15,t-08,5,0,tid2013/15/i15_08_5.png,tid2013/15/i15.png,31.2467,gaussian_blur,-,-3.000292525
t-i15-t-09-1,tid2013,t-i15,t-09,1,0,tid2013/15/i15_09_1.png,tid2013/15/i15.png,31.2467,image_denoising,-,-0.291372661
t-i15-t-09-2,tid2013,t-i15,t-09,2,0,tid2013/15/i15_09_2.png,tid2013/15/i15.png,31.2467,image_denoising,-,-0.420247262
t-i15-t-09-3,tid2013,t-i15,t-09,3,0,tid2013/15/i15_09_3.png,tid2013/15/i15.png,31.2467,image_denoising,-,-1.241829925
t-i15-t-09-4,tid2013,t-i15,t-09,4,0,tid2013/15/i15_09_4.png,tid2013/15/i15.png,31.2467,image_denoising,-,-2.552857708
t-i15-t-09-5,tid2013,t-i15,t-09,5,0,tid2013/15/i15_09_5.png,tid2013/15/i15.png,31.2467,image_denoising,-,-4.590718609
t-i15-t-10-1,tid2013,t-i15,t-10,1,0,tid2013/15/i15_10_1.png,tid2013/15/i15.png,31.2467,JPEG_compression,-,-0.241188508
t-i15-t-10-2,tid2013,t-i15,t-10,2,0,tid2013/15/i15_10_2.png,tid2013/15/i15.png,31.2467,JPEG_compression,-,-0.287698286
t-i15-t-10-3,tid2013,t-i15,t-10,3,0,tid2013/15/i15_10_3.png,tid2013/15/i15.png,31.2467,JPEG_compression,-,-1.37178403
t-i15-t-10-4,tid2013,t-i15,t-10,4,0,tid2013/15/i15_10_4.png,tid2013/15/i15.png,31.2467,JPEG_compression,-,-3.447444226
t-i15-t-10-5,tid2013,t-i15,t-10,5,0,tid2013/15/i15_10_5.png,tid2013/15/i15.png,31.2467,JPEG_compression,-,-5.619121758
t-i15-t-11-1,tid2013,t-i15,t-11,1,0,tid2013/15/i15_11_1.png,tid2013/15/i15.png,31.2467,JPEG2000_compression,-,-0.415107469
t-i15-t-11-2,tid2013,t-i15,t-11,2,0,tid2013/15/i15_11_2.png,tid2013/15/i15.png,31.2467,JPEG2000_compression,-,-1.793200178
t-i15-t-11-3,tid2013,t-i15,t-11,3,0,tid2013/15/i15_11_3.png,tid2013/15/i15.png,31.2467,JPEG2000_compression,-,-3.416332147
t-i15-t-11-4,tid2013,t-i15,t-11,4,0,tid2013/15/i15_11_4.png,tid2013/15/i15.png,31.2467,JPEG2000_compression,-,-5.128049453
t-i15-t-11-5,tid2013,t-i15,t-11,5,0,tid2013/15/i15_11_5.png,tid2013/15/i15.png,31.2467,JPEG2000_compression,-,-6.858627355
t-i15-t-12-1,tid2013,t-i15,t-12,1,0,tid2013/15/i15_12_1.png,tid2013/15/i15.png,31.2467,JPEG_transmission_errors,-,-0.426909885
t-i15-t-12-2,tid2013,t-i15,t-12,2,0,tid2013/15/i15_12_2.png,tid2013/15/i15.png,31.2467,JPEG_transmission_errors,-,-0.575991855
t-i15-t-12-3,tid2013,t-i15,t-12,3,0,tid2013/15/i15_12_3.png,tid2013/15/i15.png,31.2467,JPEG_transmission_errors,-,-1.807515267
t-i15-t-12-4,tid2013,t-i15,t-12,4,0,tid2013/15/i15_12_4.png,tid2013/15/i15.png,31.2467,JPEG_transmission_errors,-,-3.590993496
t-i15-t-12-5,tid2013,t-i15,t-12,5,0,tid2013/15/i15_12_5.png,tid2013/15/i15.png,31.2467,JPEG_transmission_errors,-,-4.352721284
t-i15-t-13-1,tid2013,t-i15,t-13,1,0,tid2013/15/i15_13_1.png,tid2013/15/i15.png,31.2467,JPEG2000_transmission_errors,-,-1.108875695
t-i15-t-13-2,tid2013,t-i15,t-13,2,0,tid2013/15/i15_13_2.png,tid2013/15/i15.png,31.2467,JPEG2000_transmission_errors,-,-2.531978932
t-i15-t-13-3,tid2013,t-i15,t-13,3,0,tid2013/15/i15_13_3.png,tid2013/15/i15.png,31.2467,JPEG2000_transmission_errors,-,-3.204377467
t-i15-t-13-4,tid2013,t-i15,t-13,4,0,tid2013/15/i15_13_4.png,tid2013/15/i15.png,31.2467,JPEG2000_transmission_errors,-,-3.968603767
t-i15-t-13-5,tid2013,t-i15,t-13,5,0,tid2013/15/i15_13_5.png,tid2013/15/i15.png,31.2467,JPEG2000_transmission_errors,-,-5.309926923
t-i15-t-14-1,tid2013,t-i15,t-14,1,0,tid2013/15/i15_14_1.png,tid2013/15/i15.png,31.2467,non_eccentricity_pattern_noise,-,-0.396410233
t-i15-t-14-2,tid2013,t-i15,t-14,2,0,tid2013/15/i15_14_2.png,tid2013/15/i15.png,31.2467,non_eccentricity_pattern_noise,-,-0.00640249
t-i15-t-14-3,tid2013,t-i15,t-14,3,0,tid2013/15/i15_14_3.png,tid2013/15/i15.png,31.2467,non_eccentricity_pattern_noise,-,-0.250113097
t-i15-t-14-4,tid2013,t-i15,t-14,4,0,tid2013/15/i15_14_4.png,tid2013/15/i15.png,31.2467,non_eccentricity_pattern_noise,-,-0.946611651
t-i15-t-14-5,tid2013,t-i15,t-14,5,0,tid2013/15/i15_14_5.png,tid2013/15/i15.png,31.2467,non_eccentricity_pattern_noise,-,-2.220166879
t-i15-t-15-1,tid2013,t-i15,t-15,1,0,tid2013/15/i15_15_1.png,tid2013/15/i15.png,31.2467,local_block_wise_distortions_of_different_intensity,-,-2.457706629
t-i15-t-15-2,tid2013,t-i15,t-15,2,0,tid2013/15/i15_15_2.png,tid2013/15/i15.png,31.2467,local_block_wise_distortions_of_different_intensity,-,-2.392548305
t-i15-t-15-3,tid2013,t-i15,t-15,3,0,tid2013/15/i15_15_3.png,tid2013/15/i15.png,31.2467,local_block_wise_distortions_of_different_intensity,-,-2.336068404
t-i15-t-15-4,tid2013,t-i15,t-15,4,0,tid2013/15/i15_15_4.png,tid2013/15/i15.png,31.2467,local_block_wise_distortions_of_different_intensity,-,-2.084255197
t-i15-t-15-5,tid2013,t-i15,t-15,5,0,tid2013/15/i15_15_5.png,tid2013/15/i15.png,31.2467,local_block_wise_distortions_of_different_intensity,-,-1.008533702
t-i15-t-16-1,tid2013,t-i15,t-16,1,0,tid2013/15/i15_16_1.png,tid2013/15/i15.png,31.2467,intensity_shift,-,-0.012823578
t-i15-t-16-2,tid2013,t-i15,t-16,2,0,tid2013/15/i15_16_2.png,tid2013/15/i15.png,31.2467,intensity_shift,-,-0.105915056
t-i15-t-16-3,tid2013,t-i15,t-16,3,0,tid2013/15/i15_16_3.png,tid2013/15/i15.png,31.2467,intensity_shift,-,-0.697762636
t-i15-t-16-4,tid2013,t-i15,t-16,4,0,tid2013/15/i15_16_4.png,tid2013/15/i15.png,31.2467,intensity_shift,-,-0.611950204
t-i15-t-16-5,tid2013,t-i15,t-16,5,0,tid2013/15/i15_16_5.png,tid2013/15/i15.png,31.2467,intensity_shift,-,-2.20309628
t-i15-t-17-1,tid2013,t-i15,t-17,1,0,tid2013/15/i15_17_1.png,tid2013/15/i15.png,31.2467,contrast_change,-,-0.27728648
t-i15-t-17-2,tid2013,t-i15,t-17,2,0,tid2013/15/i15_17_2.png,tid2013/15/i15.png,31.2467,contrast_change,-,0.311191436
t-i15-t-17-3,tid2013,t-i15,t-17,3,0,tid2013/15/i15_17_3.png,tid2013/15/i15.png,31.2467,contrast_change,-,-1.118037946
t-i15-t-17-4,tid2013,t-i15,t-17,4,0,tid2013/15/i15_17_4.png,tid2013/15/i15.png,31.2467,contrast_change,-,-0.055874505
t-i15-t-17-5,tid2013,t-i15,t-17,5,0,tid2013/15/i15_17_5.png,tid2013/15/i15.png,31.2467,contrast_change,-,-2.574528718
t-i15-t-18-1,tid2013,t-i15,t-18,1,0,tid2013/15/i15_18_1.png,tid2013/15/i15.png,31.2467,change_of_color_saturation,-,-0.862027751
t-i15-t-18-2,tid2013,t-i15,t-18,2,0,tid2013/15/i15_18_2.png,tid2013/15/i15.png,31.2467,change_of_color_saturation,-,-1.239533206
t-i15-t-18-3,tid2013,t-i15,t-18,3,0,tid2013/15/i15_18_3.png,tid2013/15/i15.png,31.2467,change_of_color_saturation,-,-1.643585942
t-i15-t-18-4,tid2013,t-i15,t-18,4,0,tid2013/15/i15_18_4.png,tid2013/15/i15.png,31.2467,change_of_color_saturation,-,-2.13690442
t-i15-t-18-5,tid2013,t-i15,t-18,5,0,tid2013/15/i15_18_5.png,tid2013/15/i15.png,31.2467,change_of_color_saturation,-,-2.333534218
t-i15-t-19-1,tid2013,t-i15,t-19,1,0,tid2013/15/i15_19_1.png,tid2013/15/i15.png,31.2467,multiplicative_gaussian_noise,-,-0.27621675
t-i15-t-19-2,tid2013,t-i15,t-19,2,0,tid2013/15/i15_19_2.png,tid2013/15/i15.png,31.2467,multiplicative_gaussian_noise,-,-0.62334697
t-i15-t-19-3,tid2013,t-i15,t-19,3,0,tid2013/15/i15_19_3.png,tid2013/15/i15.png,31.2467,multiplicative_gaussian_noise,-,-1.292210496
t-i15-t-19-4,tid2013,t-i15,t-19,4,0,tid2013/15/i15_19_4.png,tid2013/15/i15.png,31.2467,multiplicative_gaussian_noise,-,-1.735025802
t-i15-t-19-5,tid2013,t-i15,t-19,5,0,tid2013/15/i15_19_5.png,tid2013/15/i15.png,31.2467,multiplicative_gaussian_noise,-,-2.222334756
t-i15-t-20-1,tid2013,t-i15,t-20,1,0,tid2013/15/i15_20_1.png,tid2013/15/i15.png,31.2467,comfort_noise,-,0.066673763
t-i15-t-20-2,tid2013,t-i15,t-20,2,0,tid2013/15/i15_20_2.png,tid2013/15/i15.png,31.2467,comfort_noise,-,-0.464870298
t-i15-t-20-3,tid2013,t-i15,t-20,3,0,tid2013/15/i15_20_3.png,tid2013/15/i15.png,31.2467,comfort_noise,-,-1.196749919
t-i15-t-20-4,tid2013,t-i15,t-20,4,0,tid2013/15/i15_20_4.png,tid2013/15/i15.png,31.2467,comfort_noise,-,-3.199222186
t-i15-t-20-5,tid2013,t-i15,t-20,5,0,tid2013/15/i15_20_5.png,tid2013/15/i15.png,31.2467,comfort_noise,-,-4.600263632
t-i15-t-21-1,tid2013,t-i15,t-21,1,0,tid2013/15/i15_21_1.png,tid2013/15/i15.png,31.2467,lossy_compression_of_noisy_images,-,-0.867478745
t-i15-t-21-2,tid2013,t-i15,t-21,2,0,tid2013/15/i15_21_2.png,tid2013/15/i15.png,31.2467,lossy_compression_of_noisy_images,-,-1.538313343
t-i15-t-21-3,tid2013,t-i15,t-21,3,0,tid2013/15/i15_21_3.png,tid2013/15/i15.png,31.2467,lossy_compression_of_noisy_images,-,-2.375577187
t-i15-t-21-4,tid2013,t-i15,t-21,4,0,tid2013/15/i15_21_4.png,tid2013/15/i15.png,31.2467,lossy_compression_of_noisy_images,-,-3.442615508
t-i15-t-21-5,tid2013,t-i15,t-21,5,0,tid2013/15/i15_21_5.png,tid2013/15/i15.png,31.2467,lossy_compression_of_noisy_images,-,-4.773903217
t-i15-t-22-1,tid2013,t-i15,t-22,1,0,tid2013/15/i15_22_1.png,tid2013/15/i15.png,31.2467,image_color_quantization_with_dither,-,0.068116697
t-i15-t-22-2,tid2013,t-i15,t-22,2,0,tid2013/15/i15_22_2.png,tid2013/15/i15.png,31.2467,image_color_quantization_with_dither,-,-0.316388957
t-i15-t-22-3,tid2013,t-i15,t-22,3,0,tid2013/15/i15_22_3.png,tid2013/15/i15.png,31.2467,image_color_quantization_with_dither,-,-0.717521364
t-i15-t-22-4,tid2013,t-i15,t-22,4,0,tid2013/15/i15_22_4.png,tid2013/15/i15.png,31.2467,image_color_quantization_with_dither,-,-1.779432074
t-i15-t-22-5,tid2013,t-i15,t-22,5,0,tid2013/15/i15_22_5.png,tid2013/15/i15.png,31.2467,image_color_quantization_with_dither,-,-2.58670879
t-i15-t-23-1,tid2013,t-i15,t-23,1,0,tid2013/15/i15_23_1.png,tid2013/15/i15.png,31.2467,chromatic_aberrations,-,-0.261741632
t-i15-t-23-2,tid2013,t-i15,t-23,2,0,tid2013/15/i15_23_2.png,tid2013/15/i15.png,31.2467,chromatic_aberrations,-,-0.17352235
t-i15-t-23-3,tid2013,t-i15,t-23,3,0,tid2013/15/i15_23_3.png,tid2013/15/i15.png,31.2467,chromatic_aberrations,-,-0.656586566
t-i15-t-23-4,tid2013,t-i15,t-23,4,0,tid2013/15/i15_23_4.png,tid2013/15/i15.png,31.2467,chromatic_aberrations,-,-1.717482262
t-i15-t-23-5,tid2013,t-i15,t-23,5,0,tid2013/15/i15_23_5.png,tid2013/15/i15.png,31.2467,chromatic_aberrations,-,-2.989582832
t-i15-t-24-1,tid2013,t-i15,t-24,1,0,tid2013/15/i15_24_1.png,tid2013/15/i15.png,31.2467,sparse_sampling_and_reconstruction,-,-0.323760139
t-i15-t-24-2,tid2013,t-i15,t-24,2,0,tid2013/15/i15_24_2.png,tid2013/15/i15.png,31.2467,sparse_sampling_and_reconstruction,-,-1.067101092
t-i15-t-24-3,tid2013,t-i15,t-24,3,0,tid2013/15/i15_24_3.png,tid2013/15/i15.png,31.2467,sparse_sampling_and_reconstruction,-,-3.137648453
t-i15-t-24-4,tid2013,t-i15,t-24,4,0,tid2013/15/i15_24_4.png,tid2013/15/i15.png,31.2467,sparse_sampling_and_reconstruction,-,-5.720858395
t-i15-t-24-5,tid2013,t-i15,t-24,5,0,tid2013/15/i15_24_5.png,tid2013/15/i15.png,31.2467,sparse_sampling_and_reconstruction,-,-7.077028164
t-i16-t-01-1,tid2013,t-i16,t-01,1,0,tid2013/16/i16_01_1.png,tid2013/16/i16.png,31.2467,additive_gaussian_noise,l-16,-0.861332131
t-i16-t-01-2,tid2013,t-i16,t-01,2,0,tid2013/16/i16_01_2.png,tid2013/16/i16.png,31.2467,additive_gaussian_noise,l-16,-1.084884172
t-i16-t-01-3,tid2013,t-i16,t-01,3,0,tid2013/16/i16_01_3.png,tid2013/16/i16.png,31.2467,additive_gaussian_noise,l-16,-1.442137198
t-i16-t-01-4,tid2013,t-i16,t-01,4,0,tid2013/16/i16_01_4.png,tid2013/16/i16.png,31.2467,additive_gaussian_noise,l-16,-2.249447722
t-i16-t-01-5,tid2013,t-i16,t-01,5,0,tid2013/16/i16_01_5.png,tid2013/16/i16.png,31.2467,additive_gaussian_noise,l-16,-2.867768439
t-i16-t-02-1,tid2013,t-i16,t-02,1,0,tid2013/16/i16_02_1.png,tid2013/16/i16.png,31.2467,additive_noise_in_color_more_intensive_than_additive_noise_in_the_luminance,l-16,-0.620980839
t-i16-t-02-2,tid2013,t-i16,t-02,2,0,tid2013/16/i16_02_2.png,tid2013/16/i16.png,31.2467,additive_noise_in_color_more_intensive_than_additive_noise_in_the_luminance,l-16,-0.518319495
t-i16-t-02-3,tid2013,t-i16,t-02,3,0,tid2013/16/i16_02_3.png,tid2013/16/i16.png,31.2467,additive_noise_in_color_more_intensive_than_additive_noise_in_the_luminance,l-16,-0.947888542
t-i16-t-02-4,tid2013,t-i16,t-02,4,0,tid2013/16/i16_02_4.png,tid2013/16/i16.png,31.2467,additive_noise_in_color_more_intensive_than_additive_noise_in_the_luminance,l-16,-1.279931066
t-i16-t-02-5,tid2013,t-i16,t-02,5,0,tid2013/16/i16_02_5.png,tid2013/16/i16.png,31.2467,additive_noise_in_color_more_intensive_than_additive_noise_in_the_luminance,l-16,-1.875210982
t-i16-t-03-1,tid2013,t-i16,t-03,1,0,tid2013/16/i16_03_1.png,tid2013/16/i16.png,31.2467,spatially_correlated_noise,l-16,-1.659225151
t-i16-t-03-2,tid2013,t-i16,t-03,2,0,tid2013/16/i16_03_2.png,tid2013/16/i16.png,31.2467,spatially_correlated_noise,l-16,-2.392319368
t-i16-t-03-3,tid2013,t-i16,t-03,3,0,tid2013/16/i16_03_3.png,tid2013/16/i16.png,31.2467,spatially_correlated_noise,l-16,-2.928616972
t-i16-t-03-4,tid2013,t-i16,t-03,4,0,tid2013/16/i16_03_4.png,tid2013/16/i16.png,31.2467,spatially_correlated_noise,l-16,-3.455862667
t-i16-t-03-5,tid2013,t-i16,t-03,5,0,tid2013/16/i16_03_5.png,tid2013/16/i16.png,31.2467,spatially_correlated_noise,l-16,-4.19714659
t-i16-t-04-1,tid2013,t-i16,t-04,1,0,tid2013/16/i16_04_1.png,tid2013/16/i16.png,31.2467,masked_noise,l-16,-0.670562807
t-i16-t-04-2,tid2013,t-i16,t-04,2,0,tid2013/16/i16_04_2.png,tid2013/16/i16.png,31.2467,masked_noise,l-16,-0.699196578
t-i16-t-04-3,tid2013,t-i16,t-04,3,0,tid2013/16/i16_04_3.png,tid2013/16/i16.png,31.2467,masked_noise,l-16,-0.945022244
t-i16-t-04-4,tid2013,t-i16,t-04,4,0,tid2013/16/i16_04_4.png,tid2013/16/i16.png,31.2467,masked_noise,l-16,-1.386694829
t-i16-t-04-5,tid2013,t-i16,t-04,5,0,tid2013/16/i16_04_5.png,tid2013/16/i16.png,31.2467,masked_noise,l-16,-1.844472332
t-i16-t-05-1,tid2013,t-i16,t-05,1,0,tid2013/16/i16_05_1.png,tid2013/16/i16.png,31.2467,high_frequency_noise,l-16,-0.716837771
t-i16-t-05-2,tid2013,t-i16,t-05,2,0,tid2013/16/i16_05_2.png,tid2013/16/i16.png,31.2467,high_frequency_noise,l-16,-0.826488254
t-i16-t-05-3,tid2013,t-i16,t-05,3,0,tid2013/16/i16_05_3.png,tid2013/16/i16.png,31.2467,high_frequency_noise,l-16,-1.237014061
t-i16-t-05-4,tid2013,t-i16,t-05,4,0,tid2013/16/i16_05_4.png,tid2013/16/i16.png,31.2467,high_frequency_noise,l-16,-2.115813309
t-i16-t-05-5,tid2013,t-i16,t-05,5,0,tid2013/16/i16_05_5.png,tid2013/16/i16.png,31.2467,high_frequency_noise,l-16,-3.604725638
t-i16-t-06-1,tid2013,t-i16,t-06,1,0,tid2013/16/i16_06_1.png,tid2013/16/i16.png,31.2467,impulse_noise,l-16,-1.288131544
t-i16-t-06-2,tid2013,t-i16,t-06,2,0,tid2013/16/i16_06_2.png,tid2013/16/i16.png,31.2467,impulse_noise,l-16,-1.683134583
t-i16-t-06-3,tid2013,t-i16,t-06,3,0,tid2013/16/i16_06_3.png,tid2013/16/i16.png,31.2467,impulse_noise,l-16,-2.069462063
t-i16-t-06-4,tid2013,t-i16,t-06,4,0,tid2013/16/i16_06_4.png,tid2013/16/i16.png,31.2467,impulse_noise,l-16,-2.462234845
t-i16-t-06-5,tid2013,t-i16,t-06,5,0,tid2013/16/i16_06_5.png,tid2013/16/i16.png,31.2467,impulse_noise,l-16,-3.034692965
t-i16-t-07-1,tid2013,t-i16,t-07,1,0,tid2013/16/i16_07_1.png,tid2013/16/i16.png,31.2467,quantization_noise,l-16,-1.171306037
t-i16-t-07-2,tid2013,t-i16,t-07,2,0,tid2013/16/i16_07_2.png,tid2013/16/i16.png,31.2467,quantization_noise,l-16,-1.826104259
t-i16-t-07-3,tid2013,t-i16,t-07,3,0,tid2013/16/i16_07_3.png,tid2013/16/i16.png,31.2467,quantization_noise,l-16,-2.34664346
t-i16-t-07-4,tid2013,t-i16,t-07,4,0,tid2013/16/i16_07_4.png,tid2013/16/i16.png,31.2467,quantization_noise,l-16,-2.899190736
t-i16-t-07-5,tid2013,t-i16,t-07,5,0,tid2013/16/i16_07_5.png,tid2013/16/i16.png,31.2467,quantization_noise,l-16,-3.653165837
t-i16-t-08-1,tid2013,t-i16,t-08,1,0,tid2013/16/i16_08_1.png,tid2013/16/i16.png,31.2467,gaussian_blur,l-16,-0.717019543
t-i16-t-08-2,tid2013,t-i16,t-08,2,0,tid2013/16/i16_08_2.png,tid2013/16/i16.png,31.2467,gaussian_blur,l-16,-1.229134773
t-i16-t-08-3,tid2013,t-i16,t-08,3,0,tid2013/16/i16_08_3.png,tid2013/16/i16.png,31.2467,gaussian_blur,l-16,-2.180580878
t-i16-t-08-4,tid2013,t-i16,t-08,4,0,tid2013/16/i16_08_4.png,tid2013/16/i16.png,31.2467,gaussian_blur,l-16,-3.145733079
t-i16-t-08-5,tid2013,t-i16,t-08,5,0,tid2013/16/i16_08_5.png,tid2013/16/i16.png,31.2467,gaussian_blur,l-16,-4.119465191
t-i16-t-09-1,tid2013,t-i16,t-09,1,0,tid2013/16/i16_09_1.png,tid2013/16/i16.png,31.2467,image_denoising,l-16,-0.573395244
t-i16-t-09-2,tid2013,t-i16,t-09,2,0,tid2013/16/i16_09_2.png,tid2013/16/i16.png,31.2467,image_denoising,l-16,-0.814088971
t-i16-t-09-3,tid2013,t-i16,t-09,3,0,tid2013/16/i16_09_3.png,tid2013/16/i16.png,31.2467,image_denoising,l-16,-1.741477795
t-i16-t-09-4,tid2013,t-i16,t-09,4,0,tid2013/16/i16_09_4.png,tid2013/16/i16.png,31.2467,image_denoising,l-16,-3.570655586
t-i16-t-09-5,tid2013,t-i16,t-09,5,0,tid2013/16/i16_09_5.png,tid2013/16/i16.png,31.2467,image_denoising,l-16,-5.004341618
t-i16-t-10-1,tid2013,t-i16,t-10,1,0,tid2013/16/i16_10_1.png,tid2013/16/i16.png,31.2467,JPEG_compression,l-16,-0.599150133
t-i16-t-10-2,tid2013,t-i16,t-10,2,0,tid2013/16/i16_10_2.png,tid2013/16/i16.png,31.2467,JPEG_compression,l-16,-0.914002085
t-i16-t-10-3,tid2013,t-i16,t-10,3,0,tid2013/16/i16_10_3.png,tid2013/16/i16.png,31.2467,JPEG_compression,l-16,-1.33430003
t-i16-t-10-4,tid2013,t-i16,t-10,4,0,tid2013/16/i16_10_4.png,tid2013/16/i16.png,31.2467,JPEG_compression,l-16,-3.086233297
t-i16-t-10-5,tid2013,t-i16,t-10,5,0,tid2013/16/i16_10_5.png,tid2013/16/i16.png,31.2467,JPEG_compression,l-16,-4.866193642
t-i16-t-11-1,tid2013,t-i16,t-11,1,0,tid2013/16/i16_11_1.png,tid2013/16/i16.png,31.2467,JPEG2000_compression,l-16,-0.688813068
t-i16-t-11-2,tid2013,t-i16,t-11,2,0,tid2013/16/i16_11_2.png,tid2013/16/i16.png,31.2467,JPEG2000_compression,l-16,-1.355289976
t-i16-t-11-3,tid2013,t-i16,t-11,3,0,tid2013/16/i16_11_3.png,tid2013/16/i16.png,31.2467,JPEG2000_compression,l-16,-4.043216624
t-i16-t-11-4,tid2013,t-i16,t-11,4,0,tid2013/16/i16_11_4.png,tid2013/16/i16.png,31.2467,JPEG2000_compression,l-16,-5.9607692
t-i16-t-11-5,tid2013,t-i16,t-11,5,0,tid2013/16/i16_11_5.png,tid2013/16/i16.png,31.2467,JPEG2000_compression,l-16,-7.691598305
t-i16-t-12-1,tid2013,t-i16,t-12,1,0,tid2013/16/i16_12_1.png,tid2013/16/i16.png,31.2467,JPEG_transmission_errors,l-16,-0.669400604
t-i16-t-12-2,tid2013,t-i16,t-12,2,0,tid2013/16/i16_12_2.png,tid2013/16/i16.png,31.2467,JPEG_transmission_errors,l-16,-0.890788619
t-i16-t-12-3,tid2013,t-i16,t-12,3,0,tid2013/16/i16_12_3.png,tid2013/16/i16.png,31.2467,JPEG_transmission_errors,l-16,-1.56282967
t-i16-t-12-4,tid2013,t-i16,t-12,4,0,tid2013/16/i16_12_4.png,tid2013/16/i16.png,31.2467,JPEG_transmission_errors,l-16,-3.461261004
t-i16-t-12-5,tid2013,t-i16,t-12,5,0,tid2013/16/i16_12_5.png,tid2013/16/i16.png,31.2467,JPEG_transmission_errors,l-16,-4.641614449
t-i16-t-13-1,tid2013,t-i16,t-13,1,0,tid2013/16/i16_13_1.png,tid2013/16/i16.png,31.2467,JPEG2000_transmission_errors,l-16,-2.046591097
t-i16-t-13-2,tid2013,t-i16,t-13,2,0,tid2013/16/i16_13_2.png,tid2013/16/i16.png,31.2467,JPEG2000_transmission_errors,l-16,-2.607691174
t-i16-t-13-3,tid2013,t-i16,t-13,3,0,tid2013/16/i16_13_3.png,tid2013/16/i16.png,31.2467,JPEG2000_transmission_errors,l-16,-2.021211452
t-i16-t-13-4,tid2013,t-i16,t-13,4,0,tid2013/16/i16_13_4.png,tid2013/16/i16.png,31.2467,JPEG2000_transmission_errors,l-16,-4.023335993
t-i16-t-13-5,tid2013,t-i16,t-13,5,0,tid2013/16/i16_13_5.png,tid2013/16/i16.png,31.2467,JPEG2000_transmission_errors,l-16,-3.141734185
t-i16-t-14-1,tid2013,t-i16,t-14,1,0,tid2013/16/i16_14_1.png,tid2013/16/i16.png,31.2467,non_eccentricity_pattern_noise,l-16,-0.740871241
t-i16-t-14-2,tid2013,t-i16,t-14,2,0,tid2013/16/i16_14_2.png,tid2013/16/i16.png,31.2467,non_eccentricity_pattern_noise,l-16,-0.402299685
t-i16-t-14-3,tid2013,t-i16,t-14,3,0,tid2013/16/i16_14_3.png,tid2013/16/i16.png,31.2467,non_eccentricity_pattern_noise,l-16,-0.767655897
t-i16-t-14-4,tid2013,t-i16,t-14,4,0,tid2013/16/i16_14_4.png,tid2013/16/i16.png,31.2467,non_eccentricity_pattern_noise,l-16,-1.009167948
t-i16-t-14-5,tid2013,t-i16,t-14,5,0,tid2013/16/i16_14_5.png,tid2013/16/i16.png,31.2467,non_eccentricity_pattern_noise,l-16,-1.903927584
t-i16-t-15-1,tid2013,t-i16,t-15,1,0,tid2013/16/i16_15_1.png,tid2013/16/i16.png,31.2467,local_block_wise_distortions_of_different_intensity,l-16,-3.297821648
t-i16-t-15-2,tid2013,t-i16,t-15,2,0,tid2013/16/i16_15_2.png,tid2013/16/i16.png,31.2467,local_block_wise_distortions_of_different_intensity,l-16,-2.919055545
t-i16-t-15-3,tid2013,t-i16,t-15,3,0,tid2013/16/i16_15_3.png,tid2013/16/i16.png,31.2467,local_block_wise_distortions_of_different_intensity,l-16,-3.034556785
t-i16-t-15-4,tid2013,t-i16,t-15,4,0,tid2013/16/i16_15_4.png,tid2013/16/i16.png,31.2467,local_block_wise_distortions_of_different_intensity,l-16,-3.021585206
t-i16-t-15-5,tid2013,t-i16,t-15,5,0,tid2013/16/i16_15_5.png,tid2013/16/i16.png,31.2467,local_block_wise_distortions_of_different_intensity,l-16,-2.528229436
t-i16-t-16-1,tid2013,t-i16,t-16,1,0,tid2013/16/i16_16_1.png,tid2013/16/i16.png,31.2467,intensity_shift,l-16,-0.604034311
t-i16-t-16-2,tid2013,t-i16,t-16,2,0,tid2013/16/i16_16_2.png,tid2013/16/i16.png,31.2467,intensity_shift,l-16,-0.385250796
t-i16-t-16-3,tid2013,t-i16,t-16,3,0,tid2013/16/i16_16_3.png,tid2013/16/i16.png,31.2467,intensity_shift,l-16,-0.708673467
t-i16-t-16-4,tid2013,t-i16,t-16,4,0,tid2013/16/i16_16_4.png,tid2013/16/i16.png,31.2467,intensity_shift,l-16,-0.808062536
t-i16-t-16-5,tid2013,t-i16,t-16,5,0,tid2013/16/i16_16_5.png,tid2013/16/i16.png,31.2467,intensity_shift,l-16,-1.719521622
t-i16-t-17-1,tid2013,t-i16,t-17,1,0,tid2013/16/i16_17_1.png,tid2013/16/i16.png,31.2467,contrast_change,l-16,-0.754261081
t-i16-t-17-2,tid2013,t-i16,t-17,2,0,tid2013/16/i16_17_2.png,tid2013/16/i16.png,31.2467,contrast_change,l-16,0.151827098
t-i16-t-17-3,tid2013,t-i16,t-17,3,0,tid2013/16/i16_17_3.png,tid2013/16/i16.png,31.2467,contrast_change,l-16,-1.626645329
t-i16-t-17-4,tid2013,t-i16,t-17,4,0,tid2013/16/i16_17_4.png,tid2013/16/i16.png,31.2467,contrast_change,l-16,-0.180277969
t-i16-t-17-5,tid2013,t-i16,t-17,5,0,tid2013/16/i16_17_5.png,tid2013/16/i16.png,31.2467,contrast_change,l-16,-3.212467146
t-i16-t-18-1,tid2013,t-i16,t-18,1,0,tid2013/16/i16_18_1.png,tid2013/16/i16.png,31.2467,change_of_color_saturation,l-16,-1.897496012
t-i16-t-18-2,tid2013,t-i16,t-18,2,0,tid2013/16/i16_18_2.png,tid2013/16/i16.png,31.2467,change_of_color_saturation,l-16,-2.118203896
t-i16-t-18-3,tid2013,t-i16,t-18,3,0,tid2013/16/i16_18_3.png,tid2013/16/i16.png,31.2467,change_of_color_saturation,l-16,-2.443042202
t-i16-t-18-4,tid2013,t-i16,t-18,4,0,tid2013/16/i16_18_4.png,tid2013/16/i16.png,31.2467,change_of_color_saturation,l-16,-2.669432583
t-i16-t-18-5,tid2013,t-i16,t-18,5,0,tid2013/16/i16_18_5.png,tid2013/16/i16.png,31.2467,change_of_color_saturation,l-16,-2.681533536
t-i16-t-19-1,tid2013,t-i16,t-19,1,0,tid2013/16/i16_19_1.png,tid2013/16/i16.png,31.2467,multiplicative_gaussian_noise,l-16,-0.985501095
t-i16-t-19-2,tid2013,t-i16,t-19,2,0,tid2013/16/i16_19_2.png,tid2013/16/i16.png,31.2467,multiplicative_gaussian_noise,l-16,-1.174946702
t-i16-t-19-3,tid2013,t-i16,t-19,3,0,tid2013/16/i16_19_3.png,tid2013/16/i16.png,31.2467,multiplicative_gaussian_noise,l-16,-1.722059128
t-i16-t-19-4,tid2013,t-i16,t-19,4,0,tid2013/16/i16_19_4.png,tid2013/16/i16.png,31.2467,multiplicative_gaussian_noise,l-16,-2.47129533
t-i16-t-19-5,tid2013,t-i16,t-19,5,0,tid2013/16/i16_19_5.png,tid2013/16/i16.png,31.2467,multiplicative_gaussian_noise,l-16,-2.917579899
t-i16-t-20-1,tid2013,t-i16,t-20,1,0,tid2013/16/i16_20_1.png,tid2013/16/i16.png,31.2467,comfort_noise,l-16,-0.476642963
t-i16-t-20-2,tid2013,t-i16,t-20,2,0,tid2013/16/i16_20_2.png,tid2013/16/i16.png,31.2467,comfort_noise,l-16,-0.73551386
t-i16-t-20-3,tid2013,t-i16,t-20,3,0,tid2013/16/i16_20_3.png,tid2013/16/i16.png,31.2467,comfort_noise,l-16,-1.461728253
t-i16-t-20-4,tid2013,t-i16,t-20,4,0,tid2013/16/i16_20_4.png,tid2013/16/i16.png,31.2467,comfort_noise,l-16,-2.288396687
t-i16-t-20-5,tid2013,t-i16,t-20,5,0,tid2013/16/i16_20_5.png,tid2013/16/i16.png,31.2467,comfort_noise,l-16,-3.065160929
t-i16-t-21-1,tid2013,t-i16,t-21,1,0,tid2013/16/i16_21_1.png,tid2013/16/i16.png,31.2467,lossy_compression_of_noisy_images,l-16,-0.859285533
t-i16-t-21-2,tid2013,t-i16,t-21,2,0,tid2013/16/i16_21_2.png,tid2013/16/i16.png,31.2467,lossy_compression_of_noisy_images,l-16,-1.185972219
t-i16-t-21-3,tid2013,t-i16,t-21,3,0,tid2013/16/i16_21_3.png,tid2013/16/i16.png,31.2467,lossy_compression_of_noisy_images,l-16,-2.024609338
t-i16-t-21-4,tid2013,t-i16,t-21,4,0,tid2013/16/i16_21_4.png,tid2013/16/i16.png,31.2467,lossy_compression_of_noisy_images,l-16,-2.969480827
t-i16-t-21-5,tid2013,t-i16,t-21,5,0,tid2013/16/i16_21_5.png,tid2013/16/i16.png,31.2467,lossy_compression_of_noisy_images,l-16,-6.503903426
t-i16-t-22-1,tid2013,t-i16,t-22,1,0,tid2013/16/i16_22_1.png,tid2013/16/i16.png,31.2467,image_color_quantization_with_dither,l-16,-0.853576794
t-i16-t-22-2,tid2013,t-i16,t-22,2,0,tid2013/16/i16_22_2.png,tid2013/16/i16.png,31.2467,image_color_quantization_with_dither,l-16,-1.236958284
t-i16-t-22-3,tid2013,t-i16,t-22,3,0,tid2013/16/i16_22_3.png,tid2013/16/i16.png,31.2467,image_color_quantization_with_dither,l-16,-1.649716833
t-i16-t-22-4,tid2013,t-i16,t-22,4,0,tid2013/16/i16_22_4.png,tid2013/16/i16.png,31.2467,image_color_quantization_with_dither,l-16,-2.425055155
t-i16-t-22-5,tid2013,t-i16,t-22,5,0,tid2013/16/i16_22_5.png,tid2013/16/i16.png,31.2467,image_color_quantization_with_dither,l-16,-4.433550982
t-i16-t-23-1,tid2013,t-i16,t-23,1,0,tid2013/16/i16_23_1.png,tid2013/16/i16.png,31.2467,chromatic_aberrations,l-16,-0.472433665
t-i16-t-23-2,tid2013,t-i16,t-23,2,0,tid2013/16/i16_23_2.png,tid2013/16/i16.png,31.2467,chromatic_aberrations,l-16,-1.68426473
t-i16-t-23-3,tid2013,t-i16,t-23,3,0,tid2013/16/i16_23_3.png,tid2013/16/i16.png,31.2467,chromatic_aberrations,l-16,-4.665890919
t-i16-t-23-4,tid2013,t-i16,t-23,4,0,tid2013/16/i16_23_4.png,tid2013/16/i16.png,31.2467,chromatic_aberrations,l-16,-5.909781662
t-i16-t-23-5,tid2013,t-i16,t-23,5,0,tid2013/16/i16_23_5.png,tid2013/16/i16.png,31.2467,chromatic_aberrations,l-16,-6.592964551
t-i16-t-24-1,tid2013,t-i16,t-24,1,0,tid2013/16/i16_24_1.png,tid2013/16/i16.png,31.2467,sparse_sampling_and_reconstruction,l-16,-1.067812717
t-i16-t-24-2,tid2013,t-i16,t-24,2,0,tid2013/16/i16_24_2.png,tid2013/16/i16.png,31.2467,sparse_sampling_and_reconstruction,l-16,-2.347538325
t-i16-t-24-3,tid2013,t-i16,t-24,3,0,tid2013/16/i16_24_3.png,tid2013/16/i16.png,31.2467,sparse_sampling_and_reconstruction,l-16,-4.45771518
t-i16-t-24-4,tid2013,t-i16,t-24,4,0,tid2013/16/i16_24_4.png,tid2013/16/i16.png,31.2467,sparse_sampling_and_reconstruction,l-16,-6.421673064
t-i16-t-24-5,tid2013,t-i16,t-24,5,0,tid2013/16/i16_24_5.png,tid2013/16/i16.png,31.2467,sparse_sampling_and_reconstruction,l-16,-7.000664397
t-i17-t-01-1,tid2013,t-i17,t-01,1,0,tid2013/17/i17_01_1.png,tid2013/17/i17.png,31.2467,additive_gaussian_noise,l-24,-0.079475201
t-i17-t-01-2,tid2013,t-i17,t-01,2,0,tid2013/17/i17_01_2.png,tid2013/17/i17.png,31.2467,additive_gaussian_noise,l-24,-0.718123657
t-i17-t-01-3,tid2013,t-i17,t-01,3,0,tid2013/17/i17_01_3.png,tid2013/17/i17.png,31.2467,additive_gaussian_noise,l-24,-1.035184282
t-i17-t-01-4,tid2013,t-i17,t-01,4,0,tid2013/17/i17_01_4.png,tid2013/17/i17.png,31.2467,additive_gaussian_noise,l-24,-1.556243221
t-i17-t-01-5,tid2013,t-i17,t-01,5,0,tid2013/17/i17_01_5.png,tid2013/17/i17.png,31.2467,additive_gaussian_noise,l-24,-2.132913539
t-i17-t-02-1,tid2013,t-i17,t-02,1,0,tid2013/17/i17_02_1.png,tid2013/17/i17.png,31.2467,additive_noise_in_color_more_intensive_than_additive_noise_in_the_luminance,l-24,-0.355177174
t-i17-t-02-2,tid2013,t-i17,t-02,2,0,tid2013/17/i17_02_2.png,tid2013/17/i17.png,31.2467,additive_noise_in_color_more_intensive_than_additive_noise_in_the_luminance,l-24,-0.201111905
t-i17-t-02-3,tid2013,t-i17,t-02,3,0,tid2013/17/i17_02_3.png,tid2013/17/i17.png,31.2467,additive_noise_in_color_more_intensive_than_additive_noise_in_the_luminance,l-24,-0.365606818
t-i17-t-02-4,tid2013,t-i17,t-02,4,0,tid2013/17/i17_02_4.png,tid2013/17/i17.png,31.2467,additive_noise_in_color_more_intensive_than_additive_noise_in_the_luminance,l-24,-0.789406238
t-i17-t-02-5,tid2013,t-i17,t-02,5,0,tid2013/17/i17_02_5.png,tid2013/17/i17.png,31.2467,additive_noise_in_color_more_intensive_than_additive_noise_in_the_luminance,l-24,-1.416937322
t-i17-t-03-1,tid2013,t-i17,t-03,1,0,tid2013/17/i17_03_1.png,tid2013/17/i17.png,31.2467,spatially_correlated_noise,l-24,-1.002264546
t-i17-t-03-2,tid2013,t-i17,t-03,2,0,tid2013/17/i17_03_2.png,tid2013/17/i17.png,31.2467,spatially_correlated_noise,l-24,-1.589601827
t-i17-t-03-3,tid2013,t-i17,t-03,3,0,tid2013/17/i17_03_3.png,tid2013/17/i17.png,31.2467,spatially_correlated_noise,l-24,-2.266216829
t-i17-t-03-4,tid2013,t-i17,t-03,4,0,tid2013/17/i17_03_4.png,tid2013/17/i17.png,31.2467,spatially_correlated_noise,l-24,-2.834107307
t-i17-t-03-5,tid2013,t-i17,t-03,5,0,tid2013/17/i17_03_5.png,tid2013/17/i17.png,31.2467,spatially_correlated_noise,l-24,-3.504652763
t-i17-t-04-1,tid2013,t-i17,t-04,1,0,tid2013/17/i17_04_1.png,tid2013/17/i17.png,31.2467,masked_noise,l-24,-0.381747977
t-i17-t-04-2,tid2013,t-i17,t-04,2,0,tid2013/17/i17_04_2.png,tid2013/17/i17.png,31.2467,masked_noise,l-24,-0.299350064
t-i17-t-04-3,tid2013,t-i17,t-04,3,0,tid2013/17/i17_04_3.png,tid2013/17/i17.png,31.2467,masked_noise,l-24,-0.729165975
t-i17-t-04-4,tid2013,t-i17,t-04,4,0,tid2013/17/i17_04_4.png,tid2013/17/i17.png,31.2467,masked_noise,l-24,-0.73693751
t-i17-t-04-5,tid2013,t-i17,t-04,5,0,tid2013/17/i17_04_5.png,tid2013/17/i17.png,31.2467,masked_noise,l-24,-1.324435243
t-i17-t-05-1,tid2013,t-i17,t-05,1,0,tid2013/17/i17_05_1.png,tid2013/17/i17.png,31.2467,high_frequency_noise,l-24,-0.395197993
t-i17-t-05-2,tid2013,t-i17,t-05,2,0,tid2013/17/i17_05_2.png,tid2013/17/i17.png,31.2467,high_frequency_noise,l-24,-0.336989548
t-i17-t-05-3,tid2013,t-i17,t-05,3,0,tid2013/17/i17_05_3.png,tid2013/17/i17.png,31.2467,high_frequency_noise,l-24,-0.809289764
t-i17-t-05-4,tid2013,t-i17,t-05,4,0,tid2013/17/i17_05_4.png,tid2013/17/i17.png,31.2467,high_frequency_noise,l-24,-1.685263792
t-i17-t-05-5,tid2013,t-i17,t-05,5,0,tid2013/17/i17_05_5.png,tid2013/17/i17.png,31.2467,high_frequency_noise,l-24,-2.635767765
t-i17-t-06-1,tid2013,t-i17,t-06,1,0,tid2013/17/i17_06_1.png,tid2013/17/i17.png,31.2467,impulse_noise,l-24,-1.57944816
t-i17-t-06-2,tid2013,t-i17,t-06,2,0,tid2013/17/i17_06_2.png,tid2013/17/i17.png,31.2467,impulse_noise,l-24,-1.644936924
t-i17-t-06-3,tid2013,t-i17,t-06,3,0,tid2013/17/i17_06_3.png,tid2013/17/i17.png,31.2467,impulse_noise,l-24,-2.063920242
t-i17-t-06-4,tid2013,t-i17,t-06,4,0,tid2013/17/i17_06_4.png,tid2013/17/i17.png,31.2467,impulse_noise,l-24,-2.515109807
t-i17-t-06-5,tid2013,t-i17,t-06,5,0,tid2013/17/i17_06_5.png,tid2013/17/i17.png,31.2467,impulse_noise,l-24,-3.000515016
t-i17-t-07-1,tid2013,t-i17,t-07,1,0,tid2013/17/i17_07_1.png,tid2013/17/i17.png,31.2467,quantization_noise,l-24,-0.550779498
t-i17-t-07-2,tid2013,t-i17,t-07,2,0,tid2013/17/i17_07_2.png,tid2013/17/i17.png,31.2467,quantization_noise,l-24,-1.26377308
t-i17-t-07-3,tid2013,t-i17,t-07,3,0,tid2013/17/i17_07_3.png,tid2013/17/i17.png,31.2467,quantization_noise,l-24,-2.29547757
t-i17-t-07-4,tid2013,t-i17,t-07,4,0,tid2013/17/i17_07_4.png,tid2013/17/i17.png,31.2467,quantization_noise,l-24,-2.901799864
t-i17-t-07-5,tid2013,t-i17,t-07,5,0,tid2013/17/i17_07_5.png,tid2013/17/i17.png,31.2467,quantization_noise,l-24,-3.846937474
t-i17-t-08-1,tid2013,t-i17,t-08,1,0,tid2013/17/i17_08_1.png,tid2013/17/i17.png,31.2467,gaussian_blur,l-24,-0.312947421
t-i17-t-08-2,tid2013,t-i17,t-08,2,0,tid2013/17/i17_08_2.png,tid2013/17/i17.png,31.2467,gaussian_blur,l-24,-0.780978396
t-i17-t-08-3,tid2013,t-i17,t-08,3,0,tid2013/17/i17_08_3.png,tid2013/17/i17.png,31.2467,gaussian_blur,l-24,-1.499570843
t-i17-t-08-4,tid2013,t-i17,t-08,4,0,tid2013/17/i17_08_4.png,tid2013/17/i17.png,31.2467,gaussian_blur,l-24,-2.380992559
t-i17-t-08-5,tid2013,t-i17,t-08,5,0,tid2013/17/i17_08_5.png,tid2013/17/i17.png,31.2467,gaussian_blur,l-24,-3.373500858
t-i17-t-09-1,tid2013,t-i17,t-09,1,0,tid2013/17/i17_09_1.png,tid2013/17/i17.png,31.2467,image_denoising,l-24,-0.232155326
t-i17-t-09-2,tid2013,t-i17,t-09,2,0,tid2013/17/i17_09_2.png,tid2013/17/i17.png,31.2467,image_denoising,l-24,-0.287349847
t-i17-t-09-3,tid2013,t-i17,t-09,3,0,tid2013/17/i17_09_3.png,tid2013/17/i17.png,31.2467,image_denoising,l-24,-0.918583004
t-i17-t-09-4,tid2013,t-i17,t-09,4,0,tid2013/17/i17_09_4.png,tid2013/17/i17.png,31.2467,image_denoising,l-24,-2.14913789
t-i17-t-09-5,tid2013,t-i17,t-09,5,0,tid2013/17/i17_09_5.png,tid2013/17/i17.png,31.2467,image_denoising,l-24,-3.919533182
t-i17-t-10-1,tid2013,t-i17,t-10,1,0,tid2013/17/i17_10_1.png,tid2013/17/i17.png,31.2467,JPEG_compression,l-24,-0.262750755
t-i17-t-10-2,tid2013,t-i17,t-10,2,0,tid2013/17/i17_10_2.png,tid2013/17/i17.png,31.2467,JPEG_compression,l-24,-0.25553694
t-i17-t-10-3,tid2013,t-i17,t-10,3,0,tid2013/17/i17_10_3.png,tid2013/17/i17.png,31.2467,JPEG_compression,l-24,-0.826084336
t-i17-t-10-4,tid2013,t-i17,t-10,4,0,tid2013/17/i17_10_4.png,tid2013/17/i17.png,31.2467,JPEG_compression,l-24,-2.697108637
t-i17-t-10-5,tid2013,t-i17,t-10,5,0,tid2013/17/i17_10_5.png,tid2013/17/i17.png,31.2467,JPEG_compression,l-24,-4.280371869
t-i17-t-11-1,tid2013,t-i17,t-11,1,0,tid2013/17/i17_11_1.png,tid2013/17/i17.png,31.2467,JPEG2000_compression,l-24,-0.401888495
t-i17-t-11-2,tid2013,t-i17,t-11,2,0,tid2013/17/i17_11_2.png,tid2013/17/i17.png,31.2467,JPEG2000_compression,l-24,-0.645927927
t-i17-t-11-3,tid2013,t-i17,t-11,3,0,tid2013/17/i17_11_3.png,tid2013/17/i17.png,31.2467,JPEG2000_compression,l-24,-2.270542632
t-i17-t-11-4,tid2013,t-i17,t-11,4,0,tid2013/17/i17_11_4.png,tid2013/17/i17.png,31.2467,JPEG2000_compression,l-24,-3.492125926
t-i17-t-11-5,tid2013,t-i17,t-11,5,0,tid2013/17/i17_11_5.png,tid2013/17/i17.png,31.2467,JPEG2000_compression,l-24,-5.774833285
t-i17-t-12-1,tid2013,t-i17,t-12,1,0,tid2013/17/i17_12_1.png,tid2013/17/i17.png,31.2467,JPEG_transmission_errors,l-24,-0.226477776
t-i17-t-12-2,tid2013,t-i17,t-12,2,0,tid2013/17/i17_12_2.png,tid2013/17/i17.png,31.2467,JPEG_transmission_errors,l-24,-0.381321557
t-i17-t-12-3,tid2013,t-i17,t-12,3,0,tid2013/17/i17_12_3.png,tid2013/17/i17.png,31.2467,JPEG_transmission_errors,l-24,-0.819189379
t-i17-t-12-4,tid2013,t-i17,t-12,4,0,tid2013/17/i17_12_4.png,tid2013/17/i17.png,31.2467,JPEG_transmission_errors,l-24,-2.144315324
t-i17-t-12-5,tid2013,t-i17,t-12,5,0,tid2013/17/i17_12_5.png,tid2013/17/i17.png,31.2467,JPEG_transmission_errors,l-24,-3.907605357
t-i17-t-13-1,tid2013,t-i17,t-13,1,0,tid2013/17/i17_13_1.png,tid2013/17/i17.png,31.2467,JPEG2000_transmission_errors,l-24,-1.122457661
t-i17-t-13-2,tid2013,t-i17,t-13,2,0,tid2013/17/i17_13_2.png,tid2013/17/i17.png,31.2467,JPEG2000_transmission_errors,l-24,-1.598344156
t-i17-t-13-3,tid2013,t-i17,t-13,3,0,tid2013/17/i17_13_3.png,tid2013/17/i17.png,31.2467,JPEG2000_transmission_errors,l-24,-3.091990791
t-i17-t-13-4,tid2013,t-i17,t-13,4,0,tid2013/17/i17_13_4.png,tid2013/17/i17.png,31.2467,JPEG2000_transmission_errors,l-24,-4.021019642
t-i17-t-13-5,tid2013,t-i17,t-13,5,0,tid2013/17/i17_13_5.png,tid2013/17/i17.png,31.2467,JPEG2000_transmission_errors,l-24,-4.210954495
t-i17-t-14-1,tid2013,t-i17,t-14,1,0,tid2013/17/i17_14_1.png,tid2013/17/i17.png,31.2467,non_eccentricity_pattern_noise,l-24,-0.291159039
t-i17-t-14-2,tid2013,t-i17,t-14,2,0,tid2013/17/i17_14_2.png,tid2013/17/i17.png,31.2467,non_eccentricity_pattern_noise,l-24,-0.356323316
t-i17-t-14-3,tid2013,t-i17,t-14,3,0,tid2013/17/i17_14_3.png,tid2013/17/i17.png,31.2467,non_eccentricity_pattern_noise,l-24,-0.364803577
t-i17-t-14-4,tid2013,t-i17,t-14,4,0,tid2013/17/i17_14_4.png,tid2013/17/i17.png,31.2467,non_eccentricity_pattern_noise,l-24,-1.492968037
t-i17-t-14-5,tid2013,t-i17,t-14,5,0,tid2013/17/i17_14_5.png,tid2013/17/i17.png,31.2467,non_eccentricity_pattern_noise,l-24,-2.517716773
t-i17-t-15-1,tid2013,t-i17,t-15,1,0,tid2013/17/i17_15_1.png,tid2013/17/i17.png,31.2467,local_block_wise_distortions_of_different_intensity,l-24,-2.685232213
t-i17-t-15-2,tid2013,t-i17,t-15,2,0,tid2013/17/i17_15_2.png,tid2013/17/i17.png,31.2467,local_block_wise_distortions_of_different_intensity,l-24,-2.905157844
t-i17-t-15-3,tid2013,t-i17,t-15,3,0,tid2013/17/i17_15_3.png,tid2013/17/i17.png,31.2467,local_block_wise_distortions_of_different_intensity,l-24,-2.770253269
t-i17-t-15-4,tid2013,t-i17,t-15,4,0,tid2013/17/i17_15_4.png,tid2013/17/i17.png,31.2467,local_block_wise_distortions_of_different_intensity,l-24,-2.546032313
t-i17-t-15-5,tid2013,t-i17,t-15,5,0,tid2013/17/i17_15_5.png,tid2013/17/i17.png,31.2467,local_block_wise_distortions_of_different_intensity,l-24,-2.154333253
t-i17-t-16-1,tid2013,t-i17,t-16,1,0,tid2013/17/i17_16_1.png,tid2013/17/i17.png,31.2467,intensity_shift,l-24,-0.245854263
t-i17-t-16-2,tid2013,t-i17,t-16,2,0,tid2013/17/i17_16_2.png,tid2013/17/i17.png,31.2467,intensity_shift,l-24,-0.285238541
t-i17-t-16-3,tid2013,t-i17,t-16,3,0,tid2013/17/i17_16_3.png,tid2013/17/i17.png,31.2467,intensity_shift,l-24,-0.518713579
t-i17-t-16-4,tid2013,t-i17,t-16,4,0,tid2013/17/i17_16_4.png,tid2013/17/i17.png,31.2467,intensity_shift,l-24,-0.757767909
t-i17-t-16-5,tid2013,t-i17,t-16,5,0,tid2013/17/i17_16_5.png,tid2013/17/i17.png,31.2467,intensity_shift,l-24,-1.653821413
t-i17-t-17-1,tid2013,t-i17,t-17,1,0,tid2013/17/i17_17_1.png,tid2013/17/i17.png,31.2467,contrast_change,l-24,-0.53903375
t-i17-t-17-2,tid2013,t-i17,t-17,2,0,tid2013/17/i17_17_2.png,tid2013/17/i17.png,31.2467,contrast_change,l-24,0.236927902
t-i17-t-17-3,tid2013,t-i17,t-17,3,0,tid2013/17/i17_17_3.png,tid2013/17/i17.png,31.2467,contrast_change,l-24,-1.405291945
t-i17-t-17-4,tid2013,t-i17,t-17,4,0,tid2013/17/i17_17_4.png,tid2013/17/i17.png,31.2467,contrast_change,l-24,0.496804842
t-i17-t-17-5,tid2013,t-i17,t-17,5,0,tid2013/17/i17_17_5.png,tid2013/17/i17.png,31.2467,contrast_change,l-24,-2.723241586
t-i17-t-18-1,tid2013,t-i17,t-18,1,0,tid2013/17/i17_18_1.png,tid2013/17/i17.png,31.2467,change_of_color_saturation,l-24,-1.450382779
t-i17-t-18-2,tid2013,t-i17,t-18,2,0,tid2013/17/i17_18_2.png,tid2013/17/i17.png,31.2467,change_of_color_saturation,l-24,-1.778117431
t-i17-t-18-3,tid2013,t-i17,t-18,3,0,tid2013/17/i17_18_3.png,tid2013/17/i17.png,31.2467,change_of_color_saturation,l-24,-1.925901509
t-i17-t-18-4,tid2013,t-i17,t-18,4,0,tid2013/17/i17_18_4.png,tid2013/17/i17.png,31.2467,change_of_color_saturation,l-24,-2.199667072
t-i17-t-18-5,tid2013,t-i17,t-18,5,0,tid2013/17/i17_18_5.png,tid2013/17/i17.png,31.2467,change_of_color_saturation,l-24,-2.302087491
t-i17-t-19-1,tid2013,t-i17,t-19,1,0,tid2013/17/i17_19_1.png,tid2013/17/i17.png,31.2467,multiplicative_gaussian_noise,l-24,-0.537962058
t-i17-t-19-2,tid2013,t-i17,t-19,2,0,tid2013/17/i17_19_2.png,tid2013/17/i17.png,31.2467,multiplicative_gaussian_noise,l-24,-0.743716432
t-i17-t-19-3,tid2013,t-i17,t-19,3,0,tid2013/17/i17_19_3.png,tid2013/17/i17.png,31.2467,multiplicative_gaussian_noise,l-24,-1.181756566
t-i17-t-19-4,tid2013,t-i17,t-19,4,0,tid2013/17/i17_19_4.png,tid2013/17/i17.png,31.2467,multiplicative_gaussian_noise,l-24,-1.669577305
t-i17-t-19-5,tid2013,t-i17,t-19,5,0,tid2013/17/i17_19_5.png,tid2013/17/i17.png,31.2467,multiplicative_gaussian_noise,l-24,-2.261926174
t-i17-t-20-1,tid2013,t-i17,t-20,1,0,tid2013/17/i17_20_1.png,tid2013/17/i17.png,31.2467,comfort_noise,l-24,-0.360131146
t-i17-t-20-2,tid2013,t-i17,t-20,2,0,tid2013/17/i17_20_2.png,tid2013/17/i17.png,31.2467,comfort_noise,l-24,-0.568918152
t-i17-t-20-3,tid2013,t-i17,t-20,3,0,tid2013/17/i17_20_3.png,tid2013/17/i17.png,31.2467,comfort_noise,l-24,-1.056747265
t-i17-t-20-4,tid2013,t-i17,t-20,4,0,tid2013/17/i17_20_4.png,tid2013/17/i17.png,31.2467,comfort_noise,l-24,-1.697902526
t-i17-t-20-5,tid2013,t-i17,t-20,5,0,tid2013/17/i17_20_5.png,tid2013/17/i17.png,31.2467,comfort_noise,l-24,-3.287618393
t-i17-t-21-1,tid2013,t-i17,t-21,1,0,tid2013/17/i17_21_1.png,tid2013/17/i17.png,31.2467,lossy_compression_of_noisy_images,l-24,-0.669147659
t-i17-t-21-2,tid2013,t-i17,t-21,2,0,tid2013/17/i17_21_2.png,tid2013/17/i17.png,31.2467,lossy_compression_of_noisy_images,l-24,-1.172421464
t-i17-t-21-3,tid2013,t-i17,t-21,3,0,tid2013/17/i17_21_3.png,tid2013/17/i17.png,31.2467,lossy_compression_of_noisy_images,l-24,-1.613710281
t-i17-t-21-4,tid2013,t-i17,t-21,4,0,tid2013/17/i17_21_4.png,tid2013/17/i17.png,31.2467,lossy_compression_of_noisy_images,l-24,-2.629207346
t-i17-t-21-5,tid2013,t-i17,t-21,5,0,tid2013/17/i17_21_5.png,tid2013/17/i17.png,31.2467,lossy_compression_of_noisy_images,l-24,-3.707099463
t-i17-t-22-1,tid2013,t-i17,t-22,1,0,tid2013/17/i17_22_1.png,tid2013/17/i17.png,31.2467,image_color_quantization_with_dither,l-24,-0.315098361
t-i17-t-22-2,tid2013,t-i17,t-22,2,0,tid2013/17/i17_22_2.png,tid2013/17/i17.png,31.2467,image_color_quantization_with_dither,l-24,-0.460534031
t-i17-t-22-3,tid2013,t-i17,t-22,3,0,tid2013/17/i17_22_3.png,tid2013/17/i17.png,31.2467,image_color_quantization_with_dither,l-24,-1.578318579
t-i17-t-22-4,tid2013,t-i17,t-22,4,0,tid2013/17/i17_22_4.png,tid2013/17/i17.png,31.2467,image_color_quantization_with_dither,l-24,-2.45819769
t-i17-t-22-5,tid2013,t-i17,t-22,5,0,tid2013/17/i17_22_5.png,tid2013/17/i17.png,31.2467,image_color_quantization_with_dither,l-24,-3.370953642
t-i17-t-23-1,tid2013,t-i17,t-23,1,0,tid2013/17/i17_23_1.png,tid2013/17/i17.png,31.2467,chromatic_aberrations,l-24,-0.336609082
t-i17-t-23-2,tid2013,t-i17,t-23,2,0,tid2013/17/i17_23_2.png,tid2013/17/i17.png,31.2467,chromatic_aberrations,l-24,-0.317568913
t-i17-t-23-3,tid2013,t-i17,t-23,3,0,tid2013/17/i17_23_3.png,tid2013/17/i17.png,31.2467,chromatic_aberrations,l-24,-1.230358496
t-i17-t-23-4,tid2013,t-i17,t-23,4,0,tid2013/17/i17_23_4.png,tid2013/17/i17.png,31.2467,chromatic_aberrations,l-24,-3.002531962
t-i17-t-23-5,tid2013,t-i17,t-23,5,0,tid2013/17/i17_23_5.png,tid2013/17/i17.png,31.2467,chromatic_aberrations,l-24,-4.872347272
t-i17-t-24-1,tid2013,t-i17,t-24,1,0,tid2013/17/i17_24_1.png,tid2013/17/i17.png,31.2467,sparse_sampling_and_reconstruction,l-24,-0.149820318
t-i17-t-24-2,tid2013,t-i17,t-24,2,0,tid2013/17/i17_24_2.png,tid2013/17/i17.png,31.2467,sparse_sampling_and_reconstruction,l-24,-0.514834754
t-i17-t-24-3,tid2013,t-i17,t-24,3,0,tid2013/17/i17_24_3.png,tid2013/17/i17.png,31.2467,sparse_sampling_and_reconstruction,l-24,-1.983199838
t-i17-t-24-4,tid2013,t-i17,t-24,4,0,tid2013/17/i17_24_4.png,tid2013/17/i17.png,31.2467,sparse_sampling_and_reconstruction,l-24,-4.366527881
t-i17-t-24-5,tid2013,t-i17,t-24,5,0,tid2013/17/i17_24_5.png,tid2013/17/i17.png,31.2467,sparse_sampling_and_reconstruction,l-24,-6.370268683
t-i18-t-01-1,tid2013,t-i18,t-01,1,0,tid2013/18/i18_01_1.png,tid2013/18/i18.png,31.2467,additive_gaussian_noise,l-23,-0.319306957
t-i18-t-01-2,tid2013,t-i18,t-01,2,0,tid2013/18/i18_01_2.png,tid2013/18/i18.png,31.2467,additive_gaussian_noise,l-23,-0.544721842
t-i18-t-01-3,tid2013,t-i18,t-01,3,0,tid2013/18/i18_01_3.png,tid2013/18/i18.png,31.2467,additive_gaussian_noise,l-23,-1.274311396
t-i18-t-01-4,tid2013,t-i18,t-01,4,0,tid2013/18/i18_01_4.png,tid2013/18/i18.png,31.2467,additive_gaussian_noise,l-23,-1.49070766
t-i18-t-01-5,tid2013,t-i18,t-01,5,0,tid2013/18/i18_01_5.png,tid2013/18/i18.png,31.2467,additive_gaussian_noise,l-23,-2.286826379
t-i18-t-02-1,tid2013,t-i18,t-02,1,0,tid2013/18/i18_02_1.png,tid2013/18/i18.png,31.2467,additive_noise_in_color_more_intensive_than_additive_noise_in_the_luminance,l-23,-0.162952235
t-i18-t-02-2,tid2013,t-i18,t-02,2,0,tid2013/18/i18_02_2.png,tid2013/18/i18.png,31.2467,additive_noise_in_color_more_intensive_than_additive_noise_in_the_luminance,l-23,-0.310055814
t-i18-t-02-3,tid2013,t-i18,t-02,3,0,tid2013/18/i18_02_3.png,tid2013/18/i18.png,31.2467,additive_noise_in_color_more_intensive_than_additive_noise_in_the_luminance,l-23,-0.4951313
t-i18-t-02-4,tid2013,t-i18,t-02,4,0,tid2013/18/i18_02_4.png,tid2013/18/i18.png,31.2467,additive_noise_in_color_more_intensive_than_additive_noise_in_the_luminance,l-23,-1.208847954
t-i18-t-02-5,tid2013,t-i18,t-02,5,0,tid2013/18/i18_02_5.png,tid2013/18/i18.png,31.2467,additive_noise_in_color_more_intensive_than_additive_noise_in_the_luminance,l-23,-1.643508202
t-i18-t-03-1,tid2013,t-i18,t-03,1,0,tid2013/18/i18_03_1.png,tid2013/18/i18.png,31.2467,spatially_correlated_noise,l-23,-1.076681359
t-i18-t-03-2,tid2013,t-i18,t-03,2,0,tid2013/18/i18_03_2.png,tid2013/18/i18.png,31.2467,spatially_correlated_noise,l-23,-1.566611024
t-i18-t-03-3,tid2013,t-i18,t-03,3,0,tid2013/18/i18_03_3.png,tid2013/18/i18.png,31.2467,spatially_correlated_noise,l-23,-2.322959164
t-i18-t-03-4,tid2013,t-i18,t-03,4,0,tid2013/18/i18_03_4.png,tid2013/18/i18.png,31.2467,spatially_correlated_noise,l-23,-3.030680191
t-i18-t-03-5,tid2013,t-i18,t-03,5,0,tid2013/18/i18_03_5.png,tid2013/18/i18.png,31.2467,spatially_correlated_noise,l-23,-3.819218406
t-i18-t-04-1,tid2013,t-i18,t-04,1,0,tid2013/18/i18_04_1.png,tid2013/18/i18.png,31.2467,masked_noise,l-23,-0.060447614
t-i18-t-04-2,tid2013,t-i18,t-04,2,0,tid2013/18/i18_04_2.png,tid2013/18/i18.png,31.2467,masked_noise,l-23,-0.305588335
t-i18-t-04-3,tid2013,t-i18,t-04,3,0,tid2013/18/i18_04_3.png,tid2013/18/i18.png,31.2467,masked_noise,l-23,-0.375166664
t-i18-t-04-4,tid2013,t-i18,t-04,4,0,tid2013/18/i18_04_4.png,tid2013/18/i18.png,31.2467,masked_noise,l-23,-0.83533557
t-i18-t-04-5,tid2013,t-i18,t-04,5,0,tid2013/18/i18_04_5.png,tid2013/18/i18.png,31.2467,masked_noise,l-23,-1.635022885
t-i18-t-05-1,tid2013,t-i18,t-05,1,0,tid2013/18/i18_05_1.png,tid2013/18/i18.png,31.2467,high_frequency_noise,l-23,-0.048499631
t-i18-t-05-2,tid2013,t-i18,t-05,2,0,tid2013/18/i18_05_2.png,tid2013/18/i18.png,31.2467,high_frequency_noise,l-23,-0.529648115
t-i18-t-05-3,tid2013,t-i18,t-05,3,0,tid2013/18/i18_05_3.png,tid2013/18/i18.png,31.2467,high_frequency_noise,l-23,-0.912365889
t-i18-t-05-4,tid2013,t-i18,t-05,4,0,tid2013/18/i18_05_4.png,tid2013/18/i18.png,31.2467,high_frequency_noise,l-23,-1.984893772
t-i18-t-05-5,tid2013,t-i18,t-05,5,0,tid2013/18/i18_05_5.png,tid2013/18/i18.png,31.2467,high_frequency_noise,l-23,-2.987011793
t-i18-t-06-1,tid2013,t-i18,t-06,1,0,tid2013/18/i18_06_1.png,tid2013/18/i18.png,31.2467,impulse_noise,l-23,-1.427509445
t-i18-t-06-2,tid2013,t-i18,t-06,2,0,tid2013/18/i18_06_2.png,tid2013/18/i18.png,31.2467,impulse_noise,l-23,-1.86898708
t-i18-t-06-3,tid2013,t-i18,t-06,3,0,tid2013/18/i18_06_3.png,tid2013/18/i18.png,31.2467,impulse_noise,l-23,-2.279462424
t-i18-t-06-4,tid2013,t-i18,t-06,4,0,tid2013/18/i18_06_4.png,tid2013/18/i18.png,31.2467,impulse_noise,l-23,-2.489392946
t-i18-t-06-5,tid2013,t-i18,t-06,5,0,tid2013/18/i18_06_5.png,tid2013/18/i18.png,31.2467,impulse_noise,l-23,-3.139061462
t-i18-t-07-1,tid2013,t-i18,t-07,1,0,tid2013/18/i18_07_1.png,tid2013/18/i18.png,31.2467,quantization_noise,l-23,-0.502343716
t-i18-t-07-2,tid2013,t-i18,t-07,2,0,tid2013/18/i18_07_2.png,tid2013/18/i18.png,31.2467,quantization_noise,l-23,-1.073220887
t-i18-t-07-3,tid2013,t-i18,t-07,3,0,tid2013/18/i18_07_3.png,tid2013/18/i18.png,31.2467,quantization_noise,l-23,-1.903656813
t-i18-t-07-4,tid2013,t-i18,t-07,4,0,tid2013/18/i18_07_4.png,tid2013/18/i18.png,31.2467,quantization_noise,l-23,-2.545442675
t-i18-t-07-5,tid2013,t-i18,t-07,5,0,tid2013/18/i18_07_5.png,tid2013/18/i18.png,31.2467,quantization_noise,l-23,-3.30083549
t-i18-t-08-1,tid2013,t-i18,t-08,1,0,tid2013/18/i18_08_1.png,tid2013/18/i18.png,31.2467,gaussian_blur,l-23,-0.401782261
t-i18-t-08-2,tid2013,t-i18,t-08,2,0,tid2013/18/i18_08_2.png,tid2013/18/i18.png,31.2467,gaussian_blur,l-23,-1.423103327
t-i18-t-08-3,tid2013,t-i18,t-08,3,0,tid2013/18/i18_08_3.png,tid2013/18/i18.png,31.2467,gaussian_blur,l-23,-2.023573056
t-i18-t-08-4,tid2013,t-i18,t-08,4,0,tid2013/18/i18_08_4.png,tid2013/18/i18.png,31.2467,gaussian_blur,l-23,-3.101277153
t-i18-t-08-5,tid2013,t-i18,t-08,5,0,tid2013/18/i18_08_5.png,tid2013/18/i18.png,31.2467,gaussian_blur,l-23,-4.462828094
t-i18-t-09-1,tid2013,t-i18,t-09,1,0,tid2013/18/i18_09_1.png,tid2013/18/i18.png,31.2467,image_denoising,l-23,-0.162047515
t-i18-t-09-2,tid2013,t-i18,t-09,2,0,tid2013/18/i18_09_2.png,tid2013/18/i18.png,31.2467,image_denoising,l-23,-0.298681958
t-i18-t-09-3,tid2013,t-i18,t-09,3,0,tid2013/18/i18_09_3.png,tid2013/18/i18.png,31.2467,image_denoising,l-23,-1.727549499
t-i18-t-09-4,tid2013,t-i18,t-09,4,0,tid2013/18/i18_09_4.png,tid2013/18/i18.png,31.2467,image_denoising,l-23,-3.334954384
t-i18-t-09-5,tid2013,t-i18,t-09,5,0,tid2013/18/i18_09_5.png,tid2013/18/i18.png,31.2467,image_denoising,l-23,-4.841608792
t-i18-t-10-1,tid2013,t-i18,t-10,1,0,tid2013/18/i18_10_1.png,tid2013/18/i18.png,31.2467,JPEG_compression,l-23,-0.132124997
t-i18-t-10-2,tid2013,t-i18,t-10,2,0,tid2013/18/i18_10_2.png,tid2013/18/i18.png,31.2467,JPEG_compression,l-23,-0.492243011
t-i18-t-10-3,tid2013,t-i18,t-10,3,0,tid2013/18/i18_10_3.png,tid2013/18/i18.png,31.2467,JPEG_compression,l-23,-1.208451433
t-i18-t-10-4,tid2013,t-i18,t-10,4,0,tid2013/18/i18_10_4.png,tid2013/18/i18.png,31.2467,JPEG_compression,l-23,-2.759612585
t-i18-t-10-5,tid2013,t-i18,t-10,5,0,tid2013/18/i18_10_5.png,tid2013/18/i18.png,31.2467,JPEG_compression,l-23,-4.278139447
t-i18-t-11-1,tid2013,t-i18,t-11,1,0,tid2013/18/i18_11_1.png,tid2013/18/i18.png,31.2467,JPEG2000_compression,l-23,-0.422641932
t-i18-t-11-2,tid2013,t-i18,t-11,2,0,tid2013/18/i18_11_2.png,tid2013/18/i18.png,31.2467,JPEG2000_compression,l-23,-0.55397507
t-i18-t-11-3,tid2013,t-i18,t-11,3,0,tid2013/18/i18_11_3.png,tid2013/18/i18.png,31.2467,JPEG2000_compression,l-23,-1.545722629
t-i18-t-11-4,tid2013,t-i18,t-11,4,0,tid2013/18/i18_11_4.png,tid2013/18/i18.png,31.2467,JPEG2000_compression,l-23,-3.269902631
t-i18-t-11-5,tid2013,t-i18,t-11,5,0,tid2013/18/i18_11_5.png,tid2013/18/i18.png,31.2467,JPEG2000_compression,l-23,-5.427196289
t-i18-t-12-1,tid2013,t-i18,t-12,1,0,tid2013/18/i18_12_1.png,tid2013/18/i18.png,31.2467,JPEG_transmission_errors,l-23,0.039387884
t-i18-t-12-2,tid2013,t-i18,t-12,2,0,tid2013/18/i18_12_2.png,tid2013/18/i18.png,31.2467,JPEG_transmission_errors,l-23,-0.603038871
t-i18-t-12-3,tid2013,t-i18,t-12,3,0,tid2013/18/i18_12_3.png,tid2013/18/i18.png,31.2467,JPEG_transmission_errors,l-23,-0.570131177
t-i18-t-12-4,tid2013,t-i18,t-12,4,0,tid2013/18/i18_12_4.png,tid2013/18/i18.png,31.2467,JPEG_transmission_errors,l-23,-1.19271965
t-i18-t-12-5,tid2013,t-i18,t-12,5,0,tid2013/18/i18_12_5.png,tid2013/18/i18.png,31.2467,JPEG_transmission_errors,l-23,-3.627094214
t-i18-t-13-1,tid2013,t-i18,t-13,1,0,tid2013/18/i18_13_1.png,tid2013/18/i18.png,31.2467,JPEG2000_transmission_errors,l-23,-1.812169361
t-i18-t-13-2,tid2013,t-i18,t-13,2,0,tid2013/18/i18_13_2.png,tid2013/18/i18.png,31.2467,JPEG2000_transmission_errors,l-23,-1.806310699
t-i18-t-13-3,tid2013,t-i18,t-13,3,0,tid2013/18/i18_13_3.png,tid2013/18/i18.png,31.2467,JPEG2000_transmission_errors,l-23,-2.191349581
t-i18-t-13-4,tid2013,t-i18,t-13,4,0,tid2013/18/i18_13_4.png,tid2013/18/i18.png,31.2467,JPEG2000_transmission_errors,l-23,-3.416951772
t-i18-t-13-5,tid2013,t-i18,t-13,5,0,tid2013/18/i18_13_5.png,tid2013/18/i18.png,31.2467,JPEG2000_transmission_errors,l-23,-3.884277177
t-i18-t-14-1,tid2013,t-i18,t-14,1,0,tid2013/18/i18_14_1.png,tid2013/18/i18.png,31.2467,non_eccentricity_pattern_noise,l-23,-1.115305448
t-i18-t-14-2,tid2013,t-i18,t-14,2,0,tid2013/18/i18_14_2.png,tid2013/18/i18.png,31.2467,non_eccentricity_pattern_noise,l-23,-0.209453813
t-i18-t-14-3,tid2013,t-i18,t-14,3,0,tid2013/18/i18_14_3.png,tid2013/18/i18.png,31.2467,non_eccentricity_pattern_noise,l-23,-1.870036363
t-i18-t-14-4,tid2013,t-i18,t-14,4,0,tid2013/18/i18_14_4.png,tid2013/18/i18.png,31.2467,non_eccentricity_pattern_noise,l-23,-1.982984572
t-i18-t-14-5,tid2013,t-i18,t-14,5,0,tid2013/18/i18_14_5.png,tid2013/18/i18.png,31.2467,non_eccentricity_pattern_noise,l-23,-2.858920815
t-i18-t-15-1,tid2013,t-i18,t-15,1,0,tid2013/18/i18_15_1.png,tid2013/18/i18.png,31.2467,local_block_wise_distortions_of_different_intensity,l-23,-3.11417214
t-i18-t-15-2,tid2013,t-i18,t-15,2,0,tid2013/18/i18_15_2.png,tid2013/18/i18.png,31.2467,local_block_wise_distortions_of_different_intensity,l-23,-2.968579069
t-i18-t-15-3,tid2013,t-i18,t-15,3,0,tid2013/18/i18_15_3.png,tid2013/18/i18.png,31.2467,local_block_wise_distortions_of_different_intensity,l-23,-2.896340533
t-i18-t-15-4,tid2013,t-i18,t-15,4,0,tid2013/18/i18_15_4.png,tid2013/18/i18.png,31.2467,local_block_wise_distortions_of_different_intensity,l-23,-2.647259705
t-i18-t-15-5,tid2013,t-i18,t-15,5,0,tid2013/18/i18_15_5.png,tid2013/18/i18.png,31.2467,local_block_wise_distortions_of_different_intensity,l-23,-2.11396479
t-i18-t-16-1,tid2013,t-i18,t-16,1,0,tid2013/18/i18_16_1.png,tid2013/18/i18.png,31.2467,intensity_shift,l-23,0.191440784
t-i18-t-16-2,tid2013,t-i18,t-16,2,0,tid2013/18/i18_16_2.png,tid2013/18/i18.png,31.2467,intensity_shift,l-23,-0.328799466
t-i18-t-16-3,tid2013,t-i18,t-16,3,0,tid2013/18/i18_16_3.png,tid2013/18/i18.png,31.2467,intensity_shift,l-23,-0.46696319
t-i18-t-16-4,tid2013,t-i18,t-16,4,0,tid2013/18/i18_16_4.png,tid2013/18/i18.png,31.2467,intensity_shift,l-23,-0.94098331
t-i18-t-16-5,tid2013,t-i18,t-16,5,0,tid2013/18/i18_16_5.png,tid2013/18/i18.png,31.2467,intensity_shift,l-23,-1.651572375
t-i18-t-17-1,tid2013,t-i18,t-17,1,0,tid2013/18/i18_17_1.png,tid2013/18/i18.png,31.2467,contrast_change,l-23,-0.280595985
t-i18-t-17-2,tid2013,t-i18,t-17,2,0,tid2013/18/i18_17_2.png,tid2013/18/i18.png,31.2467,contrast_change,l-23,-0.054603584
t-i18-t-17-3,tid2013,t-i18,t-17,3,0,tid2013/18/i18_17_3.png,tid2013/18/i18.png,31.2467,contrast_change,l-23,-1.502192461
t-i18-t-17-4,tid2013,t-i18,t-17,4,0,tid2013/18/i18_17_4.png,tid2013/18/i18.png,31.2467,contrast_change,l-23,-0.443820988
t-i18-t-17-5,tid2013,t-i18,t-17,5,0,tid2013/18/i18_17_5.png,tid2013/18/i18.png,31.2467,contrast_change,l-23,-2.58791339
t-i18-t-18-1,tid2013,t-i18,t-18,1,0,tid2013/18/i18_18_1.png,tid2013/18/i18.png,31.2467,change_of_color_saturation,l-23,-0.935536176
t-i18-t-18-2,tid2013,t-i18,t-18,2,0,tid2013/18/i18_18_2.png,tid2013/18/i18.png,31.2467,change_of_color_saturation,l-23,-1.351271904
t-i18-t-18-3,tid2013,t-i18,t-18,3,0,tid2013/18/i18_18_3.png,tid2013/18/i18.png,31.2467,change_of_color_saturation,l-23,-1.681780131
t-i18-t-18-4,tid2013,t-i18,t-18,4,0,tid2013/18/i18_18_4.png,tid2013/18/i18.png,31.2467,change_of_color_saturation,l-23,-1.947503489
t-i18-t-18-5,tid2013,t-i18,t-18,5,0,tid2013/18/i18_18_5.png,tid2013/18/i18.png,31.2467,change_of_color_saturation,l-23,-2.08268515
t-i18-t-19-1,tid2013,t-i18,t-19,1,0,tid2013/18/i18_19_1.png,tid2013/18/i18.png,31.2467,multiplicative_gaussian_noise,l-23,-0.935527135
t-i18-t-19-2,tid2013,t-i18,t-19,2,0,tid2013/18/i18_19_2.png,tid2013/18/i18.png,31.2467,multiplicative_gaussian_noise,l-23,-1.072545773
t-i18-t-19-3,tid2013,t-i18,t-19,3,0,tid2013/18/i18_19_3.png,tid2013/18/i18.png,31.2467,multiplicative_gaussian_noise,l-23,-1.687634393
t-i18-t-19-4,tid2013,t-i18,t-19,4,0,tid2013/18/i18_19_4.png,tid2013/18/i18.png,31.2467,multiplicative_gaussian_noise,l-23,-2.219858414
t-i18-t-19-5,tid2013,t-i18,t-19,5,0,tid2013/18/i18_19_5.png,tid2013/18/i18.png,31.2467,multiplicative_gaussian_noise,l-23,-2.561942928
t-i18-t-20-1,tid2013,t-i18,t-20,1,0,tid2013/18/i18_20_1.png,tid2013/18/i18.png,31.2467,comfort_noise,l-23,-0.153669018
t-i18-t-20-2,tid2013,t-i18,t-20,2,0,tid2013/18/i18_20_2.png,tid2013/18/i18.png,31.2467,comfort_noise,l-23,-0.537600473
t-i18-t-20-3,tid2013,t-i18,t-20,3,0,tid2013/18/i18_20_3.png,tid2013/18/i18.png,31.2467,comfort_noise,l-23,-0.752470965
t-i18-t-20-4,tid2013,t-i18,t-20,4,0,tid2013/18/i18_20_4.png,tid2013/18/i18.png,31.2467,comfort_noise,l-23,-1.744932045
t-i18-t-20-5,tid2013,t-i18,t-20,5,0,tid2013/18/i18_20_5.png,tid2013/18/i18.png,31.2467,comfort_noise,l-23,-2.661062568
t-i18-t-21-1,tid2013,t-i18,t-21,1,0,tid2013/18/i18_21_1.png,tid2013/18/i18.png,31.2467,lossy_compression_of_noisy_images,l-23,-0.573369252
t-i18-t-21-2,tid2013,t-i18,t-21,2,0,tid2013/18/i18_21_2.png,tid2013/18/i18.png,31.2467,lossy_compression_of_noisy_images,l-23,-0.838994268
t-i18-t-21-3,tid2013,t-i18,t-21,3,0,tid2013/18/i18_21_3.png,tid2013/18/i18.png,31.2467,lossy_compression_of_noisy_images,l-23,-1.580022412
t-i18-t-21-4,tid2013,t-i18,t-21,4,0,tid2013/18/i18_21_4.png,tid2013/18/i18.png,31.2467,lossy_compression_of_noisy_images,l-23,-2.870439451
t-i18-t-21-5,tid2013,t-i18,t-21,5,0,tid2013/18/i18_21_5.png,tid2013/18/i18.png,31.2467,lossy_compression_of_noisy_images,l-23,-4.10672033
t-i18-t-22-1,tid2013,t-i18,t-22,1,0,tid2013/18/i18_22_1.png,tid2013/18/i18.png,31.2467,image_color_quantization_with_dither,l-23,-0.456702123
t-i18-t-22-2,tid2013,t-i18,t-22,2,0,tid2013/18/i18_22_2.png,tid2013/18/i18.png,31.2467,image_color_quantization_with_dither,l-23,-1.545879256
t-i18-t-22-3,tid2013,t-i18,t-22,3,0,tid2013/18/i18_22_3.png,tid2013/18/i18.png,31.2467,image_color_quantization_with_dither,l-23,-2.175362799
t-i18-t-22-4,tid2013,t-i18,t-22,4,0,tid2013/18/i18_22_4.png,tid2013/18/i18.png,31.2467,image_color_quantization_with_dither,l-23,-3.384033547
t-i18-t-22-5,tid2013,t-i18,t-22,5,0,tid2013/18/i18_22_5.png,tid2013/18/i18.png,31.2467,image_color_quantization_with_dither,l-23,-4.196757265
t-i18-t-23-1,tid2013,t-i18,t-23,1,0,tid2013/18/i18_23_1.png,tid2013/18/i18.png,31.2467,chromatic_aberrations,l-23,0.024495431
t-i18-t-23-2,tid2013,t-i18,t-23,2,0,tid2013/18/i18_23_2.png,tid2013/18/i18.png,31.2467,chromatic_aberrations,l-23,-0.031510184
t-i18-t-23-3,tid2013,t-i18,t-23,3,0,tid2013/18/i18_23_3.png,tid2013/18/i18.png,31.2467,chromatic_aberrations,l-23,0.019432875
t-i18-t-23-4,tid2013,t-i18,t-23,4,0,tid2013/18/i18_23_4.png,tid2013/18/i18.png,31.2467,chromatic_aberrations,l-23,-0.383009975
t-i18-t-23-5,tid2013,t-i18,t-23,5,0,tid2013/18/i18_23_5.png,tid2013/18/i18.png,31.2467,chromatic_aberrations,l-23,-1.989098955
t-i18-t-24-1,tid2013,t-i18,t-24,1,0,tid2013/18/i18_24_1.png,tid2013/18/i18.png,31.2467,sparse_sampling_and_reconstruction,l-23,-0.127191942
t-i18-t-24-2,tid2013,t-i18,t-24,2,0,tid2013/18/i18_24_2.png,tid2013/18/i18.png,31.2467,sparse_sampling_and_reconstruction,l-23,-0.499057528
t-i18-t-24-3,tid2013,t-i18,t-24,3,0,tid2013/18/i18_24_3.png,tid2013/18/i18.png,31.2467,sparse_sampling_and_reconstruction,l-23,-1.508753138
t-i18-t-24-4,tid2013,t-i18,t-24,4,0,tid2013/18/i18_24_4.png,tid2013/18/i18.png,31.2467,sparse_sampling_and_reconstruction,l-23,-2.933479504
t-i18-t-24-5,tid2013,t-i18,t-24,5,0,tid2013/18/i18_24_5.png,tid2013/18/i18.png,31.2467,sparse_sampling_and_reconstruction,l-23,-5.425205391
t-i19-t-01-1,tid2013,t-i19,t-01,1,0,tid2013/19/i19_01_1.png,tid2013/19/i19.png,31.2467,additive_gaussian_noise,l-20,-0.363124178
t-i19-t-01-2,tid2013,t-i19,t-01,2,0,tid2013/19/i19_01_2.png,tid2013/19/i19.png,31.2467,additive_gaussian_noise,l-20,-0.684196976
t-i19-t-01-3,tid2013,t-i19,t-01,3,0,tid2013/19/i19_01_3.png,tid2013/19/i19.png,31.2467,additive_gaussian_noise,l-20,-1.186667641
t-i19-t-01-4,tid2013,t-i19,t-01,4,0,tid2013/19/i19_01_4.png,tid2013/19/i19.png,31.2467,additive_gaussian_noise,l-20,-1.568715376
t-i19-t-01-5,tid2013,t-i19,t-01,5,0,tid2013/19/i19_01_5.png,tid2013/19/i19.png,31.2467,additive_gaussian_noise,l-20,-2.104535636
t-i19-t-02-1,tid2013,t-i19,t-02,1,0,tid2013/19/i19_02_1.png,tid2013/19/i19.png,31.2467,additive_noise_in_color_more_intensive_than_additive_noise_in_the_luminance,l-20,-0.176515826
t-i19-t-02-2,tid2013,t-i19,t-02,2,0,tid2013/19/i19_02_2.png,tid2013/19/i19.png,31.2467,additive_noise_in_color_more_intensive_than_additive_noise_in_the_luminance,l-20,-0.225657588
t-i19-t-02-3,tid2013,t-i19,t-02,3,0,tid2013/19/i19_02_3.png,tid2013/19/i19.png,31.2467,additive_noise_in_color_more_intensive_than_additive_noise_in_the_luminance,l-20,-0.428750087
t-i19-t-02-4,tid2013,t-i19,t-02,4,0,tid2013/19/i19_02_4.png,tid2013/19/i19.png,31.2467,additive_noise_in_color_more_intensive_than_additive_noise_in_the_luminance,l-20,-0.755356128
t-i19-t-02-5,tid2013,t-i19,t-02,5,0,tid2013/19/i19_02_5.png,tid2013/19/i19.png,31.2467,additive_noise_in_color_more_intensive_than_additive_noise_in_the_luminance,l-20,-1.20415937
t-i19-t-03-1,tid2013,t-i19,t-03,1,0,tid2013/19/i19_03_1.png,tid2013/19/i19.png,31.2467,spatially_correlated_noise,l-20,-1.007119631
t-i19-t-03-2,tid2013,t-i19,t-03,2,0,tid2013/19/i19_03_2.png,tid2013/19/i19.png,31.2467,spatially_correlated_noise,l-20,-1.736348264
t-i19-t-03-3,tid2013,t-i19,t-03,3,0,tid2013/19/i19_03_3.png,tid2013/19/i19.png,31.2467,spatially_correlated_noise,l-20,-2.212112665
t-i19-t-03-4,tid2013,t-i19,t-03,4,0,tid2013/19/i19_03_4.png,tid2013/19/i19.png,31.2467,spatially_correlated_noise,l-20,-2.948274401
t-i19-t-03-5,tid2013,t-i19,t-03,5,0,tid2013/19/i19_03_5.png,tid2013/19/i19.png,31.2467,spatially_correlated_noise,l-20,-3.419962778
t-i19-t-04-1,tid2013,t-i19,t-04,1,0,tid2013/19/i19_04_1.png,tid2013/19/i19.png,31.2467,masked_noise,l-20,-0.127073512
t-i19-t-04-2,tid2013,t-i19,t-04,2,0,tid2013/19/i19_04_2.png,tid2013/19/i19.png,31.2467,masked_noise,l-20,-0.203186656
t-i19-t-04-3,tid2013,t-i19,t-04,3,0,tid2013/19/i19_04_3.png,tid2013/19/i19.png,31.2467,masked_noise,l-20,-0.247455555
t-i19-t-04-4,tid2013,t-i19,t-04,4,0,tid2013/19/i19_04_4.png,tid2013/19/i19.png,31.2467,masked_noise,l-20,-0.546205365
t-i19-t-04-5,tid2013,t-i19,t-04,5,0,tid2013/19/i19_04_5.png,tid2013/19/i19.png,31.2467,masked_noise,l-20,-1.192497936
t-i19-t-05-1,tid2013,t-i19,t-05,1,0,tid2013/19/i19_05_1.png,tid2013/19/i19.png,31.2467,high_frequency_noise,l-20,-0.150757178
t-i19-t-05-2,tid2013,t-i19,t-05,2,0,tid2013/19/i19_05_2.png,tid2013/19/i19.png,31.2467,high_frequency_noise,l-20,-0.447424608
t-i19-t-05-3,tid2013,t-i19,t-05,3,0,tid2013/19/i19_05_3.png,tid2013/19/i19.png,31.2467,high_frequency_noise,l-20,-0.798233494
t-i19-t-05-4,tid2013,t-i19,t-05,4,0,tid2013/19/i19_05_4.png,tid2013/19/i19.png,31.2467,high_frequency_noise,l-20,-1.671532775
t-i19-t-05-5,tid2013,t-i19,t-05,5,0,tid2013/19/i19_05_5.png,tid2013/19/i19.png,31.2467,high_frequency_noise,l-20,-2.651310027
t-i19-t-06-1,tid2013,t-i19,t-06,1,0,tid2013/19/i19_06_1.png,tid2013/19/i19.png,31.2467,impulse_noise,l-20,-0.970847999
t-i19-t-06-2,tid2013,t-i19,t-06,2,0,tid2013/19/i19_06_2.png,tid2013/19/i19.png,31.2467,impulse_noise,l-20,-1.209870777
t-i19-t-06-3,tid2013,t-i19,t-06,3,0,tid2013/19/i19_06_3.png,tid2013/19/i19.png,31.2467,impulse_noise,l-20,-1.824087469
t-i19-t-06-4,tid2013,t-i19,t-06,4,0,tid2013/19/i19_06_4.png,tid2013/19/i19.png,31.2467,impulse_noise,l-20,-2.033233689
t-i19-t-06-5,tid2013,t-i19,t-06,5,0,tid2013/19/i19_06_5.png,tid2013/19/i19.png,31.2467,impulse_noise,l-20,-2.569856916
t-i19-t-07-1,tid2013,t-i19,t-07,1,0,tid2013/19/i19_07_1.png,tid2013/19/i19.png,31.2467,quantization_noise,l-20,-0.65932687
t-i19-t-07-2,tid2013,t-i19,t-07,2,0,tid2013/19/i19_07_2.png,tid2013/19/i19.png,31.2467,quantization_noise,l-20,-1.167625152
t-i19-t-07-3,tid2013,t-i19,t-07,3,0,tid2013/19/i19_07_3.png,tid2013/19/i19.png,31.2467,quantization_noise,l-20,-1.822079647
t-i19-t-07-4,tid2013,t-i19,t-07,4,0,tid2013/19/i19_07_4.png,tid2013/19/i19.png,31.2467,quantization_noise,l-20,-2.539248079
t-i19-t-07-5,tid2013,t-i19,t-07,5,0,tid2013/19/i19_07_5.png,tid2013/19/i19.png,31.2467,quantization_noise,l-20,-3.381810151
t-i19-t-08-1,tid2013,t-i19,t-08,1,0,tid2013/19/i19_08_1.png,tid2013/19/i19.png,31.2467,gaussian_blur,l-20,-0.454398921
t-i19-t-08-2,tid2013,t-i19,t-08,2,0,tid2013/19/i19_08_2.png,tid2013/19/i19.png,31.2467,gaussian_blur,l-20,-0.924483879
t-i19-t-08-3,tid2013,t-i19,t-08,3,0,tid2013/19/i19_08_3.png,tid2013/19/i19.png,31.2467,gaussian_blur,l-20,-1.966213652
t-i19-t-08-4,tid2013,t-i19,t-08,4,0,tid2013/19/i19_08_4.png,tid2013/19/i19.png,31.2467,gaussian_blur,l-20,-3.15813539
t-i19-t-08-5,tid2013,t-i19,t-08,5,0,tid2013/19/i19_08_5.png,tid2013/19/i19.png,31.2467,gaussian_blur,l-20,-3.867078139
t-i19-t-09-1,tid2013,t-i19,t-09,1,0,tid2013/19/i19_09_1.png,tid2013/19/i19.png,31.2467,image_denoising,l-20,-0.065076092
t-i19-t-09-2,tid2013,t-i19,t-09,2,0,tid2013/19/i19_09_2.png,tid2013/19/i19.png,31.2467,image_denoising,l-20,-0.246824315
t-i19-t-09-3,tid2013,t-i19,t-09,3,0,tid2013/19/i19_09_3.png,tid2013/19/i19.png,31.2467,image_denoising,l-20,-1.059055361
t-i19-t-09-4,tid2013,t-i19,t-09,4,0,tid2013/19/i19_09_4.png,tid2013/19/i19.png,31.2467,image_denoising,l-20,-2.396046208
t-i19-t-09-5,tid2013,t-i19,t-09,5,0,tid2013/19/i19_09_5.png,tid2013/19/i19.png,31.2467,image_denoising,l-20,-4.242540638
t-i19-t-10-1,tid2013,t-i19,t-10,1,0,tid2013/19/i19_10_1.png,tid2013/19/i19.png,31.2467,JPEG_compression,l-20,-0.232253037
t-i19-t-10-2,tid2013,t-i19,t-10,2,0,tid2013/19/i19_10_2.png,tid2013/19/i19.png,31.2467,JPEG_compression,l-20,-0.411849294
t-i19-t-10-3,tid2013,t-i19,t-10,3,0,tid2013/19/i19_10_3.png,tid2013/19/i19.png,31.2467,JPEG_compression,l-20,-0.915101887
t-i19-t-10-4,tid2013,t-i19,t-10,4,0,tid2013/19/i19_10_4.png,tid2013/19/i19.png,31.2467,JPEG_compression,l-20,-2.782341179
t-i19-t-10-5,tid2013,t-i19,t-10,5,0,tid2013/19/i19_10_5.png,tid2013/19/i19.png,31.2467,JPEG_compression,l-20,-4.543014768
t-i19-t-11-1,tid2013,t-i19,t-11,1,0,tid2013/19/i19_11_1.png,tid2013/19/i19.png,31.2467,JPEG2000_compression,l-20,-0.489860927
t-i19-t-11-2,tid2013,t-i19,t-11,2,0,tid2013/19/i19_11_2.png,tid2013/19/i19.png,31.2467,JPEG2000_compression,l-20,-0.794598464
t-i19-t-11-3,tid2013,t-i19,t-11,3,0,tid2013/19/i19_11_3.png,tid2013/19/i19.png,31.2467,JPEG2000_compression,l-20,-1.253482874
t-i19-t-11-4,tid2013,t-i19,t-11,4,0,tid2013/19/i19_11_4.png,tid2013/19/i19.png,31.2467,JPEG2000_compression,l-20,-2.836365665
t-i19-t-11-5,tid2013,t-i19,t-11,5,0,tid2013/19/i19_11_5.png,tid2013/19/i19.png,31.2467,JPEG2000_compression,l-20,-5.007569689
t-i19-t-12-1,tid2013,t-i19,t-12,1,0,tid2013/19/i19_12_1.png,tid2013/19/i19.png,31.2467,JPEG_transmission_errors,l-20,-0.041135806
t-i19-t-12-2,tid2013,t-i19,t-12,2,0,tid2013/19/i19_12_2.png,tid2013/19/i19.png,31.2467,JPEG_transmission_errors,l-20,-0.282003158
t-i19-t-12-3,tid2013,t-i19,t-12,3,0,tid2013/19/i19_12_3.png,tid2013/19/i19.png,31.2467,JPEG_transmission_errors,l-20,-0.675943669
t-i19-t-12-4,tid2013,t-i19,t-12,4,0,tid2013/19/i19_12_4.png,tid2013/19/i19.png,31.2467,JPEG_transmission_errors,l-20,-0.931733121
t-i19-t-12-5,tid2013,t-i19,t-12,5,0,tid2013/19/i19_12_5.png,tid2013/19/i19.png,31.2467,JPEG_transmission_errors,l-20,-1.269973299
t-i19-t-13-1,tid2013,t-i19,t-13,1,0,tid2013/19/i19_13_1.png,tid2013/19/i19.png,31.2467,JPEG2000_transmission_errors,l-20,-1.06190243
t-i19-t-13-2,tid2013,t-i19,t-13,2,0,tid2013/19/i19_13_2.png,tid2013/19/i19.png,31.2467,JPEG2000_transmission_errors,l-20,-1.709818385
t-i19-t-13-3,tid2013,t-i19,t-13,3,0,tid2013/19/i19_13_3.png,tid2013/19/i19.png,31.2467,JPEG2000_transmission_errors,l-20,-2.108051784
t-i19-t-13-4,tid2013,t-i19,t-13,4,0,tid2013/19/i19_13_4.png,tid2013/19/i19.png,31.2467,JPEG2000_transmission_errors,l-20,-2.80780806
t-i19-t-13-5,tid2013,t-i19,t-13,5,0,tid2013/19/i19_13_5.png,tid2013/19/i19.png,31.2467,JPEG2000_transmission_errors,l-20,-4.102173967
t-i19-t-14-1,tid2013,t-i19,t-14,1,0,tid2013/19/i19_14_1.png,tid2013/19/i19.png,31.2467,non_eccentricity_pattern_noise,l-20,-0.283885413
t-i19-t-14-2,tid2013,t-i19,t-14,2,0,tid2013/19/i19_14_2.png,tid2013/19/i19.png,31.2467,non_eccentricity_pattern_noise,l-20,-0.062986025
t-i19-t-14-3,tid2013,t-i19,t-14,3,0,tid2013/19/i19_14_3.png,tid2013/19/i19.png,31.2467,non_eccentricity_pattern_noise,l-20,-0.435486603
t-i19-t-14-4,tid2013,t-i19,t-14,4,0,tid2013/19/i19_14_4.png,tid2013/19/i19.png,31.2467,non_eccentricity_pattern_noise,l-20,-0.872427665
t-i19-t-14-5,tid2013,t-i19,t-14,5,0,tid2013/19/i19_14_5.png,tid2013/19/i19.png,31.2467,non_eccentricity_pattern_noise,l-20,-1.839063118
t-i19-t-15-1,tid2013,t-i19,t-15,1,0,tid2013/19/i19_15_1.png,tid2013/19/i19.png,31.2467,local_block_wise_distortions_of_different_intensity,l-20,-2.629675053
t-i19-t-15-2,tid2013,t-i19,t-15,2,0,tid2013/19/i19_15_2.png,tid2013/19/i19.png,31.2467,local_block_wise_distortions_of_different_intensity,l-20,-2.464567219
t-i19-t-15-3,tid2013,t-i19,t-15,3,0,tid2013/19/i19_15_3.png,tid2013/19/i19.png,31.2467,local_block_wise_distortions_of_different_intensity,l-20,-2.183200931
t-i19-t-15-4,tid2013,t-i19,t-15,4,0,tid2013/19/i19_15_4.png,tid2013/19/i19.png,31.2467,local_block_wise_distortions_of_different_intensity,l-20,-1.821645448
t-i19-t-15-5,tid2013,t-i19,t-15,5,0,tid2013/19/i19_15_5.png,tid2013/19/i19.png,31.2467,local_block_wise_distortions_of_different_intensity,l-20,-2.127173621
t-i19-t-16-1,tid2013,t-i19,t-16,1,0,tid2013/19/i19_16_1.png,tid2013/19/i19.png,31.2467,intensity_shift,l-20,-0.090978471
t-i19-t-16-2,tid2013,t-i19,t-16,2,0,tid2013/19/i19_16_2.png,tid2013/19/i19.png,31.2467,intensity_shift,l-20,0.016864432
t-i19-t-16-3,tid2013,t-i19,t-16,3,0,tid2013/19/i19_16_3.png,tid2013/19/i19.png,31.2467,intensity_shift,l-20,-0.531597238
t-i19-t-16-4,tid2013,t-i19,t-16,4,0,tid2013/19/i19_16_4.png,tid2013/19/i19.png,31.2467,intensity_shift,l-20,-0.309522248
t-i19-t-16-5,tid2013,t-i19,t-16,5,0,tid2013/19/i19_16_5.png,tid2013/19/i19.png,31.2467,intensity_shift,l-20,-1.247148872
t-i19-t-17-1,tid2013,t-i19,t-17,1,0,tid2013/19/i19_17_1.png,tid2013/19/i19.png,31.2467,contrast_change,l-20,-0.379703265
t-i19-t-17-2,tid2013,t-i19,t-17,2,0,tid2013/19/i19_17_2.png,tid2013/19/i19.png,31.2467,contrast_change,l-20,0.121496146
t-i19-t-17-3,tid2013,t-i19,t-17,3,0,tid2013/19/i19_17_3.png,tid2013/19/i19.png,31.2467,contrast_change,l-20,-1.192821413
t-i19-t-17-4,tid2013,t-i19,t-17,4,0,tid2013/19/i19_17_4.png,tid2013/19/i19.png,31.2467,contrast_change,l-20,-0.438485978
t-i19-t-17-5,tid2013,t-i19,t-17,5,0,tid2013/19/i19_17_5.png,tid2013/19/i19.png,31.2467,contrast_change,l-20,-2.5858286
t-i19-t-18-1,tid2013,t-i19,t-18,1,0,tid2013/19/i19_18_1.png,tid2013/19/i19.png,31.2467,change_of_color_saturation,l-20,-0.619136087
t-i19-t-18-2,tid2013,t-i19,t-18,2,0,tid2013/19/i19_18_2.png,tid2013/19/i19.png,31.2467,change_of_color_saturation,l-20,-1.246788976
t-i19-t-18-3,tid2013,t-i19,t-18,3,0,tid2013/19/i19_18_3.png,tid2013/19/i19.png,31.2467,change_of_color_saturation,l-20,-1.5187736
t-i19-t-18-4,tid2013,t-i19,t-18,4,0,tid2013/19/i19_18_4.png,tid2013/19/i19.png,31.2467,change_of_color_saturation,l-20,-1.697760114
t-i19-t-18-5,tid2013,t-i19,t-18,5,0,tid2013/19/i19_18_5.png,tid2013/19/i19.png,31.2467,change_of_color_saturation,l-20,-1.738743349
t-i19-t-19-1,tid2013,t-i19,t-19,1,0,tid2013/19/i19_19_1.png,tid2013/19/i19.png,31.2467,multiplicative_gaussian_noise,l-20,-0.445122476
t-i19-t-19-2,tid2013,t-i19,t-19,2,0,tid2013/19/i19_19_2.png,tid2013/19/i19.png,31.2467,multiplicative_gaussian_noise,l-20,-0.711347014
t-i19-t-19-3,tid2013,t-i19,t-19,3,0,tid2013/19/i19_19_3.png,tid2013/19/i19.png,31.2467,multiplicative_gaussian_noise,l-20,-1.119837608
t-i19-t-19-4,tid2013,t-i19,t-19,4,0,tid2013/19/i19_19_4.png,tid2013/19/i19.png,31.2467,multiplicative_gaussian_noise,l-20,-1.366711598
t-i19-t-19-5,tid2013,t-i19,t-19,5,0,tid2013/19/i19_19_5.png,tid2013/19/i19.png,31.2467,multiplicative_gaussian_noise,l-20,-2.304833587
t-i19-t-20-1,tid2013,t-i19,t-20,1,0,tid2013/19/i19_20_1.png,tid2013/19/i19.png,31.2467,comfort_noise,l-20,-0.22848697
t-i19-t-20-2,tid2013,t-i19,t-20,2,0,tid2013/19/i19_20_2.png,tid2013/19/i19.png,31.2467,comfort_noise,l-20,-0.36098819
t-i19-t-20-3,tid2013,t-i19,t-20,3,0,tid2013/19/i19_20_3.png,tid2013/19/i19.png,31.2467,comfort_noise,l-20,-0.783870496
t-i19-t-20-4,tid2013,t-i19,t-20,4,0,tid2013/19/i19_20_4.png,tid2013/19/i19.png,31.2467,comfort_noise,l-20,-1.512092706
t-i19-t-20-5,tid2013,t-i19,t-20,5,0,tid2013/19/i19_20_5.png,tid2013/19/i19.png,31.2467,comfort_noise,l-20,-2.618540911
t-i19-t-21-1,tid2013,t-i19,t-21,1,0,tid2013/19/i19_21_1.png,tid2013/19/i19.png,31.2467,lossy_compression_of_noisy_images,l-20,-0.356981851
t-i19-t-21-2,tid2013,t-i19,t-21,2,0,tid2013/19/i19_21_2.png,tid2013/19/i19.png,31.2467,lossy_compression_of_noisy_images,l-20,-0.792541299
t-i19-t-21-3,tid2013,t-i19,t-21,3,0,tid2013/19/i19_21_3.png,tid2013/19/i19.png,31.2467,lossy_compression_of_noisy_images,l-20,-1.598734264
t-i19-t-21-4,tid2013,t-i19,t-21,4,0,tid2013/19/i19_21_4.png,tid2013/19/i19.png,31.2467,lossy_compression_of_noisy_images,l-20,-2.258808156
t-i19-t-21-5,tid2013,t-i19,t-21,5,0,tid2013/19/i19_21_5.png,tid2013/19/i19.png,31.2467,lossy_compression_of_noisy_images,l-20,-3.658680525
t-i19-t-22-1,tid2013,t-i19,t-22,1,0,tid2013/19/i19_22_1.png,tid2013/19/i19.png,31.2467,image_color_quantization_with_dither,l-20,-0.297378429
t-i19-t-22-2,tid2013,t-i19,t-22,2,0,tid2013/19/i19_22_2.png,tid2013/19/i19.png,31.2467,image_color_quantization_with_dither,l-20,-0.486555948
t-i19-t-22-3,tid2013,t-i19,t-22,3,0,tid2013/19/i19_22_3.png,tid2013/19/i19.png,31.2467,image_color_quantization_with_dither,l-20,-1.145879819
t-i19-t-22-4,tid2013,t-i19,t-22,4,0,tid2013/19/i19_22_4.png,tid2013/19/i19.png,31.2467,image_color_quantization_with_dither,l-20,-1.682107874
t-i19-t-22-5,tid2013,t-i19,t-22,5,0,tid2013/19/i19_22_5.png,tid2013/19/i19.png,31.2467,image_color_quantization_with_dither,l-20,-3.195499714
t-i19-t-23-1,tid2013,t-i19,t-23,1,0,tid2013/19/i19_23_1.png,tid2013/19/i19.png,31.2467,chromatic_aberrations,l-20,-0.216801845
t-i19-t-23-2,tid2013,t-i19,t-23,2,0,tid2013/19/i19_23_2.png,tid2013/19/i19.png,31.2467,chromatic_aberrations,l-20,0.029682588
t-i19-t-23-3,tid2013,t-i19,t-23,3,0,tid2013/19/i19_23_3.png,tid2013/19/i19.png,31.2467,chromatic_aberrations,l-20,-0.287486878
t-i19-t-23-4,tid2013,t-i19,t-23,4,0,tid2013/19/i19_23_4.png,tid2013/19/i19.png,31.2467,chromatic_aberrations,l-20,-0.289544571
t-i19-t-23-5,tid2013,t-i19,t-23,5,0,tid2013/19/i19_23_5.png,tid2013/19/i19.png,31.2467,chromatic_aberrations,l-20,-0.640299401
t-i19-t-24-1,tid2013,t-i19,t-24,1,0,tid2013/19/i19_24_1.png,tid2013/19/i19.png,31.2467,sparse_sampling_and_reconstruction,l-20,-0.389915097
t-i19-t-24-2,tid2013,t-i19,t-24,2,0,tid2013/19/i19_24_2.png,tid2013/19/i19.png,31.2467,sparse_sampling_and_reconstruction,l-20,-0.991219263
t-i19-t-24-3,tid2013,t-i19,t-24,3,0,tid2013/19/i19_24_3.png,tid2013/19/i19.png,31.2467,sparse_sampling_and_reconstruction,l-20,-1.981543281
t-i19-t-24-4,tid2013,t-i19,t-24,4,0,tid2013/19/i19_24_4.png,tid2013/19/i19.png,31.2467,sparse_sampling_and_reconstruction,l-20,-3.513332486
t-i19-t-24-5,tid2013,t-i19,t-24,5,0,tid2013/19/i19_24_5.png,tid2013/19/i19.png,31.2467,sparse_sampling_and_reconstruction,l-20,-5.02219877
t-i20-t-01-1,tid2013,t-i20,t-01,1,0,tid2013/20/i20_01_1.png,tid2013/20/i20.png,31.2467,additive_gaussian_noise,l-14,-0.392439957
t-i20-t-01-2,tid2013,t-i20,t-01,2,0,tid2013/20/i20_01_2.png,tid2013/20/i20.png,31.2467,additive_gaussian_noise,l-14,-0.498032572
t-i20-t-01-3,tid2013,t-i20,t-01,3,0,tid2013/20/i20_01_3.png,tid2013/20/i20.png,31.2467,additive_gaussian_noise,l-14,-1.031693246
t-i20-t-01-4,tid2013,t-i20,t-01,4,0,tid2013/20/i20_01_4.png,tid2013/20/i20.png,31.2467,additive_gaussian_noise,l-14,-1.574324632
t-i20-t-01-5,tid2013,t-i20,t-01,5,0,tid2013/20/i20_01_5.png,tid2013/20/i20.png,31.2467,additive_gaussian_noise,l-14,-2.155900268
t-i20-t-02-1,tid2013,t-i20,t-02,1,0,tid2013/20/i20_02_1.png,tid2013/20/i20.png,31.2467,additive_noise_in_color_more_intensive_than_additive_noise_in_the_luminance,l-14,-0.3610124
t-i20-t-02-2,tid2013,t-i20,t-02,2,0,tid2013/20/i20_02_2.png,tid2013/20/i20.png,31.2467,additive_noise_in_color_more_intensive_than_additive_noise_in_the_luminance,l-14,-0.443921504
t-i20-t-02-3,tid2013,t-i20,t-02,3,0,tid2013/20/i20_02_3.png,tid2013/20/i20.png,31.2467,additive_noise_in_color_more_intensive_than_additive_noise_in_the_luminance,l-14,-0.59575605
t-i20-t-02-4,tid2013,t-i20,t-02,4,0,tid2013/20/i20_02_4.png,tid2013/20/i20.png,31.2467,additive_noise_in_color_more_intensive_than_additive_noise_in_the_luminance,l-14,-0.800409358
t-i20-t-02-5,tid2013,t-i20,t-02,5,0,tid2013/20/i20_02_5.png,tid2013/20/i20.png,31.2467,additive_noise_in_color_more_intensive_than_additive_noise_in_the_luminance,l-14,-1.460406677
t-i20-t-03-1,tid2013,t-i20,t-03,1,0,tid2013/20/i20_03_1.png,tid2013/20/i20.png,31.2467,spatially_correlated_noise,l-14,-1.375596152
t-i20-t-03-2,tid2013,t-i20,t-03,2,0,tid2013/20/i20_03_2.png,tid2013/20/i20.png,31.2467,spatially_correlated_noise,l-14,-1.779697534
t-i20-t-03-3,tid2013,t-i20,t-03,3,0,tid2013/20/i20_03_3.png,tid2013/20/i20.png,31.2467,spatially_correlated_noise,l-14,-2.336697491
t-i20-t-03-4,tid2013,t-i20,t-03,4,0,tid2013/20/i20_03_4.png,tid2013/20/i20.png,31.2467,spatially_correlated_noise,l-14,-2.956316202
t-i20-t-03-5,tid2013,t-i20,t-03,5,0,tid2013/20/i20_03_5.png,tid2013/20/i20.png,31.2467,spatially_correlated_noise,l-14,-3.390340839
t-i20-t-04-1,tid2013,t-i20,t-04,1,0,tid2013/20/i20_04_1.png,tid2013/20/i20.png,31.2467,masked_noise,l-14,-0.397545627
t-i20-t-04-2,tid2013,t-i20,t-04,2,0,tid2013/20/i20_04_2.png,tid2013/20/i20.png,31.2467,masked_noise,l-14,-0.369350549
t-i20-t-04-3,tid2013,t-i20,t-04,3,0,tid2013/20/i20_04_3.png,tid2013/20/i20.png,31.2467,masked_noise,l-14,-0.906741738
t-i20-t-04-4,tid2013,t-i20,t-04,4,0,tid2013/20/i20_04_4.png,tid2013/20/i20.png,31.2467,masked_noise,l-14,-1.200999487
t-i20-t-04-5,tid2013,t-i20,t-04,5,0,tid2013/20/i20_04_5.png,tid2013/20/i20.png,31.2467,masked_noise,l-14,-1.794898462
t-i20-t-05-1,tid2013,t-i20,t-05,1,0,tid2013/20/i20_05_1.png,tid2013/20/i20.png,31.2467,high_frequency_noise,l-14,-0.281846982
t-i20-t-05-2,tid2013,t-i20,t-05,2,0,tid2013/20/i20_05_2.png,tid2013/20/i20.png,31.2467,high_frequency_noise,l-14,-0.445128562
t-i20-t-05-3,tid2013,t-i20,t-05,3,0,tid2013/20/i20_05_3.png,tid2013/20/i20.png,31.2467,high_frequency_noise,l-14,-0.790654761
t-i20-t-05-4,tid2013,t-i20,t-05,4,0,tid2013/20/i20_05_4.png,tid2013/20/i20.png,31.2467,high_frequency_noise,l-14,-1.732208352
t-i20-t-05-5,tid2013,t-i20,t-05,5,0,tid2013/20/i20_05_5.png,tid2013/20/i20.png,31.2467,high_frequency_noise,l-14,-2.971646016
t-i20-t-06-1,tid2013,t-i20,t-06,1,0,tid2013/20/i20_06_1.png,tid2013/20/i20.png,31.2467,impulse_noise,l-14,-1.096400315
t-i20-t-06-2,tid2013,t-i20,t-06,2,0,tid2013/20/i20_06_2.png,tid2013/20/i20.png,31.2467,impulse_noise,l-14,-1.749745735
t-i20-t-06-3,tid2013,t-i20,t-06,3,0,tid2013/20/i20_06_3.png,tid2013/20/i20.png,31.2467,impulse_noise,l-14,-2.150024547
t-i20-t-06-4,tid2013,t-i20,t-06,4,0,tid2013/20/i20_06_4.png,tid2013/20/i20.png,31.2467,impulse_noise,l-14,-2.570704339
t-i20-t-06-5,tid2013,t-i20,t-06,5,0,tid2013/20/i20_06_5.png,tid2013/20/i20.png,31.2467,impulse_noise,l-14,-2.988353861
t-i20-t-07-1,tid2013,t-i20,t-07,1,0,tid2013/20/i20_07_1.png,tid2013/20/i20.png,31.2467,quantization_noise,l-14,-0.720234759
t-i20-t-07-2,tid2013,t-i20,t-07,2,0,tid2013/20/i20_07_2.png,tid2013/20/i20.png,31.2467,quantization_noise,l-14,-1.108654526
t-i20-t-07-3,tid2013,t-i20,t-07,3,0,tid2013/20/i20_07_3.png,tid2013/20/i20.png,31.2467,quantization_noise,l-14,-1.503416414
t-i20-t-07-4,tid2013,t-i20,t-07,4,0,tid2013/20/i20_07_4.png,tid2013/20/i20.png,31.2467,quantization_noise,l-14,-2.07662474
t-i20-t-07-5,tid2013,t-i20,t-07,5,0,tid2013/20/i20_07_5.png,tid2013/20/i20.png,31.2467,quantization_noise,l-14,-2.640018794
t-i20-t-08-1,tid2013,t-i20,t-08,1,0,tid2013/20/i20_08_1.png,tid2013/20/i20.png,31.2467,gaussian_blur,l-14,-0.458888537
t-i20-t-08-2,tid2013,t-i20,t-08,2,0,tid2013/20/i20_08_2.png,tid2013/20/i20.png,31.2467,gaussian_blur,l-14,-0.789487511
t-i20-t-08-3,tid2013,t-i20,t-08,3,0,tid2013/20/i20_08_3.png,tid2013/20/i20.png,31.2467,gaussian_blur,l-14,-1.626001876
t-i20-t-08-4,tid2013,t-i20,t-08,4,0,tid2013/20/i20_08_4.png,tid2013/20/i20.png,31.2467,gaussian_blur,l-14,-2.409201369
t-i20-t-08-5,tid2013,t-i20,t-08,5,0,tid2013/20/i20_08_5.png,tid2013/20/i20.png,31.2467,gaussian_blur,l-14,-3.531783325
t-i20-t-09-1,tid2013,t-i20,t-09,1,0,tid2013/20/i20_09_1.png,tid2013/20/i20.png,31.2467,image_denoising,l-14,0.004518918
t-i20-t-09-2,tid2013,t-i20,t-09,2,0,tid2013/20/i20_09_2.png,tid2013/20/i20.png,31.2467,image_denoising,l-14,-0.321231206
t-i20-t-09-3,tid2013,t-i20,t-09,3,0,tid2013/20/i20_09_3.png,tid2013/20/i20.png,31.2467,image_denoising,l-14,-0.68585406
t-i20-t-09-4,tid2013,t-i20,t-09,4,0,tid2013/20/i20_09_4.png,tid2013/20/i20.png,31.2467,image_denoising,l-14,-2.194034131
t-i20-t-09-5,tid2013,t-i20,t-09,5,0,tid2013/20/i20_09_5.png,tid2013/20/i20.png,31.2467,image_denoising,l-14,-4.081345349
t-i20-t-10-1,tid2013,t-i20,t-10,1,0,tid2013/20/i20_10_1.png,tid2013/20/i20.png,31.2467,JPEG_compression,l-14,-0.179620152
t-i20-t-10-2,tid2013,t-i20,t-10,2,0,tid2013/20/i20_10_2.png,tid2013/20/i20.png,31.2467,JPEG_compression,l-14,-0.367878036
t-i20-t-10-3,tid2013,t-i20,t-10,3,0,tid2013/20/i20_10_3.png,tid2013/20/i20.png,31.2467,JPEG_compression,l-14,-0.980904644
t-i20-t-10-4,tid2013,t-i20,t-10,4,0,tid2013/20/i20_10_4.png,tid2013/20/i20.png,31.2467,JPEG_compression,l-14,-2.392484898
t-i20-t-10-5,tid2013,t-i20,t-10,5,0,tid2013/20/i20_10_5.png,tid2013/20/i20.png,31.2467,JPEG_compression,l-14,-3.602634498
t-i20-t-11-1,tid2013,t-i20,t-11,1,0,tid2013/20/i20_11_1.png,tid2013/20/i20.png,31.2467,JPEG2000_compression,l-14,-0.553289022
t-i20-t-11-2,tid2013,t-i20,t-11,2,0,tid2013/20/i20_11_2.png,tid2013/20/i20.png,31.2467,JPEG2000_compression,l-14,-0.980778018
t-i20-t-11-3,tid2013,t-i20,t-11,3,0,tid2013/20/i20_11_3.png,tid2013/20/i20.png,31.2467,JPEG2000_compression,l-14,-2.416843571
t-i20-t-11-4,tid2013,t-i20,t-11,4,0,tid2013/20/i20_11_4.png,tid2013/20/i20.png,31.2467,JPEG2000_compression,l-14,-4.053885907
t-i20-t-11-5,tid2013,t-i20,t-11,5,0,tid2013/20/i20_11_5.png,tid2013/20/i20.png,31.2467,JPEG2000_compression,l-14,-5.715351806
t-i20-t-12-1,tid2013,t-i20,t-12,1,0,tid2013/20/i20_12_1.png,tid2013/20/i20.png,31.2467,JPEG_transmission_errors,l-14,-0.139971441
t-i20-t-12-2,tid2013,t-i20,t-12,2,0,tid2013/20/i20_12_2.png,tid2013/20/i20.png,31.2467,JPEG_transmission_errors,l-14,-0.708874197
t-i20-t-12-3,tid2013,t-i20,t-12,3,0,tid2013/20/i20_12_3.png,tid2013/20/i20.png,31.2467,JPEG_transmission_errors,l-14,-1.426701569
t-i20-t-12-4,tid2013,t-i20,t-12,4,0,tid2013/20/i20_12_4.png,tid2013/20/i20.png,31.2467,JPEG_transmission_errors,l-14,-1.758325119
t-i20-t-12-5,tid2013,t-i20,t-12,5,0,tid2013/20/i20_12_5.png,tid2013/20/i20.png,31.2467,JPEG_transmission_errors,l-14,-3.707597029
t-i20-t-13-1,tid2013,t-i20,t-13,1,0,tid2013/20/i20_13_1.png,tid2013/20/i20.png,31.2467,JPEG2000_transmission_errors,l-14,-0.879358261
t-i20-t-13-2,tid2013,t-i20,t-13,2,0,tid2013/20/i20_13_2.png,tid2013/20/i20.png,31.2467,JPEG2000_transmission_errors,l-14,-2.159357638
t-i20-t-13-3,tid2013,t-i20,t-13,3,0,tid2013/20/i20_13_3.png,tid2013/20/i20.png,31.2467,JPEG2000_transmission_errors,l-14,-2.194263487
t-i20-t-13-4,tid2013,t-i20,t-13,4,0,tid2013/20/i20_13_4.png,tid2013/20/i20.png,31.2467,JPEG2000_transmission_errors,l-14,-3.203686018
t-i20-t-13-5,tid2013,t-i20,t-13,5,0,tid2013/20/i20_13_5.png,tid2013/20/i20.png,31.2467,JPEG2000_transmission_errors,l-14,-4.346940406
t-i20-t-14-1,tid2013,t-i20,t-14,1,0,tid2013/20/i20_14_1.png,tid2013/20/i20.png,31.2467,non_eccentricity_pattern_noise,l-14,-0.246499303
t-i20-t-14-2,tid2013,t-i20,t-14,2,0,tid2013/20/i20_14_2.png,tid2013/20/i20.png,31.2467,non_eccentricity_pattern_noise,l-14,-0.37684618
t-i20-t-14-3,tid2013,t-i20,t-14,3,0,tid2013/20/i20_14_3.png,tid2013/20/i20.png,31.2467,non_eccentricity_pattern_noise,l-14,-1.256950422
t-i20-t-14-4,tid2013,t-i20,t-14,4,0,tid2013/20/i20_14_4.png,tid2013/20/i20.png,31.2467,non_eccentricity_pattern_noise,l-14,-1.931180353
t-i20-t-14-5,tid2013,t-i20,t-14,5,0,tid2013/20/i20_14_5.png,tid2013/20/i20.png,31.2467,non_eccentricity_pattern_noise,l-14,-2.477564588
t-i20-t-15-1,tid2013,t-i20,t-15,1,0,tid2013/20/i20_15_1.png,tid2013/20/i20.png,31.2467,local_block_wise_distortions_of_different_intensity,l-14,-2.830692505
t-i20-t-15-2,tid2013,t-i20,t-15,2,0,tid2013/20/i20_15_2.png,tid2013/20/i20.png,31.2467,local_block_wise_distortions_of_different_intensity,l-14,-2.654481107
t-i20-t-15-3,tid2013,t-i20,t-15,3,0,tid2013/20/i20_15_3.png,tid2013/20/i20.png,31.2467,local_block_wise_distortions_of_different_intensity,l-14,-2.189152302
t-i20-t-15-4,tid2013,t-i20,t-15,4,0,tid2013/20/i20_15_4.png,tid2013/20/i20.png,31.2467,local_block_wise_distortions_of_different_intensity,l-14,-2.018847273
t-i20-t-15-5,tid2013,t-i20,t-15,5,0,tid2013/20/i20_15_5.png,tid2013/20/i20.png,31.2467,local_block_wise_distortions_of_different_intensity,l-14,-1.654762836
t-i20-t-16-1,tid2013,t-i20,t-16,1,0,tid2013/20/i20_16_1.png,tid2013/20/i20.png,31.2467,intensity_shift,l-14,-0.198784027
t-i20-t-16-2,tid2013,t-i20,t-16,2,0,tid2013/20/i20_16_2.png,tid2013/20/i20.png,31.2467,intensity_shift,l-14,-0.133557492
t-i20-t-16-3,tid2013,t-i20,t-16,3,0,tid2013/20/i20_16_3.png,tid2013/20/i20.png,31.2467,intensity_shift,l-14,-0.50206576
t-i20-t-16-4,tid2013,t-i20,t-16,4,0,tid2013/20/i20_16_4.png,tid2013/20/i20.png,31.2467,intensity_shift,l-14,-0.703425198
t-i20-t-16-5,tid2013,t-i20,t-16,5,0,tid2013/20/i20_16_5.png,tid2013/20/i20.png,31.2467,intensity_shift,l-14,-1.229228937
t-i20-t-17-1,tid2013,t-i20,t-17,1,0,tid2013/20/i20_17_1.png,tid2013/20/i20.png,31.2467,contrast_change,l-14,-0.567830718
t-i20-t-17-2,tid2013,t-i20,t-17,2,0,tid2013/20/i20_17_2.png,tid2013/20/i20.png,31.2467,contrast_change,l-14,0.033797052
t-i20-t-17-3,tid2013,t-i20,t-17,3,0,tid2013/20/i20_17_3.png,tid2013/20/i20.png,31.2467,contrast_change,l-14,-1.53865534
t-i20-t-17-4,tid2013,t-i20,t-17,4,0,tid2013/20/i20_17_4.png,tid2013/20/i20.png,31.2467,contrast_change,l-14,-0.419599968
t-i20-t-17-5,tid2013,t-i20,t-17,5,0,tid2013/20/i20_17_5.png,tid2013/20/i20.png,31.2467,contrast_change,l-14,-2.542399653
t-i20-t-18-1,tid2013,t-i20,t-18,1,0,tid2013/20/i20_18_1.png,tid2013/20/i20.png,31.2467,change_of_color_saturation,l-14,-0.484123086
t-i20-t-18-2,tid2013,t-i20,t-18,2,0,tid2013/20/i20_18_2.png,tid2013/20/i20.png,31.2467,change_of_color_saturation,l-14,-0.788449315
t-i20-t-18-3,tid2013,t-i20,t-18,3,0,tid2013/20/i20_18_3.png,tid2013/20/i20.png,31.2467,change_of_color_saturation,l-14,-1.300052451
t-i20-t-18-4,tid2013,t-i20,t-18,4,0,tid2013/20/i20_18_4.png,tid2013/20/i20.png,31.2467,change_of_color_saturation,l-14,-1.621790652
t-i20-t-18-5,tid2013,t-i20,t-18,5,0,tid2013/20/i20_18_5.png,tid2013/20/i20.png,31.2467,change_of_color_saturation,l-14,-1.889605115
t-i20-t-19-1,tid2013,t-i20,t-19,1,0,tid2013/20/i20_19_1.png,tid2013/20/i20.png,31.2467,multiplicative_gaussian_noise,l-14,-0.427546322
t-i20-t-19-2,tid2013,t-i20,t-19,2,0,tid2013/20/i20_19_2.png,tid2013/20/i20.png,31.2467,multiplicative_gaussian_noise,l-14,-0.80634021
t-i20-t-19-3,tid2013,t-i20,t-19,3,0,tid2013/20/i20_19_3.png,tid2013/20/i20.png,31.2467,multiplicative_gaussian_noise,l-14,-1.294592396
t-i20-t-19-4,tid2013,t-i20,t-19,4,0,tid2013/20/i20_19_4.png,tid2013/20/i20.png,31.2467,multiplicative_gaussian_noise,l-14,-1.913427874
t-i20-t-19-5,tid2013,t-i20,t-19,5,0,tid2013/20/i20_19_5.png,tid2013/20/i20.png,31.2467,multiplicative_gaussian_noise,l-14,-2.587491537
t-i20-t-20-1,tid2013,t-i20,t-20,1,0,tid2013/20/i20_20_1.png,tid2013/20/i20.png,31.2467,comfort_noise,l-14,-0.239639366
t-i20-t-20-2,tid2013,t-i20,t-20,2,0,tid2013/20/i20_20_2.png,tid2013/20/i20.png,31.2467,comfort_noise,l-14,-0.544767583
t-i20-t-20-3,tid2013,t-i20,t-20,3,0,tid2013/20/i20_20_3.png,tid2013/20/i20.png,31.2467,comfort_noise,l-14,-1.280044486
t-i20-t-20-4,tid2013,t-i20,t-20,4,0,tid2013/20/i20_20_4.png,tid2013/20/i20.png,31.2467,comfort_noise,l-14,-2.376958171
t-i20-t-20-5,tid2013,t-i20,t-20,5,0,tid2013/20/i20_20_5.png,tid2013/20/i20.png,31.2467,comfort_noise,l-14,-3.348420693
t-i20-t-21-1,tid2013,t-i20,t-21,1,0,tid2013/20/i20_21_1.png,tid2013/20/i20.png,31.2467,lossy_compression_of_noisy_images,l-14,-0.545165461
t-i20-t-21-2,tid2013,t-i20,t-21,2,0,tid2013/20/i20_21_2.png,tid2013/20/i20.png,31.2467,lossy_compression_of_noisy_images,l-14,-1.234179012
t-i20-t-21-3,tid2013,t-i20,t-21,3,0,tid2013/20/i20_21_3.png,tid2013/20/i20.png,31.2467,lossy_compression_of_noisy_images,l-14,-1.930431486
t-i20-t-21-4,tid2013,t-i20,t-21,4,0,tid2013/20/i20_21_4.png,tid2013/20/i20.png,31.2467,lossy_compression_of_noisy_images,l-14,-2.764333479
t-i20-t-21-5,tid2013,t-i20,t-21,5,0,tid2013/20/i20_21_5.png,tid2013/20/i20.png,31.2467,lossy_compression_of_noisy_images,l-14,-3.617779811
t-i20-t-22-1,tid2013,t-i20,t-22,1,0,tid2013/20/i20_22_1.png,tid2013/20/i20.png,31.2467,image_color_quantization_with_dither,l-14,-0.313930816
t-i20-t-22-2,tid2013,t-i20,t-22,2,0,tid2013/20/i20_22_2.png,tid2013/20/i20.png,31.2467,image_color_quantization_with_dither,l-14,-0.800568778
t-i20-t-22-3,tid2013,t-i20,t-22,3,0,tid2013/20/i20_22_3.png,tid2013/20/i20.png,31.2467,image_color_quantization_with_dither,l-14,-1.375248815
t-i20-t-22-4,tid2013,t-i20,t-22,4,0,tid2013/20/i20_22_4.png,tid2013/20/i20.png,31.2467,image_color_quantization_with_dither,l-14,-1.685915659
t-i20-t-22-5,tid2013,t-i20,t-22,5,0,tid2013/20/i20_22_5.png,tid2013/20/i20.png,31.2467,image_color_quantization_with_dither,l-14,-2.247085434
t-i20-t-23-1,tid2013,t-i20,t-23,1,0,tid2013/20/i20_23_1.png,tid2013/20/i20.png,31.2467,chromatic_aberrations,l-14,-0.245710395
t-i20-t-23-2,tid2013,t-i20,t-23,2,0,tid2013/20/i20_23_2.png,tid2013/20/i20.png,31.2467,chromatic_aberrations,l-14,-0.172495027
t-i20-t-23-3,tid2013,t-i20,t-23,3,0,tid2013/20/i20_23_3.png,tid2013/20/i20.png,31.2467,chromatic_aberrations,l-14,-0.351180471
t-i20-t-23-4,tid2013,t-i20,t-23,4,0,tid2013/20/i20_23_4.png,tid2013/20/i20.png,31.2467,chromatic_aberrations,l-14,-1.116344001
t-i20-t-23-5,tid2013,t-i20,t-23,5,0,tid2013/20/i20_23_5.png,tid2013/20/i20.png,31.2467,chromatic_aberrations,l-14,-3.055318704
t-i20-t-24-1,tid2013,t-i20,t-24,1,0,tid2013/20/i20_24_1.png,tid2013/20/i20.png,31.2467,sparse_sampling_and_reconstruction,l-14,-0.365893179
t-i20-t-24-2,tid2013,t-i20,t-24,2,0,tid2013/20/i20_24_2.png,tid2013/20/i20.png,31.2467,sparse_sampling_and_reconstruction,l-14,-0.895257997
t-i20-t-24-3,tid2013,t-i20,t-24,3,0,tid2013/20/i20_24_3.png,tid2013/20/i20.png,31.2467,sparse_sampling_and_reconstruction,l-14,-2.34339652
t-i20-t-24-4,tid2013,t-i20,t-24,4,0,tid2013/20/i20_24_4.png,tid2013/20/i20.png,31.2467,sparse_sampling_and_reconstruction,l-14,-4.236585369
t-i20-t-24-5,tid2013,t-i20,t-24,5,0,tid2013/20/i20_24_5.png,tid2013/20/i20.png,31.2467,sparse_sampling_and_reconstruction,l-14,-5.305409417
t-i21-t-01-1,tid2013,t-i21,t-01,1,0,tid2013/21/i21_01_1.png,tid2013/21/i21.png,31.2467,additive_gaussian_noise,l-06,-0.663503739
t-i21-t-01-2,tid2013,t-i21,t-01,2,0,tid2013/21/i21_01_2.png,tid2013/21/i21.png,31.2467,additive_gaussian_noise,l-06,-1.108465449
t-i21-t-01-3,tid2013,t-i21,t-01,3,0,tid2013/21/i21_01_3.png,tid2013/21/i21.png,31.2467,additive_gaussian_noise,l-06,-1.558846202
t-i21-t-01-4,tid2013,t-i21,t-01,4,0,tid2013/21/i21_01_4.png,tid2013/21/i21.png,31.2467,additive_gaussian_noise,l-06,-2.242689373
t-i21-t-01-5,tid2013,t-i21,t-01,5,0,tid2013/21/i21_01_5.png,tid2013/21/i21.png,31.2467,additive_gaussian_noise,l-06,-2.580167107
t-i21-t-02-1,tid2013,t-i21,t-02,1,0,tid2013/21/i21_02_1.png,tid2013/21/i21.png,31.2467,additive_noise_in_color_more_intensive_than_additive_noise_in_the_luminance,l-06,-0.365497071
t-i21-t-02-2,tid2013,t-i21,t-02,2,0,tid2013/21/i21_02_2.png,tid2013/21/i21.png,31.2467,additive_noise_in_color_more_intensive_than_additive_noise_in_the_luminance,l-06,-0.576647891
t-i21-t-02-3,tid2013,t-i21,t-02,3,0,tid2013/21/i21_02_3.png,tid2013/21/i21.png,31.2467,additive_noise_in_color_more_intensive_than_additive_noise_in_the_luminance,l-06,-0.634733726
t-i21-t-02-4,tid2013,t-i21,t-02,4,0,tid2013/21/i21_02_4.png,tid2013/21/i21.png,31.2467,additive_noise_in_color_more_intensive_than_additive_noise_in_the_luminance,l-06,-1.20707223
t-i21-t-02-5,tid2013,t-i21,t-02,5,0,tid2013/21/i21_02_5.png,tid2013/21/i21.png,31.2467,additive_noise_in_color_more_intensive_than_additive_noise_in_the_luminance,l-06,-1.779713749
t-i21-t-03-1,tid2013,t-i21,t-03,1,0,tid2013/21/i21_03_1.png,tid2013/21/i21.png,31.2467,spatially_correlated_noise,l-06,-1.735621726
t-i21-t-03-2,tid2013,t-i21,t-03,2,0,tid2013/21/i21_03_2.png,tid2013/21/i21.png,31.2467,spatially_correlated_noise,l-06,-2.229058629
t-i21-t-03-3,tid2013,t-i21,t-03,3,0,tid2013/21/i21_03_3.png,tid2013/21/i21.png,31.2467,spatially_correlated_noise,l-06,-2.937614352
t-i21-t-03-4,tid2013,t-i21,t-03,4,0,tid2013/21/i21_03_4.png,tid2013/21/i21.png,31.2467,spatially_correlated_noise,l-06,-3.266720481
t-i21-t-03-5,tid2013,t-i21,t-03,5,0,tid2013/21/i21_03_5.png,tid2013/21/i21.png,31.2467,spatially_correlated_noise,l-06,-3.875184638
t-i21-t-04-1,tid2013,t-i21,t-04,1,0,tid2013/21/i21_04_1.png,tid2013/21/i21.png,31.2467,masked_noise,l-06,-0.3077397
t-i21-t-04-2,tid2013,t-i21,t-04,2,0,tid2013/21/i21_04_2.png,tid2013/21/i21.png,31.2467,masked_noise,l-06,-0.222637147
t-i21-t-04-3,tid2013,t-i21,t-04,3,0,tid2013/21/i21_04_3.png,tid2013/21/i21.png,31.2467,masked_noise,l-06,-0.77460577
t-i21-t-04-4,tid2013,t-i21,t-04,4,0,tid2013/21/i21_04_4.png,tid2013/21/i21.png,31.2467,masked_noise,l-06,-0.756407583
t-i21-t-04-5,tid2013,t-i21,t-04,5,0,tid2013/21/i21_04_5.png,tid2013/21/i21.png,31.2467,masked_noise,l-06,-1.240774143
t-i21-t-05-1,tid2013,t-i21,t-05,1,0,tid2013/21/i21_05_1.png,tid2013/21/i21.png,31.2467,high_frequency_noise,l-06,-0.43509048
t-i21-t-05-2,tid2013,t-i21,t-05,2,0,tid2013/21/i21_05_2.png,tid2013/21/i21.png,31.2467,high_frequency_noise,l-06,-0.368973977
t-i21-t-05-3,tid2013,t-i21,t-05,3,0,tid2013/21/i21_05_3.png,tid2013/21/i21.png,31.2467,high_frequency_noise,l-06,-0.995215287
t-i21-t-05-4,tid2013,t-i21,t-05,4,0,tid2013/21/i21_05_4.png,tid2013/21/i21.png,31.2467,high_frequency_noise,l-06,-2.283445157
t-i21-t-05-5,tid2013,t-i21,t-05,5,0,tid2013/21/i21_05_5.png,tid2013/21/i21.png,31.2467,high_frequency_noise,l-06,-3.24224513
t-i21-t-06-1,tid2013,t-i21,t-06,1,0,tid2013/21/i21_06_1.png,tid2013/21/i21.png,31.2467,impulse_noise,l-06,-1.183700802
t-i21-t-06-2,tid2013,t-i21,t-06,2,0,tid2013/21/i21_06_2.png,tid2013/21/i21.png,31.2467,impulse_noise,l-06,-1.619848475
t-i21-t-06-3,tid2013,t-i21,t-06,3,0,tid2013/21/i21_06_3.png,tid2013/21/i21.png,31.2467,impulse_noise,l-06,-2.117190526
t-i21-t-06-4,tid2013,t-i21,t-06,4,0,tid2013/21/i21_06_4.png,tid2013/21/i21.png,31.2467,impulse_noise,l-06,-2.721229669
t-i21-t-06-5,tid2013,t-i21,t-06,5,0,tid2013/21/i21_06_5.png,tid2013/21/i21.png,31.2467,impulse_noise,l-06,-3.251320537
t-i21-t-07-1,tid2013,t-i21,t-07,1,0,tid2013/21/i21_07_1.png,tid2013/21/i21.png,31.2467,quantization_noise,l-06,-1.04315626
t-i21-t-07-2,tid2013,t-i21,t-07,2,0,tid2013/21/i21_07_2.png,tid2013/21/i21.png,31.2467,quantization_noise,l-06,-1.523726634
t-i21-t-07-3,tid2013,t-i21,t-07,3,0,tid2013/21/i21_07_3.png,tid2013/21/i21.png,31.2467,quantization_noise,l-06,-1.886951326
t-i21-t-07-4,tid2013,t-i21,t-07,4,0,tid2013/21/i21_07_4.png,tid2013/21/i21.png,31.2467,quantization_noise,l-06,-2.553112934
t-i21-t-07-5,tid2013,t-i21,t-07,5,0,tid2013/21/i21_07_5.png,tid2013/21/i21.png,31.2467,quantization_noise,l-06,-2.98212194
t-i21-t-08-1,tid2013,t-i21,t-08,1,0,tid2013/21/i21_08_1.png,tid2013/21/i21.png,31.2467,gaussian_blur,l-06,-0.611153853
t-i21-t-08-2,tid2013,t-i21,t-08,2,0,tid2013/21/i21_08_2.png,tid2013/21/i21.png,31.2467,gaussian_blur,l-06,-1.13809751
t-i21-t-08-3,tid2013,t-i21,t-08,3,0,tid2013/21/i21_08_3.png,tid2013/21/i21.png,31.2467,gaussian_blur,l-06,-2.121315154
t-i21-t-08-4,tid2013,t-i21,t-08,4,0,tid2013/21/i21_08_4.png,tid2013/21/i21.png,31.2467,gaussian_blur,l-06,-3.127410797
t-i21-t-08-5,tid2013,t-i21,t-08,5,0,tid2013/21/i21_08_5.png,tid2013/21/i21.png,31.2467,gaussian_blur,l-06,-4.369199396
t-i21-t-09-1,tid2013,t-i21,t-09,1,0,tid2013/21/i21_09_1.png,tid2013/21/i21.png,31.2467,image_denoising,l-06,-0.109363675
t-i21-t-09-2,tid2013,t-i21,t-09,2,0,tid2013/21/i21_09_2.png,tid2013/21/i21.png,31.2467,image_denoising,l-06,-0.241764038
t-i21-t-09-3,tid2013,t-i21,t-09,3,0,tid2013/21/i21_09_3.png,tid2013/21/i21.png,31.2467,image_denoising,l-06,-0.788890774
t-i21-t-09-4,tid2013,t-i21,t-09,4,0,tid2013/21/i21_09_4.png,tid2013/21/i21.png,31.2467,image_denoising,l-06,-2.455354842
t-i21-t-09-5,tid2013,t-i21,t-09,5,0,tid2013/21/i21_09_5.png,tid2013/21/i21.png,31.2467,image_denoising,l-06,-4.387879091
t-i21-t-10-1,tid2013,t-i21,t-10,1,0,tid2013/21/i21_10_1.png,tid2013/21/i21.png,31.2467,JPEG_compression,l-06,-0.153260396
t-i21-t-10-2,tid2013,t-i21,t-10,2,0,tid2013/21/i21_10_2.png,tid2013/21/i21.png,31.2467,JPEG_compression,l-06,-0.484127114
t-i21-t-10-3,tid2013,t-i21,t-10,3,0,tid2013/21/i21_10_3.png,tid2013/21/i21.png,31.2467,JPEG_compression,l-06,-1.198419772
t-i21-t-10-4,tid2013,t-i21,t-10,4,0,tid2013/21/i21_10_4.png,tid2013/21/i21.png,31.2467,JPEG_compression,l-06,-2.850936337
t-i21-t-10-5,tid2013,t-i21,t-10,5,0,tid2013/21/i21_10_5.png,tid2013/21/i21.png,31.2467,JPEG_compression,l-06,-4.651220068
t-i21-t-11-1,tid2013,t-i21,t-11,1,0,tid2013/21/i21_11_1.png,tid2013/21/i21.png,31.2467,JPEG2000_compression,l-06,-0.275681567
t-i21-t-11-2,tid2013,t-i21,t-11,2,0,tid2013/21/i21_11_2.png,tid2013/21/i21.png,31.2467,JPEG2000_compression,l-06,-0.70664651
t-i21-t-11-3,tid2013,t-i21,t-11,3,0,tid2013/21/i21_11_3.png,tid2013/21/i21.png,31.2467,JPEG2000_compression,l-06,-1.207308696
t-i21-t-11-4,tid2013,t-i21,t-11,4,0,tid2013/21/i21_11_4.png,tid2013/21/i21.png,31.2467,JPEG2000_compression,l-06,-2.911984692
t-i21-t-11-5,tid2013,t-i21,t-11,5,0,tid2013/21/i21_11_5.png,tid2013/21/i21.png,31.2467,JPEG2000_compression,l-06,-5.492051255
t-i21-t-12-1,tid2013,t-i21,t-12,1,0,tid2013/21/i21_12_1.png,tid2013/21/i21.png,31.2467,JPEG_transmission_errors,l-06,-0.371532006
t-i21-t-12-2,tid2013,t-i21,t-12,2,0,tid2013/21/i21_12_2.png,tid2013/21/i21.png,31.2467,JPEG_transmission_errors,l-06,-1.34711739
t-i21-t-12-3,tid2013,t-i21,t-12,3,0,tid2013/21/i21_12_3.png,tid2013/21/i21.png,31.2467,JPEG_transmission_errors,l-06,-0.227923294
t-i21-t-12-4,tid2013,t-i21,t-12,4,0,tid2013/21/i21_12_4.png,tid2013/21/i21.png,31.2467,JPEG_transmission_errors,l-06,-0.446243645
t-i21-t-12-5,tid2013,t-i21,t-12,5,0,tid2013/21/i21_12_5.png,tid2013/21/i21.png,31.2467,JPEG_transmission_errors,l-06,-4.475474196
t-i21-t-13-1,tid2013,t-i21,t-13,1,0,tid2013/21/i21_13_1.png,tid2013/21/i21.png,31.2467,JPEG2000_transmission_errors,l-06,-1.555606924
t-i21-t-13-2,tid2013,t-i21,t-13,2,0,tid2013/21/i21_13_2.png,tid2013/21/i21.png,31.2467,JPEG2000_transmission_errors,l-06,-2.406758372
t-i21-t-13-3,tid2013,t-i21,t-13,3,0,tid2013/21/i21_13_3.png,tid2013/21/i21.png,31.2467,JPEG2000_transmission_errors,l-06,-3.095601195
t-i21-t-13-4,tid2013,t-i21,t-13,4,0,tid2013/21/i21_13_4.png,tid2013/21/i21.png,31.2467,JPEG2000_transmission_errors,l-06,-3.995959072
t-i21-t-13-5,tid2013,t-i21,t-13,5,0,tid2013/21/i21_13_5.png,tid2013/21/i21.png,31.2467,JPEG2000_transmission_errors,l-06,-3.92393886
t-i21-t-14-1,tid2013,t-i21,t-14,1,0,tid2013/21/i21_14_1.png,tid2013/21/i21.png,31.2467,non_eccentricity_pattern_noise,l-06,-0.34776383
t-i21-t-14-2,tid2013,t-i21,t-14,2,0,tid2013/21/i21_14_2.png,tid2013/21/i21.png,31.2467,non_eccentricity_pattern_noise,l-06,-0.097424444
t-i21-t-14-3,tid2013,t-i21,t-14,3,0,tid2013/21/i21_14_3.png,tid2013/21/i21.png,31.2467,non_eccentricity_pattern_noise,l-06,-0.246872411
t-i21-t-14-4,tid2013,t-i21,t-14,4,0,tid2013/21/i21_14_4.png,tid2013/21/i21.png,31.2467,non_eccentricity_pattern_noise,l-06,-1.798436489
t-i21-t-14-5,tid2013,t-i21,t-14,5,0,tid2013/21/i21_14_5.png,tid2013/21/i21.png,31.2467,non_eccentricity_pattern_noise,l-06,-2.404276452
t-i21-t-15-1,tid2013,t-i21,t-15,1,0,tid2013/21/i21_15_1.png,tid2013/21/i21.png,31.2467,local_block_wise_distortions_of_different_intensity,l-06,-3.289622511
t-i21-t-15-2,tid2013,t-i21,t-15,2,0,tid2013/21/i21_15_2.png,tid2013/21/i21.png,31.2467,local_block_wise_distortions_of_different_intensity,l-06,-2.879105913
t-i21-t-15-3,tid2013,t-i21,t-15,3,0,tid2013/21/i21_15_3.png,tid2013/21/i21.png,31.2467,local_block_wise_distortions_of_different_intensity,l-06,-2.567483859
t-i21-t-15-4,tid2013,t-i21,t-15,4,0,tid2013/21/i21_15_4.png,tid2013/21/i21.png,31.2467,local_block_wise_distortions_of_different_intensity,l-06,-2.35593105
t-i21-t-15-5,tid2013,t-i21,t-15,5,0,tid2013/21/i21_15_5.png,tid2013/21/i21.png,31.2467,local_block_wise_distortions_of_different_intensity,l-06,-2.432159752
t-i21-t-16-1,tid2013,t-i21,t-16,1,0,tid2013/21/i21_16_1.png,tid2013/21/i21.png,31.2467,intensity_shift,l-06,-0.219469664
t-i21-t-16-2,tid2013,t-i21,t-16,2,0,tid2013/21/i21_16_2.png,tid2013/21/i21.png,31.2467,intensity_shift,l-06,-0.298793051
t-i21-t-16-3,tid2013,t-i21,t-16,3,0,tid2013/21/i21_16_3.png,tid2013/21/i21.png,31.2467,intensity_shift,l-06,-0.484046313
t-i21-t-16-4,tid2013,t-i21,t-16,4,0,tid2013/21/i21_16_4.png,tid2013/21/i21.png,31.2467,intensity_shift,l-06,-0.902840841
t-i21-t-16-5,tid2013,t-i21,t-16,5,0,tid2013/21/i21_16_5.png,tid2013/21/i21.png,31.2467,intensity_shift,l-06,-1.391619255
t-i21-t-17-1,tid2013,t-i21,t-17,1,0,tid2013/21/i21_17_1.png,tid2013/21/i21.png,31.2467,contrast_change,l-06,-0.671716259
t-i21-t-17-2,tid2013,t-i21,t-17,2,0,tid2013/21/i21_17_2.png,tid2013/21/i21.png,31.2467,contrast_change,l-06,-0.169314
t-i21-t-17-3,tid2013,t-i21,t-17,3,0,tid2013/21/i21_17_3.png,tid2013/21/i21.png,31.2467,contrast_change,l-06,-1.613886449
t-i21-t-17-4,tid2013,t-i21,t-17,4,0,tid2013/21/i21_17_4.png,tid2013/21/i21.png,31.2467,contrast_change,l-06,-0.274918288
t-i21-t-17-5,tid2013,t-i21,t-17,5,0,tid2013/21/i21_17_5.png,tid2013/21/i21.png,31.2467,contrast_change,l-06,-2.732354558
t-i21-t-18-1,tid2013,t-i21,t-18,1,0,tid2013/21/i21_18_1.png,tid2013/21/i21.png,31.2467,change_of_color_saturation,l-06,-1.230610495
t-i21-t-18-2,tid2013,t-i21,t-18,2,0,tid2013/21/i21_18_2.png,tid2013/21/i21.png,31.2467,change_of_color_saturation,l-06,-1.669223461
t-i21-t-18-3,tid2013,t-i21,t-18,3,0,tid2013/21/i21_18_3.png,tid2013/21/i21.png,31.2467,change_of_color_saturation,l-06,-1.889867778
t-i21-t-18-4,tid2013,t-i21,t-18,4,0,tid2013/21/i21_18_4.png,tid2013/21/i21.png,31.2467,change_of_color_saturation,l-06,-2.254805672
t-i21-t-18-5,tid2013,t-i21,t-18,5,0,tid2013/21/i21_18_5.png,tid2013/21/i21.png,31.2467,change_of_color_saturation,l-06,-2.392636105
t-i21-t-19-1,tid2013,t-i21,t-19,1,0,tid2013/21/i21_19_1.png,tid2013/21/i21.png,31.2467,multiplicative_gaussian_noise,l-06,-0.726818266
t-i21-t-19-2,tid2013,t-i21,t-19,2,0,tid2013/21/i21_19_2.png,tid2013/21/i21.png,31.2467,multiplicative_gaussian_noise,l-06,-1.2361759
t-i21-t-19-3,tid2013,t-i21,t-19,3,0,tid2013/21/i21_19_3.png,tid2013/21/i21.png,31.2467,multiplicative_gaussian_noise,l-06,-1.991917008
t-i21-t-19-4,tid2013,t-i21,t-19,4,0,tid2013/21/i21_19_4.png,tid2013/21/i21.png,31.2467,multiplicative_gaussian_noise,l-06,-2.413651925
t-i21-t-19-5,tid2013,t-i21,t-19,5,0,tid2013/21/i21_19_5.png,tid2013/21/i21.png,31.2467,multiplicative_gaussian_noise,l-06,-2.845147691
t-i21-t-20-1,tid2013,t-i21,t-20,1,0,tid2013/21/i21_20_1.png,tid2013/21/i21.png,31.2467,comfort_noise,l-06,-0.207896433
t-i21-t-20-2,tid2013,t-i21,t-20,2,0,tid2013/21/i21_20_2.png,tid2013/21/i21.png,31.2467,comfort_noise,l-06,-0.446893682
t-i21-t-20-3,tid2013,t-i21,t-20,3,0,tid2013/21/i21_20_3.png,tid2013/21/i21.png,31.2467,comfort_noise,l-06,-0.475670397
t-i21-t-20-4,tid2013,t-i21,t-20,4,0,tid2013/21/i21_20_4.png,tid2013/21/i21.png,31.2467,comfort_noise,l-06,-1.164920696
t-i21-t-20-5,tid2013,t-i21,t-20,5,0,tid2013/21/i21_20_5.png,tid2013/21/i21.png,31.2467,comfort_noise,l-06,-2.27357333
t-i21-t-21-1,tid2013,t-i21,t-21,1,0,tid2013/21/i21_21_1.png,tid2013/21/i21.png,31.2467,lossy_compression_of_noisy_images,l-06,-0.587897924
t-i21-t-21-2,tid2013,t-i21,t-21,2,0,tid2013/21/i21_21_2.png,tid2013/21/i21.png,31.2467,lossy_compression_of_noisy_images,l-06,-0.923540356
t-i21-t-21-3,tid2013,t-i21,t-21,3,0,tid2013/21/i21_21_3.png,tid2013/21/i21.png,31.2467,lossy_compression_of_noisy_images,l-06,-1.58607604
t-i21-t-21-4,tid2013,t-i21,t-21,4,0,tid2013/21/i21_21_4.png,tid2013/21/i21.png,31.2467,lossy_compression_of_noisy_images,l-06,-2.443657769
t-i21-t-21-5,tid2013,t-i21,t-21,5,0,tid2013/21/i21_21_5.png,tid2013/21/i21.png,31.2467,lossy_compression_of_noisy_images,l-06,-3.621231922
t-i21-t-22-1,tid2013,t-i21,t-22,1,0,tid2013/21/i21_22_1.png,tid2013/21/i21.png,31.2467,image_color_quantization_with_dither,l-06,-0.695981544
t-i21-t-22-2,tid2013,t-i21,t-22,2,0,tid2013/21/i21_22_2.png,tid2013/21/i21.png,31.2467,image_color_quantization_with_dither,l-06,-0.632726481
t-i21-t-22-3,tid2013,t-i21,t-22,3,0,tid2013/21/i21_22_3.png,tid2013/21/i21.png,31.2467,image_color_quantization_with_dither,l-06,-1.666594972
t-i21-t-22-4,tid2013,t-i21,t-22,4,0,tid2013/21/i21_22_4.png,tid2013/21/i21.png,31.2467,image_color_quantization_with_dither,l-06,-2.728330407
t-i21-t-22-5,tid2013,t-i21,t-22,5,0,tid2013/21/i21_22_5.png,tid2013/21/i21.png,31.2467,image_color_quantization_with_dither,l-06,-3.450419523
t-i21-t-23-1,tid2013,t-i21,t-23,1,0,tid2013/21/i21_23_1.png,tid2013/21/i21.png,31.2467,chromatic_aberrations,l-06,-0.24078632
t-i21-t-23-2,tid2013,t-i21,t-23,2,0,tid2013/21/i21_23_2.png,tid2013/21/i21.png,31.2467,chromatic_aberrations,l-06,-0.236405308
t-i21-t-23-3,tid2013,t-i21,t-23,3,0,tid2013/21/i21_23_3.png,tid2013/21/i21.png,31.2467,chromatic_aberrations,l-06,-0.587049246
t-i21-t-23-4,tid2013,t-i21,t-23,4,0,tid2013/21/i21_23_4.png,tid2013/21/i21.png,31.2467,chromatic_aberrations,l-06,-0.834771866
t-i21-t-23-5,tid2013,t-i21,t-23,5,0,tid2013/21/i21_23_5.png,tid2013/21/i21.png,31.2467,chromatic_aberrations,l-06,-3.443929542
t-i21-t-24-1,tid2013,t-i21,t-24,1,0,tid2013/21/i21_24_1.png,tid2013/21/i21.png,31.2467,sparse_sampling_and_reconstruction,l-06,-0.293472952
t-i21-t-24-2,tid2013,t-i21,t-24,2,0,tid2013/21/i21_24_2.png,tid2013/21/i21.png,31.2467,sparse_sampling_and_reconstruction,l-06,-0.46136221
t-i21-t-24-3,tid2013,t-i21,t-24,3,0,tid2013/21/i21_24_3.png,tid2013/21/i21.png,31.2467,sparse_sampling_and_reconstruction,l-06,-1.108087981
t-i21-t-24-4,tid2013,t-i21,t-24,4,0,tid2013/21/i21_24_4.png,tid2013/21/i21.png,31.2467,sparse_sampling_and_reconstruction,l-06,-2.974058565
t-i21-t-24-5,tid2013,t-i21,t-24,5,0,tid2013/21/i21_24_5.png,tid2013/21/i21.png,31.2467,sparse_sampling_and_reconstruction,l-06,-5.598966565
t-i22-t-01-1,tid2013,t-i22,t-01,1,0,tid2013/22/i22_01_1.png,tid2013/22/i22.png,31.2467,additive_gaussian_noise,l-09,-0.204891007
t-i22-t-01-2,tid2013,t-i22,t-01,2,0,tid2013/22/i22_01_2.png,tid2013/22/i22.png,31.2467,additive_gaussian_noise,l-09,-0.678450301
t-i22-t-01-3,tid2013,t-i22,t-01,3,0,tid2013/22/i22_01_3.png,tid2013/22/i22.png,31.2467,additive_gaussian_noise,l-09,-1.017884997
t-i22-t-01-4,tid2013,t-i22,t-01,4,0,tid2013/22/i22_01_4.png,tid2013/22/i22.png,31.2467,additive_gaussian_noise,l-09,-1.538436775
t-i22-t-01-5,tid2013,t-i22,t-01,5,0,tid2013/22/i22_01_5.png,tid2013/22/i22.png,31.2467,additive_gaussian_noise,l-09,-2.138869489
t-i22-t-02-1,tid2013,t-i22,t-02,1,0,tid2013/22/i22_02_1.png,tid2013/22/i22.png,31.2467,additive_noise_in_color_more_intensive_than_additive_noise_in_the_luminance,l-09,-0.361566869
t-i22-t-02-2,tid2013,t-i22,t-02,2,0,tid2013/22/i22_02_2.png,tid2013/22/i22.png,31.2467,additive_noise_in_color_more_intensive_than_additive_noise_in_the_luminance,l-09,-0.227370578
t-i22-t-02-3,tid2013,t-i22,t-02,3,0,tid2013/22/i22_02_3.png,tid2013/22/i22.png,31.2467,additive_noise_in_color_more_intensive_than_additive_noise_in_the_luminance,l-09,-0.456092265
t-i22-t-02-4,tid2013,t-i22,t-02,4,0,tid2013/22/i22_02_4.png,tid2013/22/i22.png,31.2467,additive_noise_in_color_more_intensive_than_additive_noise_in_the_luminance,l-09,-0.703138844
t-i22-t-02-5,tid2013,t-i22,t-02,5,0,tid2013/22/i22_02_5.png,tid2013/22/i22.png,31.2467,additive_noise_in_color_more_intensive_than_additive_noise_in_the_luminance,l-09,-1.120582652
t-i22-t-03-1,tid2013,t-i22,t-03,1,0,tid2013/22/i22_03_1.png,tid2013/22/i22.png,31.2467,spatially_correlated_noise,l-09,-1.022970052
t-i22-t-03-2,tid2013,t-i22,t-03,2,0,tid2013/22/i22_03_2.png,tid2013/22/i22.png,31.2467,spatially_correlated_noise,l-09,-1.615651187
t-i22-t-03-3,tid2013,t-i22,t-03,3,0,tid2013/22/i22_03_3.png,tid2013/22/i22.png,31.2467,spatially_correlated_noise,l-09,-2.175754019
t-i22-t-03-4,tid2013,t-i22,t-03,4,0,tid2013/22/i22_03_4.png,tid2013/22/i22.png,31.2467,spatially_correlated_noise,l-09,-2.888369651
t-i22-t-03-5,tid2013,t-i22,t-03,5,0,tid2013/22/i22_03_5.png,tid2013/22/i22.png,31.2467,spatially_correlated_noise,l-09,-3.598015135
t-i22-t-04-1,tid2013,t-i22,t-04,1,0,tid2013/22/i22_04_1.png,tid2013/22/i22.png,31.2467,masked_noise,l-09,-0.191649255
t-i22-t-04-2,tid2013,t-i22,t-04,2,0,tid2013/22/i22_04_2.png,tid2013/22/i22.png,31.2467,masked_noise,l-09,-0.279093573
t-i22-t-04-3,tid2013,t-i22,t-04,3,0,tid2013/22/i22_04_3.png,tid2013/22/i22.png,31.2467,masked_noise,l-09,-0.479493178
t-i22-t-04-4,tid2013,t-i22,t-04,4,0,tid2013/22/i22_04_4.png,tid2013/22/i22.png,31.2467,masked_noise,l-09,-0.778122426
t-i22-t-04-5,tid2013,t-i22,t-04,5,0,tid2013/22/i22_04_5.png,tid2013/22/i22.png,31.2467,masked_noise,l-09,-1.414502186
t-i22-t-05-1,tid2013,t-i22,t-05,1,0,tid2013/22/i22_05_1.png,tid2013/22/i22.png,31.2467,high_frequency_noise,l-09,-0.271854721
t-i22-t-05-2,tid2013,t-i22,t-05,2,0,tid2013/22/i22_05_2.png,tid2013/22/i22.png,31.2467,high_frequency_noise,l-09,-0.30004802
t-i22-t-05-3,tid2013,t-i22,t-05,3,0,tid2013/22/i22_05_3.png,tid2013/22/i22.png,31.2467,high_frequency_noise,l-09,-0.894833931
t-i22-t-05-4,tid2013,t-i22,t-05,4,0,tid2013/22/i22_05_4.png,tid2013/22/i22.png,31.2467,high_frequency_noise,l-09,-1.656223528
t-i22-t-05-5,tid2013,t-i22,t-05,5,0,tid2013/22/i22_05_5.png,tid2013/22/i22.png,31.2467,high_frequency_noise,l-09,-2.900258456
t-i22-t-06-1,tid2013,t-i22,t-06,1,0,tid2013/22/i22_06_1.png,tid2013/22/i22.png,31.2467,impulse_noise,l-09,-0.984026905
t-i22-t-06-2,tid2013,t-i22,t-06,2,0,tid2013/22/i22_06_2.png,tid2013/22/i22.png,31.2467,impulse_noise,l-09,-1.468014037
t-i22-t-06-3,tid2013,t-i22,t-06,3,0,tid2013/22/i22_06_3.png,tid2013/22/i22.png,31.2467,impulse_noise,l-09,-1.922272955
t-i22-t-06-4,tid2013,t-i22,t-06,4,0,tid2013/22/i22_06_4.png,tid2013/22/i22.png,31.2467,impulse_noise,l-09,-2.274098448
t-i22-t-06-5,tid2013,t-i22,t-06,5,0,tid2013/22/i22_06_5.png,tid2013/22/i22.png,31.2467,impulse_noise,l-09,-2.685452071
t-i22-t-07-1,tid2013,t-i22,t-07,1,0,tid2013/22/i22_07_1.png,tid2013/22/i22.png,31.2467,quantization_noise,l-09,-0.39478989
t-i22-t-07-2,tid2013,t-i22,t-07,2,0,tid2013/22/i22_07_2.png,tid2013/22/i22.png,31.2467,quantization_noise,l-09,-0.694390964
t-i22-t-07-3,tid2013,t-i22,t-07,3,0,tid2013/22/i22_07_3.png,tid2013/22/i22.png,31.2467,quantization_noise,l-09,-1.201804072
t-i22-t-07-4,tid2013,t-i22,t-07,4,0,tid2013/22/i22_07_4.png,tid2013/22/i22.png,31.2467,quantization_noise,l-09,-1.813576761
t-i22-t-07-5,tid2013,t-i22,t-07,5,0,tid2013/22/i22_07_5.png,tid2013/22/i22.png,31.2467,quantization_noise,l-09,-3.443648793
t-i22-t-08-1,tid2013,t-i22,t-08,1,0,tid2013/22/i22_08_1.png,tid2013/22/i22.png,31.2467,gaussian_blur,l-09,-0.407651283
t-i22-t-08-2,tid2013,t-i22,t-08,2,0,tid2013/22/i22_08_2.png,tid2013/22/i22.png,31.2467,gaussian_blur,l-09,-1.126927599
t-i22-t-08-3,tid2013,t-i22,t-08,3,0,tid2013/22/i22_08_3.png,tid2013/22/i22.png,31.2467,gaussian_blur,l-09,-1.838726439
t-i22-t-08-4,tid2013,t-i22,t-08,4,0,tid2013/22/i22_08_4.png,tid2013/22/i22.png,31.2467,gaussian_blur,l-09,-2.750896581
t-i22-t-08-5,tid2013,t-i22,t-08,5,0,tid2013/22/i22_08_5.png,tid2013/22/i22.png,31.2467,gaussian_blur,l-09,-3.879111358
t-i22-t-09-1,tid2013,t-i22,t-09,1,0,tid2013/22/i22_09_1.png,tid2013/22/i22.png,31.2467,image_denoising,l-09,-0.157934205
t-i22-t-09-2,tid2013,t-i22,t-09,2,0,tid2013/22/i22_09_2.png,tid2013/22/i22.png,31.2467,image_denoising,l-09,-0.444572007
t-i22-t-09-3,tid2013,t-i22,t-09,3,0,tid2013/22/i22_09_3.png,tid2013/22/i22.png,31.2467,image_denoising,l-09,-0.829552372
t-i22-t-09-4,tid2013,t-i22,t-09,4,0,tid2013/22/i22_09_4.png,tid2013/22/i22.png,31.2467,image_denoising,l-09,-2.503331969
t-i22-t-09-5,tid2013,t-i22,t-09,5,0,tid2013/22/i22_09_5.png,tid2013/22/i22.png,31.2467,image_denoising,l-09,-4.324539978
t-i22-t-10-1,tid2013,t-i22,t-10,1,0,tid2013/22/i22_10_1.png,tid2013/22/i22.png,31.2467,JPEG_compression,l-09,-0.383479326
t-i22-t-10-2,tid2013,t-i22,t-10,2,0,tid2013/22/i22_10_2.png,tid2013/22/i22.png,31.2467,JPEG_compression,l-09,-0.420349666
t-i22-t-10-3,tid2013,t-i22,t-10,3,0,tid2013/22/i22_10_3.png,tid2013/22/i22.png,31.2467,JPEG_compression,l-09,-0.802717499
t-i22-t-10-4,tid2013,t-i22,t-10,4,0,tid2013/22/i22_10_4.png,tid2013/22/i22.png,31.2467,JPEG_compression,l-09,-2.277712206
t-i22-t-10-5,tid2013,t-i22,t-10,5,0,tid2013/22/i22_10_5.png,tid2013/22/i22.png,31.2467,JPEG_compression,l-09,-4.300274043
t-i22-t-11-1,tid2013,t-i22,t-11,1,0,tid2013/22/i22_11_1.png,tid2013/22/i22.png,31.2467,JPEG2000_compression,l-09,-0.498262452
t-i22-t-11-2,tid2013,t-i22,t-11,2,0,tid2013/22/i22_11_2.png,tid2013/22/i22.png,31.2467,JPEG2000_compression,l-09,-0.488556355
t-i22-t-11-3,tid2013,t-i22,t-11,3,0,tid2013/22/i22_11_3.png,tid2013/22/i22.png,31.2467,JPEG2000_compression,l-09,-1.549586415
t-i22-t-11-4,tid2013,t-i22,t-11,4,0,tid2013/22/i22_11_4.png,tid2013/22/i22.png,31.2467,JPEG2000_compression,l-09,-3.821385577
t-i22-t-11-5,tid2013,t-i22,t-11,5,0,tid2013/22/i22_11_5.png,tid2013/22/i22.png,31.2467,JPEG2000_compression,l-09,-6.078514502
t-i22-t-12-1,tid2013,t-i22,t-12,1,0,tid2013/22/i22_12_1.png,tid2013/22/i22.png,31.2467,JPEG_transmission_errors,l-09,-0.545500561
t-i22-t-12-2,tid2013,t-i22,t-12,2,0,tid2013/22/i22_12_2.png,tid2013/22/i22.png,31.2467,JPEG_transmission_errors,l-09,-0.302335115
t-i22-t-12-3,tid2013,t-i22,t-12,3,0,tid2013/22/i22_12_3.png,tid2013/22/i22.png,31.2467,JPEG_transmission_errors,l-09,-0.322825607
t-i22-t-12-4,tid2013,t-i22,t-12,4,0,tid2013/22/i22_12_4.png,tid2013/22/i22.png,31.2467,JPEG_transmission_errors,l-09,-1.353987365
t-i22-t-12-5,tid2013,t-i22,t-12,5,0,tid2013/22/i22_12_5.png,tid2013/22/i22.png,31.2467,JPEG_transmission_errors,l-09,-3.435431349
t-i22-t-13-1,tid2013,t-i22,t-13,1,0,tid2013/22/i22_13_1.png,tid2013/22/i22.png,31.2467,JPEG2000_transmission_errors,l-09,-0.664449051
t-i22-t-13-2,tid2013,t-i22,t-13,2,0,tid2013/22/i22_13_2.png,tid2013/22/i22.png,31.2467,JPEG2000_transmission_errors,l-09,-1.448801017
t-i22-t-13-3,tid2013,t-i22,t-13,3,0,tid2013/22/i22_13_3.png,tid2013/22/i22.png,31.2467,JPEG2000_transmission_errors,l-09,-2.059619543
t-i22-t-13-4,tid2013,t-i22,t-13,4,0,tid2013/22/i22_13_4.png,tid2013/22/i22.png,31.2467,JPEG2000_transmission_errors,l-09,-3.248433536
t-i22-t-13-5,tid2013,t-i22,t-13,5,0,tid2013/22/i22_13_5.png,tid2013/22/i22.png,31.2467,JPEG2000_transmission_errors,l-09,-3.810245135
t-i22-t-14-1,tid2013,t-i22,t-14,1,0,tid2013/22/i22_14_1.png,tid2013/22/i22.png,31.2467,non_eccentricity_pattern_noise,l-09,-0.247176746
t-i22-t-14-2,tid2013,t-i22,t-14,2,0,tid2013/22/i22_14_2.png,tid2013/22/i22.png,31.2467,non_eccentricity_pattern_noise,l-09,-0.138380249
t-i22-t-14-3,tid2013,t-i22,t-14,3,0,tid2013/22/i22_14_3.png,tid2013/22/i22.png,31.2467,non_eccentricity_pattern_noise,l-09,-0.29976291
t-i22-t-14-4,tid2013,t-i22,t-14,4,0,tid2013/22/i22_14_4.png,tid2013/22/i22.png,31.2467,non_eccentricity_pattern_noise,l-09,-1.005893114
t-i22-t-14-5,tid2013,t-i22,t-14,5,0,tid2013/22/i22_14_5.png,tid2013/22/i22.png,31.2467,non_eccentricity_pattern_noise,l-09,-1.787306076
t-i22-t-15-1,tid2013,t-i22,t-15,1,0,tid2013/22/i22_15_1.png,tid2013/22/i22.png,31.2467,local_block_wise_distortions_of_different_intensity,l-09,-2.73825343
t-i22-t-15-2,tid2013,t-i22,t-15,2,0,tid2013/22/i22_15_2.png,tid2013/22/i22.png,31.2467,local_block_wise_distortions_of_different_intensity,l-09,-2.607632474
t-i22-t-15-3,tid2013,t-i22,t-15,3,0,tid2013/22/i22_15_3.png,tid2013/22/i22.png,31.2467,local_block_wise_distortions_of_different_intensity,l-09,-2.45247398
t-i22-t-15-4,tid2013,t-i22,t-15,4,0,tid2013/22/i22_15_4.png,tid2013/22/i22.png,31.2467,local_block_wise_distortions_of_different_intensity,l-09,-2.418696253
t-i22-t-15-5,tid2013,t-i22,t-15,5,0,tid2013/22/i22_15_5.png,tid2013/22/i22.png,31.2467,local_block_wise_distortions_of_different_intensity,l-09,-2.037220307
t-i22-t-16-1,tid2013,t-i22,t-16,1,0,tid2013/22/i22_16_1.png,tid2013/22/i22.png,31.2467,intensity_shift,l-09,-0.07128111
t-i22-t-16-2,tid2013,t-i22,t-16,2,0,tid2013/22/i22_16_2.png,tid2013/22/i22.png,31.2467,intensity_shift,l-09,-0.469421658
t-i22-t-16-3,tid2013,t-i22,t-16,3,0,tid2013/22/i22_16_3.png,tid2013/22/i22.png,31.2467,intensity_shift,l-09,-0.138956381
t-i22-t-16-4,tid2013,t-i22,t-16,4,0,tid2013/22/i22_16_4.png,tid2013/22/i22.png,31.2467,intensity_shift,l-09,-1.118101215
t-i22-t-16-5,tid2013,t-i22,t-16,5,0,tid2013/22/i22_16_5.png,tid2013/22/i22.png,31.2467,intensity_shift,l-09,-0.697592491
t-i22-t-17-1,tid2013,t-i22,t-17,1,0,tid2013/22/i22_17_1.png,tid2013/22/i22.png,31.2467,contrast_change,l-09,-0.5537756
t-i22-t-17-2,tid2013,t-i22,t-17,2,0,tid2013/22/i22_17_2.png,tid2013/22/i22.png,31.2467,contrast_change,l-09,-0.091862335
t-i22-t-17-3,tid2013,t-i22,t-17,3,0,tid2013/22/i22_17_3.png,tid2013/22/i22.png,31.2467,contrast_change,l-09,-1.305286534
t-i22-t-17-4,tid2013,t-i22,t-17,4,0,tid2013/22/i22_17_4.png,tid2013/22/i22.png,31.2467,contrast_change,l-09,-0.180417948
t-i22-t-17-5,tid2013,t-i22,t-17,5,0,tid2013/22/i22_17_5.png,tid2013/22/i22.png,31.2467,contrast_change,l-09,-2.598591533
t-i22-t-18-1,tid2013,t-i22,t-18,1,0,tid2013/22/i22_18_1.png,tid2013/22/i22.png,31.2467,change_of_color_saturation,l-09,-0.715125597
t-i22-t-18-2,tid2013,t-i22,t-18,2,0,tid2013/22/i22_18_2.png,tid2013/22/i22.png,31.2467,change_of_color_saturation,l-09,-1.220689217
t-i22-t-18-3,tid2013,t-i22,t-18,3,0,tid2013/22/i22_18_3.png,tid2013/22/i22.png,31.2467,change_of_color_saturation,l-09,-1.470384821
t-i22-t-18-4,tid2013,t-i22,t-18,4,0,tid2013/22/i22_18_4.png,tid2013/22/i22.png,31.2467,change_of_color_saturation,l-09,-1.925348754
t-i22-t-18-5,tid2013,t-i22,t-18,5,0,tid2013/22/i22_18_5.png,tid2013/22/i22.png,31.2467,change_of_color_saturation,l-09,-2.287575429
t-i22-t-19-1,tid2013,t-i22,t-19,1,0,tid2013/22/i22_19_1.png,tid2013/22/i22.png,31.2467,multiplicative_gaussian_noise,l-09,-0.681673128
t-i22-t-19-2,tid2013,t-i22,t-19,2,0,tid2013/22/i22_19_2.png,tid2013/22/i22.png,31.2467,multiplicative_gaussian_noise,l-09,-0.740484971
t-i22-t-19-3,tid2013,t-i22,t-19,3,0,tid2013/22/i22_19_3.png,tid2013/22/i22.png,31.2467,multiplicative_gaussian_noise,l-09,-1.106345027
t-i22-t-19-4,tid2013,t-i22,t-19,4,0,tid2013/22/i22_19_4.png,tid2013/22/i22.png,31.2467,multiplicative_gaussian_noise,l-09,-1.727422674
t-i22-t-19-5,tid2013,t-i22,t-19,5,0,tid2013/22/i22_19_5.png,tid2013/22/i22.png,31.2467,multiplicative_gaussian_noise,l-09,-2.275808642
t-i22-t-20-1,tid2013,t-i22,t-20,1,0,tid2013/22/i22_20_1.png,tid2013/22/i22.png,31.2467,comfort_noise,l-09,-0.288137287
t-i22-t-20-2,tid2013,t-i22,t-20,2,0,tid2013/22/i22_20_2.png,tid2013/22/i22.png,31.2467,comfort_noise,l-09,-0.28860462
t-i22-t-20-3,tid2013,t-i22,t-20,3,0,tid2013/22/i22_20_3.png,tid2013/22/i22.png,31.2467,comfort_noise,l-09,-0.426637057
t-i22-t-20-4,tid2013,t-i22,t-20,4,0,tid2013/22/i22_20_4.png,tid2013/22/i22.png,31.2467,comfort_noise,l-09,-0.985622674
t-i22-t-20-5,tid2013,t-i22,t-20,5,0,tid2013/22/i22_20_5.png,tid2013/22/i22.png,31.2467,comfort_noise,l-09,-1.93587192
t-i22-t-21-1,tid2013,t-i22,t-21,1,0,tid2013/22/i22_21_1.png,tid2013/22/i22.png,31.2467,lossy_compression_of_noisy_images,l-09,-0.434697875
t-i22-t-21-2,tid2013,t-i22,t-21,2,0,tid2013/22/i22_21_2.png,tid2013/22/i22.png,31.2467,lossy_compression_of_noisy_images,l-09,-0.691325443
t-i22-t-21-3,tid2013,t-i22,t-21,3,0,tid2013/22/i22_21_3.png,tid2013/22/i22.png,31.2467,lossy_compression_of_noisy_images,l-09,-1.041704439
t-i22-t-21-4,tid2013,t-i22,t-21,4,0,tid2013/22/i22_21_4.png,tid2013/22/i22.png,31.2467,lossy_compression_of_noisy_images,l-09,-2.09884372
t-i22-t-21-5,tid2013,t-i22,t-21,5,0,tid2013/22/i22_21_5.png,tid2013/22/i22.png,31.2467,lossy_compression_of_noisy_images,l-09,-3.648228752
t-i22-t-22-1,tid2013,t-i22,t-22,1,0,tid2013/22/i22_22_1.png,tid2013/22/i22.png,31.2467,image_color_quantization_with_dither,l-09,-0.164884934
t-i22-t-22-2,tid2013,t-i22,t-22,2,0,tid2013/22/i22_22_2.png,tid2013/22/i22.png,31.2467,image_color_quantization_with_dither,l-09,-0.578187769
t-i22-t-22-3,tid2013,t-i22,t-22,3,0,tid2013/22/i22_22_3.png,tid2013/22/i22.png,31.2467,image_color_quantization_with_dither,l-09,-0.896362287
t-i22-t-22-4,tid2013,t-i22,t-22,4,0,tid2013/22/i22_22_4.png,tid2013/22/i22.png,31.2467,image_color_quantization_with_dither,l-09,-1.44203757
t-i22-t-22-5,tid2013,t-i22,t-22,5,0,tid2013/22/i22_22_5.png,tid2013/22/i22.png,31.2467,image_color_quantization_with_dither,l-09,-3.164491682
t-i22-t-23-1,tid2013,t-i22,t-23,1,0,tid2013/22/i22_23_1.png,tid2013/22/i22.png,31.2467,chromatic_aberrations,l-09,0.098511383
t-i22-t-23-2,tid2013,t-i22,t-23,2,0,tid2013/22/i22_23_2.png,tid2013/22/i22.png,31.2467,chromatic_aberrations,l-09,-0.041819496
t-i22-t-23-3,tid2013,t-i22,t-23,3,0,tid2013/22/i22_23_3.png,tid2013/22/i22.png,31.2467,chromatic_aberrations,l-09,-0.521999811
t-i22-t-23-4,tid2013,t-i22,t-23,4,0,tid2013/22/i22_23_4.png,tid2013/22/i22.png,31.2467,chromatic_aberrations,l-09,-1.35835659
t-i22-t-23-5,tid2013,t-i22,t-23,5,0,tid2013/22/i22_23_5.png,tid2013/22/i22.png,31.2467,chromatic_aberrations,l-09,-4.40844323
t-i22-t-24-1,tid2013,t-i22,t-24,1,0,tid2013/22/i22_24_1.png,tid2013/22/i22.png,31.2467,sparse_sampling_and_reconstruction,l-09,-0.248006375
t-i22-t-24-2,tid2013,t-i22,t-24,2,0,tid2013/22/i22_24_2.png,tid2013/22/i22.png,31.2467,sparse_sampling_and_reconstruction,l-09,-0.471240921
t-i22-t-24-3,tid2013,t-i22,t-24,3,0,tid2013/22/i22_24_3.png,tid2013/22/i22.png,31.2467,sparse_sampling_and_reconstruction,l-09,-1.586558401
t-i22-t-24-4,tid2013,t-i22,t-24,4,0,tid2013/22/i22_24_4.png,tid2013/22/i22.png,31.2467,sparse_sampling_and_reconstruction,l-09,-4.003790638
t-i22-t-24-5,tid2013,t-i22,t-24,5,0,tid2013/22/i22_24_5.png,tid2013/22/i22.png,31.2467,sparse_sampling_and_reconstruction,l-09,-6.542412813
t-i23-t-01-1,tid2013,t-i23,t-01,1,0,tid2013/23/i23_01_1.png,tid2013/23/i23.png,31.2467,additive_gaussian_noise,l-10,-0.392840043
t-i23-t-01-2,tid2013,t-i23,t-01,2,0,tid2013/23/i23_01_2.png,tid2013/23/i23.png,31.2467,additive_gaussian_noise,l-10,-0.9183545
t-i23-t-01-3,tid2013,t-i23,t-01,3,0,tid2013/23/i23_01_3.png,tid2013/23/i23.png,31.2467,additive_gaussian_noise,l-10,-1.256274096
t-i23-t-01-4,tid2013,t-i23,t-01,4,0,tid2013/23/i23_01_4.png,tid2013/23/i23.png,31.2467,additive_gaussian_noise,l-10,-2.077401602
t-i23-t-01-5,tid2013,t-i23,t-01,5,0,tid2013/23/i23_01_5.png,tid2013/23/i23.png,31.2467,additive_gaussian_noise,l-10,-2.628580302
t-i23-t-02-1,tid2013,t-i23,t-02,1,0,tid2013/23/i23_02_1.png,tid2013/23/i23.png,31.2467,additive_noise_in_color_more_intensive_than_additive_noise_in_the_luminance,l-10,0.107811473
t-i23-t-02-2,tid2013,t-i23,t-02,2,0,tid2013/23/i23_02_2.png,tid2013/23/i23.png,31.2467,additive_noise_in_color_more_intensive_than_additive_noise_in_the_luminance,l-10,-0.312677835
t-i23-t-02-3,tid2013,t-i23,t-02,3,0,tid2013/23/i23_02_3.png,tid2013/23/i23.png,31.2467,additive_noise_in_color_more_intensive_than_additive_noise_in_the_luminance,l-10,-0.541780048
t-i23-t-02-4,tid2013,t-i23,t-02,4,0,tid2013/23/i23_02_4.png,tid2013/23/i23.png,31.2467,additive_noise_in_color_more_intensive_than_additive_noise_in_the_luminance,l-10,-0.940688524
t-i23-t-02-5,tid2013,t-i23,t-02,5,0,tid2013/23/i23_02_5.png,tid2013/23/i23.png,31.2467,additive_noise_in_color_more_intensive_than_additive_noise_in_the_luminance,l-10,-1.637659259
t-i23-t-03-1,tid2013,t-i23,t-03,1,0,tid2013/23/i23_03_1.png,tid2013/23/i23.png,31.2467,spatially_correlated_noise,l-10,-1.384794185
t-i23-t-03-2,tid2013,t-i23,t-03,2,0,tid2013/23/i23_03_2.png,tid2013/23/i23.png,31.2467,spatially_correlated_noise,l-10,-2.076100174
t-i23-t-03-3,tid2013,t-i23,t-03,3,0,tid2013/23/i23_03_3.png,tid2013/23/i23.png,31.2467,spatially_correlated_noise,l-10,-2.867090904
t-i23-t-03-4,tid2013,t-i23,t-03,4,0,tid2013/23/i23_03_4.png,tid2013/23/i23.png,31.2467,spatially_correlated_noise,l-10,-3.171107575
t-i23-t-03-5,tid2013,t-i23,t-03,5,0,tid2013/23/i23_03_5.png,tid2013/23/i23.png,31.2467,spatially_correlated_noise,l-10,-3.919228216
t-i23-t-04-1,tid2013,t-i23,t-04,1,0,tid2013/23/i23_04_1.png,tid2013/23/i23.png,31.2467,masked_noise,l-10,-0.230514787
t-i23-t-04-2,tid2013,t-i23,t-04,2,0,tid2013/23/i23_04_2.png,tid2013/23/i23.png,31.2467,masked_noise,l-10,-0.315046964
t-i23-t-04-3,tid2013,t-i23,t-04,3,0,tid2013/23/i23_04_3.png,tid2013/23/i23.png,31.2467,masked_noise,l-10,-0.580938449
t-i23-t-04-4,tid2013,t-i23,t-04,4,0,tid2013/23/i23_04_4.png,tid2013/23/i23.png,31.2467,masked_noise,l-10,-1.105057791
t-i23-t-04-5,tid2013,t-i23,t-04,5,0,tid2013/23/i23_04_5.png,tid2013/23/i23.png,31.2467,masked_noise,l-10,-1.525025421
t-i23-t-05-1,tid2013,t-i23,t-05,1,0,tid2013/23/i23_05_1.png,tid2013/23/i23.png,31.2467,high_frequency_noise,l-10,0.008396981
t-i23-t-05-2,tid2013,t-i23,t-05,2,0,tid2013/23/i23_05_2.png,tid2013/23/i23.png,31.2467,high_frequency_noise,l-10,-0.36580411
t-i23-t-05-3,tid2013,t-i23,t-05,3,0,tid2013/23/i23_05_3.png,tid2013/23/i23.png,31.2467,high_frequency_noise,l-10,-0.786411416
t-i23-t-05-4,tid2013,t-i23,t-05,4,0,tid2013/23/i23_05_4.png,tid2013/23/i23.png,31.2467,high_frequency_noise,l-10,-1.961606998
t-i23-t-05-5,tid2013,t-i23,t-05,5,0,tid2013/23/i23_05_5.png,tid2013/23/i23.png,31.2467,high_frequency_noise,l-10,-2.875199193
t-i23-t-06-1,tid2013,t-i23,t-06,1,0,tid2013/23/i23_06_1.png,tid2013/23/i23.png,31.2467,impulse_noise,l-10,-1.347567556
t-i23-t-06-2,tid2013,t-i23,t-06,2,0,tid2013/23/i23_06_2.png,tid2013/23/i23.png,31.2467,impulse_noise,l-10,-1.884477625
t-i23-t-06-3,tid2013,t-i23,t-06,3,0,tid2013/23/i23_06_3.png,tid2013/23/i23.png,31.2467,impulse_noise,l-10,-2.069240024
t-i23-t-06-4,tid2013,t-i23,t-06,4,0,tid2013/23/i23_06_4.png,tid2013/23/i23.png,31.2467,impulse_noise,l-10,-2.708727921
t-i23-t-06-5,tid2013,t-i23,t-06,5,0,tid2013/23/i23_06_5.png,tid2013/23/i23.png,31.2467,impulse_noise,l-10,-3.204384678
t-i23-t-07-1,tid2013,t-i23,t-07,1,0,tid2013/23/i23_07_1.png,tid2013/23/i23.png,31.2467,quantization_noise,l-10,-1.053624784
t-i23-t-07-2,tid2013,t-i23,t-07,2,0,tid2013/23/i23_07_2.png,tid2013/23/i23.png,31.2467,quantization_noise,l-10,-2.201970288
t-i23-t-07-3,tid2013,t-i23,t-07,3,0,tid2013/23/i23_07_3.png,tid2013/23/i23.png,31.2467,quantization_noise,l-10,-2.546981937
t-i23-t-07-4,tid2013,t-i23,t-07,4,0,tid2013/23/i23_07_4.png,tid2013/23/i23.png,31.2467,quantization_noise,l-10,-2.994978846
t-i23-t-07-5,tid2013,t-i23,t-07,5,0,tid2013/23/i23_07_5.png,tid2013/23/i23.png,31.2467,quantization_noise,l-10,-3.916955287
t-i23-t-08-1,tid2013,t-i23,t-08,1,0,tid2013/23/i23_08_1.png,tid2013/23/i23.png,31.2467,gaussian_blur,l-10,-0.178681609
t-i23-t-08-2,tid2013,t-i23,t-08,2,0,tid2013/23/i23_08_2.png,tid2013/23/i23.png,31.2467,gaussian_blur,l-10,-0.569207279
t-i23-t-08-3,tid2013,t-i23,t-08,3,0,tid2013/23/i23_08_3.png,tid2013/23/i23.png,31.2467,gaussian_blur,l-10,-1.205251188
t-i23-t-08-4,tid2013,t-i23,t-08,4,0,tid2013/23/i23_08_4.png,tid2013/23/i23.png,31.2467,gaussian_blur,l-10,-2.346140919
t-i23-t-08-5,tid2013,t-i23,t-08,5,0,tid2013/23/i23_08_5.png,tid2013/23/i23.png,31.2467,gaussian_blur,l-10,-3.724381296
t-i23-t-09-1,tid2013,t-i23,t-09,1,0,tid2013/23/i23_09_1.png,tid2013/23/i23.png,31.2467,image_denoising,l-10,0.36908181
t-i23-t-09-2,tid2013,t-i23,t-09,2,0,tid2013/23/i23_09_2.png,tid2013/23/i23.png,31.2467,image_denoising,l-10,0.003531182
t-i23-t-09-3,tid2013,t-i23,t-09,3,0,tid2013/23/i23_09_3.png,tid2013/23/i23.png,31.2467,image_denoising,l-10,-0.303704729
t-i23-t-09-4,tid2013,t-i23,t-09,4,0,tid2013/23/i23_09_4.png,tid2013/23/i23.png,31.2467,image_denoising,l-10,-1.703922811
t-i23-t-09-5,tid2013,t-i23,t-09,5,0,tid2013/23/i23_09_5.png,tid2013/23/i23.png,31.2467,image_denoising,l-10,-3.954715556
t-i23-t-10-1,tid2013,t-i23,t-10,1,0,tid2013/23/i23_10_1.png,tid2013/23/i23.png,31.2467,JPEG_compression,l-10,-0.011200096
t-i23-t-10-2,tid2013,t-i23,t-10,2,0,tid2013/23/i23_10_2.png,tid2013/23/i23.png,31.2467,JPEG_compression,l-10,-0.049710344
t-i23-t-10-3,tid2013,t-i23,t-10,3,0,tid2013/23/i23_10_3.png,tid2013/23/i23.png,31.2467,JPEG_compression,l-10,-0.832683663
t-i23-t-10-4,tid2013,t-i23,t-10,4,0,tid2013/23/i23_10_4.png,tid2013/23/i23.png,31.2467,JPEG_compression,l-10,-2.986374323
t-i23-t-10-5,tid2013,t-i23,t-10,5,0,tid2013/23/i23_10_5.png,tid2013/23/i23.png,31.2467,JPEG_compression,l-10,-4.512232051
t-i23-t-11-1,tid2013,t-i23,t-11,1,0,tid2013/23/i23_11_1.png,tid2013/23/i23.png,31.2467,JPEG2000_compression,l-10,-0.512423369
t-i23-t-11-2,tid2013,t-i23,t-11,2,0,tid2013/23/i23_11_2.png,tid2013/23/i23.png,31.2467,JPEG2000_compression,l-10,-1.483923522
t-i23-t-11-3,tid2013,t-i23,t-11,3,0,tid2013/23/i23_11_3.png,tid2013/23/i23.png,31.2467,JPEG2000_compression,l-10,-3.504264601
t-i23-t-11-4,tid2013,t-i23,t-11,4,0,tid2013/23/i23_11_4.png,tid2013/23/i23.png,31.2467,JPEG2000_compression,l-10,-4.521906924
t-i23-t-11-5,tid2013,t-i23,t-11,5,0,tid2013/23/i23_11_5.png,tid2013/23/i23.png,31.2467,JPEG2000_compression,l-10,-5.970568182
t-i23-t-12-1,tid2013,t-i23,t-12,1,0,tid2013/23/i23_12_1.png,tid2013/23/i23.png,31.2467,JPEG_transmission_errors,l-10,-0.175507926
t-i23-t-12-2,tid2013,t-i23,t-12,2,0,tid2013/23/i23_12_2.png,tid2013/23/i23.png,31.2467,JPEG_transmission_errors,l-10,-0.286160957
t-i23-t-12-3,tid2013,t-i23,t-12,3,0,tid2013/23/i23_12_3.png,tid2013/23/i23.png,31.2467,JPEG_transmission_errors,l-10,-2.341929544
t-i23-t-12-4,tid2013,t-i23,t-12,4,0,tid2013/23/i23_12_4.png,tid2013/23/i23.png,31.2467,JPEG_transmission_errors,l-10,-3.728845496
t-i23-t-12-5,tid2013,t-i23,t-12,5,0,tid2013/23/i23_12_5.png,tid2013/23/i23.png,31.2467,JPEG_transmission_errors,l-10,-5.030406683
t-i23-t-13-1,tid2013,t-i23,t-13,1,0,tid2013/23/i23_13_1.png,tid2013/23/i23.png,31.2467,JPEG2000_transmission_errors,l-10,-1.400176364
t-i23-t-13-2,tid2013,t-i23,t-13,2,0,tid2013/23/i23_13_2.png,tid2013/23/i23.png,31.2467,JPEG2000_transmission_errors,l-10,-2.181038177
t-i23-t-13-3,tid2013,t-i23,t-13,3,0,tid2013/23/i23_13_3.png,tid2013/23/i23.png,31.2467,JPEG2000_transmission_errors,l-10,-3.178367077
t-i23-t-13-4,tid2013,t-i23,t-13,4,0,tid2013/23/i23_13_4.png,tid2013/23/i23.png,31.2467,JPEG2000_transmission_errors,l-10,-4.230183001
t-i23-t-13-5,tid2013,t-i23,t-13,5,0,tid2013/23/i23_13_5.png,tid2013/23/i23.png,31.2467,JPEG2000_transmission_errors,l-10,-4.157767583
t-i23-t-14-1,tid2013,t-i23,t-14,1,0,tid2013/23/i23_14_1.png,tid2013/23/i23.png,31.2467,non_eccentricity_pattern_noise,l-10,-0.002404955
t-i23-t-14-2,tid2013,t-i23,t-14,2,0,tid2013/23/i23_14_2.png,tid2013/23/i23.png,31.2467,non_eccentricity_pattern_noise,l-10,0.149979927
t-i23-t-14-3,tid2013,t-i23,t-14,3,0,tid2013/23/i23_14_3.png,tid2013/23/i23.png,31.2467,non_eccentricity_pattern_noise,l-10,-0.898390369
t-i23-t-14-4,tid2013,t-i23,t-14,4,0,tid2013/23/i23_14_4.png,tid2013/23/i23.png,31.2467,non_eccentricity_pattern_noise,l-10,-0.938544434
t-i23-t-14-5,tid2013,t-i23,t-14,5,0,tid2013/23/i23_14_5.png,tid2013/23/i23.png,31.2467,non_eccentricity_pattern_noise,l-10,-2.521700507
t-i23-t-15-1,tid2013,t-i23,t-15,1,0,tid2013/23/i23_15_1.png,tid2013/23/i23.png,31.2467,local_block_wise_distortions_of_different_intensity,l-10,-3.721701473
t-i23-t-15-2,tid2013,t-i23,t-15,2,0,tid2013/23/i23_15_2.png,tid2013/23/i23.png,31.2467,local_block_wise_distortions_of_different_intensity,l-10,-3.599650124
t-i23-t-15-3,tid2013,t-i23,t-15,3,0,tid2013/23/i23_15_3.png,tid2013/23/i23.png,31.2467,local_block_wise_distortions_of_different_intensity,l-10,-3.334065003
t-i23-t-15-4,tid2013,t-i23,t-15,4,0,tid2013/23/i23_15_4.png,tid2013/23/i23.png,31.2467,local_block_wise_distortions_of_different_intensity,l-10,-2.85691764
t-i23-t-15-5,tid2013,t-i23,t-15,5,0,tid2013/23/i23_15_5.png,tid2013/23/i23.png,31.2467,local_block_wise_distortions_of_different_intensity,l-10,-2.659048149
t-i23-t-16-1,tid2013,t-i23,t-16,1,0,tid2013/23/i23_16_1.png,tid2013/23/i23.png,31.2467,intensity_shift,l-10,0.327598995
t-i23-t-16-2,tid2013,t-i23,t-16,2,0,tid2013/23/i23_16_2.png,tid2013/23/i23.png,31.2467,intensity_shift,l-10,-0.230287326
t-i23-t-16-3,tid2013,t-i23,t-16,3,0,tid2013/23/i23_16_3.png,tid2013/23/i23.png,31.2467,intensity_shift,l-10,-0.052899333
t-i23-t-16-4,tid2013,t-i23,t-16,4,0,tid2013/23/i23_16_4.png,tid2013/23/i23.png,31.2467,intensity_shift,l-10,-0.747785421
t-i23-t-16-5,tid2013,t-i23,t-16,5,0,tid2013/23/i23_16_5.png,tid2013/23/i23.png,31.2467,intensity_shift,l-10,-0.324356966
t-i23-t-17-1,tid2013,t-i23,t-17,1,0,tid2013/23/i23_17_1.png,tid2013/23/i23.png,31.2467,contrast_change,l-10,-0.235263019
t-i23-t-17-2,tid2013,t-i23,t-17,2,0,tid2013/23/i23_17_2.png,tid2013/23/i23.png,31.2467,contrast_change,l-10,0.60815888
t-i23-t-17-3,tid2013,t-i23,t-17,3,0,tid2013/23/i23_17_3.png,tid2013/23/i23.png,31.2467,contrast_change,l-10,-1.200720261
t-i23-t-17-4,tid2013,t-i23,t-17,4,0,tid2013/23/i23_17_4.png,tid2013/23/i23.png,31.2467,contrast_change,l-10,0.381689463
t-i23-t-17-5,tid2013,t-i23,t-17,5,0,tid2013/23/i23_17_5.png,tid2013/23/i23.png,31.2467,contrast_change,l-10,-2.279181914
t-i23-t-18-1,tid2013,t-i23,t-18,1,0,tid2013/23/i23_18_1.png,tid2013/23/i23.png,31.2467,change_of_color_saturation,l-10,-0.300937698
t-i23-t-18-2,tid2013,t-i23,t-18,2,0,tid2013/23/i23_18_2.png,tid2013/23/i23.png,31.2467,change_of_color_saturation,l-10,-0.313698546
t-i23-t-18-3,tid2013,t-i23,t-18,3,0,tid2013/23/i23_18_3.png,tid2013/23/i23.png,31.2467,change_of_color_saturation,l-10,-0.54598914
t-i23-t-18-4,tid2013,t-i23,t-18,4,0,tid2013/23/i23_18_4.png,tid2013/23/i23.png,31.2467,change_of_color_saturation,l-10,-0.9573667
t-i23-t-18-5,tid2013,t-i23,t-18,5,0,tid2013/23/i23_18_5.png,tid2013/23/i23.png,31.2467,change_of_color_saturation,l-10,-1.646544619
t-i23-t-19-1,tid2013,t-i23,t-19,1,0,tid2013/23/i23_19_1.png,tid2013/23/i23.png,31.2467,multiplicative_gaussian_noise,l-10,-0.374843512
t-i23-t-19-2,tid2013,t-i23,t-19,2,0,tid2013/23/i23_19_2.png,tid2013/23/i23.png,31.2467,multiplicative_gaussian_noise,l-10,-1.013643069
t-i23-t-19-3,tid2013,t-i23,t-19,3,0,tid2013/23/i23_19_3.png,tid2013/23/i23.png,31.2467,multiplicative_gaussian_noise,l-10,-1.577380911
t-i23-t-19-4,tid2013,t-i23,t-19,4,0,tid2013/23/i23_19_4.png,tid2013/23/i23.png,31.2467,multiplicative_gaussian_noise,l-10,-2.386181637
t-i23-t-19-5,tid2013,t-i23,t-19,5,0,tid2013/23/i23_19_5.png,tid2013/23/i23.png,31.2467,multiplicative_gaussian_noise,l-10,-2.82920501
t-i23-t-20-1,tid2013,t-i23,t-20,1,0,tid2013/23/i23_20_1.png,tid2013/23/i23.png,31.2467,comfort_noise,l-10,-0.343868361
t-i23-t-20-2,tid2013,t-i23,t-20,2,0,tid2013/23/i23_20_2.png,tid2013/23/i23.png,31.2467,comfort_noise,l-10,-0.664673236
t-i23-t-20-3,tid2013,t-i23,t-20,3,0,tid2013/23/i23_20_3.png,tid2013/23/i23.png,31.2467,comfort_noise,l-10,-1.735995623
t-i23-t-20-4,tid2013,t-i23,t-20,4,0,tid2013/23/i23_20_4.png,tid2013/23/i23.png,31.2467,comfort_noise,l-10,-3.055906849
t-i23-t-20-5,tid2013,t-i23,t-20,5,0,tid2013/23/i23_20_5.png,tid2013/23/i23.png,31.2467,comfort_noise,l-10,-4.003050244
t-i23-t-21-1,tid2013,t-i23,t-21,1,0,tid2013/23/i23_21_1.png,tid2013/23/i23.png,31.2467,lossy_compression_of_noisy_images,l-10,-0.411627014
t-i23-t-21-2,tid2013,t-i23,t-21,2,0,tid2013/23/i23_21_2.png,tid2013/23/i23.png,31.2467,lossy_compression_of_noisy_images,l-10,-1.307903477
t-i23-t-21-3,tid2013,t-i23,t-21,3,0,tid2013/23/i23_21_3.png,tid2013/23/i23.png,31.2467,lossy_compression_of_noisy_images,l-10,-2.140653691
t-i23-t-21-4,tid2013,t-i23,t-21,4,0,tid2013/23/i23_21_4.png,tid2013/23/i23.png,31.2467,lossy_compression_of_noisy_images,l-10,-3.021130971
t-i23-t-21-5,tid2013,t-i23,t-21,5,0,tid2013/23/i23_21_5.png,tid2013/23/i23.png,31.2467,lossy_compression_of_noisy_images,l-10,-4.649473039
t-i23-t-22-1,tid2013,t-i23,t-22,1,0,tid2013/23/i23_22_1.png,tid2013/23/i23.png,31.2467,image_color_quantization_with_dither,l-10,0.029526561
t-i23-t-22-2,tid2013,t-i23,t-22,2,0,tid2013/23/i23_22_2.png,tid2013/23/i23.png,31.2467,image_color_quantization_with_dither,l-10,-0.225850429
t-i23-t-22-3,tid2013,t-i23,t-22,3,0,tid2013/23/i23_22_3.png,tid2013/23/i23.png,31.2467,image_color_quantization_with_dither,l-10,-0.710684233
t-i23-t-22-4,tid2013,t-i23,t-22,4,0,tid2013/23/i23_22_4.png,tid2013/23/i23.png,31.2467,image_color_quantization_with_dither,l-10,-1.440298933
t-i23-t-22-5,tid2013,t-i23,t-22,5,0,tid2013/23/i23_22_5.png,tid2013/23/i23.png,31.2467,image_color_quantization_with_dither,l-10,-2.221012891
t-i23-t-23-1,tid2013,t-i23,t-23,1,0,tid2013/23/i23_23_1.png,tid2013/23/i23.png,31.2467,chromatic_aberrations,l-10,0.086323334
t-i23-t-23-2,tid2013,t-i23,t-23,2,0,tid2013/23/i23_23_2.png,tid2013/23/i23.png,31.2467,chromatic_aberrations,l-10,-0.122566105
t-i23-t-23-3,tid2013,t-i23,t-23,3,0,tid2013/23/i23_23_3.png,tid2013/23/i23.png,31.2467,chromatic_aberrations,l-10,-0.830001079
t-i23-t-23-4,tid2013,t-i23,t-23,4,0,tid2013/23/i23_23_4.png,tid2013/23/i23.png,31.2467,chromatic_aberrations,l-10,-2.114475474
t-i23-t-23-5,tid2013,t-i23,t-23,5,0,tid2013/23/i23_23_5.png,tid2013/23/i23.png,31.2467,chromatic_aberrations,l-10,-3.561593456
t-i23-t-24-1,tid2013,t-i23,t-24,1,0,tid2013/23/i23_24_1.png,tid2013/23/i23.png,31.2467,sparse_sampling_and_reconstruction,l-10,-0.136817788
t-i23-t-24-2,tid2013,t-i23,t-24,2,0,tid2013/23/i23_24_2.png,tid2013/23/i23.png,31.2467,sparse_sampling_and_reconstruction,l-10,-1.02076331
t-i23-t-24-3,tid2013,t-i23,t-24,3,0,tid2013/23/i23_24_3.png,tid2013/23/i23.png,31.2467,sparse_sampling_and_reconstruction,l-10,-2.786849188
t-i23-t-24-4,tid2013,t-i23,t-24,4,0,tid2013/23/i23_24_4.png,tid2013/23/i23.png,31.2467,sparse_sampling_and_reconstruction,l-10,-5.057419386
t-i23-t-24-5,tid2013,t-i23,t-24,5,0,tid2013/23/i23_24_5.png,tid2013/23/i23.png,31.2467,sparse_sampling_and_reconstruction,l-10,-6.085021382
t-i24-t-01-1,tid2013,t-i24,t-01,1,0,tid2013/24/i24_01_1.png,tid2013/24/i24.png,31.2467,additive_gaussian_noise,l-11,-0.215079193
t-i24-t-01-2,tid2013,t-i24,t-01,2,0,tid2013/24/i24_01_2.png,tid2013/24/i24.png,31.2467,additive_gaussian_noise,l-11,-0.722135253
t-i24-t-01-3,tid2013,t-i24,t-01,3,0,tid2013/24/i24_01_3.png,tid2013/24/i24.png,31.2467,additive_gaussian_noise,l-11,-1.133859476
t-i24-t-01-4,tid2013,t-i24,t-01,4,0,tid2013/24/i24_01_4.png,tid2013/24/i24.png,31.2467,additive_gaussian_noise,l-11,-1.590259144
t-i24-t-01-5,tid2013,t-i24,t-01,5,0,tid2013/24/i24_01_5.png,tid2013/24/i24.png,31.2467,additive_gaussian_noise,l-11,-2.209847239
t-i24-t-02-1,tid2013,t-i24,t-02,1,0,tid2013/24/i24_02_1.png,tid2013/24/i24.png,31.2467,additive_noise_in_color_more_intensive_than_additive_noise_in_the_luminance,l-11,0.219059278
t-i24-t-02-2,tid2013,t-i24,t-02,2,0,tid2013/24/i24_02_2.png,tid2013/24/i24.png,31.2467,additive_noise_in_color_more_intensive_than_additive_noise_in_the_luminance,l-11,0.011326837
t-i24-t-02-3,tid2013,t-i24,t-02,3,0,tid2013/24/i24_02_3.png,tid2013/24/i24.png,31.2467,additive_noise_in_color_more_intensive_than_additive_noise_in_the_luminance,l-11,-0.649367258
t-i24-t-02-4,tid2013,t-i24,t-02,4,0,tid2013/24/i24_02_4.png,tid2013/24/i24.png,31.2467,additive_noise_in_color_more_intensive_than_additive_noise_in_the_luminance,l-11,-0.756051839
t-i24-t-02-5,tid2013,t-i24,t-02,5,0,tid2013/24/i24_02_5.png,tid2013/24/i24.png,31.2467,additive_noise_in_color_more_intensive_than_additive_noise_in_the_luminance,l-11,-1.390111207
t-i24-t-03-1,tid2013,t-i24,t-03,1,0,tid2013/24/i24_03_1.png,tid2013/24/i24.png,31.2467,spatially_correlated_noise,l-11,-1.026717577
t-i24-t-03-2,tid2013,t-i24,t-03,2,0,tid2013/24/i24_03_2.png,tid2013/24/i24.png,31.2467,spatially_correlated_noise,l-11,-1.477141216
t-i24-t-03-3,tid2013,t-i24,t-03,3,0,tid2013/24/i24_03_3.png,tid2013/24/i24.png,31.2467,spatially_correlated_noise,l-11,-2.323119656
t-i24-t-03-4,tid2013,t-i24,t-03,4,0,tid2013/24/i24_03_4.png,tid2013/24/i24.png,31.2467,spatially_correlated_noise,l-11,-2.727553588
t-i24-t-03-5,tid2013,t-i24,t-03,5,0,tid2013/24/i24_03_5.png,tid2013/24/i24.png,31.2467,spatially_correlated_noise,l-11,-3.536884486
t-i24-t-04-1,tid2013,t-i24,t-04,1,0,tid2013/24/i24_04_1.png,tid2013/24/i24.png,31.2467,masked_noise,l-11,-0.176239942
t-i24-t-04-2,tid2013,t-i24,t-04,2,0,tid2013/24/i24_04_2.png,tid2013/24/i24.png,31.2467,masked_noise,l-11,-0.174049272
t-i24-t-04-3,tid2013,t-i24,t-04,3,0,tid2013/24/i24_04_3.png,tid2013/24/i24.png,31.2467,masked_noise,l-11,-0.268810326
t-i24-t-04-4,tid2013,t-i24,t-04,4,0,tid2013/24/i24_04_4.png,tid2013/24/i24.png,31.2467,masked_noise,l-11,-0.677463583
t-i24-t-04-5,tid2013,t-i24,t-04,5,0,tid2013/24/i24_04_5.png,tid2013/24/i24.png,31.2467,masked_noise,l-11,-1.13097885
t-i24-t-05-1,tid2013,t-i24,t-05,1,0,tid2013/24/i24_05_1.png,tid2013/24/i24.png,31.2467,high_frequency_noise,l-11,-0.135861048
t-i24-t-05-2,tid2013,t-i24,t-05,2,0,tid2013/24/i24_05_2.png,tid2013/24/i24.png,31.2467,high_frequency_noise,l-11,-0.486114191
t-i24-t-05-3,tid2013,t-i24,t-05,3,0,tid2013/24/i24_05_3.png,tid2013/24/i24.png,31.2467,high_frequency_noise,l-11,-0.778678191
t-i24-t-05-4,tid2013,t-i24,t-05,4,0,tid2013/24/i24_05_4.png,tid2013/24/i24.png,31.2467,high_frequency_noise,l-11,-1.826770014
t-i24-t-05-5,tid2013,t-i24,t-05,5,0,tid2013/24/i24_05_5.png,tid2013/24/i24.png,31.2467,high_frequency_noise,l-11,-2.862783771
t-i24-t-06-1,tid2013,t-i24,t-06,1,0,tid2013/24/i24_06_1.png,tid2013/24/i24.png,31.2467,impulse_noise,l-11,-1.025107942
t-i24-t-06-2,tid2013,t-i24,t-06,2,0,tid2013/24/i24_06_2.png,tid2013/24/i24.png,31.2467,impulse_noise,l-11,-1.512701112
t-i24-t-06-3,tid2013,t-i24,t-06,3,0,tid2013/24/i24_06_3.png,tid2013/24/i24.png,31.2467,impulse_noise,l-11,-1.796114958
t-i24-t-06-4,tid2013,t-i24,t-06,4,0,tid2013/24/i24_06_4.png,tid2013/24/i24.png,31.2467,impulse_noise,l-11,-2.248125482
t-i24-t-06-5,tid2013,t-i24,t-06,5,0,tid2013/24/i24_06_5.png,tid2013/24/i24.png,31.2467,impulse_noise,l-11,-2.902277264
t-i24-t-07-1,tid2013,t-i24,t-07,1,0,tid2013/24/i24_07_1.png,tid2013/24/i24.png,31.2467,quantization_noise,l-11,-0.33246388
t-i24-t-07-2,tid2013,t-i24,t-07,2,0,tid2013/24/i24_07_2.png,tid2013/24/i24.png,31.2467,quantization_noise,l-11,-1.123006108
t-i24-t-07-3,tid2013,t-i24,t-07,3,0,tid2013/24/i24_07_3.png,tid2013/24/i24.png,31.2467,quantization_noise,l-11,-1.704522149
t-i24-t-07-4,tid2013,t-i24,t-07,4,0,tid2013/24/i24_07_4.png,tid2013/24/i24.png,31.2467,quantization_noise,l-11,-3.208491375
t-i24-t-07-5,tid2013,t-i24,t-07,5,0,tid2013/24/i24_07_5.png,tid2013/24/i24.png,31.2467,quantization_noise,l-11,-3.99388444
t-i24-t-08-1,tid2013,t-i24,t-08,1,0,tid2013/24/i24_08_1.png,tid2013/24/i24.png,31.2467,gaussian_blur,l-11,-0.134820036
t-i24-t-08-2,tid2013,t-i24,t-08,2,0,tid2013/24/i24_08_2.png,tid2013/24/i24.png,31.2467,gaussian_blur,l-11,-0.857956629
t-i24-t-08-3,tid2013,t-i24,t-08,3,0,tid2013/24/i24_08_3.png,tid2013/24/i24.png,31.2467,gaussian_blur,l-11,-1.579707106
t-i24-t-08-4,tid2013,t-i24,t-08,4,0,tid2013/24/i24_08_4.png,tid2013/24/i24.png,31.2467,gaussian_blur,l-11,-2.600543061
t-i24-t-08-5,tid2013,t-i24,t-08,5,0,tid2013/24/i24_08_5.png,tid2013/24/i24.png,31.2467,gaussian_blur,l-11,-3.722125171
t-i24-t-09-1,tid2013,t-i24,t-09,1,0,tid2013/24/i24_09_1.png,tid2013/24/i24.png,31.2467,image_denoising,l-11,-0.007886585
t-i24-t-09-2,tid2013,t-i24,t-09,2,0,tid2013/24/i24_09_2.png,tid2013/24/i24.png,31.2467,image_denoising,l-11,-0.666223609
t-i24-t-09-3,tid2013,t-i24,t-09,3,0,tid2013/24/i24_09_3.png,tid2013/24/i24.png,31.2467,image_denoising,l-11,-1.387434738
t-i24-t-09-4,tid2013,t-i24,t-09,4,0,tid2013/24/i24_09_4.png,tid2013/24/i24.png,31.2467,image_denoising,l-11,-2.793573339
t-i24-t-09-5,tid2013,t-i24,t-09,5,0,tid2013/24/i24_09_5.png,tid2013/24/i24.png,31.2467,image_denoising,l-11,-4.491099387
t-i24-t-10-1,tid2013,t-i24,t-10,1,0,tid2013/24/i24_10_1.png,tid2013/24/i24.png,31.2467,JPEG_compression,l-11,-0.084104614
t-i24-t-10-2,tid2013,t-i24,t-10,2,0,tid2013/24/i24_10_2.png,tid2013/24/i24.png,31.2467,JPEG_compression,l-11,-0.183780498
t-i24-t-10-3,tid2013,t-i24,t-10,3,0,tid2013/24/i24_10_3.png,tid2013/24/i24.png,31.2467,JPEG_compression,l-11,-1.047144045
t-i24-t-10-4,tid2013,t-i24,t-10,4,0,tid2013/24/i24_10_4.png,tid2013/24/i24.png,31.2467,JPEG_compression,l-11,-2.776712039
t-i24-t-10-5,tid2013,t-i24,t-10,5,0,tid2013/24/i24_10_5.png,tid2013/24/i24.png,31.2467,JPEG_compression,l-11,-4.733354217
t-i24-t-11-1,tid2013,t-i24,t-11,1,0,tid2013/24/i24_11_1.png,tid2013/24/i24.png,31.2467,JPEG2000_compression,l-11,-0.430105855
t-i24-t-11-2,tid2013,t-i24,t-11,2,0,tid2013/24/i24_11_2.png,tid2013/24/i24.png,31.2467,JPEG2000_compression,l-11,-0.883895144
t-i24-t-11-3,tid2013,t-i24,t-11,3,0,tid2013/24/i24_11_3.png,tid2013/24/i24.png,31.2467,JPEG2000_compression,l-11,-1.768485471
t-i24-t-11-4,tid2013,t-i24,t-11,4,0,tid2013/24/i24_11_4.png,tid2013/24/i24.png,31.2467,JPEG2000_compression,l-11,-3.579674571
t-i24-t-11-5,tid2013,t-i24,t-11,5,0,tid2013/24/i24_11_5.png,tid2013/24/i24.png,31.2467,JPEG2000_compression,l-11,-6.118071941
t-i24-t-12-1,tid2013,t-i24,t-12,1,0,tid2013/24/i24_12_1.png,tid2013/24/i24.png,31.2467,JPEG_transmission_errors,l-11,-0.228698158
t-i24-t-12-2,tid2013,t-i24,t-12,2,0,tid2013/24/i24_12_2.png,tid2013/24/i24.png,31.2467,JPEG_transmission_errors,l-11,0.049533663
t-i24-t-12-3,tid2013,t-i24,t-12,3,0,tid2013/24/i24_12_3.png,tid2013/24/i24.png,31.2467,JPEG_transmission_errors,l-11,-0.431222971
t-i24-t-12-4,tid2013,t-i24,t-12,4,0,tid2013/24/i24_12_4.png,tid2013/24/i24.png,31.2467,JPEG_transmission_errors,l-11,-2.396236448
t-i24-t-12-5,tid2013,t-i24,t-12,5,0,tid2013/24/i24_12_5.png,tid2013/24/i24.png,31.2467,JPEG_transmission_errors,l-11,-3.475507939
t-i24-t-13-1,tid2013,t-i24,t-13,1,0,tid2013/24/i24_13_1.png,tid2013/24/i24.png,31.2467,JPEG2000_transmission_errors,l-11,-1.631520199
t-i24-t-13-2,tid2013,t-i24,t-13,2,0,tid2013/24/i24_13_2.png,tid2013/24/i24.png,31.2467,JPEG2000_transmission_errors,l-11,-2.191896254
t-i24-t-13-3,tid2013,t-i24,t-13,3,0,tid2013/24/i24_13_3.png,tid2013/24/i24.png,31.2467,JPEG2000_transmission_errors,l-11,-2.716026289
t-i24-t-13-4,tid2013,t-i24,t-13,4,0,tid2013/24/i24_13_4.png,tid2013/24/i24.png,31.2467,JPEG2000_transmission_errors,l-11,-3.29321446
t-i24-t-13-5,tid2013,t-i24,t-13,5,0,tid2013/24/i24_13_5.png,tid2013/24/i24.png,31.2467,JPEG2000_transmission_errors,l-11,-3.808138442
t-i24-t-14-1,tid2013,t-i24,t-14,1,0,tid2013/24/i24_14_1.png,tid2013/24/i24.png,31.2467,non_eccentricity_pattern_noise,l-11,-0.089227547
t-i24-t-14-2,tid2013,t-i24,t-14,2,0,tid2013/24/i24_14_2.png,tid2013/24/i24.png,31.2467,non_eccentricity_pattern_noise,l-11,-0.096614596
t-i24-t-14-3,tid2013,t-i24,t-14,3,0,tid2013/24/i24_14_3.png,tid2013/24/i24.png,31.2467,non_eccentricity_pattern_noise,l-11,-0.485463016
t-i24-t-14-4,tid2013,t-i24,t-14,4,0,tid2013/24/i24_14_4.png,tid2013/24/i24.png,31.2467,non_eccentricity_pattern_noise,l-11,-0.833005752
t-i24-t-14-5,tid2013,t-i24,t-14,5,0,tid2013/24/i24_14_5.png,tid2013/24/i24.png,31.2467,non_eccentricity_pattern_noise,l-11,-1.135016231
t-i24-t-15-1,tid2013,t-i24,t-15,1,0,tid2013/24/i24_15_1.png,tid2013/24/i24.png,31.2467,local_block_wise_distortions_of_different_intensity,l-11,-1.607142348
t-i24-t-15-2,tid2013,t-i24,t-15,2,0,tid2013/24/i24_15_2.png,tid2013/24/i24.png,31.2467,local_block_wise_distortions_of_different_intensity,l-11,-1.445661511
t-i24-t-15-3,tid2013,t-i24,t-15,3,0,tid2013/24/i24_15_3.png,tid2013/24/i24.png,31.2467,local_block_wise_distortions_of_different_intensity,l-11,-1.668092561
t-i24-t-15-4,tid2013,t-i24,t-15,4,0,tid2013/24/i24_15_4.png,tid2013/24/i24.png,31.2467,local_block_wise_distortions_of_different_intensity,l-11,-2.206700861
t-i24-t-15-5,tid2013,t-i24,t-15,5,0,tid2013/24/i24_15_5.png,tid2013/24/i24.png,31.2467,local_block_wise_distortions_of_different_intensity,l-11,-2.646245051
t-i24-t-16-1,tid2013,t-i24,t-16,1,0,tid2013/24/i24_16_1.png,tid2013/24/i24.png,31.2467,intensity_shift,l-11,-0.081800541
t-i24-t-16-2,tid2013,t-i24,t-16,2,0,tid2013/24/i24_16_2.png,tid2013/24/i24.png,31.2467,intensity_shift,l-11,0.011007559
t-i24-t-16-3,tid2013,t-i24,t-16,3,0,tid2013/24/i24_16_3.png,tid2013/24/i24.png,31.2467,intensity_shift,l-11,-0.362253487
t-i24-t-16-4,tid2013,t-i24,t-16,4,0,tid2013/24/i24_16_4.png,tid2013/24/i24.png,31.2467,intensity_shift,l-11,-0.358386276
t-i24-t-16-5,tid2013,t-i24,t-16,5,0,tid2013/24/i24_16_5.png,tid2013/24/i24.png,31.2467,intensity_shift,l-11,-0.86136274
t-i24-t-17-1,tid2013,t-i24,t-17,1,0,tid2013/24/i24_17_1.png,tid2013/24/i24.png,31.2467,contrast_change,l-11,-0.233083641
t-i24-t-17-2,tid2013,t-i24,t-17,2,0,tid2013/24/i24_17_2.png,tid2013/24/i24.png,31.2467,contrast_change,l-11,0.176585301
t-i24-t-17-3,tid2013,t-i24,t-17,3,0,tid2013/24/i24_17_3.png,tid2013/24/i24.png,31.2467,contrast_change,l-11,-0.916133346
t-i24-t-17-4,tid2013,t-i24,t-17,4,0,tid2013/24/i24_17_4.png,tid2013/24/i24.png,31.2467,contrast_change,l-11,0.442499174
t-i24-t-17-5,tid2013,t-i24,t-17,5,0,tid2013/24/i24_17_5.png,tid2013/24/i24.png,31.2467,contrast_change,l-11,-2.208158874
t-i24-t-18-1,tid2013,t-i24,t-18,1,0,tid2013/24/i24_18_1.png,tid2013/24/i24.png,31.2467,change_of_color_saturation,l-11,-0.920691269
t-i24-t-18-2,tid2013,t-i24,t-18,2,0,tid2013/24/i24_18_2.png,tid2013/24/i24.png,31.2467,change_of_color_saturation,l-11,-1.338666017
t-i24-t-18-3,tid2013,t-i24,t-18,3,0,tid2013/24/i24_18_3.png,tid2013/24/i24.png,31.2467,change_of_color_saturation,l-11,-1.653004072
t-i24-t-18-4,tid2013,t-i24,t-18,4,0,tid2013/24/i24_18_4.png,tid2013/24/i24.png,31.2467,change_of_color_saturation,l-11,-1.738491573
t-i24-t-18-5,tid2013,t-i24,t-18,5,0,tid2013/24/i24_18_5.png,tid2013/24/i24.png,31.2467,change_of_color_saturation,l-11,-2.245988456
t-i24-t-19-1,tid2013,t-i24,t-19,1,0,tid2013/24/i24_19_1.png,tid2013/24/i24.png,31.2467,multiplicative_gaussian_noise,l-11,-0.329904528
t-i24-t-19-2,tid2013,t-i24,t-19,2,0,tid2013/24/i24_19_2.png,tid2013/24/i24.png,31.2467,multiplicative_gaussian_noise,l-11,-0.725775984
t-i24-t-19-3,tid2013,t-i24,t-19,3,0,tid2013/24/i24_19_3.png,tid2013/24/i24.png,31.2467,multiplicative_gaussian_noise,l-11,-1.009018948
t-i24-t-19-4,tid2013,t-i24,t-19,4,0,tid2013/24/i24_19_4.png,tid2013/24/i24.png,31.2467,multiplicative_gaussian_noise,l-11,-1.619946436
t-i24-t-19-5,tid2013,t-i24,t-19,5,0,tid2013/24/i24_19_5.png,tid2013/24/i24.png,31.2467,multiplicative_gaussian_noise,l-11,-2.054773209
t-i24-t-20-1,tid2013,t-i24,t-20,1,0,tid2013/24/i24_20_1.png,tid2013/24/i24.png,31.2467,comfort_noise,l-11,-0.052320643
t-i24-t-20-2,tid2013,t-i24,t-20,2,0,tid2013/24/i24_20_2.png,tid2013/24/i24.png,31.2467,comfort_noise,l-11,-0.197175422
t-i24-t-20-3,tid2013,t-i24,t-20,3,0,tid2013/24/i24_20_3.png,tid2013/24/i24.png,31.2467,comfort_noise,l-11,-0.685146313
t-i24-t-20-4,tid2013,t-i24,t-20,4,0,tid2013/24/i24_20_4.png,tid2013/24/i24.png,31.2467,comfort_noise,l-11,-1.702311761
t-i24-t-20-5,tid2013,t-i24,t-20,5,0,tid2013/24/i24_20_5.png,tid2013/24/i24.png,31.2467,comfort_noise,l-11,-2.446096022
t-i24-t-21-1,tid2013,t-i24,t-21,1,0,tid2013/24/i24_21_1.png,tid2013/24/i24.png,31.2467,lossy_compression_of_noisy_images,l-11,-0.279928657
t-i24-t-21-2,tid2013,t-i24,t-21,2,0,tid2013/24/i24_21_2.png,tid2013/24/i24.png,31.2467,lossy_compression_of_noisy_images,l-11,-0.974604462
t-i24-t-21-3,tid2013,t-i24,t-21,3,0,tid2013/24/i24_21_3.png,tid2013/24/i24.png,31.2467,lossy_compression_of_noisy_images,l-11,-1.625688999
t-i24-t-21-4,tid2013,t-i24,t-21,4,0,tid2013/24/i24_21_4.png,tid2013/24/i24.png,31.2467,lossy_compression_of_noisy_images,l-11,-2.572713877
t-i24-t-21-5,tid2013,t-i24,t-21,5,0,tid2013/24/i24_21_5.png,tid2013/24/i24.png,31.2467,lossy_compression_of_noisy_images,l-11,-3.664167679
t-i24-t-22-1,tid2013,t-i24,t-22,1,0,tid2013/24/i24_22_1.png,tid2013/24/i24.png,31.2467,image_color_quantization_with_dither,l-11,-0.305127946
t-i24-t-22-2,tid2013,t-i24,t-22,2,0,tid2013/24/i24_22_2.png,tid2013/24/i24.png,31.2467,image_color_quantization_with_dither,l-11,-0.607352943
t-i24-t-22-3,tid2013,t-i24,t-22,3,0,tid2013/24/i24_22_3.png,tid2013/24/i24.png,31.2467,image_color_quantization_with_dither,l-11,-1.017435819
t-i24-t-22-4,tid2013,t-i24,t-22,4,0,tid2013/24/i24_22_4.png,tid2013/24/i24.png,31.2467,image_color_quantization_with_dither,l-11,-2.802426552
t-i24-t-22-5,tid2013,t-i24,t-22,5,0,tid2013/24/i24_22_5.png,tid2013/24/i24.png,31.2467,image_color_quantization_with_dither,l-11,-3.28655965
t-i24-t-23-1,tid2013,t-i24,t-23,1,0,tid2013/24/i24_23_1.png,tid2013/24/i24.png,31.2467,chromatic_aberrations,l-11,-0.081162693
t-i24-t-23-2,tid2013,t-i24,t-23,2,0,tid2013/24/i24_23_2.png,tid2013/24/i24.png,31.2467,chromatic_aberrations,l-11,-0.031456921
t-i24-t-23-3,tid2013,t-i24,t-23,3,0,tid2013/24/i24_23_3.png,tid2013/24/i24.png,31.2467,chromatic_aberrations,l-11,-0.358369888
t-i24-t-23-4,tid2013,t-i24,t-23,4,0,tid2013/24/i24_23_4.png,tid2013/24/i24.png,31.2467,chromatic_aberrations,l-11,-0.58886703
t-i24-t-23-5,tid2013,t-i24,t-23,5,0,tid2013/24/i24_23_5.png,tid2013/24/i24.png,31.2467,chromatic_aberrations,l-11,-3.772159088
t-i24-t-24-1,tid2013,t-i24,t-24,1,0,tid2013/24/i24_24_1.png,tid2013/24/i24.png,31.2467,sparse_sampling_and_reconstruction,l-11,-0.161647831
t-i24-t-24-2,tid2013,t-i24,t-24,2,0,tid2013/24/i24_24_2.png,tid2013/24/i24.png,31.2467,sparse_sampling_and_reconstruction,l-11,-0.642064501
t-i24-t-24-3,tid2013,t-i24,t-24,3,0,tid2013/24/i24_24_3.png,tid2013/24/i24.png,31.2467,sparse_sampling_and_reconstruction,l-11,-1.385838211
t-i24-t-24-4,tid2013,t-i24,t-24,4,0,tid2013/24/i24_24_4.png,tid2013/24/i24.png,31.2467,sparse_sampling_and_reconstruction,l-11,-3.259558956
t-i24-t-24-5,tid2013,t-i24,t-24,5,0,tid2013/24/i24_24_5.png,tid2013/24/i24.png,31.2467,sparse_sampling_and_reconstruction,l-11,-6.967959722
t-i25-t-01-1,tid2013,t-i25,t-01,1,0,tid2013/25/i25_01_1.png,tid2013/25/i25.png,31.2467,additive_gaussian_noise,l-17,-0.597128489
t-i25-t-01-2,tid2013,t-i25,t-01,2,0,tid2013/25/i25_01_2.png,tid2013/25/i25.png,31.2467,additive_gaussian_noise,l-17,-0.950103569
t-i25-t-01-3,tid2013,t-i25,t-01,3,0,tid2013/25/i25_01_3.png,tid2013/25/i25.png,31.2467,additive_gaussian_noise,l-17,-1.280780222
t-i25-t-01-4,tid2013,t-i25,t-01,4,0,tid2013/25/i25_01_4.png,tid2013/25/i25.png,31.2467,additive_gaussian_noise,l-17,-1.693525721
t-i25-t-01-5,tid2013,t-i25,t-01,5,0,tid2013/25/i25_01_5.png,tid2013/25/i25.png,31.2467,additive_gaussian_noise,l-17,-2.026977043
t-i25-t-02-1,tid2013,t-i25,t-02,1,0,tid2013/25/i25_02_1.png,tid2013/25/i25.png,31.2467,additive_noise_in_color_more_intensive_than_additive_noise_in_the_luminance,l-17,-0.190219432
t-i25-t-02-2,tid2013,t-i25,t-02,2,0,tid2013/25/i25_02_2.png,tid2013/25/i25.png,31.2467,additive_noise_in_color_more_intensive_than_additive_noise_in_the_luminance,l-17,-0.416178346
t-i25-t-02-3,tid2013,t-i25,t-02,3,0,tid2013/25/i25_02_3.png,tid2013/25/i25.png,31.2467,additive_noise_in_color_more_intensive_than_additive_noise_in_the_luminance,l-17,-0.585301235
t-i25-t-02-4,tid2013,t-i25,t-02,4,0,tid2013/25/i25_02_4.png,tid2013/25/i25.png,31.2467,additive_noise_in_color_more_intensive_than_additive_noise_in_the_luminance,l-17,-1.146936293
t-i25-t-02-5,tid2013,t-i25,t-02,5,0,tid2013/25/i25_02_5.png,tid2013/25/i25.png,31.2467,additive_noise_in_color_more_intensive_than_additive_noise_in_the_luminance,l-17,-1.756715815
t-i25-t-03-1,tid2013,t-i25,t-03,1,0,tid2013/25/i25_03_1.png,tid2013/25/i25.png,31.2467,spatially_correlated_noise,l-17,-1.507805419
t-i25-t-03-2,tid2013,t-i25,t-03,2,0,tid2013/25/i25_03_2.png,tid2013/25/i25.png,31.2467,spatially_correlated_noise,l-17,-1.955810649
t-i25-t-03-3,tid2013,t-i25,t-03,3,0,tid2013/25/i25_03_3.png,tid2013/25/i25.png,31.2467,spatially_correlated_noise,l-17,-2.291821976
t-i25-t-03-4,tid2013,t-i25,t-03,4,0,tid2013/25/i25_03_4.png,tid2013/25/i25.png,31.2467,spatially_correlated_noise,l-17,-2.717033815
t-i25-t-03-5,tid2013,t-i25,t-03,5,0,tid2013/25/i25_03_5.png,tid2013/25/i25.png,31.2467,spatially_correlated_noise,l-17,-2.991265568
t-i25-t-04-1,tid2013,t-i25,t-04,1,0,tid2013/25/i25_04_1.png,tid2013/25/i25.png,31.2467,masked_noise,l-17,0.307751442
t-i25-t-04-2,tid2013,t-i25,t-04,2,0,tid2013/25/i25_04_2.png,tid2013/25/i25.png,31.2467,masked_noise,l-17,0.190287811
t-i25-t-04-3,tid2013,t-i25,t-04,3,0,tid2013/25/i25_04_3.png,tid2013/25/i25.png,31.2467,masked_noise,l-17,-0.042580651
t-i25-t-04-4,tid2013,t-i25,t-04,4,0,tid2013/25/i25_04_4.png,tid2013/25/i25.png,31.2467,masked_noise,l-17,-0.268390268
t-i25-t-04-5,tid2013,t-i25,t-04,5,0,tid2013/25/i25_04_5.png,tid2013/25/i25.png,31.2467,masked_noise,l-17,-0.452978731
t-i25-t-05-1,tid2013,t-i25,t-05,1,0,tid2013/25/i25_05_1.png,tid2013/25/i25.png,31.2467,high_frequency_noise,l-17,-0.356488733
t-i25-t-05-2,tid2013,t-i25,t-05,2,0,tid2013/25/i25_05_2.png,tid2013/25/i25.png,31.2467,high_frequency_noise,l-17,-0.42384389
t-i25-t-05-3,tid2013,t-i25,t-05,3,0,tid2013/25/i25_05_3.png,tid2013/25/i25.png,31.2467,high_frequency_noise,l-17,-1.096348651
t-i25-t-05-4,tid2013,t-i25,t-05,4,0,tid2013/25/i25_05_4.png,tid2013/25/i25.png,31.2467,high_frequency_noise,l-17,-1.711585567
t-i25-t-05-5,tid2013,t-i25,t-05,5,0,tid2013/25/i25_05_5.png,tid2013/25/i25.png,31.2467,high_frequency_noise,l-17,-2.700893925
t-i25-t-06-1,tid2013,t-i25,t-06,1,0,tid2013/25/i25_06_1.png,tid2013/25/i25.png,31.2467,impulse_noise,l-17,-1.337720635
t-i25-t-06-2,tid2013,t-i25,t-06,2,0,tid2013/25/i25_06_2.png,tid2013/25/i25.png,31.2467,impulse_noise,l-17,-1.424668034
t-i25-t-06-3,tid2013,t-i25,t-06,3,0,tid2013/25/i25_06_3.png,tid2013/25/i25.png,31.2467,impulse_noise,l-17,-1.753973785
t-i25-t-06-4,tid2013,t-i25,t-06,4,0,tid2013/25/i25_06_4.png,tid2013/25/i25.png,31.2467,impulse_noise,l-17,-2.108993315
t-i25-t-06-5,tid2013,t-i25,t-06,5,0,tid2013/25/i25_06_5.png,tid2013/25/i25.png,31.2467,impulse_noise,l-17,-2.579984864
t-i25-t-07-1,tid2013,t-i25,t-07,1,0,tid2013/25/i25_07_1.png,tid2013/25/i25.png,31.2467,quantization_noise,l-17,-1.946120098
t-i25-t-07-2,tid2013,t-i25,t-07,2,0,tid2013/25/i25_07_2.png,tid2013/25/i25.png,31.2467,quantization_noise,l-17,-2.118544134
t-i25-t-07-3,tid2013,t-i25,t-07,3,0,tid2013/25/i25_07_3.png,tid2013/25/i25.png,31.2467,quantization_noise,l-17,-2.40682851
t-i25-t-07-4,tid2013,t-i25,t-07,4,0,tid2013/25/i25_07_4.png,tid2013/25/i25.png,31.2467,quantization_noise,l-17,-2.591891272
t-i25-t-07-5,tid2013,t-i25,t-07,5,0,tid2013/25/i25_07_5.png,tid2013/25/i25.png,31.2467,quantization_noise,l-17,-2.781170705
t-i25-t-08-1,tid2013,t-i25,t-08,1,0,tid2013/25/i25_08_1.png,tid2013/25/i25.png,31.2467,gaussian_blur,l-17,-0.212797337
t-i25-t-08-2,tid2013,t-i25,t-08,2,0,tid2013/25/i25_08_2.png,tid2013/25/i25.png,31.2467,gaussian_blur,l-17,-0.703738455
t-i25-t-08-3,tid2013,t-i25,t-08,3,0,tid2013/25/i25_08_3.png,tid2013/25/i25.png,31.2467,gaussian_blur,l-17,-1.339037823
t-i25-t-08-4,tid2013,t-i25,t-08,4,0,tid2013/25/i25_08_4.png,tid2013/25/i25.png,31.2467,gaussian_blur,l-17,-2.440758147
t-i25-t-08-5,tid2013,t-i25,t-08,5,0,tid2013/25/i25_08_5.png,tid2013/25/i25.png,31.2467,gaussian_blur,l-17,-3.714928399
t-i25-t-09-1,tid2013,t-i25,t-09,1,0,tid2013/25/i25_09_1.png,tid2013/25/i25.png,31.2467,image_denoising,l-17,-0.035329322
t-i25-t-09-2,tid2013,t-i25,t-09,2,0,tid2013/25/i25_09_2.png,tid2013/25/i25.png,31.2467,image_denoising,l-17,-0.486690787
t-i25-t-09-3,tid2013,t-i25,t-09,3,0,tid2013/25/i25_09_3.png,tid2013/25/i25.png,31.2467,image_denoising,l-17,-1.191601978
t-i25-t-09-4,tid2013,t-i25,t-09,4,0,tid2013/25/i25_09_4.png,tid2013/25/i25.png,31.2467,image_denoising,l-17,-2.253454668
t-i25-t-09-5,tid2013,t-i25,t-09,5,0,tid2013/25/i25_09_5.png,tid2013/25/i25.png,31.2467,image_denoising,l-17,-4.040320397
t-i25-t-10-1,tid2013,t-i25,t-10,1,0,tid2013/25/i25_10_1.png,tid2013/25/i25.png,31.2467,JPEG_compression,l-17,-0.023979137
t-i25-t-10-2,tid2013,t-i25,t-10,2,0,tid2013/25/i25_10_2.png,tid2013/25/i25.png,31.2467,JPEG_compression,l-17,-0.258046249
t-i25-t-10-3,tid2013,t-i25,t-10,3,0,tid2013/25/i25_10_3.png,tid2013/25/i25.png,31.2467,JPEG_compression,l-17,-1.15284718
t-i25-t-10-4,tid2013,t-i25,t-10,4,0,tid2013/25/i25_10_4.png,tid2013/25/i25.png,31.2467,JPEG_compression,l-17,-3.155757143
t-i25-t-10-5,tid2013,t-i25,t-10,5,0,tid2013/25/i25_10_5.png,tid2013/25/i25.png,31.2467,JPEG_compression,l-17,-3.772182902
t-i25-t-11-1,tid2013,t-i25,t-11,1,0,tid2013/25/i25_11_1.png,tid2013/25/i25.png,31.2467,JPEG2000_compression,l-17,0.24509034
t-i25-t-11-2,tid2013,t-i25,t-11,2,0,tid2013/25/i25_11_2.png,tid2013/25/i25.png,31.2467,JPEG2000_compression,l-17,0.012667378
t-i25-t-11-3,tid2013,t-i25,t-11,3,0,tid2013/25/i25_11_3.png,tid2013/25/i25.png,31.2467,JPEG2000_compression,l-17,-0.377841774
t-i25-t-11-4,tid2013,t-i25,t-11,4,0,tid2013/25/i25_11_4.png,tid2013/25/i25.png,31.2467,JPEG2000_compression,l-17,-0.626141774
t-i25-t-11-5,tid2013,t-i25,t-11,5,0,tid2013/25/i25_11_5.png,tid2013/25/i25.png,31.2467,JPEG2000_compression,l-17,-1.08705264
t-i25-t-12-1,tid2013,t-i25,t-12,1,0,tid2013/25/i25_12_1.png,tid2013/25/i25.png,31.2467,JPEG_transmission_errors,l-17,0.109969457
t-i25-t-12-2,tid2013,t-i25,t-12,2,0,tid2013/25/i25_12_2.png,tid2013/25/i25.png,31.2467,JPEG_transmission_errors,l-17,-0.136072773
t-i25-t-12-3,tid2013,t-i25,t-12,3,0,tid2013/25/i25_12_3.png,tid2013/25/i25.png,31.2467,JPEG_transmission_errors,l-17,-0.92511962
t-i25-t-12-4,tid2013,t-i25,t-12,4,0,tid2013/25/i25_12_4.png,tid2013/25/i25.png,31.2467,JPEG_transmission_errors,l-17,-0.857659793
t-i25-t-12-5,tid2013,t-i25,t-12,5,0,tid2013/25/i25_12_5.png,tid2013/25/i25.png,31.2467,JPEG_transmission_errors,l-17,-1.050512636
t-i25-t-13-1,tid2013,t-i25,t-13,1,0,tid2013/25/i25_13_1.png,tid2013/25/i25.png,31.2467,JPEG2000_transmission_errors,l-17,-0.644864971
t-i25-t-13-2,tid2013,t-i25,t-13,2,0,tid2013/25/i25_13_2.png,tid2013/25/i25.png,31.2467,JPEG2000_transmission_errors,l-17,-0.176285143
t-i25-t-13-3,tid2013,t-i25,t-13,3,0,tid2013/25/i25_13_3.png,tid2013/25/i25.png,31.2467,JPEG2000_transmission_errors,l-17,-1.926743302
t-i25-t-13-4,tid2013,t-i25,t-13,4,0,tid2013/25/i25_13_4.png,tid2013/25/i25.png,31.2467,JPEG2000_transmission_errors,l-17,-1.112680612
t-i25-t-13-5,tid2013,t-i25,t-13,5,0,tid2013/25/i25_13_5.png,tid2013/25/i25.png,31.2467,JPEG2000_transmission_errors,l-17,-2.539582813
t-i25-t-14-1,tid2013,t-i25,t-14,1,0,tid2013/25/i25_14_1.png,tid2013/25/i25.png,31.2467,non_eccentricity_pattern_noise,l-17,-0.269876185
t-i25-t-14-2,tid2013,t-i25,t-14,2,0,tid2013/25/i25_14_2.png,tid2013/25/i25.png,31.2467,non_eccentricity_pattern_noise,l-17,-0.47252746
t-i25-t-14-3,tid2013,t-i25,t-14,3,0,tid2013/25/i25_14_3.png,tid2013/25/i25.png,31.2467,non_eccentricity_pattern_noise,l-17,-0.707812763
t-i25-t-14-4,tid2013,t-i25,t-14,4,0,tid2013/25/i25_14_4.png,tid2013/25/i25.png,31.2467,non_eccentricity_pattern_noise,l-17,-1.88317617
t-i25-t-14-5,tid2013,t-i25,t-14,5,0,tid2013/25/i25_14_5.png,tid2013/25/i25.png,31.2467,non_eccentricity_pattern_noise,l-17,-2.32059659
t-i25-t-15-1,tid2013,t-i25,t-15,1,0,tid2013/25/i25_15_1.png,tid2013/25/i25.png,31.2467,local_block_wise_distortions_of_different_intensity,l-17,-2.18652647
t-i25-t-15-2,tid2013,t-i25,t-15,2,0,tid2013/25/i25_15_2.png,tid2013/25/i25.png,31.2467,local_block_wise_distortions_of_different_intensity,l-17,-2.359147499
t-i25-t-15-3,tid2013,t-i25,t-15,3,0,tid2013/25/i25_15_3.png,tid2013/25/i25.png,31.2467,local_block_wise_distortions_of_different_intensity,l-17,-1.94089054
t-i25-t-15-4,tid2013,t-i25,t-15,4,0,tid2013/25/i25_15_4.png,tid2013/25/i25.png,31.2467,local_block_wise_distortions_of_different_intensity,l-17,-1.397604877
t-i25-t-15-5,tid2013,t-i25,t-15,5,0,tid2013/25/i25_15_5.png,tid2013/25/i25.png,31.2467,local_block_wise_distortions_of_different_intensity,l-17,-1.26966708
t-i25-t-16-1,tid2013,t-i25,t-16,1,0,tid2013/25/i25_16_1.png,tid2013/25/i25.png,31.2467,intensity_shift,l-17,0.046307018
t-i25-t-16-2,tid2013,t-i25,t-16,2,0,tid2013/25/i25_16_2.png,tid2013/25/i25.png,31.2467,intensity_shift,l-17,0.318539204
t-i25-t-16-3,tid2013,t-i25,t-16,3,0,tid2013/25/i25_16_3.png,tid2013/25/i25.png,31.2467,intensity_shift,l-17,-0.130000669
t-i25-t-16-4,tid2013,t-i25,t-16,4,0,tid2013/25/i25_16_4.png,tid2013/25/i25.png,31.2467,intensity_shift,l-17,-0.163024811
t-i25-t-16-5,tid2013,t-i25,t-16,5,0,tid2013/25/i25_16_5.png,tid2013/25/i25.png,31.2467,intensity_shift,l-17,-1.167102785
t-i25-t-17-1,tid2013,t-i25,t-17,1,0,tid2013/25/i25_17_1.png,tid2013/25/i25.png,31.2467,contrast_change,l-17,-0.08899303
t-i25-t-17-2,tid2013,t-i25,t-17,2,0,tid2013/25/i25_17_2.png,tid2013/25/i25.png,31.2467,contrast_change,l-17,0.617638042
t-i25-t-17-3,tid2013,t-i25,t-17,3,0,tid2013/25/i25_17_3.png,tid2013/25/i25.png,31.2467,contrast_change,l-17,-0.913863885
t-i25-t-17-4,tid2013,t-i25,t-17,4,0,tid2013/25/i25_17_4.png,tid2013/25/i25.png,31.2467,contrast_change,l-17,0.292597333
t-i25-t-17-5,tid2013,t-i25,t-17,5,0,tid2013/25/i25_17_5.png,tid2013/25/i25.png,31.2467,contrast_change,l-17,-2.293305541
t-i25-t-18-1,tid2013,t-i25,t-18,1,0,tid2013/25/i25_18_1.png,tid2013/25/i25.png,31.2467,change_of_color_saturation,l-17,-0.234162868
t-i25-t-18-2,tid2013,t-i25,t-18,2,0,tid2013/25/i25_18_2.png,tid2013/25/i25.png,31.2467,change_of_color_saturation,l-17,-0.52384095
t-i25-t-18-3,tid2013,t-i25,t-18,3,0,tid2013/25/i25_18_3.png,tid2013/25/i25.png,31.2467,change_of_color_saturation,l-17,-1.05092395
t-i25-t-18-4,tid2013,t-i25,t-18,4,0,tid2013/25/i25_18_4.png,tid2013/25/i25.png,31.2467,change_of_color_saturation,l-17,-1.645572327
t-i25-t-18-5,tid2013,t-i25,t-18,5,0,tid2013/25/i25_18_5.png,tid2013/25/i25.png,31.2467,change_of_color_saturation,l-17,-2.61068674
t-i25-t-19-1,tid2013,t-i25,t-19,1,0,tid2013/25/i25_19_1.png,tid2013/25/i25.png,31.2467,multiplicative_gaussian_noise,l-17,-0.661114431
t-i25-t-19-2,tid2013,t-i25,t-19,2,0,tid2013/25/i25_19_2.png,tid2013/25/i25.png,31.2467,multiplicative_gaussian_noise,l-17,-1.203389716
t-i25-t-19-3,tid2013,t-i25,t-19,3,0,tid2013/25/i25_19_3.png,tid2013/25/i25.png,31.2467,multiplicative_gaussian_noise,l-17,-1.756869054
t-i25-t-19-4,tid2013,t-i25,t-19,4,0,tid2013/25/i25_19_4.png,tid2013/25/i25.png,31.2467,multiplicative_gaussian_noise,l-17,-1.948319589
t-i25-t-19-5,tid2013,t-i25,t-19,5,0,tid2013/25/i25_19_5.png,tid2013/25/i25.png,31.2467,multiplicative_gaussian_noise,l-17,-2.205241058
t-i25-t-20-1,tid2013,t-i25,t-20,1,0,tid2013/25/i25_20_1.png,tid2013/25/i25.png,31.2467,comfort_noise,l-17,-0.098183754
t-i25-t-20-2,tid2013,t-i25,t-20,2,0,tid2013/25/i25_20_2.png,tid2013/25/i25.png,31.2467,comfort_noise,l-17,-0.460083504
t-i25-t-20-3,tid2013,t-i25,t-20,3,0,tid2013/25/i25_20_3.png,tid2013/25/i25.png,31.2467,comfort_noise,l-17,-0.728675396
t-i25-t-20-4,tid2013,t-i25,t-20,4,0,tid2013/25/i25_20_4.png,tid2013/25/i25.png,31.2467,comfort_noise,l-17,-0.79268349
t-i25-t-20-5,tid2013,t-i25,t-20,5,0,tid2013/25/i25_20_5.png,tid2013/25/i25.png,31.2467,comfort_noise,l-17,-1.384373426
t-i25-t-21-1,tid2013,t-i25,t-21,1,0,tid2013/25/i25_21_1.png,tid2013/25/i25.png,31.2467,lossy_compression_of_noisy_images,l-17,-0.627579663
t-i25-t-21-2,tid2013,t-i25,t-21,2,0,tid2013/25/i25_21_2.png,tid2013/25/i25.png,31.2467,lossy_compression_of_noisy_images,l-17,-1.172151594
t-i25-t-21-3,tid2013,t-i25,t-21,3,0,tid2013/25/i25_21_3.png,tid2013/25/i25.png,31.2467,lossy_compression_of_noisy_images,l-17,-0.745510924
t-i25-t-21-4,tid2013,t-i25,t-21,4,0,tid2013/25/i25_21_4.png,tid2013/25/i25.png,31.2467,lossy_compression_of_noisy_images,l-17,-2.065806504
t-i25-t-21-5,tid2013,t-i25,t-21,5,0,tid2013/25/i25_21_5.png,tid2013/25/i25.png,31.2467,lossy_compression_of_noisy_images,l-17,-2.625163854
t-i25-t-22-1,tid2013,t-i25,t-22,1,0,tid2013/25/i25_22_1.png,tid2013/25/i25.png,31.2467,image_color_quantization_with_dither,l-17,-0.906908165
t-i25-t-22-2,tid2013,t-i25,t-22,2,0,tid2013/25/i25_22_2.png,tid2013/25/i25.png,31.2467,image_color_quantization_with_dither,l-17,-1.330524578
t-i25-t-22-3,tid2013,t-i25,t-22,3,0,tid2013/25/i25_22_3.png,tid2013/25/i25.png,31.2467,image_color_quantization_with_dither,l-17,-1.587213537
t-i25-t-22-4,tid2013,t-i25,t-22,4,0,tid2013/25/i25_22_4.png,tid2013/25/i25.png,31.2467,image_color_quantization_with_dither,l-17,-2.075123587
t-i25-t-22-5,tid2013,t-i25,t-22,5,0,tid2013/25/i25_22_5.png,tid2013/25/i25.png,31.2467,image_color_quantization_with_dither,l-17,-2.580274409
t-i25-t-23-1,tid2013,t-i25,t-23,1,0,tid2013/25/i25_23_1.png,tid2013/25/i25.png,31.2467,chromatic_aberrations,l-17,0.229189261
t-i25-t-23-2,tid2013,t-i25,t-23,2,0,tid2013/25/i25_23_2.png,tid2013/25/i25.png,31.2467,chromatic_aberrations,l-17,0.215491469
t-i25-t-23-3,tid2013,t-i25,t-23,3,0,tid2013/25/i25_23_3.png,tid2013/25/i25.png,31.2467,chromatic_aberrations,l-17,0.11388563
t-i25-t-23-4,tid2013,t-i25,t-23,4,0,tid2013/25/i25_23_4.png,tid2013/25/i25.png,31.2467,chromatic_aberrations,l-17,0.211066717
t-i25-t-23-5,tid2013,t-i25,t-23,5,0,tid2013/25/i25_23_5.png,tid2013/25/i25.png,31.2467,chromatic_aberrations,l-17,0.069033355
t-i25-t-24-1,tid2013,t-i25,t-24,1,0,tid2013/25/i25_24_1.png,tid2013/25/i25.png,31.2467,sparse_sampling_and_reconstruction,l-17,-0.086674151
t-i25-t-24-2,tid2013,t-i25,t-24,2,0,tid2013/25/i25_24_2.png,tid2013/25/i25.png,31.2467,sparse_sampling_and_reconstruction,l-17,-0.359249517
t-i25-t-24-3,tid2013,t-i25,t-24,3,0,tid2013/25/i25_24_3.png,tid2013/25/i25.png,31.2467,sparse_sampling_and_reconstruction,l-17,-0.907353585
t-i25-t-24-4,tid2013,t-i25,t-24,4,0,tid2013/25/i25_24_4.png,tid2013/25/i25.png,31.2467,sparse_sampling_and_reconstruction,l-17,-1.538016366
t-i25-t-24-5,tid2013,t-i25,t-24,5,0,tid2013/25/i25_24_5.png,tid2013/25/i25.png,31.2467,sparse_sampling_and_reconstruction,l-17,-2.669750888
l-i01-l-01-1,live,l-i01,l-01,1,0,live/01/i01_01_1.png,live/01/i01.png,30.159,JPEG2000_transmission_errors,-,0.155216099
l-i01-l-01-2,live,l-i01,l-01,2,0,live/01/i01_01_2.png,live/01/i01.png,30.159,JPEG2000_transmission_errors,-,-0.87536412
l-i01-l-01-3,live,l-i01,l-01,3,0,live/01/i01_01_3.png,live/01/i01.png,30.159,JPEG2000_transmission_errors,-,-1.869984734
l-i01-l-01-4,live,l-i01,l-01,4,0,live/01/i01_01_4.png,live/01/i01.png,30.159,JPEG2000_transmission_errors,-,-1.966039271
l-i01-l-01-5,live,l-i01,l-01,5,0,live/01/i01_01_5.png,live/01/i01.png,30.159,JPEG2000_transmission_errors,-,-5.953809625
l-i01-l-02-1,live,l-i01,l-02,1,0,live/01/i01_02_1.png,live/01/i01.png,30.159,gaussian_blur,-,-0.641840907
l-i01-l-02-2,live,l-i01,l-02,2,0,live/01/i01_02_2.png,live/01/i01.png,30.159,gaussian_blur,-,-1.211337345
l-i01-l-02-3,live,l-i01,l-02,3,0,live/01/i01_02_3.png,live/01/i01.png,30.159,gaussian_blur,-,-1.335013696
l-i01-l-02-4,live,l-i01,l-02,4,0,live/01/i01_02_4.png,live/01/i01.png,30.159,gaussian_blur,-,-2.12227735
l-i01-l-02-5,live,l-i01,l-02,5,0,live/01/i01_02_5.png,live/01/i01.png,30.159,gaussian_blur,-,-3.11396006
l-i01-l-03-1,live,l-i01,l-03,1,0,live/01/i01_03_1.png,live/01/i01.png,30.159,JPEG2000_compression,-,0.004220908
l-i01-l-03-2,live,l-i01,l-03,2,0,live/01/i01_03_2.png,live/01/i01.png,30.159,JPEG2000_compression,-,-0.591461239
l-i01-l-03-3,live,l-i01,l-03,3,0,live/01/i01_03_3.png,live/01/i01.png,30.159,JPEG2000_compression,-,-1.233259391
l-i01-l-03-4,live,l-i01,l-03,4,0,live/01/i01_03_4.png,live/01/i01.png,30.159,JPEG2000_compression,-,-1.93329273
l-i01-l-03-5,live,l-i01,l-03,5,0,live/01/i01_03_5.png,live/01/i01.png,30.159,JPEG2000_compression,-,-3.840432549
l-i01-l-03-6,live,l-i01,l-03,6,0,live/01/i01_03_6.png,live/01/i01.png,30.159,JPEG2000_compression,-,-4.615238945
l-i01-l-04-1,live,l-i01,l-04,1,0,live/01/i01_04_1.png,live/01/i01.png,30.159,JPEG_compression,-,-0.579359187
l-i01-l-04-2,live,l-i01,l-04,2,0,live/01/i01_04_2.png,live/01/i01.png,30.159,JPEG_compression,-,-1.021703223
l-i01-l-04-3,live,l-i01,l-04,3,0,live/01/i01_04_3.png,live/01/i01.png,30.159,JPEG_compression,-,-2.192341547
l-i01-l-04-4,live,l-i01,l-04,4,0,live/01/i01_04_4.png,live/01/i01.png,30.159,JPEG_compression,-,-2.690725162
l-i01-l-04-5,live,l-i01,l-04,5,0,live/01/i01_04_5.png,live/01/i01.png,30.159,JPEG_compression,-,-3.449408188
l-i01-l-04-6,live,l-i01,l-04,6,0,live/01/i01_04_6.png,live/01/i01.png,30.159,JPEG_compression,-,-4.698937363
l-i01-l-04-7,live,l-i01,l-04,7,0,live/01/i01_04_7.png,live/01/i01.png,30.159,JPEG_compression,-,-4.900724995
l-i01-l-05-1,live,l-i01,l-05,1,0,live/01/i01_05_1.png,live/01/i01.png,30.159,white_noise,-,-0.660095063
l-i01-l-05-2,live,l-i01,l-05,2,0,live/01/i01_05_2.png,live/01/i01.png,30.159,white_noise,-,-2.090107858
l-i01-l-05-3,live,l-i01,l-05,3,0,live/01/i01_05_3.png,live/01/i01.png,30.159,white_noise,-,-3.372042047
l-i01-l-05-4,live,l-i01,l-05,4,0,live/01/i01_05_4.png,live/01/i01.png,30.159,white_noise,-,-4.327707621
l-i01-l-05-5,live,l-i01,l-05,5,0,live/01/i01_05_5.png,live/01/i01.png,30.159,white_noise,-,-6.162916737
l-i02-l-01-1,live,l-i02,l-01,1,0,live/02/i02_01_1.png,live/02/i02.png,30.159,JPEG2000_transmission_errors,-,0.067840067
l-i02-l-01-2,live,l-i02,l-01,2,0,live/02/i02_01_2.png,live/02/i02.png,30.159,JPEG2000_transmission_errors,-,-0.000375874
l-i02-l-01-3,live,l-i02,l-01,3,0,live/02/i02_01_3.png,live/02/i02.png,30.159,JPEG2000_transmission_errors,-,-1.551508946
l-i02-l-01-4,live,l-i02,l-01,4,0,live/02/i02_01_4.png,live/02/i02.png,30.159,JPEG2000_transmission_errors,-,-4.81470384
l-i02-l-01-5,live,l-i02,l-01,5,0,live/02/i02_01_5.png,live/02/i02.png,30.159,JPEG2000_transmission_errors,-,-6.356967432
l-i02-l-02-1,live,l-i02,l-02,1,0,live/02/i02_02_1.png,live/02/i02.png,30.159,gaussian_blur,-,-0.375475883
l-i02-l-02-2,live,l-i02,l-02,2,0,live/02/i02_02_2.png,live/02/i02.png,30.159,gaussian_blur,-,-1.164167867
l-i02-l-02-3,live,l-i02,l-02,3,0,live/02/i02_02_3.png,live/02/i02.png,30.159,gaussian_blur,-,-1.810476674
l-i02-l-02-4,live,l-i02,l-02,4,0,live/02/i02_02_4.png,live/02/i02.png,30.159,gaussian_blur,-,-2.320145788
l-i02-l-02-5,live,l-i02,l-02,5,0,live/02/i02_02_5.png,live/02/i02.png,30.159,gaussian_blur,-,-3.516033695
l-i02-l-03-1,live,l-i02,l-03,1,0,live/02/i02_03_1.png,live/02/i02.png,30.159,JPEG2000_compression,-,0.06973057
l-i02-l-03-2,live,l-i02,l-03,2,0,live/02/i02_03_2.png,live/02/i02.png,30.159,JPEG2000_compression,-,-0.495300393
l-i02-l-03-3,live,l-i02,l-03,3,0,live/02/i02_03_3.png,live/02/i02.png,30.159,JPEG2000_compression,-,-2.22194888
l-i02-l-03-4,live,l-i02,l-03,4,0,live/02/i02_03_4.png,live/02/i02.png,30.159,JPEG2000_compression,-,-2.686276838
l-i02-l-03-5,live,l-i02,l-03,5,0,live/02/i02_03_5.png,live/02/i02.png,30.159,JPEG2000_compression,-,-4.268890355
l-i02-l-03-6,live,l-i02,l-03,6,0,live/02/i02_03_6.png,live/02/i02.png,30.159,JPEG2000_compression,-,-4.290335245
l-i02-l-04-1,live,l-i02,l-04,1,0,live/02/i02_04_1.png,live/02/i02.png,30.159,JPEG_compression,-,-0.520098515
l-i02-l-04-2,live,l-i02,l-04,2,0,live/02/i02_04_2.png,live/02/i02.png,30.159,JPEG_compression,-,-1.536054267
l-i02-l-04-3,live,l-i02,l-04,3,0,live/02/i02_04_3.png,live/02/i02.png,30.159,JPEG_compression,-,-2.108453315
l-i02-l-04-4,live,l-i02,l-04,4,0,live/02/i02_04_4.png,live/02/i02.png,30.159,JPEG_compression,-,-3.73095584
l-i02-l-04-5,live,l-i02,l-04,5,0,live/02/i02_04_5.png,live/02/i02.png,30.159,JPEG_compression,-,-3.322445828
l-i02-l-04-6,live,l-i02,l-04,6,0,live/02/i02_04_6.png,live/02/i02.png,30.159,JPEG_compression,-,-4.905477303
l-i02-l-04-7,live,l-i02,l-04,7,0,live/02/i02_04_7.png,live/02/i02.png,30.159,JPEG_compression,-,-5.346474215
l-i02-l-05-1,live,l-i02,l-05,1,0,live/02/i02_05_1.png,live/02/i02.png,30.159,white_noise,-,-1.135325922
l-i02-l-05-2,live,l-i02,l-05,2,0,live/02/i02_05_2.png,live/02/i02.png,30.159,white_noise,-,-2.320942324
l-i02-l-05-3,live,l-i02,l-05,3,0,live/02/i02_05_3.png,live/02/i02.png,30.159,white_noise,-,-3.742617457
l-i02-l-05-4,live,l-i02,l-05,4,0,live/02/i02_05_4.png,live/02/i02.png,30.159,white_noise,-,-4.376568456
l-i02-l-05-5,live,l-i02,l-05,5,0,live/02/i02_05_5.png,live/02/i02.png,30.159,white_noise,-,-6.342927331
l-i03-l-01-1,live,l-i03,l-01,1,0,live/03/i03_01_1.png,live/03/i03.png,30.159,JPEG2000_transmission_errors,t-04,-0.074273576
l-i03-l-01-2,live,l-i03,l-01,2,0,live/03/i03_01_2.png,live/03/i03.png,30.159,JPEG2000_transmission_errors,t-04,-3.001984172
l-i03-l-01-3,live,l-i03,l-01,3,0,live/03/i03_01_3.png,live/03/i03.png,30.159,JPEG2000_transmission_errors,t-04,-4.187629536
l-i03-l-01-4,live,l-i03,l-01,4,0,live/03/i03_01_4.png,live/03/i03.png,30.159,JPEG2000_transmission_errors,t-04,-3.597679289
l-i03-l-01-5,live,l-i03,l-01,5,0,live/03/i03_01_5.png,live/03/i03.png,30.159,JPEG2000_transmission_errors,t-04,-5.375642249
l-i03-l-02-1,live,l-i03,l-02,1,0,live/03/i03_02_1.png,live/03/i03.png,30.159,gaussian_blur,t-04,-0.302199001
l-i03-l-02-2,live,l-i03,l-02,2,0,live/03/i03_02_2.png,live/03/i03.png,30.159,gaussian_blur,t-04,-0.845398952
l-i03-l-02-3,live,l-i03,l-02,3,0,live/03/i03_02_3.png,live/03/i03.png,30.159,gaussian_blur,t-04,-1.024877924
l-i03-l-02-4,live,l-i03,l-02,4,0,live/03/i03_02_4.png,live/03/i03.png,30.159,gaussian_blur,t-04,-2.188408191
l-i03-l-02-5,live,l-i03,l-02,5,0,live/03/i03_02_5.png,live/03/i03.png,30.159,gaussian_blur,t-04,-3.01759553
l-i03-l-03-1,live,l-i03,l-03,1,0,live/03/i03_03_1.png,live/03/i03.png,30.159,JPEG2000_compression,t-04,0.123703049
l-i03-l-03-2,live,l-i03,l-03,2,0,live/03/i03_03_2.png,live/03/i03.png,30.159,JPEG2000_compression,t-04,-1.174833598
l-i03-l-03-3,live,l-i03,l-03,3,0,live/03/i03_03_3.png,live/03/i03.png,30.159,JPEG2000_compression,t-04,-2.257100339
l-i03-l-03-4,live,l-i03,l-03,4,0,live/03/i03_03_4.png,live/03/i03.png,30.159,JPEG2000_compression,t-04,-2.537836375
l-i03-l-03-5,live,l-i03,l-03,5,0,live/03/i03_03_5.png,live/03/i03.png,30.159,JPEG2000_compression,t-04,-3.53483495
l-i03-l-03-6,live,l-i03,l-03,6,0,live/03/i03_03_6.png,live/03/i03.png,30.159,JPEG2000_compression,t-04,-3.831119989
l-i03-l-04-1,live,l-i03,l-04,1,0,live/03/i03_04_1.png,live/03/i03.png,30.159,JPEG_compression,t-04,-0.07342987
l-i03-l-04-2,live,l-i03,l-04,2,0,live/03/i03_04_2.png,live/03/i03.png,30.159,JPEG_compression,t-04,-1.550953737
l-i03-l-04-3,live,l-i03,l-04,3,0,live/03/i03_04_3.png,live/03/i03.png,30.159,JPEG_compression,t-04,-2.01371178
l-i03-l-04-4,live,l-i03,l-04,4,0,live/03/i03_04_4.png,live/03/i03.png,30.159,JPEG_compression,t-04,-2.146608553
l-i03-l-04-5,live,l-i03,l-04,5,0,live/03/i03_04_5.png,live/03/i03.png,30.159,JPEG_compression,t-04,-1.777092339
l-i03-l-04-6,live,l-i03,l-04,6,0,live/03/i03_04_6.png,live/03/i03.png,30.159,JPEG_compression,t-04,-5.130227252
l-i03-l-04-7,live,l-i03,l-04,7,0,live/03/i03_04_7.png,live/03/i03.png,30.159,JPEG_compression,t-04,-5.011958464
l-i03-l-05-1,live,l-i03,l-05,1,0,live/03/i03_05_1.png,live/03/i03.png,30.159,white_noise,t-04,-0.972859368
l-i03-l-05-2,live,l-i03,l-05,2,0,live/03/i03_05_2.png,live/03/i03.png,30.159,white_noise,t-04,-1.664654931
l-i03-l-05-3,live,l-i03,l-05,3,0,live/03/i03_05_3.png,live/03/i03.png,30.159,white_noise,t-04,-3.835988725
l-i03-l-05-4,live,l-i03,l-05,4,0,live/03/i03_05_4.png,live/03/i03.png,30.159,white_noise,t-04,-4.159192364
l-i03-l-05-5,live,l-i03,l-05,5,0,live/03/i03_05_5.png,live/03/i03.png,30.159,white_noise,t-04,-6.214052407
l-i04-l-01-1,live,l-i04,l-01,1,0,live/04/i04_01_1.png,live/04/i04.png,30.159,JPEG2000_transmission_errors,t-29,-0.837380338
l-i04-l-01-2,live,l-i04,l-01,2,0,live/04/i04_01_2.png,live/04/i04.png,30.159,JPEG2000_transmission_errors,t-29,-1.09458424
l-i04-l-01-3,live,l-i04,l-01,3,0,live/04/i04_01_3.png,live/04/i04.png,30.159,JPEG2000_transmission_errors,t-29,-2.743498298
l-i04-l-01-4,live,l-i04,l-01,4,0,live/04/i04_01_4.png,live/04/i04.png,30.159,JPEG2000_transmission_errors,t-29,-4.178390278
l-i04-l-01-5,live,l-i04,l-01,5,0,live/04/i04_01_5.png,live/04/i04.png,30.159,JPEG2000_transmission_errors,t-29,-5.015587664
l-i04-l-02-1,live,l-i04,l-02,1,0,live/04/i04_02_1.png,live/04/i04.png,30.159,gaussian_blur,t-29,-1.087141135
l-i04-l-02-2,live,l-i04,l-02,2,0,live/04/i04_02_2.png,live/04/i04.png,30.159,gaussian_blur,t-29,-1.964153432
l-i04-l-02-3,live,l-i04,l-02,3,0,live/04/i04_02_3.png,live/04/i04.png,30.159,gaussian_blur,t-29,-3.253970172
l-i04-l-02-4,live,l-i04,l-02,4,0,live/04/i04_02_4.png,live/04/i04.png,30.159,gaussian_blur,t-29,-3.483163825
l-i04-l-02-5,live,l-i04,l-02,5,0,live/04/i04_02_5.png,live/04/i04.png,30.159,gaussian_blur,t-29,-3.962963931
l-i04-l-03-1,live,l-i04,l-03,1,0,live/04/i04_03_1.png,live/04/i04.png,30.159,JPEG2000_compression,t-29,-0.259311688
l-i04-l-03-2,live,l-i04,l-03,2,0,live/04/i04_03_2.png,live/04/i04.png,30.159,JPEG2000_compression,t-29,-0.492984856
l-i04-l-03-3,live,l-i04,l-03,3,0,live/04/i04_03_3.png,live/04/i04.png,30.159,JPEG2000_compression,t-29,-1.990327195
l-i04-l-03-4,live,l-i04,l-03,4,0,live/04/i04_03_4.png,live/04/i04.png,30.159,JPEG2000_compression,t-29,-3.056946835
l-i04-l-03-5,live,l-i04,l-03,5,0,live/04/i04_03_5.png,live/04/i04.png,30.159,JPEG2000_compression,t-29,-3.329888179
l-i04-l-04-1,live,l-i04,l-04,1,0,live/04/i04_04_1.png,live/04/i04.png,30.159,JPEG_compression,t-29,0.174034644
l-i04-l-04-2,live,l-i04,l-04,2,0,live/04/i04_04_2.png,live/04/i04.png,30.159,JPEG_compression,t-29,-1.14174329
l-i04-l-04-3,live,l-i04,l-04,3,0,live/04/i04_04_3.png,live/04/i04.png,30.159,JPEG_compression,t-29,-0.82604063
l-i04-l-04-4,live,l-i04,l-04,4,0,live/04/i04_04_4.png,live/04/i04.png,30.159,JPEG_compression,t-29,-3.556599787
l-i04-l-04-5,live,l-i04,l-04,5,0,live/04/i04_04_5.png,live/04/i04.png,30.159,JPEG_compression,t-29,-5.333273345
l-i04-l-04-6,live,l-i04,l-04,6,0,live/04/i04_04_6.png,live/04/i04.png,30.159,JPEG_compression,t-29,-5.206253162
l-i04-l-05-1,live,l-i04,l-05,1,0,live/04/i04_05_1.png,live/04/i04.png,30.159,white_noise,t-29,-0.535478055
l-i04-l-05-2,live,l-i04,l-05,2,0,live/04/i04_05_2.png,live/04/i04.png,30.159,white_noise,t-29,-1.717691604
l-i04-l-05-3,live,l-i04,l-05,3,0,live/04/i04_05_3.png,live/04/i04.png,30.159,white_noise,t-29,-2.468596186
l-i04-l-05-4,live,l-i04,l-05,4,0,live/04/i04_05_4.png,live/04/i04.png,30.159,white_noise,t-29,-3.273370115
l-i04-l-05-5,live,l-i04,l-05,5,0,live/04/i04_05_5.png,live/04/i04.png,30.159,white_noise,t-29,-5.45150894
l-i05-l-01-1,live,l-i05,l-01,1,0,live/05/i05_01_1.png,live/05/i05.png,30.159,JPEG2000_transmission_errors,t-01,-0.133405703
l-i05-l-01-2,live,l-i05,l-01,2,0,live/05/i05_01_2.png,live/05/i05.png,30.159,JPEG2000_transmission_errors,t-01,-0.056746983
l-i05-l-01-3,live,l-i05,l-01,3,0,live/05/i05_01_3.png,live/05/i05.png,30.159,JPEG2000_transmission_errors,t-01,-1.784716835
l-i05-l-01-4,live,l-i05,l-01,4,0,live/05/i05_01_4.png,live/05/i05.png,30.159,JPEG2000_transmission_errors,t-01,-3.044608138
l-i05-l-01-5,live,l-i05,l-01,5,0,live/05/i05_01_5.png,live/05/i05.png,30.159,JPEG2000_transmission_errors,t-01,-3.737010575
l-i05-l-02-1,live,l-i05,l-02,1,0,live/05/i05_02_1.png,live/05/i05.png,30.159,gaussian_blur,t-01,-0.474676998
l-i05-l-02-2,live,l-i05,l-02,2,0,live/05/i05_02_2.png,live/05/i05.png,30.159,gaussian_blur,t-01,-1.299908279
l-i05-l-02-3,live,l-i05,l-02,3,0,live/05/i05_02_3.png,live/05/i05.png,30.159,gaussian_blur,t-01,-1.990228424
l-i05-l-02-4,live,l-i05,l-02,4,0,live/05/i05_02_4.png,live/05/i05.png,30.159,gaussian_blur,t-01,-2.901722137
l-i05-l-02-5,live,l-i05,l-02,5,0,live/05/i05_02_5.png,live/05/i05.png,30.159,gaussian_blur,t-01,-3.705643456
l-i05-l-03-1,live,l-i05,l-03,1,0,live/05/i05_03_1.png,live/05/i05.png,30.159,JPEG2000_compression,t-01,-0.099430964
l-i05-l-03-2,live,l-i05,l-03,2,0,live/05/i05_03_2.png,live/05/i05.png,30.159,JPEG2000_compression,t-01,-0.773438786
l-i05-l-03-3,live,l-i05,l-03,3,0,live/05/i05_03_3.png,live/05/i05.png,30.159,JPEG2000_compression,t-01,-2.173846573
l-i05-l-03-4,live,l-i05,l-03,4,0,live/05/i05_03_4.png,live/05/i05.png,30.159,JPEG2000_compression,t-01,-2.68216558
l-i05-l-03-5,live,l-i05,l-03,5,0,live/05/i05_03_5.png,live/05/i05.png,30.159,JPEG2000_compression,t-01,-4.322765136
l-i05-l-03-6,live,l-i05,l-03,6,0,live/05/i05_03_6.png,live/05/i05.png,30.159,JPEG2000_compression,t-01,-5.163962245
l-i05-l-04-1,live,l-i05,l-04,1,0,live/05/i05_04_1.png,live/05/i05.png,30.159,JPEG_compression,t-01,0.60449997
l-i05-l-04-2,live,l-i05,l-04,2,0,live/05/i05_04_2.png,live/05/i05.png,30.159,JPEG_compression,t-01,-0.23110392
l-i05-l-04-3,live,l-i05,l-04,3,0,live/05/i05_04_3.png,live/05/i05.png,30.159,JPEG_compression,t-01,-3.801047791
l-i05-l-04-4,live,l-i05,l-04,4,0,live/05/i05_04_4.png,live/05/i05.png,30.159,JPEG_compression,t-01,-3.687934644
l-i05-l-04-5,live,l-i05,l-04,5,0,live/05/i05_04_5.png,live/05/i05.png,30.159,JPEG_compression,t-01,-5.017255058
l-i05-l-05-1,live,l-i05,l-05,1,0,live/05/i05_05_1.png,live/05/i05.png,30.159,white_noise,t-01,-0.081363693
l-i05-l-05-2,live,l-i05,l-05,2,0,live/05/i05_05_2.png,live/05/i05.png,30.159,white_noise,t-01,-1.810790046
l-i05-l-05-3,live,l-i05,l-05,3,0,live/05/i05_05_3.png,live/05/i05.png,30.159,white_noise,t-01,-3.405956695
l-i05-l-05-4,live,l-i05,l-05,4,0,live/05/i05_05_4.png,live/05/i05.png,30.159,white_noise,t-01,-3.606464835
l-i05-l-05-5,live,l-i05,l-05,5,0,live/05/i05_05_5.png,live/05/i05.png,30.159,white_noise,t-01,-6.284893596
l-i06-l-01-1,live,l-i06,l-01,1,0,live/06/i06_01_1.png,live/06/i06.png,30.159,JPEG2000_transmission_errors,t-21,0.401290452
l-i06-l-01-2,live,l-i06,l-01,2,0,live/06/i06_01_2.png,live/06/i06.png,30.159,JPEG2000_transmission_errors,t-21,-3.275236186
l-i06-l-01-3,live,l-i06,l-01,3,0,live/06/i06_01_3.png,live/06/i06.png,30.159,JPEG2000_transmission_errors,t-21,-4.043014194
l-i06-l-01-4,live,l-i06,l-01,4,0,live/06/i06_01_4.png,live/06/i06.png,30.159,JPEG2000_transmission_errors,t-21,-4.830621517
l-i06-l-01-5,live,l-i06,l-01,5,0,live/06/i06_01_5.png,live/06/i06.png,30.159,JPEG2000_transmission_errors,t-21,-5.901235325
l-i06-l-02-1,live,l-i06,l-02,1,0,live/06/i06_02_1.png,live/06/i06.png,30.159,gaussian_blur,t-21,-1.065086291
l-i06-l-02-2,live,l-i06,l-02,2,0,live/06/i06_02_2.png,live/06/i06.png,30.159,gaussian_blur,t-21,-1.355218889
l-i06-l-02-3,live,l-i06,l-02,3,0,live/06/i06_02_3.png,live/06/i06.png,30.159,gaussian_blur,t-21,-2.043894175
l-i06-l-02-4,live,l-i06,l-02,4,0,live/06/i06_02_4.png,live/06/i06.png,30.159,gaussian_blur,t-21,-2.485971029
l-i06-l-02-5,live,l-i06,l-02,5,0,live/06/i06_02_5.png,live/06/i06.png,30.159,gaussian_blur,t-21,-3.480434475
l-i06-l-03-1,live,l-i06,l-03,1,0,live/06/i06_03_1.png,live/06/i06.png,30.159,JPEG2000_compression,t-21,-0.681248373
l-i06-l-03-2,live,l-i06,l-03,2,0,live/06/i06_03_2.png,live/06/i06.png,30.159,JPEG2000_compression,t-21,-2.068858115
l-i06-l-03-3,live,l-i06,l-03,3,0,live/06/i06_03_3.png,live/06/i06.png,30.159,JPEG2000_compression,t-21,-3.187764323
l-i06-l-03-4,live,l-i06,l-03,4,0,live/06/i06_03_4.png,live/06/i06.png,30.159,JPEG2000_compression,t-21,-4.025258888
l-i06-l-03-5,live,l-i06,l-03,5,0,live/06/i06_03_5.png,live/06/i06.png,30.159,JPEG2000_compression,t-21,-4.287512726
l-i06-l-04-1,live,l-i06,l-04,1,0,live/06/i06_04_1.png,live/06/i06.png,30.159,JPEG_compression,t-21,-0.814194818
l-i06-l-04-2,live,l-i06,l-04,2,0,live/06/i06_04_2.png,live/06/i06.png,30.159,JPEG_compression,t-21,-1.305133152
l-i06-l-04-3,live,l-i06,l-04,3,0,live/06/i06_04_3.png,live/06/i06.png,30.159,JPEG_compression,t-21,-2.620477212
l-i06-l-04-4,live,l-i06,l-04,4,0,live/06/i06_04_4.png,live/06/i06.png,30.159,JPEG_compression,t-21,-4.171648641
l-i06-l-04-5,live,l-i06,l-04,5,0,live/06/i06_04_5.png,live/06/i06.png,30.159,JPEG_compression,t-21,-3.711722118
l-i06-l-04-6,live,l-i06,l-04,6,0,live/06/i06_04_6.png,live/06/i06.png,30.159,JPEG_compression,t-21,-4.62951912
l-i06-l-05-1,live,l-i06,l-05,1,0,live/06/i06_05_1.png,live/06/i06.png,30.159,white_noise,t-21,-0.816644635
l-i06-l-05-2,live,l-i06,l-05,2,0,live/06/i06_05_2.png,live/06/i06.png,30.159,white_noise,t-21,-1.79269696
l-i06-l-05-3,live,l-i06,l-05,3,0,live/06/i06_05_3.png,live/06/i06.png,30.159,white_noise,t-21,-3.38775248
l-i06-l-05-4,live,l-i06,l-05,4,0,live/06/i06_05_4.png,live/06/i06.png,30.159,white_noise,t-21,-3.389844863
l-i06-l-05-5,live,l-i06,l-05,5,0,live/06/i06_05_5.png,live/06/i06.png,30.159,white_noise,t-21,-6.216651693
l-i07-l-01-1,live,l-i07,l-01,1,0,live/07/i07_01_1.png,live/07/i07.png,30.159,JPEG2000_transmission_errors,-,-0.066469805
l-i07-l-01-2,live,l-i07,l-01,2,0,live/07/i07_01_2.png,live/07/i07.png,30.159,JPEG2000_transmission_errors,-,-0.347493045
l-i07-l-01-3,live,l-i07,l-01,3,0,live/07/i07_01_3.png,live/07/i07.png,30.159,JPEG2000_transmission_errors,-,-1.655505609
l-i07-l-01-4,live,l-i07,l-01,4,0,live/07/i07_01_4.png,live/07/i07.png,30.159,JPEG2000_transmission_errors,-,-5.811219213
l-i07-l-01-5,live,l-i07,l-01,5,0,live/07/i07_01_5.png,live/07/i07.png,30.159,JPEG2000_transmission_errors,-,-6.001331576
l-i07-l-02-1,live,l-i07,l-02,1,0,live/07/i07_02_1.png,live/07/i07.png,30.159,gaussian_blur,-,-1.206382809
l-i07-l-02-2,live,l-i07,l-02,2,0,live/07/i07_02_2.png,live/07/i07.png,30.159,gaussian_blur,-,-1.698974108
l-i07-l-02-3,live,l-i07,l-02,3,0,live/07/i07_02_3.png,live/07/i07.png,30.159,gaussian_blur,-,-2.513276565
l-i07-l-02-4,live,l-i07,l-02,4,0,live/07/i07_02_4.png,live/07/i07.png,30.159,gaussian_blur,-,-2.991245869
l-i07-l-02-5,live,l-i07,l-02,5,0,live/07/i07_02_5.png,live/07/i07.png,30.159,gaussian_blur,-,-5.274499385
l-i07-l-03-1,live,l-i07,l-03,1,0,live/07/i07_03_1.png,live/07/i07.png,30.159,JPEG2000_compression,-,0.213461987
l-i07-l-03-2,live,l-i07,l-03,2,0,live/07/i07_03_2.png,live/07/i07.png,30.159,JPEG2000_compression,-,-0.763172587
l-i07-l-03-3,live,l-i07,l-03,3,0,live/07/i07_03_3.png,live/07/i07.png,30.159,JPEG2000_compression,-,-2.657413977
l-i07-l-03-4,live,l-i07,l-03,4,0,live/07/i07_03_4.png,live/07/i07.png,30.159,JPEG2000_compression,-,-4.130165028
l-i07-l-03-5,live,l-i07,l-03,5,0,live/07/i07_03_5.png,live/07/i07.png,30.159,JPEG2000_compression,-,-3.997562252
l-i07-l-03-6,live,l-i07,l-03,6,0,live/07/i07_03_6.png,live/07/i07.png,30.159,JPEG2000_compression,-,-4.116680817
l-i07-l-04-1,live,l-i07,l-04,1,0,live/07/i07_04_1.png,live/07/i07.png,30.159,JPEG_compression,-,-0.008066007
l-i07-l-04-2,live,l-i07,l-04,2,0,live/07/i07_04_2.png,live/07/i07.png,30.159,JPEG_compression,-,-1.428445063
l-i07-l-04-3,live,l-i07,l-04,3,0,live/07/i07_04_3.png,live/07/i07.png,30.159,JPEG_compression,-,-2.326678295
l-i07-l-04-4,live,l-i07,l-04,4,0,live/07/i07_04_4.png,live/07/i07.png,30.159,JPEG_compression,-,-4.73470807
l-i07-l-04-5,live,l-i07,l-04,5,0,live/07/i07_04_5.png,live/07/i07.png,30.159,JPEG_compression,-,-5.73861681
l-i07-l-05-1,live,l-i07,l-05,1,0,live/07/i07_05_1.png,live/07/i07.png,30.159,white_noise,-,-0.777679627
l-i07-l-05-2,live,l-i07,l-05,2,0,live/07/i07_05_2.png,live/07/i07.png,30.159,white_noise,-,-1.513652055
l-i07-l-05-3,live,l-i07,l-05,3,0,live/07/i07_05_3.png,live/07/i07.png,30.159,white_noise,-,-3.195671821
l-i07-l-05-4,live,l-i07,l-05,4,0,live/07/i07_05_4.png,live/07/i07.png,30.159,white_noise,-,-4.20287669
l-i07-l-05-5,live,l-i07,l-05,5,0,live/07/i07_05_5.png,live/07/i07.png,30.159,white_noise,-,-6.580660422
l-i08-l-01-1,live,l-i08,l-01,1,0,live/08/i08_01_1.png,live/08/i08.png,30.159,JPEG2000_transmission_errors,t-03,0.217484719
l-i08-l-01-2,live,l-i08,l-01,2,0,live/08/i08_01_2.png,live/08/i08.png,30.159,JPEG2000_transmission_errors,t-03,-0.477161837
l-i08-l-01-3,live,l-i08,l-01,3,0,live/08/i08_01_3.png,live/08/i08.png,30.159,JPEG2000_transmission_errors,t-03,-3.883920657
l-i08-l-01-4,live,l-i08,l-01,4,0,live/08/i08_01_4.png,live/08/i08.png,30.159,JPEG2000_transmission_errors,t-03,-3.795393788
l-i08-l-01-5,live,l-i08,l-01,5,0,live/08/i08_01_5.png,live/08/i08.png,30.159,JPEG2000_transmission_errors,t-03,-3.882962962
l-i08-l-02-1,live,l-i08,l-02,1,0,live/08/i08_02_1.png,live/08/i08.png,30.159,gaussian_blur,t-03,-0.609322689
l-i08-l-02-2,live,l-i08,l-02,2,0,live/08/i08_02_2.png,live/08/i08.png,30.159,gaussian_blur,t-03,-1.135371458
l-i08-l-02-3,live,l-i08,l-02,3,0,live/08/i08_02_3.png,live/08/i08.png,30.159,gaussian_blur,t-03,-2.109709425
l-i08-l-02-4,live,l-i08,l-02,4,0,live/08/i08_02_4.png,live/08/i08.png,30.159,gaussian_blur,t-03,-2.710732363
l-i08-l-02-5,live,l-i08,l-02,5,0,live/08/i08_02_5.png,live/08/i08.png,30.159,gaussian_blur,t-03,-3.371439884
l-i08-l-03-1,live,l-i08,l-03,1,0,live/08/i08_03_1.png,live/08/i08.png,30.159,JPEG2000_compression,t-03,-0.155156097
l-i08-l-03-2,live,l-i08,l-03,2,0,live/08/i08_03_2.png,live/08/i08.png,30.159,JPEG2000_compression,t-03,-0.873229433
l-i08-l-03-3,live,l-i08,l-03,3,0,live/08/i08_03_3.png,live/08/i08.png,30.159,JPEG2000_compression,t-03,-1.843330845
l-i08-l-03-4,live,l-i08,l-03,4,0,live/08/i08_03_4.png,live/08/i08.png,30.159,JPEG2000_compression,t-03,-2.652943913
l-i08-l-03-5,live,l-i08,l-03,5,0,live/08/i08_03_5.png,live/08/i08.png,30.159,JPEG2000_compression,t-03,-3.886718535
l-i08-l-03-6,live,l-i08,l-03,6,0,live/08/i08_03_6.png,live/08/i08.png,30.159,JPEG2000_compression,t-03,-4.41673143
l-i08-l-04-1,live,l-i08,l-04,1,0,live/08/i08_04_1.png,live/08/i08.png,30.159,JPEG_compression,t-03,0.173463289
l-i08-l-04-2,live,l-i08,l-04,2,0,live/08/i08_04_2.png,live/08/i08.png,30.159,JPEG_compression,t-03,-1.292701366
l-i08-l-04-3,live,l-i08,l-04,3,0,live/08/i08_04_3.png,live/08/i08.png,30.159,JPEG_compression,t-03,-1.934959286
l-i08-l-04-4,live,l-i08,l-04,4,0,live/08/i08_04_4.png,live/08/i08.png,30.159,JPEG_compression,t-03,-3.984011825
l-i08-l-04-5,live,l-i08,l-04,5,0,live/08/i08_04_5.png,live/08/i08.png,30.159,JPEG_compression,t-03,-5.074662416
l-i08-l-04-6,live,l-i08,l-04,6,0,live/08/i08_04_6.png,live/08/i08.png,30.159,JPEG_compression,t-03,-5.171321328
l-i08-l-05-1,live,l-i08,l-05,1,0,live/08/i08_05_1.png,live/08/i08.png,30.159,white_noise,t-03,-0.796088092
l-i08-l-05-2,live,l-i08,l-05,2,0,live/08/i08_05_2.png,live/08/i08.png,30.159,white_noise,t-03,-0.645842936
l-i08-l-05-3,live,l-i08,l-05,3,0,live/08/i08_05_3.png,live/08/i08.png,30.159,white_noise,t-03,-2.932716219
l-i08-l-05-4,live,l-i08,l-05,4,0,live/08/i08_05_4.png,live/08/i08.png,30.159,white_noise,t-03,-4.292824492
l-i08-l-05-5,live,l-i08,l-05,5,0,live/08/i08_05_5.png,live/08/i08.png,30.159,white_noise,t-03,-5.618428232
l-i09-l-01-1,live,l-i09,l-01,1,0,live/09/i09_01_1.png,live/09/i09.png,30.159,JPEG2000_transmission_errors,t-22,-0.944703562
l-i09-l-01-2,live,l-i09,l-01,2,0,live/09/i09_01_2.png,live/09/i09.png,30.159,JPEG2000_transmission_errors,t-22,-1.970011203
l-i09-l-01-3,live,l-i09,l-01,3,0,live/09/i09_01_3.png,live/09/i09.png,30.159,JPEG2000_transmission_errors,t-22,-2.696654546
l-i09-l-01-4,live,l-i09,l-01,4,0,live/09/i09_01_4.png,live/09/i09.png,30.159,JPEG2000_transmission_errors,t-22,-3.697288479
l-i09-l-01-5,live,l-i09,l-01,5,0,live/09/i09_01_5.png,live/09/i09.png,30.159,JPEG2000_transmission_errors,t-22,-4.980350179
l-i09-l-02-1,live,l-i09,l-02,1,0,live/09/i09_02_1.png,live/09/i09.png,30.159,gaussian_blur,t-22,-0.456100137
l-i09-l-02-2,live,l-i09,l-02,2,0,live/09/i09_02_2.png,live/09/i09.png,30.159,gaussian_blur,t-22,-1.845897717
l-i09-l-02-3,live,l-i09,l-02,3,0,live/09/i09_02_3.png,live/09/i09.png,30.159,gaussian_blur,t-22,-2.090212078
l-i09-l-02-4,live,l-i09,l-02,4,0,live/09/i09_02_4.png,live/09/i09.png,30.159,gaussian_blur,t-22,-3.04293751
l-i09-l-02-5,live,l-i09,l-02,5,0,live/09/i09_02_5.png,live/09/i09.png,30.159,gaussian_blur,t-22,-3.447487981
l-i09-l-03-1,live,l-i09,l-03,1,0,live/09/i09_03_1.png,live/09/i09.png,30.159,JPEG2000_compression,t-22,-0.226296316
l-i09-l-03-2,live,l-i09,l-03,2,0,live/09/i09_03_2.png,live/09/i09.png,30.159,JPEG2000_compression,t-22,-1.162096996
l-i09-l-03-3,live,l-i09,l-03,3,0,live/09/i09_03_3.png,live/09/i09.png,30.159,JPEG2000_compression,t-22,-2.328082918
l-i09-l-03-4,live,l-i09,l-03,4,0,live/09/i09_03_4.png,live/09/i09.png,30.159,JPEG2000_compression,t-22,-3.594416802
l-i09-l-03-5,live,l-i09,l-03,5,0,live/09/i09_03_5.png,live/09/i09.png,30.159,JPEG2000_compression,t-22,-3.669873832
l-i09-l-03-6,live,l-i09,l-03,6,0,live/09/i09_03_6.png,live/09/i09.png,30.159,JPEG2000_compression,t-22,-4.672735052
l-i09-l-04-1,live,l-i09,l-04,1,0,live/09/i09_04_1.png,live/09/i09.png,30.159,JPEG_compression,t-22,0.212929479
l-i09-l-04-2,live,l-i09,l-04,2,0,live/09/i09_04_2.png,live/09/i09.png,30.159,JPEG_compression,t-22,-1.58591905
l-i09-l-04-3,live,l-i09,l-04,3,0,live/09/i09_04_3.png,live/09/i09.png,30.159,JPEG_compression,t-22,-2.138557072
l-i09-l-04-4,live,l-i09,l-04,4,0,live/09/i09_04_4.png,live/09/i09.png,30.159,JPEG_compression,t-22,-3.168255689
l-i09-l-04-5,live,l-i09,l-04,5,0,live/09/i09_04_5.png,live/09/i09.png,30.159,JPEG_compression,t-22,-5.205312673
l-i09-l-04-6,live,l-i09,l-04,6,0,live/09/i09_04_6.png,live/09/i09.png,30.159,JPEG_compression,t-22,-5.182410474
l-i09-l-05-1,live,l-i09,l-05,1,0,live/09/i09_05_1.png,live/09/i09.png,30.159,white_noise,t-22,-0.98497628
l-i09-l-05-2,live,l-i09,l-05,2,0,live/09/i09_05_2.png,live/09/i09.png,30.159,white_noise,t-22,-2.200941639
l-i09-l-05-3,live,l-i09,l-05,3,0,live/09/i09_05_3.png,live/09/i09.png,30.159,white_noise,t-22,-4.032318373
l-i09-l-05-4,live,l-i09,l-05,4,0,live/09/i09_05_4.png,live/09/i09.png,30.159,white_noise,t-22,-4.373453594
l-i09-l-05-5,live,l-i09,l-05,5,0,live/09/i09_05_5.png,live/09/i09.png,30.159,white_noise,t-22,-5.549866496
l-i10-l-01-1,live,l-i10,l-01,1,0,live/10/i10_01_1.png,live/10/i10.png,30.159,JPEG2000_transmission_errors,t-23,-0.309399806
l-i10-l-01-2,live,l-i10,l-01,2,0,live/10/i10_01_2.png,live/10/i10.png,30.159,JPEG2000_transmission_errors,t-23,-0.977532106
l-i10-l-01-3,live,l-i10,l-01,3,0,live/10/i10_01_3.png,live/10/i10.png,30.159,JPEG2000_transmission_errors,t-23,-1.274269383
l-i10-l-01-4,live,l-i10,l-01,4,0,live/10/i10_01_4.png,live/10/i10.png,30.159,JPEG2000_transmission_errors,t-23,-2.65476409
l-i10-l-01-5,live,l-i10,l-01,5,0,live/10/i10_01_5.png,live/10/i10.png,30.159,JPEG2000_transmission_errors,t-23,-5.633275202
l-i10-l-02-1,live,l-i10,l-02,1,0,live/10/i10_02_1.png,live/10/i10.png,30.159,gaussian_blur,t-23,-0.399487301
l-i10-l-02-2,live,l-i10,l-02,2,0,live/10/i10_02_2.png,live/10/i10.png,30.159,gaussian_blur,t-23,-1.788857653
l-i10-l-02-3,live,l-i10,l-02,3,0,live/10/i10_02_3.png,live/10/i10.png,30.159,gaussian_blur,t-23,-1.881707708
l-i10-l-02-4,live,l-i10,l-02,4,0,live/10/i10_02_4.png,live/10/i10.png,30.159,gaussian_blur,t-23,-2.716418361
l-i10-l-02-5,live,l-i10,l-02,5,0,live/10/i10_02_5.png,live/10/i10.png,30.159,gaussian_blur,t-23,-3.961497435
l-i10-l-03-1,live,l-i10,l-03,1,0,live/10/i10_03_1.png,live/10/i10.png,30.159,JPEG2000_compression,t-23,-0.447363582
l-i10-l-03-2,live,l-i10,l-03,2,0,live/10/i10_03_2.png,live/10/i10.png,30.159,JPEG2000_compression,t-23,-1.340520831
l-i10-l-03-3,live,l-i10,l-03,3,0,live/10/i10_03_3.png,live/10/i10.png,30.159,JPEG2000_compression,t-23,-2.730014126
l-i10-l-03-4,live,l-i10,l-03,4,0,live/10/i10_03_4.png,live/10/i10.png,30.159,JPEG2000_compression,t-23,-3.941033622
l-i10-l-03-5,live,l-i10,l-03,5,0,live/10/i10_03_5.png,live/10/i10.png,30.159,JPEG2000_compression,t-23,-4.010177228
l-i10-l-03-6,live,l-i10,l-03,6,0,live/10/i10_03_6.png,live/10/i10.png,30.159,JPEG2000_compression,t-23,-5.39844459
l-i10-l-04-1,live,l-i10,l-04,1,0,live/10/i10_04_1.png,live/10/i10.png,30.159,JPEG_compression,t-23,0.273972006
l-i10-l-04-2,live,l-i10,l-04,2,0,live/10/i10_04_2.png,live/10/i10.png,30.159,JPEG_compression,t-23,-0.448622076
l-i10-l-04-3,live,l-i10,l-04,3,0,live/10/i10_04_3.png,live/10/i10.png,30.159,JPEG_compression,t-23,-1.28344034
l-i10-l-04-4,live,l-i10,l-04,4,0,live/10/i10_04_4.png,live/10/i10.png,30.159,JPEG_compression,t-23,-4.112479981
l-i10-l-04-5,live,l-i10,l-04,5,0,live/10/i10_04_5.png,live/10/i10.png,30.159,JPEG_compression,t-23,-4.181617239
l-i10-l-04-6,live,l-i10,l-04,6,0,live/10/i10_04_6.png,live/10/i10.png,30.159,JPEG_compression,t-23,-5.010939988
l-i10-l-05-1,live,l-i10,l-05,1,0,live/10/i10_05_1.png,live/10/i10.png,30.159,white_noise,t-23,-0.124591424
l-i10-l-05-2,live,l-i10,l-05,2,0,live/10/i10_05_2.png,live/10/i10.png,30.159,white_noise,t-23,-2.274645775
l-i10-l-05-3,live,l-i10,l-05,3,0,live/10/i10_05_3.png,live/10/i10.png,30.159,white_noise,t-23,-3.917046164
l-i10-l-05-4,live,l-i10,l-05,4,0,live/10/i10_05_4.png,live/10/i10.png,30.159,white_noise,t-23,-4.239387791
l-i10-l-05-5,live,l-i10,l-05,5,0,live/10/i10_05_5.png,live/10/i10.png,30.159,white_noise,t-23,-5.693668668
l-i11-l-01-1,live,l-i11,l-01,1,0,live/11/i11_01_1.png,live/11/i11.png,30.159,JPEG2000_transmission_errors,t-24,-0.230264217
l-i11-l-01-2,live,l-i11,l-01,2,0,live/11/i11_01_2.png,live/11/i11.png,30.159,JPEG2000_transmission_errors,t-24,-0.265795874
l-i11-l-01-3,live,l-i11,l-01,3,0,live/11/i11_01_3.png,live/11/i11.png,30.159,JPEG2000_transmission_errors,t-24,-0.825956328
l-i11-l-01-4,live,l-i11,l-01,4,0,live/11/i11_01_4.png,live/11/i11.png,30.159,JPEG2000_transmission_errors,t-24,-1.086734137
l-i11-l-01-5,live,l-i11,l-01,5,0,live/11/i11_01_5.png,live/11/i11.png,30.159,JPEG2000_transmission_errors,t-24,-6.329475039
l-i11-l-02-1,live,l-i11,l-02,1,0,live/11/i11_02_1.png,live/11/i11.png,30.159,gaussian_blur,t-24,-0.751293074
l-i11-l-02-2,live,l-i11,l-02,2,0,live/11/i11_02_2.png,live/11/i11.png,30.159,gaussian_blur,t-24,-1.702384578
l-i11-l-02-3,live,l-i11,l-02,3,0,live/11/i11_02_3.png,live/11/i11.png,30.159,gaussian_blur,t-24,-1.799635143
l-i11-l-02-4,live,l-i11,l-02,4,0,live/11/i11_02_4.png,live/11/i11.png,30.159,gaussian_blur,t-24,-2.040535795
l-i11-l-02-5,live,l-i11,l-02,5,0,live/11/i11_02_5.png,live/11/i11.png,30.159,gaussian_blur,t-24,-3.981508396
l-i11-l-03-1,live,l-i11,l-03,1,0,live/11/i11_03_1.png,live/11/i11.png,30.159,JPEG2000_compression,t-24,0.462465572
l-i11-l-03-2,live,l-i11,l-03,2,0,live/11/i11_03_2.png,live/11/i11.png,30.159,JPEG2000_compression,t-24,-0.307648414
l-i11-l-03-3,live,l-i11,l-03,3,0,live/11/i11_03_3.png,live/11/i11.png,30.159,JPEG2000_compression,t-24,-1.413641807
l-i11-l-03-4,live,l-i11,l-03,4,0,live/11/i11_03_4.png,live/11/i11.png,30.159,JPEG2000_compression,t-24,-2.656006236
l-i11-l-03-5,live,l-i11,l-03,5,0,live/11/i11_03_5.png,live/11/i11.png,30.159,JPEG2000_compression,t-24,-2.19598687
l-i11-l-03-6,live,l-i11,l-03,6,0,live/11/i11_03_6.png,live/11/i11.png,30.159,JPEG2000_compression,t-24,-3.350172038
l-i11-l-03-7,live,l-i11,l-03,7,0,live/11/i11_03_7.png,live/11/i11.png,30.159,JPEG2000_compression,t-24,-4.896421829
l-i11-l-04-1,live,l-i11,l-04,1,0,live/11/i11_04_1.png,live/11/i11.png,30.159,JPEG_compression,t-24,0.271516399
l-i11-l-04-2,live,l-i11,l-04,2,0,live/11/i11_04_2.png,live/11/i11.png,30.159,JPEG_compression,t-24,-0.504707709
l-i11-l-04-3,live,l-i11,l-04,3,0,live/11/i11_04_3.png,live/11/i11.png,30.159,JPEG_compression,t-24,-1.28086569
l-i11-l-04-4,live,l-i11,l-04,4,0,live/11/i11_04_4.png,live/11/i11.png,30.159,JPEG_compression,t-24,-2.836515099
l-i11-l-04-5,live,l-i11,l-04,5,0,live/11/i11_04_5.png,live/11/i11.png,30.159,JPEG_compression,t-24,-3.113641878
l-i11-l-04-6,live,l-i11,l-04,6,0,live/11/i11_04_6.png,live/11/i11.png,30.159,JPEG_compression,t-24,-5.862556422
l-i11-l-04-7,live,l-i11,l-04,7,0,live/11/i11_04_7.png,live/11/i11.png,30.159,JPEG_compression,t-24,-5.553588328
l-i11-l-05-1,live,l-i11,l-05,1,0,live/11/i11_05_1.png,live/11/i11.png,30.159,white_noise,t-24,-0.507112083
l-i11-l-05-2,live,l-i11,l-05,2,0,live/11/i11_05_2.png,live/11/i11.png,30.159,white_noise,t-24,-2.230007461
l-i11-l-05-3,live,l-i11,l-05,3,0,live/11/i11_05_3.png,live/11/i11.png,30.159,white_noise,t-24,-3.281753175
l-i11-l-05-4,live,l-i11,l-05,4,0,live/11/i11_05_4.png,live/11/i11.png,30.159,white_noise,t-24,-3.633952197
l-i11-l-05-5,live,l-i11,l-05,5,0,live/11/i11_05_5.png,live/11/i11.png,30.159,white_noise,t-24,-3.878736354
l-i12-l-01-1,live,l-i12,l-01,1,0,live/12/i12_01_1.png,live/12/i12.png,30.159,JPEG2000_transmission_errors,-,-1.203834255
l-i12-l-01-2,live,l-i12,l-01,2,0,live/12/i12_01_2.png,live/12/i12.png,30.159,JPEG2000_transmission_errors,-,-1.327246326
l-i12-l-01-3,live,l-i12,l-01,3,0,live/12/i12_01_3.png,live/12/i12.png,30.159,JPEG2000_transmission_errors,-,-2.887013148
l-i12-l-01-4,live,l-i12,l-01,4,0,live/12/i12_01_4.png,live/12/i12.png,30.159,JPEG2000_transmission_errors,-,-3.064527882
l-i12-l-01-5,live,l-i12,l-01,5,0,live/12/i12_01_5.png,live/12/i12.png,30.159,JPEG2000_transmission_errors,-,-4.744178013
l-i12-l-02-1,live,l-i12,l-02,1,0,live/12/i12_02_1.png,live/12/i12.png,30.159,gaussian_blur,-,-0.346004553
l-i12-l-02-2,live,l-i12,l-02,2,0,live/12/i12_02_2.png,live/12/i12.png,30.159,gaussian_blur,-,-1.342152714
l-i12-l-02-3,live,l-i12,l-02,3,0,live/12/i12_02_3.png,live/12/i12.png,30.159,gaussian_blur,-,-2.062081591
l-i12-l-02-4,live,l-i12,l-02,4,0,live/12/i12_02_4.png,live/12/i12.png,30.159,gaussian_blur,-,-2.748233424
l-i12-l-02-5,live,l-i12,l-02,5,0,live/12/i12_02_5.png,live/12/i12.png,30.159,gaussian_blur,-,-5.191878444
l-i12-l-03-1,live,l-i12,l-03,1,0,live/12/i12_03_1.png,live/12/i12.png,30.159,JPEG2000_compression,-,0.29475582
l-i12-l-03-2,live,l-i12,l-03,2,0,live/12/i12_03_2.png,live/12/i12.png,30.159,JPEG2000_compression,-,-0.621045758
l-i12-l-03-3,live,l-i12,l-03,3,0,live/12/i12_03_3.png,live/12/i12.png,30.159,JPEG2000_compression,-,-1.295678761
l-i12-l-03-4,live,l-i12,l-03,4,0,live/12/i12_03_4.png,live/12/i12.png,30.159,JPEG2000_compression,-,-2.279702828
l-i12-l-03-5,live,l-i12,l-03,5,0,live/12/i12_03_5.png,live/12/i12.png,30.159,JPEG2000_compression,-,-2.44201469
l-i12-l-03-6,live,l-i12,l-03,6,0,live/12/i12_03_6.png,live/12/i12.png,30.159,JPEG2000_compression,-,-4.091269445
l-i12-l-04-1,live,l-i12,l-04,1,0,live/12/i12_04_1.png,live/12/i12.png,30.159,JPEG_compression,-,0.831510022
l-i12-l-04-2,live,l-i12,l-04,2,0,live/12/i12_04_2.png,live/12/i12.png,30.159,JPEG_compression,-,-0.238356345
l-i12-l-04-3,live,l-i12,l-04,3,0,live/12/i12_04_3.png,live/12/i12.png,30.159,JPEG_compression,-,-1.96904807
l-i12-l-04-4,live,l-i12,l-04,4,0,live/12/i12_04_4.png,live/12/i12.png,30.159,JPEG_compression,-,-2.217292644
l-i12-l-04-5,live,l-i12,l-04,5,0,live/12/i12_04_5.png,live/12/i12.png,30.159,JPEG_compression,-,-5.167567064
l-i12-l-04-6,live,l-i12,l-04,6,0,live/12/i12_04_6.png,live/12/i12.png,30.159,JPEG_compression,-,-5.151820473
l-i12-l-05-1,live,l-i12,l-05,1,0,live/12/i12_05_1.png,live/12/i12.png,30.159,white_noise,-,-0.552240569
l-i12-l-05-2,live,l-i12,l-05,2,0,live/12/i12_05_2.png,live/12/i12.png,30.159,white_noise,-,-1.323457772
l-i12-l-05-3,live,l-i12,l-05,3,0,live/12/i12_05_3.png,live/12/i12.png,30.159,white_noise,-,-2.356319513
l-i12-l-05-4,live,l-i12,l-05,4,0,live/12/i12_05_4.png,live/12/i12.png,30.159,white_noise,-,-3.794889805
l-i12-l-05-5,live,l-i12,l-05,5,0,live/12/i12_05_5.png,live/12/i12.png,30.159,white_noise,-,-5.865177634
l-i13-l-01-1,live,l-i13,l-01,1,0,live/13/i13_01_1.png,live/13/i13.png,30.159,JPEG2000_transmission_errors,t-26,0.346354837
l-i13-l-01-2,live,l-i13,l-01,2,0,live/13/i13_01_2.png,live/13/i13.png,30.159,JPEG2000_transmission_errors,t-26,-1.030609313
l-i13-l-01-3,live,l-i13,l-01,3,0,live/13/i13_01_3.png,live/13/i13.png,30.159,JPEG2000_transmission_errors,t-26,-2.867872005
l-i13-l-01-4,live,l-i13,l-01,4,0,live/13/i13_01_4.png,live/13/i13.png,30.159,JPEG2000_transmission_errors,t-26,-3.199320357
l-i13-l-01-5,live,l-i13,l-01,5,0,live/13/i13_01_5.png,live/13/i13.png,30.159,JPEG2000_transmission_errors,t-26,-3.298412323
l-i13-l-02-1,live,l-i13,l-02,1,0,live/13/i13_02_1.png,live/13/i13.png,30.159,gaussian_blur,t-26,-0.847484827
l-i13-l-02-2,live,l-i13,l-02,2,0,live/13/i13_02_2.png,live/13/i13.png,30.159,gaussian_blur,t-26,-2.08987546
l-i13-l-02-3,live,l-i13,l-02,3,0,live/13/i13_02_3.png,live/13/i13.png,30.159,gaussian_blur,t-26,-2.5753268
l-i13-l-02-4,live,l-i13,l-02,4,0,live/13/i13_02_4.png,live/13/i13.png,30.159,gaussian_blur,t-26,-2.966165876
l-i13-l-02-5,live,l-i13,l-02,5,0,live/13/i13_02_5.png,live/13/i13.png,30.159,gaussian_blur,t-26,-3.788700449
l-i13-l-03-1,live,l-i13,l-03,1,0,live/13/i13_03_1.png,live/13/i13.png,30.159,JPEG2000_compression,t-26,-0.005010873
l-i13-l-03-2,live,l-i13,l-03,2,0,live/13/i13_03_2.png,live/13/i13.png,30.159,JPEG2000_compression,t-26,0.195251896
l-i13-l-03-3,live,l-i13,l-03,3,0,live/13/i13_03_3.png,live/13/i13.png,30.159,JPEG2000_compression,t-26,0.27735741
l-i13-l-03-4,live,l-i13,l-03,4,0,live/13/i13_03_4.png,live/13/i13.png,30.159,JPEG2000_compression,t-26,-1.344822942
l-i13-l-03-5,live,l-i13,l-03,5,0,live/13/i13_03_5.png,live/13/i13.png,30.159,JPEG2000_compression,t-26,-2.817057521
l-i13-l-03-6,live,l-i13,l-03,6,0,live/13/i13_03_6.png,live/13/i13.png,30.159,JPEG2000_compression,t-26,-3.407710034
l-i13-l-04-1,live,l-i13,l-04,1,0,live/13/i13_04_1.png,live/13/i13.png,30.159,JPEG_compression,t-26,0.509870314
l-i13-l-04-2,live,l-i13,l-04,2,0,live/13/i13_04_2.png,live/13/i13.png,30.159,JPEG_compression,t-26,0.376778826
l-i13-l-04-3,live,l-i13,l-04,3,0,live/13/i13_04_3.png,live/13/i13.png,30.159,JPEG_compression,t-26,-0.428388695
l-i13-l-04-4,live,l-i13,l-04,4,0,live/13/i13_04_4.png,live/13/i13.png,30.159,JPEG_compression,t-26,-2.446502809
l-i13-l-04-5,live,l-i13,l-04,5,0,live/13/i13_04_5.png,live/13/i13.png,30.159,JPEG_compression,t-26,-4.215922419
l-i13-l-04-6,live,l-i13,l-04,6,0,live/13/i13_04_6.png,live/13/i13.png,30.159,JPEG_compression,t-26,-5.540820749
l-i13-l-05-1,live,l-i13,l-05,1,0,live/13/i13_05_1.png,live/13/i13.png,30.159,white_noise,t-26,-0.546815893
l-i13-l-05-2,live,l-i13,l-05,2,0,live/13/i13_05_2.png,live/13/i13.png,30.159,white_noise,t-26,-0.871162409
l-i13-l-05-3,live,l-i13,l-05,3,0,live/13/i13_05_3.png,live/13/i13.png,30.159,white_noise,t-26,-3.001936258
l-i13-l-05-4,live,l-i13,l-05,4,0,live/13/i13_05_4.png,live/13/i13.png,30.159,white_noise,t-26,-3.10705327
l-i13-l-05-5,live,l-i13,l-05,5,0,live/13/i13_05_5.png,live/13/i13.png,30.159,white_noise,t-26,-6.038251166
l-i14-l-01-1,live,l-i14,l-01,1,0,live/14/i14_01_1.png,live/14/i14.png,30.159,JPEG2000_transmission_errors,t-20,0.341883166
l-i14-l-01-2,live,l-i14,l-01,2,0,live/14/i14_01_2.png,live/14/i14.png,30.159,JPEG2000_transmission_errors,t-20,-0.119334519
l-i14-l-01-3,live,l-i14,l-01,3,0,live/14/i14_01_3.png,live/14/i14.png,30.159,JPEG2000_transmission_errors,t-20,-1.936847479
l-i14-l-01-4,live,l-i14,l-01,4,0,live/14/i14_01_4.png,live/14/i14.png,30.159,JPEG2000_transmission_errors,t-20,-3.145716765
l-i14-l-01-5,live,l-i14,l-01,5,0,live/14/i14_01_5.png,live/14/i14.png,30.159,JPEG2000_transmission_errors,t-20,-3.88220095
l-i14-l-02-1,live,l-i14,l-02,1,0,live/14/i14_02_1.png,live/14/i14.png,30.159,gaussian_blur,t-20,-0.755807768
l-i14-l-02-2,live,l-i14,l-02,2,0,live/14/i14_02_2.png,live/14/i14.png,30.159,gaussian_blur,t-20,-1.358276788
l-i14-l-02-3,live,l-i14,l-02,3,0,live/14/i14_02_3.png,live/14/i14.png,30.159,gaussian_blur,t-20,-2.487302444
l-i14-l-02-4,live,l-i14,l-02,4,0,live/14/i14_02_4.png,live/14/i14.png,30.159,gaussian_blur,t-20,-3.455863576
l-i14-l-02-5,live,l-i14,l-02,5,0,live/14/i14_02_5.png,live/14/i14.png,30.159,gaussian_blur,t-20,-3.750277699
l-i14-l-03-1,live,l-i14,l-03,1,0,live/14/i14_03_1.png,live/14/i14.png,30.159,JPEG2000_compression,t-20,0.262407077
l-i14-l-03-2,live,l-i14,l-03,2,0,live/14/i14_03_2.png,live/14/i14.png,30.159,JPEG2000_compression,t-20,-1.367817642
l-i14-l-03-3,live,l-i14,l-03,3,0,live/14/i14_03_3.png,live/14/i14.png,30.159,JPEG2000_compression,t-20,-1.038058491
l-i14-l-03-4,live,l-i14,l-03,4,0,live/14/i14_03_4.png,live/14/i14.png,30.159,JPEG2000_compression,t-20,-2.255222068
l-i14-l-03-5,live,l-i14,l-03,5,0,live/14/i14_03_5.png,live/14/i14.png,30.159,JPEG2000_compression,t-20,-3.720365216
l-i14-l-03-6,live,l-i14,l-03,6,0,live/14/i14_03_6.png,live/14/i14.png,30.159,JPEG2000_compression,t-20,-5.458098353
l-i14-l-04-1,live,l-i14,l-04,1,0,live/14/i14_04_1.png,live/14/i14.png,30.159,JPEG_compression,t-20,0.262094612
l-i14-l-04-2,live,l-i14,l-04,2,0,live/14/i14_04_2.png,live/14/i14.png,30.159,JPEG_compression,t-20,-0.557126496
l-i14-l-04-3,live,l-i14,l-04,3,0,live/14/i14_04_3.png,live/14/i14.png,30.159,JPEG_compression,t-20,-1.560376414
l-i14-l-04-4,live,l-i14,l-04,4,0,live/14/i14_04_4.png,live/14/i14.png,30.159,JPEG_compression,t-20,-2.532396444
l-i14-l-04-5,live,l-i14,l-04,5,0,live/14/i14_04_5.png,live/14/i14.png,30.159,JPEG_compression,t-20,-3.032669226
l-i14-l-04-6,live,l-i14,l-04,6,0,live/14/i14_04_6.png,live/14/i14.png,30.159,JPEG_compression,t-20,-5.222891906
l-i14-l-05-1,live,l-i14,l-05,1,0,live/14/i14_05_1.png,live/14/i14.png,30.159,white_noise,t-20,-0.058143819
l-i14-l-05-2,live,l-i14,l-05,2,0,live/14/i14_05_2.png,live/14/i14.png,30.159,white_noise,t-20,-1.098874619
l-i14-l-05-3,live,l-i14,l-05,3,0,live/14/i14_05_3.png,live/14/i14.png,30.159,white_noise,t-20,-3.335139122
l-i14-l-05-4,live,l-i14,l-05,4,0,live/14/i14_05_4.png,live/14/i14.png,30.159,white_noise,t-20,-3.535610316
l-i14-l-05-5,live,l-i14,l-05,5,0,live/14/i14_05_5.png,live/14/i14.png,30.159,white_noise,t-20,-5.856238492
l-i15-l-01-1,live,l-i15,l-01,1,0,live/15/i15_01_1.png,live/15/i15.png,30.159,JPEG2000_transmission_errors,-,0.364535208
l-i15-l-01-2,live,l-i15,l-01,2,0,live/15/i15_01_2.png,live/15/i15.png,30.159,JPEG2000_transmission_errors,-,0.188219152
l-i15-l-01-3,live,l-i15,l-01,3,0,live/15/i15_01_3.png,live/15/i15.png,30.159,JPEG2000_transmission_errors,-,-0.812159515
l-i15-l-01-4,live,l-i15,l-01,4,0,live/15/i15_01_4.png,live/15/i15.png,30.159,JPEG2000_transmission_errors,-,-2.387114006
l-i15-l-01-5,live,l-i15,l-01,5,0,live/15/i15_01_5.png,live/15/i15.png,30.159,JPEG2000_transmission_errors,-,-3.383341848
l-i15-l-02-1,live,l-i15,l-02,1,0,live/15/i15_02_1.png,live/15/i15.png,30.159,gaussian_blur,-,-0.534556155
l-i15-l-02-2,live,l-i15,l-02,2,0,live/15/i15_02_2.png,live/15/i15.png,30.159,gaussian_blur,-,-2.004386877
l-i15-l-02-3,live,l-i15,l-02,3,0,live/15/i15_02_3.png,live/15/i15.png,30.159,gaussian_blur,-,-2.107940409
l-i15-l-02-4,live,l-i15,l-02,4,0,live/15/i15_02_4.png,live/15/i15.png,30.159,gaussian_blur,-,-2.878433549
l-i15-l-02-5,live,l-i15,l-02,5,0,live/15/i15_02_5.png,live/15/i15.png,30.159,gaussian_blur,-,-4.685418566
l-i15-l-03-1,live,l-i15,l-03,1,0,live/15/i15_03_1.png,live/15/i15.png,30.159,JPEG2000_compression,-,0.117278344
l-i15-l-03-2,live,l-i15,l-03,2,0,live/15/i15_03_2.png,live/15/i15.png,30.159,JPEG2000_compression,-,-0.643532317
l-i15-l-03-3,live,l-i15,l-03,3,0,live/15/i15_03_3.png,live/15/i15.png,30.159,JPEG2000_compression,-,-1.514445832
l-i15-l-03-4,live,l-i15,l-03,4,0,live/15/i15_03_4.png,live/15/i15.png,30.159,JPEG2000_compression,-,-2.174840378
l-i15-l-03-5,live,l-i15,l-03,5,0,live/15/i15_03_5.png,live/15/i15.png,30.159,JPEG2000_compression,-,-2.926555521
l-i15-l-04-1,live,l-i15,l-04,1,0,live/15/i15_04_1.png,live/15/i15.png,30.159,JPEG_compression,-,0.492053866
l-i15-l-04-2,live,l-i15,l-04,2,0,live/15/i15_04_2.png,live/15/i15.png,30.159,JPEG_compression,-,-0.202341592
l-i15-l-04-3,live,l-i15,l-04,3,0,live/15/i15_04_3.png,live/15/i15.png,30.159,JPEG_compression,-,-0.832928153
l-i15-l-04-4,live,l-i15,l-04,4,0,live/15/i15_04_4.png,live/15/i15.png,30.159,JPEG_compression,-,-2.289920712
l-i15-l-04-5,live,l-i15,l-04,5,0,live/15/i15_04_5.png,live/15/i15.png,30.159,JPEG_compression,-,-4.529878535
l-i15-l-04-6,live,l-i15,l-04,6,0,live/15/i15_04_6.png,live/15/i15.png,30.159,JPEG_compression,-,-5.349430898
l-i15-l-05-1,live,l-i15,l-05,1,0,live/15/i15_05_1.png,live/15/i15.png,30.159,white_noise,-,-0.503473847
l-i15-l-05-2,live,l-i15,l-05,2,0,live/15/i15_05_2.png,live/15/i15.png,30.159,white_noise,-,-1.277694186
l-i15-l-05-3,live,l-i15,l-05,3,0,live/15/i15_05_3.png,live/15/i15.png,30.159,white_noise,-,-2.89320728
l-i15-l-05-4,live,l-i15,l-05,4,0,live/15/i15_05_4.png,live/15/i15.png,30.159,white_noise,-,-3.637670546
l-i15-l-05-5,live,l-i15,l-05,5,0,live/15/i15_05_5.png,live/15/i15.png,30.159,white_noise,-,-5.440863456
l-i16-l-01-1,live,l-i16,l-01,1,0,live/16/i16_01_1.png,live/16/i16.png,30.159,JPEG2000_transmission_errors,t-16,-0.193877286
l-i16-l-01-2,live,l-i16,l-01,2,0,live/16/i16_01_2.png,live/16/i16.png,30.159,JPEG2000_transmission_errors,t-16,-2.181416889
l-i16-l-01-3,live,l-i16,l-01,3,0,live/16/i16_01_3.png,live/16/i16.png,30.159,JPEG2000_transmission_errors,t-16,-3.31718368
l-i16-l-01-4,live,l-i16,l-01,4,0,live/16/i16_01_4.png,live/16/i16.png,30.159,JPEG2000_transmission_errors,t-16,-4.62176924
l-i16-l-01-5,live,l-i16,l-01,5,0,live/16/i16_01_5.png,live/16/i16.png,30.159,JPEG2000_transmission_errors,t-16,-3.326108697
l-i16-l-02-1,live,l-i16,l-02,1,0,live/16/i16_02_1.png,live/16/i16.png,30.159,gaussian_blur,t-16,-0.591758407
l-i16-l-02-2,live,l-i16,l-02,2,0,live/16/i16_02_2.png,live/16/i16.png,30.159,gaussian_blur,t-16,-1.050924749
l-i16-l-02-3,live,l-i16,l-02,3,0,live/16/i16_02_3.png,live/16/i16.png,30.159,gaussian_blur,t-16,-1.823293167
l-i16-l-02-4,live,l-i16,l-02,4,0,live/16/i16_02_4.png,live/16/i16.png,30.159,gaussian_blur,t-16,-2.809131531
l-i16-l-02-5,live,l-i16,l-02,5,0,live/16/i16_02_5.png,live/16/i16.png,30.159,gaussian_blur,t-16,-4.869164602
l-i16-l-03-1,live,l-i16,l-03,1,0,live/16/i16_03_1.png,live/16/i16.png,30.159,JPEG2000_compression,t-16,0.405877504
l-i16-l-03-2,live,l-i16,l-03,2,0,live/16/i16_03_2.png,live/16/i16.png,30.159,JPEG2000_compression,t-16,-0.685932675
l-i16-l-03-3,live,l-i16,l-03,3,0,live/16/i16_03_3.png,live/16/i16.png,30.159,JPEG2000_compression,t-16,-1.023372054
l-i16-l-03-4,live,l-i16,l-03,4,0,live/16/i16_03_4.png,live/16/i16.png,30.159,JPEG2000_compression,t-16,-1.67409306
l-i16-l-03-5,live,l-i16,l-03,5,0,live/16/i16_03_5.png,live/16/i16.png,30.159,JPEG2000_compression,t-16,-4.185959595
l-i16-l-04-1,live,l-i16,l-04,1,0,live/16/i16_04_1.png,live/16/i16.png,30.159,JPEG_compression,t-16,0.394420071
l-i16-l-04-2,live,l-i16,l-04,2,0,live/16/i16_04_2.png,live/16/i16.png,30.159,JPEG_compression,t-16,0.13495501
l-i16-l-04-3,live,l-i16,l-04,3,0,live/16/i16_04_3.png,live/16/i16.png,30.159,JPEG_compression,t-16,-0.047832215
l-i16-l-04-4,live,l-i16,l-04,4,0,live/16/i16_04_4.png,live/16/i16.png,30.159,JPEG_compression,t-16,-0.66959861
l-i16-l-04-5,live,l-i16,l-04,5,0,live/16/i16_04_5.png,live/16/i16.png,30.159,JPEG_compression,t-16,-1.613914627
l-i16-l-04-6,live,l-i16,l-04,6,0,live/16/i16_04_6.png,live/16/i16.png,30.159,JPEG_compression,t-16,-3.055165683
l-i16-l-04-7,live,l-i16,l-04,7,0,live/16/i16_04_7.png,live/16/i16.png,30.159,JPEG_compression,t-16,-6.194082296
l-i16-l-05-1,live,l-i16,l-05,1,0,live/16/i16_05_1.png,live/16/i16.png,30.159,white_noise,t-16,-0.240768545
l-i16-l-05-2,live,l-i16,l-05,2,0,live/16/i16_05_2.png,live/16/i16.png,30.159,white_noise,t-16,-2.442682748
l-i16-l-05-3,live,l-i16,l-05,3,0,live/16/i16_05_3.png,live/16/i16.png,30.159,white_noise,t-16,-3.119707376
l-i16-l-05-4,live,l-i16,l-05,4,0,live/16/i16_05_4.png,live/16/i16.png,30.159,white_noise,t-16,-3.738787248
l-i16-l-05-5,live,l-i16,l-05,5,0,live/16/i16_05_5.png,live/16/i16.png,30.159,white_noise,t-16,-6.465003292
l-i17-l-01-1,live,l-i17,l-01,1,0,live/17/i17_01_1.png,live/17/i17.png,30.159,JPEG2000_transmission_errors,t-25,-0.142231199
l-i17-l-01-2,live,l-i17,l-01,2,0,live/17/i17_01_2.png,live/17/i17.png,30.159,JPEG2000_transmission_errors,t-25,-1.426939111
l-i17-l-01-3,live,l-i17,l-01,3,0,live/17/i17_01_3.png,live/17/i17.png,30.159,JPEG2000_transmission_errors,t-25,-2.474566069
l-i17-l-01-4,live,l-i17,l-01,4,0,live/17/i17_01_4.png,live/17/i17.png,30.159,JPEG2000_transmission_errors,t-25,-2.34969647
l-i17-l-01-5,live,l-i17,l-01,5,0,live/17/i17_01_5.png,live/17/i17.png,30.159,JPEG2000_transmission_errors,t-25,-4.284496992
l-i17-l-02-1,live,l-i17,l-02,1,0,live/17/i17_02_1.png,live/17/i17.png,30.159,gaussian_blur,t-25,-0.523670974
l-i17-l-02-2,live,l-i17,l-02,2,0,live/17/i17_02_2.png,live/17/i17.png,30.159,gaussian_blur,t-25,-1.486197233
l-i17-l-02-3,live,l-i17,l-02,3,0,live/17/i17_02_3.png,live/17/i17.png,30.159,gaussian_blur,t-25,-2.156411974
l-i17-l-02-4,live,l-i17,l-02,4,0,live/17/i17_02_4.png,live/17/i17.png,30.159,gaussian_blur,t-25,-2.241308723
l-i17-l-02-5,live,l-i17,l-02,5,0,live/17/i17_02_5.png,live/17/i17.png,30.159,gaussian_blur,t-25,-4.879429854
l-i17-l-03-1,live,l-i17,l-03,1,0,live/17/i17_03_1.png,live/17/i17.png,30.159,JPEG2000_compression,t-25,0.225127707
l-i17-l-03-2,live,l-i17,l-03,2,0,live/17/i17_03_2.png,live/17/i17.png,30.159,JPEG2000_compression,t-25,-0.821491977
l-i17-l-03-3,live,l-i17,l-03,3,0,live/17/i17_03_3.png,live/17/i17.png,30.159,JPEG2000_compression,t-25,-2.857240271
l-i17-l-03-4,live,l-i17,l-03,4,0,live/17/i17_03_4.png,live/17/i17.png,30.159,JPEG2000_compression,t-25,-3.470266621
l-i17-l-03-5,live,l-i17,l-03,5,0,live/17/i17_03_5.png,live/17/i17.png,30.159,JPEG2000_compression,t-25,-4.081612052
l-i17-l-03-6,live,l-i17,l-03,6,0,live/17/i17_03_6.png,live/17/i17.png,30.159,JPEG2000_compression,t-25,-3.886087625
l-i17-l-04-1,live,l-i17,l-04,1,0,live/17/i17_04_1.png,live/17/i17.png,30.159,JPEG_compression,t-25,-0.48996119
l-i17-l-04-2,live,l-i17,l-04,2,0,live/17/i17_04_2.png,live/17/i17.png,30.159,JPEG_compression,t-25,-1.183352706
l-i17-l-04-3,live,l-i17,l-04,3,0,live/17/i17_04_3.png,live/17/i17.png,30.159,JPEG_compression,t-25,-2.652391345
l-i17-l-04-4,live,l-i17,l-04,4,0,live/17/i17_04_4.png,live/17/i17.png,30.159,JPEG_compression,t-25,-4.428314879
l-i17-l-04-5,live,l-i17,l-04,5,0,live/17/i17_04_5.png,live/17/i17.png,30.159,JPEG_compression,t-25,-4.512450618
l-i17-l-04-6,live,l-i17,l-04,6,0,live/17/i17_04_6.png,live/17/i17.png,30.159,JPEG_compression,t-25,-5.936153643
l-i17-l-05-1,live,l-i17,l-05,1,0,live/17/i17_05_1.png,live/17/i17.png,30.159,white_noise,t-25,-0.558291049
l-i17-l-05-2,live,l-i17,l-05,2,0,live/17/i17_05_2.png,live/17/i17.png,30.159,white_noise,t-25,-1.931407133
l-i17-l-05-3,live,l-i17,l-05,3,0,live/17/i17_05_3.png,live/17/i17.png,30.159,white_noise,t-25,-3.195714814
l-i17-l-05-4,live,l-i17,l-05,4,0,live/17/i17_05_4.png,live/17/i17.png,30.159,white_noise,t-25,-3.917276776
l-i17-l-05-5,live,l-i17,l-05,5,0,live/17/i17_05_5.png,live/17/i17.png,30.159,white_noise,t-25,-6.062829141
l-i18-l-01-1,live,l-i18,l-01,1,0,live/18/i18_01_1.png,live/18/i18.png,30.159,JPEG2000_transmission_errors,t-28,0.347293913
l-i18-l-01-2,live,l-i18,l-01,2,0,live/18/i18_01_2.png,live/18/i18.png,30.159,JPEG2000_transmission_errors,t-28,-0.015085216
l-i18-l-01-3,live,l-i18,l-01,3,0,live/18/i18_01_3.png,live/18/i18.png,30.159,JPEG2000_transmission_errors,t-28,-2.448483737
l-i18-l-01-4,live,l-i18,l-01,4,0,live/18/i18_01_4.png,live/18/i18.png,30.159,JPEG2000_transmission_errors,t-28,-3.543117676
l-i18-l-01-5,live,l-i18,l-01,5,0,live/18/i18_01_5.png,live/18/i18.png,30.159,JPEG2000_transmission_errors,t-28,-0.557181853
l-i18-l-02-1,live,l-i18,l-02,1,0,live/18/i18_02_1.png,live/18/i18.png,30.159,gaussian_blur,t-28,-0.783445328
l-i18-l-02-2,live,l-i18,l-02,2,0,live/18/i18_02_2.png,live/18/i18.png,30.159,gaussian_blur,t-28,-1.472100713
l-i18-l-02-3,live,l-i18,l-02,3,0,live/18/i18_02_3.png,live/18/i18.png,30.159,gaussian_blur,t-28,-2.638952383
l-i18-l-02-4,live,l-i18,l-02,4,0,live/18/i18_02_4.png,live/18/i18.png,30.159,gaussian_blur,t-28,-4.064140698
l-i18-l-02-5,live,l-i18,l-02,5,0,live/18/i18_02_5.png,live/18/i18.png,30.159,gaussian_blur,t-28,-4.903058869
l-i18-l-03-1,live,l-i18,l-03,1,0,live/18/i18_03_1.png,live/18/i18.png,30.159,JPEG2000_compression,t-28,0.428715573
l-i18-l-03-2,live,l-i18,l-03,2,0,live/18/i18_03_2.png,live/18/i18.png,30.159,JPEG2000_compression,t-28,-0.271928097
l-i18-l-03-3,live,l-i18,l-03,3,0,live/18/i18_03_3.png,live/18/i18.png,30.159,JPEG2000_compression,t-28,-1.213897788
l-i18-l-03-4,live,l-i18,l-03,4,0,live/18/i18_03_4.png,live/18/i18.png,30.159,JPEG2000_compression,t-28,-2.053729362
l-i18-l-03-5,live,l-i18,l-03,5,0,live/18/i18_03_5.png,live/18/i18.png,30.159,JPEG2000_compression,t-28,-3.032488858
l-i18-l-03-6,live,l-i18,l-03,6,0,live/18/i18_03_6.png,live/18/i18.png,30.159,JPEG2000_compression,t-28,-3.886526967
l-i18-l-04-1,live,l-i18,l-04,1,0,live/18/i18_04_1.png,live/18/i18.png,30.159,JPEG_compression,t-28,-0.06846996
l-i18-l-04-2,live,l-i18,l-04,2,0,live/18/i18_04_2.png,live/18/i18.png,30.159,JPEG_compression,t-28,-1.078036534
l-i18-l-04-3,live,l-i18,l-04,3,0,live/18/i18_04_3.png,live/18/i18.png,30.159,JPEG_compression,t-28,-1.603442013
l-i18-l-04-4,live,l-i18,l-04,4,0,live/18/i18_04_4.png,live/18/i18.png,30.159,JPEG_compression,t-28,-3.412324227
l-i18-l-04-5,live,l-i18,l-04,5,0,live/18/i18_04_5.png,live/18/i18.png,30.159,JPEG_compression,t-28,-5.698872462
l-i18-l-04-6,live,l-i18,l-04,6,0,live/18/i18_04_6.png,live/18/i18.png,30.159,JPEG_compression,t-28,-5.018206615
l-i18-l-05-1,live,l-i18,l-05,1,0,live/18/i18_05_1.png,live/18/i18.png,30.159,white_noise,t-28,0.024886598
l-i18-l-05-2,live,l-i18,l-05,2,0,live/18/i18_05_2.png,live/18/i18.png,30.159,white_noise,t-28,-1.315163275
l-i18-l-05-3,live,l-i18,l-05,3,0,live/18/i18_05_3.png,live/18/i18.png,30.159,white_noise,t-28,-2.284904972
l-i18-l-05-4,live,l-i18,l-05,4,0,live/18/i18_05_4.png,live/18/i18.png,30.159,white_noise,t-28,-3.501972588
l-i18-l-05-5,live,l-i18,l-05,5,0,live/18/i18_05_5.png,live/18/i18.png,30.159,white_noise,t-28,-5.725446262
l-i19-l-01-1,live,l-i19,l-01,1,0,live/19/i19_01_1.png,live/19/i19.png,30.159,JPEG2000_transmission_errors,t-12,-0.225377349
l-i19-l-01-2,live,l-i19,l-01,2,0,live/19/i19_01_2.png,live/19/i19.png,30.159,JPEG2000_transmission_errors,t-12,-0.185625153
l-i19-l-01-3,live,l-i19,l-01,3,0,live/19/i19_01_3.png,live/19/i19.png,30.159,JPEG2000_transmission_errors,t-12,-2.217943454
l-i19-l-01-4,live,l-i19,l-01,4,0,live/19/i19_01_4.png,live/19/i19.png,30.159,JPEG2000_transmission_errors,t-12,-4.441955493
l-i19-l-01-5,live,l-i19,l-01,5,0,live/19/i19_01_5.png,live/19/i19.png,30.159,JPEG2000_transmission_errors,t-12,-5.808866276
l-i19-l-02-1,live,l-i19,l-02,1,0,live/19/i19_02_1.png,live/19/i19.png,30.159,gaussian_blur,t-12,-0.380969952
l-i19-l-02-2,live,l-i19,l-02,2,0,live/19/i19_02_2.png,live/19/i19.png,30.159,gaussian_blur,t-12,-1.533978103
l-i19-l-02-3,live,l-i19,l-02,3,0,live/19/i19_02_3.png,live/19/i19.png,30.159,gaussian_blur,t-12,-2.382500943
l-i19-l-02-4,live,l-i19,l-02,4,0,live/19/i19_02_4.png,live/19/i19.png,30.159,gaussian_blur,t-12,-3.586276228
l-i19-l-02-5,live,l-i19,l-02,5,0,live/19/i19_02_5.png,live/19/i19.png,30.159,gaussian_blur,t-12,-4.18529626
l-i19-l-03-1,live,l-i19,l-03,1,0,live/19/i19_03_1.png,live/19/i19.png,30.159,JPEG2000_compression,t-12,0.260744117
l-i19-l-03-2,live,l-i19,l-03,2,0,live/19/i19_03_2.png,live/19/i19.png,30.159,JPEG2000_compression,t-12,-0.149578315
l-i19-l-03-3,live,l-i19,l-03,3,0,live/19/i19_03_3.png,live/19/i19.png,30.159,JPEG2000_compression,t-12,-0.117348719
l-i19-l-03-4,live,l-i19,l-03,4,0,live/19/i19_03_4.png,live/19/i19.png,30.159,JPEG2000_compression,t-12,-1.45856521
l-i19-l-03-5,live,l-i19,l-03,5,0,live/19/i19_03_5.png,live/19/i19.png,30.159,JPEG2000_compression,t-12,-3.389836818
l-i19-l-03-6,live,l-i19,l-03,6,0,live/19/i19_03_6.png,live/19/i19.png,30.159,JPEG2000_compression,t-12,-3.976415847
l-i19-l-04-1,live,l-i19,l-04,1,0,live/19/i19_04_1.png,live/19/i19.png,30.159,JPEG_compression,t-12,0.421376453
l-i19-l-04-2,live,l-i19,l-04,2,0,live/19/i19_04_2.png,live/19/i19.png,30.159,JPEG_compression,t-12,-0.115697593
l-i19-l-04-3,live,l-i19,l-04,3,0,live/19/i19_04_3.png,live/19/i19.png,30.159,JPEG_compression,t-12,-1.650294424
l-i19-l-04-4,live,l-i19,l-04,4,0,live/19/i19_04_4.png,live/19/i19.png,30.159,JPEG_compression,t-12,-3.024118063
l-i19-l-04-5,live,l-i19,l-04,5,0,live/19/i19_04_5.png,live/19/i19.png,30.159,JPEG_compression,t-12,-5.032929698
l-i19-l-05-1,live,l-i19,l-05,1,0,live/19/i19_05_1.png,live/19/i19.png,30.159,white_noise,t-12,-0.248439978
l-i19-l-05-2,live,l-i19,l-05,2,0,live/19/i19_05_2.png,live/19/i19.png,30.159,white_noise,t-12,-1.187868404
l-i19-l-05-3,live,l-i19,l-05,3,0,live/19/i19_05_3.png,live/19/i19.png,30.159,white_noise,t-12,-2.455284919
l-i19-l-05-4,live,l-i19,l-05,4,0,live/19/i19_05_4.png,live/19/i19.png,30.159,white_noise,t-12,-3.558072037
l-i19-l-05-5,live,l-i19,l-05,5,0,live/19/i19_05_5.png,live/19/i19.png,30.159,white_noise,t-12,-5.428414652
l-i20-l-01-1,live,l-i20,l-01,1,0,live/20/i20_01_1.png,live/20/i20.png,30.159,JPEG2000_transmission_errors,t-19,-0.0500563
l-i20-l-01-2,live,l-i20,l-01,2,0,live/20/i20_01_2.png,live/20/i20.png,30.159,JPEG2000_transmission_errors,t-19,-1.811054243
l-i20-l-01-3,live,l-i20,l-01,3,0,live/20/i20_01_3.png,live/20/i20.png,30.159,JPEG2000_transmission_errors,t-19,-1.664517197
l-i20-l-01-4,live,l-i20,l-01,4,0,live/20/i20_01_4.png,live/20/i20.png,30.159,JPEG2000_transmission_errors,t-19,-2.55805075
l-i20-l-01-5,live,l-i20,l-01,5,0,live/20/i20_01_5.png,live/20/i20.png,30.159,JPEG2000_transmission_errors,t-19,-6.043196816
l-i20-l-02-1,live,l-i20,l-02,1,0,live/20/i20_02_1.png,live/20/i20.png,30.159,gaussian_blur,t-19,-0.73003631
l-i20-l-02-2,live,l-i20,l-02,2,0,live/20/i20_02_2.png,live/20/i20.png,30.159,gaussian_blur,t-19,-1.028205852
l-i20-l-02-3,live,l-i20,l-02,3,0,live/20/i20_02_3.png,live/20/i20.png,30.159,gaussian_blur,t-19,-2.198150405
l-i20-l-02-4,live,l-i20,l-02,4,0,live/20/i20_02_4.png,live/20/i20.png,30.159,gaussian_blur,t-19,-2.917675275
l-i20-l-02-5,live,l-i20,l-02,5,0,live/20/i20_02_5.png,live/20/i20.png,30.159,gaussian_blur,t-19,-5.077652849
l-i20-l-03-1,live,l-i20,l-03,1,0,live/20/i20_03_1.png,live/20/i20.png,30.159,JPEG2000_compression,t-19,0.349648102
l-i20-l-03-2,live,l-i20,l-03,2,0,live/20/i20_03_2.png,live/20/i20.png,30.159,JPEG2000_compression,t-19,-0.701480833
l-i20-l-03-3,live,l-i20,l-03,3,0,live/20/i20_03_3.png,live/20/i20.png,30.159,JPEG2000_compression,t-19,-2.112303163
l-i20-l-03-4,live,l-i20,l-03,4,0,live/20/i20_03_4.png,live/20/i20.png,30.159,JPEG2000_compression,t-19,-2.774325373
l-i20-l-03-5,live,l-i20,l-03,5,0,live/20/i20_03_5.png,live/20/i20.png,30.159,JPEG2000_compression,t-19,-4.12943722
l-i20-l-03-6,live,l-i20,l-03,6,0,live/20/i20_03_6.png,live/20/i20.png,30.159,JPEG2000_compression,t-19,-4.798855368
l-i20-l-04-1,live,l-i20,l-04,1,0,live/20/i20_04_1.png,live/20/i20.png,30.159,JPEG_compression,t-19,-0.587825824
l-i20-l-04-2,live,l-i20,l-04,2,0,live/20/i20_04_2.png,live/20/i20.png,30.159,JPEG_compression,t-19,-1.538157742
l-i20-l-04-3,live,l-i20,l-04,3,0,live/20/i20_04_3.png,live/20/i20.png,30.159,JPEG_compression,t-19,-3.275479349
l-i20-l-04-4,live,l-i20,l-04,4,0,live/20/i20_04_4.png,live/20/i20.png,30.159,JPEG_compression,t-19,-4.059141654
l-i20-l-04-5,live,l-i20,l-04,5,0,live/20/i20_04_5.png,live/20/i20.png,30.159,JPEG_compression,t-19,-5.730337273
l-i20-l-05-1,live,l-i20,l-05,1,0,live/20/i20_05_1.png,live/20/i20.png,30.159,white_noise,t-19,-0.073455055
l-i20-l-05-2,live,l-i20,l-05,2,0,live/20/i20_05_2.png,live/20/i20.png,30.159,white_noise,t-19,-1.666036816
l-i20-l-05-3,live,l-i20,l-05,3,0,live/20/i20_05_3.png,live/20/i20.png,30.159,white_noise,t-19,-2.649974514
l-i20-l-05-4,live,l-i20,l-05,4,0,live/20/i20_05_4.png,live/20/i20.png,30.159,white_noise,t-19,-3.54306547
l-i20-l-05-5,live,l-i20,l-05,5,0,live/20/i20_05_5.png,live/20/i20.png,30.159,white_noise,t-19,-5.753554676
l-i21-l-01-1,live,l-i21,l-01,1,0,live/21/i21_01_1.png,live/21/i21.png,30.159,JPEG2000_transmission_errors,t-13,-1.074540687
l-i21-l-01-2,live,l-i21,l-01,2,0,live/21/i21_01_2.png,live/21/i21.png,30.159,JPEG2000_transmission_errors,t-13,-2.878588537
l-i21-l-01-3,live,l-i21,l-01,3,0,live/21/i21_01_3.png,live/21/i21.png,30.159,JPEG2000_transmission_errors,t-13,-3.400207164
l-i21-l-01-4,live,l-i21,l-01,4,0,live/21/i21_01_4.png,live/21/i21.png,30.159,JPEG2000_transmission_errors,t-13,-3.785785497
l-i21-l-01-5,live,l-i21,l-01,5,0,live/21/i21_01_5.png,live/21/i21.png,30.159,JPEG2000_transmission_errors,t-13,-5.912756338
l-i21-l-02-1,live,l-i21,l-02,1,0,live/21/i21_02_1.png,live/21/i21.png,30.159,gaussian_blur,t-13,-0.854171274
l-i21-l-02-2,live,l-i21,l-02,2,0,live/21/i21_02_2.png,live/21/i21.png,30.159,gaussian_blur,t-13,-1.095592947
l-i21-l-02-3,live,l-i21,l-02,3,0,live/21/i21_02_3.png,live/21/i21.png,30.159,gaussian_blur,t-13,-2.055280466
l-i21-l-02-4,live,l-i21,l-02,4,0,live/21/i21_02_4.png,live/21/i21.png,30.159,gaussian_blur,t-13,-2.295319267
l-i21-l-02-5,live,l-i21,l-02,5,0,live/21/i21_02_5.png,live/21/i21.png,30.159,gaussian_blur,t-13,-3.619356122
l-i21-l-03-1,live,l-i21,l-03,1,0,live/21/i21_03_1.png,live/21/i21.png,30.159,JPEG2000_compression,t-13,0.364560064
l-i21-l-03-2,live,l-i21,l-03,2,0,live/21/i21_03_2.png,live/21/i21.png,30.159,JPEG2000_compression,t-13,0.419936849
l-i21-l-03-3,live,l-i21,l-03,3,0,live/21/i21_03_3.png,live/21/i21.png,30.159,JPEG2000_compression,t-13,-1.206166985
l-i21-l-03-4,live,l-i21,l-03,4,0,live/21/i21_03_4.png,live/21/i21.png,30.159,JPEG2000_compression,t-13,-3.546999836
l-i21-l-03-5,live,l-i21,l-03,5,0,live/21/i21_03_5.png,live/21/i21.png,30.159,JPEG2000_compression,t-13,-3.521191736
l-i21-l-03-6,live,l-i21,l-03,6,0,live/21/i21_03_6.png,live/21/i21.png,30.159,JPEG2000_compression,t-13,-4.640962769
l-i21-l-04-1,live,l-i21,l-04,1,0,live/21/i21_04_1.png,live/21/i21.png,30.159,JPEG_compression,t-13,0.353264196
l-i21-l-04-2,live,l-i21,l-04,2,0,live/21/i21_04_2.png,live/21/i21.png,30.159,JPEG_compression,t-13,0.242836186
l-i21-l-04-3,live,l-i21,l-04,3,0,live/21/i21_04_3.png,live/21/i21.png,30.159,JPEG_compression,t-13,-0.305842666
l-i21-l-04-4,live,l-i21,l-04,4,0,live/21/i21_04_4.png,live/21/i21.png,30.159,JPEG_compression,t-13,-2.532136469
l-i21-l-04-5,live,l-i21,l-04,5,0,live/21/i21_04_5.png,live/21/i21.png,30.159,JPEG_compression,t-13,-3.363546681
l-i21-l-04-6,live,l-i21,l-04,6,0,live/21/i21_04_6.png,live/21/i21.png,30.159,JPEG_compression,t-13,-5.46878395
l-i21-l-05-1,live,l-i21,l-05,1,0,live/21/i21_05_1.png,live/21/i21.png,30.159,white_noise,t-13,-0.531295832
l-i21-l-05-2,live,l-i21,l-05,2,0,live/21/i21_05_2.png,live/21/i21.png,30.159,white_noise,t-13,-1.474718941
l-i21-l-05-3,live,l-i21,l-05,3,0,live/21/i21_05_3.png,live/21/i21.png,30.159,white_noise,t-13,-2.850462468
l-i21-l-05-4,live,l-i21,l-05,4,0,live/21/i21_05_4.png,live/21/i21.png,30.159,white_noise,t-13,-3.583980811
l-i21-l-05-5,live,l-i21,l-05,5,0,live/21/i21_05_5.png,live/21/i21.png,30.159,white_noise,t-13,-5.704727723
l-i22-l-01-1,live,l-i22,l-01,1,0,live/22/i22_01_1.png,live/22/i22.png,30.159,JPEG2000_transmission_errors,t-11,-0.929722834
l-i22-l-01-2,live,l-i22,l-01,2,0,live/22/i22_01_2.png,live/22/i22.png,30.159,JPEG2000_transmission_errors,t-11,-1.194645162
l-i22-l-01-3,live,l-i22,l-01,3,0,live/22/i22_01_3.png,live/22/i22.png,30.159,JPEG2000_transmission_errors,t-11,-2.831540007
l-i22-l-01-4,live,l-i22,l-01,4,0,live/22/i22_01_4.png,live/22/i22.png,30.159,JPEG2000_transmission_errors,t-11,-2.876024282
l-i22-l-01-5,live,l-i22,l-01,5,0,live/22/i22_01_5.png,live/22/i22.png,30.159,JPEG2000_transmission_errors,t-11,-3.952463926
l-i22-l-02-1,live,l-i22,l-02,1,0,live/22/i22_02_1.png,live/22/i22.png,30.159,gaussian_blur,t-11,-1.027441724
l-i22-l-02-2,live,l-i22,l-02,2,0,live/22/i22_02_2.png,live/22/i22.png,30.159,gaussian_blur,t-11,-2.002154462
l-i22-l-02-3,live,l-i22,l-02,3,0,live/22/i22_02_3.png,live/22/i22.png,30.159,gaussian_blur,t-11,-2.129086009
l-i22-l-02-4,live,l-i22,l-02,4,0,live/22/i22_02_4.png,live/22/i22.png,30.159,gaussian_blur,t-11,-3.165883192
l-i22-l-02-5,live,l-i22,l-02,5,0,live/22/i22_02_5.png,live/22/i22.png,30.159,gaussian_blur,t-11,-5.384141429
l-i22-l-03-1,live,l-i22,l-03,1,0,live/22/i22_03_1.png,live/22/i22.png,30.159,JPEG2000_compression,t-11,-0.000270325
l-i22-l-03-2,live,l-i22,l-03,2,0,live/22/i22_03_2.png,live/22/i22.png,30.159,JPEG2000_compression,t-11,0.377232551
l-i22-l-03-3,live,l-i22,l-03,3,0,live/22/i22_03_3.png,live/22/i22.png,30.159,JPEG2000_compression,t-11,-0.053489467
l-i22-l-03-4,live,l-i22,l-03,4,0,live/22/i22_03_4.png,live/22/i22.png,30.159,JPEG2000_compression,t-11,-0.205699749
l-i22-l-03-5,live,l-i22,l-03,5,0,live/22/i22_03_5.png,live/22/i22.png,30.159,JPEG2000_compression,t-11,-2.162482094
l-i22-l-03-6,live,l-i22,l-03,6,0,live/22/i22_03_6.png,live/22/i22.png,30.159,JPEG2000_compression,t-11,-3.173553244
l-i22-l-04-1,live,l-i22,l-04,1,0,live/22/i22_04_1.png,live/22/i22.png,30.159,JPEG_compression,t-11,0.351556014
l-i22-l-04-2,live,l-i22,l-04,2,0,live/22/i22_04_2.png,live/22/i22.png,30.159,JPEG_compression,t-11,-0.64435681
l-i22-l-04-3,live,l-i22,l-04,3,0,live/22/i22_04_3.png,live/22/i22.png,30.159,JPEG_compression,t-11,-1.842042726
l-i22-l-04-4,live,l-i22,l-04,4,0,live/22/i22_04_4.png,live/22/i22.png,30.159,JPEG_compression,t-11,-1.899987723
l-i22-l-04-5,live,l-i22,l-04,5,0,live/22/i22_04_5.png,live/22/i22.png,30.159,JPEG_compression,t-11,-5.246308519
l-i22-l-04-6,live,l-i22,l-04,6,0,live/22/i22_04_6.png,live/22/i22.png,30.159,JPEG_compression,t-11,-5.426221754
l-i22-l-05-1,live,l-i22,l-05,1,0,live/22/i22_05_1.png,live/22/i22.png,30.159,white_noise,t-11,-0.757394158
l-i22-l-05-2,live,l-i22,l-05,2,0,live/22/i22_05_2.png,live/22/i22.png,30.159,white_noise,t-11,-0.899549334
l-i22-l-05-3,live,l-i22,l-05,3,0,live/22/i22_05_3.png,live/22/i22.png,30.159,white_noise,t-11,-2.312741474
l-i22-l-05-4,live,l-i22,l-05,4,0,live/22/i22_05_4.png,live/22/i22.png,30.159,white_noise,t-11,-3.368692728
l-i22-l-05-5,live,l-i22,l-05,5,0,live/22/i22_05_5.png,live/22/i22.png,30.159,white_noise,t-11,-5.723172385
l-i23-l-01-1,live,l-i23,l-01,1,0,live/23/i23_01_1.png,live/23/i23.png,30.159,JPEG2000_transmission_errors,t-18,0.380168524
l-i23-l-01-2,live,l-i23,l-01,2,0,live/23/i23_01_2.png,live/23/i23.png,30.159,JPEG2000_transmission_errors,t-18,0.117379042
l-i23-l-01-3,live,l-i23,l-01,3,0,live/23/i23_01_3.png,live/23/i23.png,30.159,JPEG2000_transmission_errors,t-18,-0.41108486
l-i23-l-01-4,live,l-i23,l-01,4,0,live/23/i23_01_4.png,live/23/i23.png,30.159,JPEG2000_transmission_errors,t-18,-0.663219713
l-i23-l-01-5,live,l-i23,l-01,5,0,live/23/i23_01_5.png,live/23/i23.png,30.159,JPEG2000_transmission_errors,t-18,-3.981845233
l-i23-l-02-1,live,l-i23,l-02,1,0,live/23/i23_02_1.png,live/23/i23.png,30.159,gaussian_blur,t-18,-0.96021024
l-i23-l-02-2,live,l-i23,l-02,2,0,live/23/i23_02_2.png,live/23/i23.png,30.159,gaussian_blur,t-18,-1.832857739
l-i23-l-02-3,live,l-i23,l-02,3,0,live/23/i23_02_3.png,live/23/i23.png,30.159,gaussian_blur,t-18,-2.690157627
l-i23-l-02-4,live,l-i23,l-02,4,0,live/23/i23_02_4.png,live/23/i23.png,30.159,gaussian_blur,t-18,-3.369526324
l-i23-l-02-5,live,l-i23,l-02,5,0,live/23/i23_02_5.png,live/23/i23.png,30.159,gaussian_blur,t-18,-3.907224767
l-i23-l-03-1,live,l-i23,l-03,1,0,live/23/i23_03_1.png,live/23/i23.png,30.159,JPEG2000_compression,t-18,0.404013732
l-i23-l-03-2,live,l-i23,l-03,2,0,live/23/i23_03_2.png,live/23/i23.png,30.159,JPEG2000_compression,t-18,-1.399023605
l-i23-l-03-3,live,l-i23,l-03,3,0,live/23/i23_03_3.png,live/23/i23.png,30.159,JPEG2000_compression,t-18,-1.515400675
l-i23-l-03-4,live,l-i23,l-03,4,0,live/23/i23_03_4.png,live/23/i23.png,30.159,JPEG2000_compression,t-18,-2.360270515
l-i23-l-03-5,live,l-i23,l-03,5,0,live/23/i23_03_5.png,live/23/i23.png,30.159,JPEG2000_compression,t-18,-3.463673277
l-i23-l-03-6,live,l-i23,l-03,6,0,live/23/i23_03_6.png,live/23/i23.png,30.159,JPEG2000_compression,t-18,-3.812861502
l-i23-l-04-1,live,l-i23,l-04,1,0,live/23/i23_04_1.png,live/23/i23.png,30.159,JPEG_compression,t-18,0.066135386
l-i23-l-04-2,live,l-i23,l-04,2,0,live/23/i23_04_2.png,live/23/i23.png,30.159,JPEG_compression,t-18,-0.772890975
l-i23-l-04-3,live,l-i23,l-04,3,0,live/23/i23_04_3.png,live/23/i23.png,30.159,JPEG_compression,t-18,-0.995047683
l-i23-l-04-4,live,l-i23,l-04,4,0,live/23/i23_04_4.png,live/23/i23.png,30.159,JPEG_compression,t-18,-2.897227327
l-i23-l-04-5,live,l-i23,l-04,5,0,live/23/i23_04_5.png,live/23/i23.png,30.159,JPEG_compression,t-18,-5.994708347
l-i23-l-04-6,live,l-i23,l-04,6,0,live/23/i23_04_6.png,live/23/i23.png,30.159,JPEG_compression,t-18,-5.636552867
l-i23-l-05-1,live,l-i23,l-05,1,0,live/23/i23_05_1.png,live/23/i23.png,30.159,white_noise,t-18,-0.503313471
l-i23-l-05-2,live,l-i23,l-05,2,0,live/23/i23_05_2.png,live/23/i23.png,30.159,white_noise,t-18,-0.98786653
l-i23-l-05-3,live,l-i23,l-05,3,0,live/23/i23_05_3.png,live/23/i23.png,30.159,white_noise,t-18,-3.538285291
l-i23-l-05-4,live,l-i23,l-05,4,0,live/23/i23_05_4.png,live/23/i23.png,30.159,white_noise,t-18,-3.321428093
l-i23-l-05-5,live,l-i23,l-05,5,0,live/23/i23_05_5.png,live/23/i23.png,30.159,white_noise,t-18,-5.983765449
l-i24-l-01-1,live,l-i24,l-01,1,0,live/24/i24_01_1.png,live/24/i24.png,30.159,JPEG2000_transmission_errors,t-17,-1.165059952
l-i24-l-01-2,live,l-i24,l-01,2,0,live/24/i24_01_2.png,live/24/i24.png,30.159,JPEG2000_transmission_errors,t-17,-1.504100145
l-i24-l-01-3,live,l-i24,l-01,3,0,live/24/i24_01_3.png,live/24/i24.png,30.159,JPEG2000_transmission_errors,t-17,-2.838417369
l-i24-l-01-4,live,l-i24,l-01,4,0,live/24/i24_01_4.png,live/24/i24.png,30.159,JPEG2000_transmission_errors,t-17,-3.586566159
l-i24-l-01-5,live,l-i24,l-01,5,0,live/24/i24_01_5.png,live/24/i24.png,30.159,JPEG2000_transmission_errors,t-17,-2.923825662
l-i24-l-02-1,live,l-i24,l-02,1,0,live/24/i24_02_1.png,live/24/i24.png,30.159,gaussian_blur,t-17,-0.903794814
l-i24-l-02-2,live,l-i24,l-02,2,0,live/24/i24_02_2.png,live/24/i24.png,30.159,gaussian_blur,t-17,-1.213367932
l-i24-l-02-3,live,l-i24,l-02,3,0,live/24/i24_02_3.png,live/24/i24.png,30.159,gaussian_blur,t-17,-1.892891626
l-i24-l-02-4,live,l-i24,l-02,4,0,live/24/i24_02_4.png,live/24/i24.png,30.159,gaussian_blur,t-17,-2.781048661
l-i24-l-02-5,live,l-i24,l-02,5,0,live/24/i24_02_5.png,live/24/i24.png,30.159,gaussian_blur,t-17,-3.979396956
l-i24-l-03-1,live,l-i24,l-03,1,0,live/24/i24_03_1.png,live/24/i24.png,30.159,JPEG2000_compression,t-17,-0.052767072
l-i24-l-03-2,live,l-i24,l-03,2,0,live/24/i24_03_2.png,live/24/i24.png,30.159,JPEG2000_compression,t-17,-0.906076752
l-i24-l-03-3,live,l-i24,l-03,3,0,live/24/i24_03_3.png,live/24/i24.png,30.159,JPEG2000_compression,t-17,-2.680112019
l-i24-l-03-4,live,l-i24,l-03,4,0,live/24/i24_03_4.png,live/24/i24.png,30.159,JPEG2000_compression,t-17,-3.587124688
l-i24-l-03-5,live,l-i24,l-03,5,0,live/24/i24_03_5.png,live/24/i24.png,30.159,JPEG2000_compression,t-17,-4.536586013
l-i24-l-04-1,live,l-i24,l-04,1,0,live/24/i24_04_1.png,live/24/i24.png,30.159,JPEG_compression,t-17,-0.310059013
l-i24-l-04-2,live,l-i24,l-04,2,0,live/24/i24_04_2.png,live/24/i24.png,30.159,JPEG_compression,t-17,-1.606509528
l-i24-l-04-3,live,l-i24,l-04,3,0,live/24/i24_04_3.png,live/24/i24.png,30.159,JPEG_compression,t-17,-2.4071907
l-i24-l-04-4,live,l-i24,l-04,4,0,live/24/i24_04_4.png,live/24/i24.png,30.159,JPEG_compression,t-17,-3.419621464
l-i24-l-04-5,live,l-i24,l-04,5,0,live/24/i24_04_5.png,live/24/i24.png,30.159,JPEG_compression,t-17,-5.617536625
l-i24-l-04-6,live,l-i24,l-04,6,0,live/24/i24_04_6.png,live/24/i24.png,30.159,JPEG_compression,t-17,-5.537025129
l-i24-l-05-1,live,l-i24,l-05,1,0,live/24/i24_05_1.png,live/24/i24.png,30.159,white_noise,t-17,-0.372823932
l-i24-l-05-2,live,l-i24,l-05,2,0,live/24/i24_05_2.png,live/24/i24.png,30.159,white_noise,t-17,-2.110851259
l-i24-l-05-3,live,l-i24,l-05,3,0,live/24/i24_05_3.png,live/24/i24.png,30.159,white_noise,t-17,-3.144562252
l-i24-l-05-4,live,l-i24,l-05,4,0,live/24/i24_05_4.png,live/24/i24.png,30.159,white_noise,t-17,-3.417344619
l-i24-l-05-5,live,l-i24,l-05,5,0,live/24/i24_05_5.png,live/24/i24.png,30.159,white_noise,t-17,-3.846622627
l-i25-l-01-1,live,l-i25,l-01,1,0,live/25/i25_01_1.png,live/25/i25.png,30.159,JPEG2000_transmission_errors,-,0.025158482
l-i25-l-01-2,live,l-i25,l-01,2,0,live/25/i25_01_2.png,live/25/i25.png,30.159,JPEG2000_transmission_errors,-,-0.173590609
l-i25-l-01-3,live,l-i25,l-01,3,0,live/25/i25_01_3.png,live/25/i25.png,30.159,JPEG2000_transmission_errors,-,-0.481307178
l-i25-l-01-4,live,l-i25,l-01,4,0,live/25/i25_01_4.png,live/25/i25.png,30.159,JPEG2000_transmission_errors,-,-2.046476057
l-i25-l-01-5,live,l-i25,l-01,5,0,live/25/i25_01_5.png,live/25/i25.png,30.159,JPEG2000_transmission_errors,-,-4.093795094
l-i25-l-02-1,live,l-i25,l-02,1,0,live/25/i25_02_1.png,live/25/i25.png,30.159,gaussian_blur,-,-1.037975338
l-i25-l-02-2,live,l-i25,l-02,2,0,live/25/i25_02_2.png,live/25/i25.png,30.159,gaussian_blur,-,-1.969667576
l-i25-l-02-3,live,l-i25,l-02,3,0,live/25/i25_02_3.png,live/25/i25.png,30.159,gaussian_blur,-,-2.94907641
l-i25-l-02-4,live,l-i25,l-02,4,0,live/25/i25_02_4.png,live/25/i25.png,30.159,gaussian_blur,-,-3.050145362
l-i25-l-02-5,live,l-i25,l-02,5,0,live/25/i25_02_5.png,live/25/i25.png,30.159,gaussian_blur,-,-3.948284423
l-i25-l-03-1,live,l-i25,l-03,1,0,live/25/i25_03_1.png,live/25/i25.png,30.159,JPEG2000_compression,-,0.372049159
l-i25-l-03-2,live,l-i25,l-03,2,0,live/25/i25_03_2.png,live/25/i25.png,30.159,JPEG2000_compression,-,0.181337111
l-i25-l-03-3,live,l-i25,l-03,3,0,live/25/i25_03_3.png,live/25/i25.png,30.159,JPEG2000_compression,-,-1.697253409
l-i25-l-03-4,live,l-i25,l-03,4,0,live/25/i25_03_4.png,live/25/i25.png,30.159,JPEG2000_compression,-,-2.496389348
l-i25-l-03-5,live,l-i25,l-03,5,0,live/25/i25_03_5.png,live/25/i25.png,30.159,JPEG2000_compression,-,-3.462477845
l-i25-l-03-6,live,l-i25,l-03,6,0,live/25/i25_03_6.png,live/25/i25.png,30.159,JPEG2000_compression,-,-3.954937336
l-i25-l-04-1,live,l-i25,l-04,1,0,live/25/i25_04_1.png,live/25/i25.png,30.159,JPEG_compression,-,0.337851392
l-i25-l-04-2,live,l-i25,l-04,2,0,live/25/i25_04_2.png,live/25/i25.png,30.159,JPEG_compression,-,0.943130668
l-i25-l-04-3,live,l-i25,l-04,3,0,live/25/i25_04_3.png,live/25/i25.png,30.159,JPEG_compression,-,0.042357097
l-i25-l-04-4,live,l-i25,l-04,4,0,live/25/i25_04_4.png,live/25/i25.png,30.159,JPEG_compression,-,-2.307936665
l-i25-l-04-5,live,l-i25,l-04,5,0,live/25/i25_04_5.png,live/25/i25.png,30.159,JPEG_compression,-,-5.406748542
l-i25-l-04-6,live,l-i25,l-04,6,0,live/25/i25_04_6.png,live/25/i25.png,30.159,JPEG_compression,-,-5.208290732
l-i25-l-05-1,live,l-i25,l-05,1,0,live/25/i25_05_1.png,live/25/i25.png,30.159,white_noise,-,-0.283753932
l-i25-l-05-2,live,l-i25,l-05,2,0,live/25/i25_05_2.png,live/25/i25.png,30.159,white_noise,-,-1.526234242
l-i25-l-05-3,live,l-i25,l-05,3,0,live/25/i25_05_3.png,live/25/i25.png,30.159,white_noise,-,-2.486741754
l-i25-l-05-4,live,l-i25,l-05,4,0,live/25/i25_05_4.png,live/25/i25.png,30.159,white_noise,-,-3.854785598
l-i25-l-05-5,live,l-i25,l-05,5,0,live/25/i25_05_5.png,live/25/i25.png,30.159,white_noise,-,-5.681141743
l-i26-l-01-1,live,l-i26,l-01,1,0,live/26/i26_01_1.png,live/26/i26.png,30.159,JPEG2000_transmission_errors,-,-0.164954516
l-i26-l-01-2,live,l-i26,l-01,2,0,live/26/i26_01_2.png,live/26/i26.png,30.159,JPEG2000_transmission_errors,-,-0.465181604
l-i26-l-01-3,live,l-i26,l-01,3,0,live/26/i26_01_3.png,live/26/i26.png,30.159,JPEG2000_transmission_errors,-,-0.326465239
l-i26-l-01-4,live,l-i26,l-01,4,0,live/26/i26_01_4.png,live/26/i26.png,30.159,JPEG2000_transmission_errors,-,-0.603031884
l-i26-l-01-5,live,l-i26,l-01,5,0,live/26/i26_01_5.png,live/26/i26.png,30.159,JPEG2000_transmission_errors,-,-3.225108747
l-i26-l-02-1,live,l-i26,l-02,1,0,live/26/i26_02_1.png,live/26/i26.png,30.159,gaussian_blur,-,-0.589095708
l-i26-l-02-2,live,l-i26,l-02,2,0,live/26/i26_02_2.png,live/26/i26.png,30.159,gaussian_blur,-,-1.404982325
l-i26-l-02-3,live,l-i26,l-02,3,0,live/26/i26_02_3.png,live/26/i26.png,30.159,gaussian_blur,-,-1.594697068
l-i26-l-02-4,live,l-i26,l-02,4,0,live/26/i26_02_4.png,live/26/i26.png,30.159,gaussian_blur,-,-1.845731307
l-i26-l-02-5,live,l-i26,l-02,5,0,live/26/i26_02_5.png,live/26/i26.png,30.159,gaussian_blur,-,-4.011425636
l-i26-l-03-1,live,l-i26,l-03,1,0,live/26/i26_03_1.png,live/26/i26.png,30.159,JPEG2000_compression,-,0.135857004
l-i26-l-03-2,live,l-i26,l-03,2,0,live/26/i26_03_2.png,live/26/i26.png,30.159,JPEG2000_compression,-,-1.73118011
l-i26-l-03-3,live,l-i26,l-03,3,0,live/26/i26_03_3.png,live/26/i26.png,30.159,JPEG2000_compression,-,-3.819553167
l-i26-l-03-4,live,l-i26,l-03,4,0,live/26/i26_03_4.png,live/26/i26.png,30.159,JPEG2000_compression,-,-4.255206984
l-i26-l-03-5,live,l-i26,l-03,5,0,live/26/i26_03_5.png,live/26/i26.png,30.159,JPEG2000_compression,-,-4.919868701
l-i26-l-04-1,live,l-i26,l-04,1,0,live/26/i26_04_1.png,live/26/i26.png,30.159,JPEG_compression,-,-0.167528507
l-i26-l-04-2,live,l-i26,l-04,2,0,live/26/i26_04_2.png,live/26/i26.png,30.159,JPEG_compression,-,-1.03479298
l-i26-l-04-3,live,l-i26,l-04,3,0,live/26/i26_04_3.png,live/26/i26.png,30.159,JPEG_compression,-,-2.120018903
l-i26-l-04-4,live,l-i26,l-04,4,0,live/26/i26_04_4.png,live/26/i26.png,30.159,JPEG_compression,-,-3.730401847
l-i26-l-04-5,live,l-i26,l-04,5,0,live/26/i26_04_5.png,live/26/i26.png,30.159,JPEG_compression,-,-4.262384306
l-i26-l-04-6,live,l-i26,l-04,6,0,live/26/i26_04_6.png,live/26/i26.png,30.159,JPEG_compression,-,-5.73653618
l-i26-l-05-1,live,l-i26,l-05,1,0,live/26/i26_05_1.png,live/26/i26.png,30.159,white_noise,-,-0.493767798
l-i26-l-05-2,live,l-i26,l-05,2,0,live/26/i26_05_2.png,live/26/i26.png,30.159,white_noise,-,-1.899571278
l-i26-l-05-3,live,l-i26,l-05,3,0,live/26/i26_05_3.png,live/26/i26.png,30.159,white_noise,-,-3.457306614
l-i26-l-05-4,live,l-i26,l-05,4,0,live/26/i26_05_4.png,live/26/i26.png,30.159,white_noise,-,-4.124048285
l-i26-l-05-5,live,l-i26,l-05,5,0,live/26/i26_05_5.png,live/26/i26.png,30.159,white_noise,-,-5.126059733
l-i27-l-01-1,live,l-i27,l-01,1,0,live/27/i27_01_1.png,live/27/i27.png,30.159,JPEG2000_transmission_errors,-,-0.446707488
l-i27-l-01-2,live,l-i27,l-01,2,0,live/27/i27_01_2.png,live/27/i27.png,30.159,JPEG2000_transmission_errors,-,-0.7983895
l-i27-l-01-3,live,l-i27,l-01,3,0,live/27/i27_01_3.png,live/27/i27.png,30.159,JPEG2000_transmission_errors,-,-3.442213559
l-i27-l-01-4,live,l-i27,l-01,4,0,live/27/i27_01_4.png,live/27/i27.png,30.159,JPEG2000_transmission_errors,-,-5.167791589
l-i27-l-01-5,live,l-i27,l-01,5,0,live/27/i27_01_5.png,live/27/i27.png,30.159,JPEG2000_transmission_errors,-,-6.113887067
l-i27-l-02-1,live,l-i27,l-02,1,0,live/27/i27_02_1.png,live/27/i27.png,30.159,gaussian_blur,-,-0.886597721
l-i27-l-02-2,live,l-i27,l-02,2,0,live/27/i27_02_2.png,live/27/i27.png,30.159,gaussian_blur,-,-1.01839781
l-i27-l-02-3,live,l-i27,l-02,3,0,live/27/i27_02_3.png,live/27/i27.png,30.159,gaussian_blur,-,-1.775369296
l-i27-l-02-4,live,l-i27,l-02,4,0,live/27/i27_02_4.png,live/27/i27.png,30.159,gaussian_blur,-,-2.560716688
l-i27-l-02-5,live,l-i27,l-02,5,0,live/27/i27_02_5.png,live/27/i27.png,30.159,gaussian_blur,-,-2.874752355
l-i27-l-03-1,live,l-i27,l-03,1,0,live/27/i27_03_1.png,live/27/i27.png,30.159,JPEG2000_compression,-,0.106433013
l-i27-l-03-2,live,l-i27,l-03,2,0,live/27/i27_03_2.png,live/27/i27.png,30.159,JPEG2000_compression,-,-0.074169958
l-i27-l-03-3,live,l-i27,l-03,3,0,live/27/i27_03_3.png,live/27/i27.png,30.159,JPEG2000_compression,-,-0.525773456
l-i27-l-03-4,live,l-i27,l-03,4,0,live/27/i27_03_4.png,live/27/i27.png,30.159,JPEG2000_compression,-,-2.097056892
l-i27-l-03-5,live,l-i27,l-03,5,0,live/27/i27_03_5.png,live/27/i27.png,30.159,JPEG2000_compression,-,-3.603350731
l-i27-l-03-6,live,l-i27,l-03,6,0,live/27/i27_03_6.png,live/27/i27.png,30.159,JPEG2000_compression,-,-4.423930832
l-i27-l-04-1,live,l-i27,l-04,1,0,live/27/i27_04_1.png,live/27/i27.png,30.159,JPEG_compression,-,0.441922665
l-i27-l-04-2,live,l-i27,l-04,2,0,live/27/i27_04_2.png,live/27/i27.png,30.159,JPEG_compression,-,-1.196062404
l-i27-l-04-3,live,l-i27,l-04,3,0,live/27/i27_04_3.png,live/27/i27.png,30.159,JPEG_compression,-,-1.916028224
l-i27-l-04-4,live,l-i27,l-04,4,0,live/27/i27_04_4.png,live/27/i27.png,30.159,JPEG_compression,-,-3.631909656
l-i27-l-04-5,live,l-i27,l-04,5,0,live/27/i27_04_5.png,live/27/i27.png,30.159,JPEG_compression,-,-5.384639176
l-i27-l-04-6,live,l-i27,l-04,6,0,live/27/i27_04_6.png,live/27/i27.png,30.159,JPEG_compression,-,-5.128546771
l-i27-l-05-1,live,l-i27,l-05,1,0,live/27/i27_05_1.png,live/27/i27.png,30.159,white_noise,-,-0.245324469
l-i27-l-05-2,live,l-i27,l-05,2,0,live/27/i27_05_2.png,live/27/i27.png,30.159,white_noise,-,-1.730684313
l-i27-l-05-3,live,l-i27,l-05,3,0,live/27/i27_05_3.png,live/27/i27.png,30.159,white_noise,-,-3.313280665
l-i27-l-05-4,live,l-i27,l-05,4,0,live/27/i27_05_4.png,live/27/i27.png,30.159,white_noise,-,-4.227764424
l-i27-l-05-5,live,l-i27,l-05,5,0,live/27/i27_05_5.png,live/27/i27.png,30.159,white_noise,-,-5.495768757
l-i28-l-01-1,live,l-i28,l-01,1,0,live/28/i28_01_1.png,live/28/i28.png,30.159,JPEG2000_transmission_errors,-,0.036698201
l-i28-l-01-2,live,l-i28,l-01,2,0,live/28/i28_01_2.png,live/28/i28.png,30.159,JPEG2000_transmission_errors,-,-0.770160427
l-i28-l-01-3,live,l-i28,l-01,3,0,live/28/i28_01_3.png,live/28/i28.png,30.159,JPEG2000_transmission_errors,-,-4.340572208
l-i28-l-01-4,live,l-i28,l-01,4,0,live/28/i28_01_4.png,live/28/i28.png,30.159,JPEG2000_transmission_errors,-,-4.295286887
l-i28-l-01-5,live,l-i28,l-01,5,0,live/28/i28_01_5.png,live/28/i28.png,30.159,JPEG2000_transmission_errors,-,-5.335335036
l-i28-l-02-1,live,l-i28,l-02,1,0,live/28/i28_02_1.png,live/28/i28.png,30.159,gaussian_blur,-,-0.453938699
l-i28-l-02-2,live,l-i28,l-02,2,0,live/28/i28_02_2.png,live/28/i28.png,30.159,gaussian_blur,-,-1.772354058
l-i28-l-02-3,live,l-i28,l-02,3,0,live/28/i28_02_3.png,live/28/i28.png,30.159,gaussian_blur,-,-1.865253582
l-i28-l-02-4,live,l-i28,l-02,4,0,live/28/i28_02_4.png,live/28/i28.png,30.159,gaussian_blur,-,-3.09159086
l-i28-l-02-5,live,l-i28,l-02,5,0,live/28/i28_02_5.png,live/28/i28.png,30.159,gaussian_blur,-,-3.447252169
l-i28-l-03-1,live,l-i28,l-03,1,0,live/28/i28_03_1.png,live/28/i28.png,30.159,JPEG2000_compression,-,0.568462412
l-i28-l-03-2,live,l-i28,l-03,2,0,live/28/i28_03_2.png,live/28/i28.png,30.159,JPEG2000_compression,-,-1.578352517
l-i28-l-03-3,live,l-i28,l-03,3,0,live/28/i28_03_3.png,live/28/i28.png,30.159,JPEG2000_compression,-,-2.045595387
l-i28-l-03-4,live,l-i28,l-03,4,0,live/28/i28_03_4.png,live/28/i28.png,30.159,JPEG2000_compression,-,-1.592232223
l-i28-l-03-5,live,l-i28,l-03,5,0,live/28/i28_03_5.png,live/28/i28.png,30.159,JPEG2000_compression,-,-3.106838751
l-i28-l-03-6,live,l-i28,l-03,6,0,live/28/i28_03_6.png,live/28/i28.png,30.159,JPEG2000_compression,-,-5.123190619
l-i28-l-04-1,live,l-i28,l-04,1,0,live/28/i28_04_1.png,live/28/i28.png,30.159,JPEG_compression,-,0.231601927
l-i28-l-04-2,live,l-i28,l-04,2,0,live/28/i28_04_2.png,live/28/i28.png,30.159,JPEG_compression,-,0.266923186
l-i28-l-04-3,live,l-i28,l-04,3,0,live/28/i28_04_3.png,live/28/i28.png,30.159,JPEG_compression,-,-0.925274808
l-i28-l-04-4,live,l-i28,l-04,4,0,live/28/i28_04_4.png,live/28/i28.png,30.159,JPEG_compression,-,-2.782545469
l-i28-l-04-5,live,l-i28,l-04,5,0,live/28/i28_04_5.png,live/28/i28.png,30.159,JPEG_compression,-,-4.151230528
l-i28-l-04-6,live,l-i28,l-04,6,0,live/28/i28_04_6.png,live/28/i28.png,30.159,JPEG_compression,-,-5.033169238
l-i28-l-05-1,live,l-i28,l-05,1,0,live/28/i28_05_1.png,live/28/i28.png,30.159,white_noise,-,-0.35881675
l-i28-l-05-2,live,l-i28,l-05,2,0,live/28/i28_05_2.png,live/28/i28.png,30.159,white_noise,-,-1.473698231
l-i28-l-05-3,live,l-i28,l-05,3,0,live/28/i28_05_3.png,live/28/i28.png,30.159,white_noise,-,-2.845814941
l-i28-l-05-4,live,l-i28,l-05,4,0,live/28/i28_05_4.png,live/28/i28.png,30.159,white_noise,-,-3.796272814
l-i28-l-05-5,live,l-i28,l-05,5,0,live/28/i28_05_5.png,live/28/i28.png,30.159,white_noise,-,-5.84627314
l-i29-l-01-1,live,l-i29,l-01,1,0,live/29/i29_01_1.png,live/29/i29.png,30.159,JPEG2000_transmission_errors,-,-0.850083507
l-i29-l-01-2,live,l-i29,l-01,2,0,live/29/i29_01_2.png,live/29/i29.png,30.159,JPEG2000_transmission_errors,-,-0.150459381
l-i29-l-01-3,live,l-i29,l-01,3,0,live/29/i29_01_3.png,live/29/i29.png,30.159,JPEG2000_transmission_errors,-,-0.739335212
l-i29-l-01-4,live,l-i29,l-01,4,0,live/29/i29_01_4.png,live/29/i29.png,30.159,JPEG2000_transmission_errors,-,-1.578385672
l-i29-l-01-5,live,l-i29,l-01,5,0,live/29/i29_01_5.png,live/29/i29.png,30.159,JPEG2000_transmission_errors,-,-2.17576874
l-i29-l-02-1,live,l-i29,l-02,1,0,live/29/i29_02_1.png,live/29/i29.png,30.159,gaussian_blur,-,-0.456095003
l-i29-l-02-2,live,l-i29,l-02,2,0,live/29/i29_02_2.png,live/29/i29.png,30.159,gaussian_blur,-,-0.955167751
l-i29-l-02-3,live,l-i29,l-02,3,0,live/29/i29_02_3.png,live/29/i29.png,30.159,gaussian_blur,-,-1.819937714
l-i29-l-02-4,live,l-i29,l-02,4,0,live/29/i29_02_4.png,live/29/i29.png,30.159,gaussian_blur,-,-2.351010469
l-i29-l-02-5,live,l-i29,l-02,5,0,live/29/i29_02_5.png,live/29/i29.png,30.159,gaussian_blur,-,-3.302330588
l-i29-l-03-1,live,l-i29,l-03,1,0,live/29/i29_03_1.png,live/29/i29.png,30.159,JPEG2000_compression,-,0.189584416
l-i29-l-03-2,live,l-i29,l-03,2,0,live/29/i29_03_2.png,live/29/i29.png,30.159,JPEG2000_compression,-,0.392859255
l-i29-l-03-3,live,l-i29,l-03,3,0,live/29/i29_03_3.png,live/29/i29.png,30.159,JPEG2000_compression,-,-2.44154255
l-i29-l-03-4,live,l-i29,l-03,4,0,live/29/i29_03_4.png,live/29/i29.png,30.159,JPEG2000_compression,-,-2.746131739
l-i29-l-03-5,live,l-i29,l-03,5,0,live/29/i29_03_5.png,live/29/i29.png,30.159,JPEG2000_compression,-,-2.869159933
l-i29-l-03-6,live,l-i29,l-03,6,0,live/29/i29_03_6.png,live/29/i29.png,30.159,JPEG2000_compression,-,-4.28107056
l-i29-l-04-1,live,l-i29,l-04,1,0,live/29/i29_04_1.png,live/29/i29.png,30.159,JPEG_compression,-,0.172137954
l-i29-l-04-2,live,l-i29,l-04,2,0,live/29/i29_04_2.png,live/29/i29.png,30.159,JPEG_compression,-,-0.86163509
l-i29-l-04-3,live,l-i29,l-04,3,0,live/29/i29_04_3.png,live/29/i29.png,30.159,JPEG_compression,-,-1.60917743
l-i29-l-04-4,live,l-i29,l-04,4,0,live/29/i29_04_4.png,live/29/i29.png,30.159,JPEG_compression,-,-2.918723761
l-i29-l-04-5,live,l-i29,l-04,5,0,live/29/i29_04_5.png,live/29/i29.png,30.159,JPEG_compression,-,-5.696486178
l-i29-l-04-6,live,l-i29,l-04,6,0,live/29/i29_04_6.png,live/29/i29.png,30.159,JPEG_compression,-,-5.480781617
l-i29-l-05-1,live,l-i29,l-05,1,0,live/29/i29_05_1.png,live/29/i29.png,30.159,white_noise,-,-0.708670644
l-i29-l-05-2,live,l-i29,l-05,2,0,live/29/i29_05_2.png,live/29/i29.png,30.159,white_noise,-,-2.390534305
l-i29-l-05-3,live,l-i29,l-05,3,0,live/29/i29_05_3.png,live/29/i29.png,30.159,white_noise,-,-2.981017255
l-i29-l-05-4,live,l-i29,l-05,4,0,live/29/i29_05_4.png,live/29/i29.png,30.159,white_noise,-,-3.477812532
l-i29-l-05-5,live,l-i29,l-05,5,0,live/29/i29_05_5.png,live/29/i29.png,30.159,white_noise,-,-5.429598549
n-i01-n-01-1,narwaria,n-i01,n-01,1,1,narwaria/01/i01_01_1.exr,narwaria/01/i01.exr,56.5487,JPEG_compression_optimized_with_MSE,-,-0.39540524
n-i01-n-01-2,narwaria,n-i01,n-01,2,1,narwaria/01/i01_01_2.exr,narwaria/01/i01.exr,56.5487,JPEG_compression_optimized_with_MSE,-,-0.606012756
n-i01-n-01-3,narwaria,n-i01,n-01,3,1,narwaria/01/i01_01_3.exr,narwaria/01/i01.exr,56.5487,JPEG_compression_optimized_with_MSE,-,-0.811957991
n-i01-n-01-4,narwaria,n-i01,n-01,4,1,narwaria/01/i01_01_4.exr,narwaria/01/i01.exr,56.5487,JPEG_compression_optimized_with_MSE,-,-1.346027144
n-i01-n-01-5,narwaria,n-i01,n-01,5,1,narwaria/01/i01_01_5.exr,narwaria/01/i01.exr,56.5487,JPEG_compression_optimized_with_MSE,-,-1.353852531
n-i01-n-01-6,narwaria,n-i01,n-01,6,1,narwaria/01/i01_01_6.exr,narwaria/01/i01.exr,56.5487,JPEG_compression_optimized_with_MSE,-,-1.521639276
n-i01-n-01-7,narwaria,n-i01,n-01,7,1,narwaria/01/i01_01_7.exr,narwaria/01/i01.exr,56.5487,JPEG_compression_optimized_with_MSE,-,-1.965986131
n-i01-n-02-1,narwaria,n-i01,n-02,1,1,narwaria/01/i01_02_1.exr,narwaria/01/i01.exr,56.5487,JPEG_compression_optimized_with_SSIM,-,-0.241636918
n-i01-n-02-2,narwaria,n-i01,n-02,2,1,narwaria/01/i01_02_2.exr,narwaria/01/i01.exr,56.5487,JPEG_compression_optimized_with_SSIM,-,-0.558815279
n-i01-n-02-3,narwaria,n-i01,n-02,3,1,narwaria/01/i01_02_3.exr,narwaria/01/i01.exr,56.5487,JPEG_compression_optimized_with_SSIM,-,-0.945402282
n-i01-n-02-4,narwaria,n-i01,n-02,4,1,narwaria/01/i01_02_4.exr,narwaria/01/i01.exr,56.5487,JPEG_compression_optimized_with_SSIM,-,-1.262637438
n-i01-n-02-5,narwaria,n-i01,n-02,5,1,narwaria/01/i01_02_5.exr,narwaria/01/i01.exr,56.5487,JPEG_compression_optimized_with_SSIM,-,-1.329134651
n-i01-n-02-6,narwaria,n-i01,n-02,6,1,narwaria/01/i01_02_6.exr,narwaria/01/i01.exr,56.5487,JPEG_compression_optimized_with_SSIM,-,-1.533245116
n-i01-n-02-7,narwaria,n-i01,n-02,7,1,narwaria/01/i01_02_7.exr,narwaria/01/i01.exr,56.5487,JPEG_compression_optimized_with_SSIM,-,-2.006010277
n-i02-n-01-1,narwaria,n-i02,n-01,1,1,narwaria/02/i02_01_1.exr,narwaria/02/i02.exr,56.5487,JPEG_compression_optimized_with_MSE,-,-0.147973335
n-i02-n-01-2,narwaria,n-i02,n-01,2,1,narwaria/02/i02_01_2.exr,narwaria/02/i02.exr,56.5487,JPEG_compression_optimized_with_MSE,-,-0.345776267
n-i02-n-01-3,narwaria,n-i02,n-01,3,1,narwaria/02/i02_01_3.exr,narwaria/02/i02.exr,56.5487,JPEG_compression_optimized_with_MSE,-,-0.446850708
n-i02-n-01-4,narwaria,n-i02,n-01,4,1,narwaria/02/i02_01_4.exr,narwaria/02/i02.exr,56.5487,JPEG_compression_optimized_with_MSE,-,-0.65127109
n-i02-n-01-5,narwaria,n-i02,n-01,5,1,narwaria/02/i02_01_5.exr,narwaria/02/i02.exr,56.5487,JPEG_compression_optimized_with_MSE,-,-0.795147586
n-i02-n-01-6,narwaria,n-i02,n-01,6,1,narwaria/02/i02_01_6.exr,narwaria/02/i02.exr,56.5487,JPEG_compression_optimized_with_MSE,-,-0.739858995
n-i02-n-01-7,narwaria,n-i02,n-01,7,1,narwaria/02/i02_01_7.exr,narwaria/02/i02.exr,56.5487,JPEG_compression_optimized_with_MSE,-,-1.037367672
n-i02-n-02-1,narwaria,n-i02,n-02,1,1,narwaria/02/i02_02_1.exr,narwaria/02/i02.exr,56.5487,JPEG_compression_optimized_with_SSIM,-,-0.874075972
n-i02-n-02-2,narwaria,n-i02,n-02,2,1,narwaria/02/i02_02_2.exr,narwaria/02/i02.exr,56.5487,JPEG_compression_optimized_with_SSIM,-,-1.00812621
n-i02-n-02-3,narwaria,n-i02,n-02,3,1,narwaria/02/i02_02_3.exr,narwaria/02/i02.exr,56.5487,JPEG_compression_optimized_with_SSIM,-,-1.014542581
n-i02-n-02-4,narwaria,n-i02,n-02,4,1,narwaria/02/i02_02_4.exr,narwaria/02/i02.exr,56.5487,JPEG_compression_optimized_with_SSIM,-,-1.071219232
n-i02-n-02-5,narwaria,n-i02,n-02,5,1,narwaria/02/i02_02_5.exr,narwaria/02/i02.exr,56.5487,JPEG_compression_optimized_with_SSIM,-,-1.214350702
n-i02-n-02-6,narwaria,n-i02,n-02,6,1,narwaria/02/i02_02_6.exr,narwaria/02/i02.exr,56.5487,JPEG_compression_optimized_with_SSIM,-,-1.315385373
n-i02-n-02-7,narwaria,n-i02,n-02,7,1,narwaria/02/i02_02_7.exr,narwaria/02/i02.exr,56.5487,JPEG_compression_optimized_with_SSIM,-,-1.591676426
n-i03-n-01-1,narwaria,n-i03,n-01,1,1,narwaria/03/i03_01_1.exr,narwaria/03/i03.exr,56.5487,JPEG_compression_optimized_with_MSE,-,-0.086274128
n-i03-n-01-2,narwaria,n-i03,n-01,2,1,narwaria/03/i03_01_2.exr,narwaria/03/i03.exr,56.5487,JPEG_compression_optimized_with_MSE,-,-0.366426196
n-i03-n-01-3,narwaria,n-i03,n-01,3,1,narwaria/03/i03_01_3.exr,narwaria/03/i03.exr,56.5487,JPEG_compression_optimized_with_MSE,-,-0.620135755
n-i03-n-01-4,narwaria,n-i03,n-01,4,1,narwaria/03/i03_01_4.exr,narwaria/03/i03.exr,56.5487,JPEG_compression_optimized_with_MSE,-,-0.878693093
n-i03-n-01-5,narwaria,n-i03,n-01,5,1,narwaria/03/i03_01_5.exr,narwaria/03/i03.exr,56.5487,JPEG_compression_optimized_with_MSE,-,-1.11524302
n-i03-n-01-6,narwaria,n-i03,n-01,6,1,narwaria/03/i03_01_6.exr,narwaria/03/i03.exr,56.5487,JPEG_compression_optimized_with_MSE,-,-1.387988384
n-i03-n-01-7,narwaria,n-i03,n-01,7,1,narwaria/03/i03_01_7.exr,narwaria/03/i03.exr,56.5487,JPEG_compression_optimized_with_MSE,-,-1.900268987
n-i03-n-02-1,narwaria,n-i03,n-02,1,1,narwaria/03/i03_02_1.exr,narwaria/03/i03.exr,56.5487,JPEG_compression_optimized_with_SSIM,-,-0.072843806
n-i03-n-02-2,narwaria,n-i03,n-02,2,1,narwaria/03/i03_02_2.exr,narwaria/03/i03.exr,56.5487,JPEG_compression_optimized_with_SSIM,-,-0.536461741
n-i03-n-02-3,narwaria,n-i03,n-02,3,1,narwaria/03/i03_02_3.exr,narwaria/03/i03.exr,56.5487,JPEG_compression_optimized_with_SSIM,-,-0.613713914
n-i03-n-02-4,narwaria,n-i03,n-02,4,1,narwaria/03/i03_02_4.exr,narwaria/03/i03.exr,56.5487,JPEG_compression_optimized_with_SSIM,-,-1.000381362
n-i03-n-02-5,narwaria,n-i03,n-02,5,1,narwaria/03/i03_02_5.exr,narwaria/03/i03.exr,56.5487,JPEG_compression_optimized_with_SSIM,-,-1.131915868
n-i03-n-02-6,narwaria,n-i03,n-02,6,1,narwaria/03/i03_02_6.exr,narwaria/03/i03.exr,56.5487,JPEG_compression_optimized_with_SSIM,-,-1.418001704
n-i03-n-02-7,narwaria,n-i03,n-02,7,1,narwaria/03/i03_02_7.exr,narwaria/03/i03.exr,56.5487,JPEG_compression_optimized_with_SSIM,-,-1.823802958
n-i04-n-01-1,narwaria,n-i04,n-01,1,1,narwaria/04/i04_01_1.exr,narwaria/04/i04.exr,56.5487,JPEG_compression_optimized_with_MSE,-,-0.290741491
n-i04-n-01-2,narwaria,n-i04,n-01,2,1,narwaria/04/i04_01_2.exr,narwaria/04/i04.exr,56.5487,JPEG_compression_optimized_with_MSE,-,-0.83266231
n-i04-n-01-3,narwaria,n-i04,n-01,3,1,narwaria/04/i04_01_3.exr,narwaria/04/i04.exr,56.5487,JPEG_compression_optimized_with_MSE,-,-0.93891487
n-i04-n-01-4,narwaria,n-i04,n-01,4,1,narwaria/04/i04_01_4.exr,narwaria/04/i04.exr,56.5487,JPEG_compression_optimized_with_MSE,-,-1.061745977
n-i04-n-01-5,narwaria,n-i04,n-01,5,1,narwaria/04/i04_01_5.exr,narwaria/04/i04.exr,56.5487,JPEG_compression_optimized_with_MSE,-,-1.183768489
n-i04-n-01-6,narwaria,n-i04,n-01,6,1,narwaria/04/i04_01_6.exr,narwaria/04/i04.exr,56.5487,JPEG_compression_optimized_with_MSE,-,-1.411261539
n-i04-n-01-7,narwaria,n-i04,n-01,7,1,narwaria/04/i04_01_7.exr,narwaria/04/i04.exr,56.5487,JPEG_compression_optimized_with_MSE,-,-1.481347416
n-i04-n-02-1,narwaria,n-i04,n-02,1,1,narwaria/04/i04_02_1.exr,narwaria/04/i04.exr,56.5487,JPEG_compression_optimized_with_SSIM,-,-0.183697799
n-i04-n-02-2,narwaria,n-i04,n-02,2,1,narwaria/04/i04_02_2.exr,narwaria/04/i04.exr,56.5487,JPEG_compression_optimized_with_SSIM,-,-0.549355374
n-i04-n-02-3,narwaria,n-i04,n-02,3,1,narwaria/04/i04_02_3.exr,narwaria/04/i04.exr,56.5487,JPEG_compression_optimized_with_SSIM,-,-0.773871401
n-i04-n-02-4,narwaria,n-i04,n-02,4,1,narwaria/04/i04_02_4.exr,narwaria/04/i04.exr,56.5487,JPEG_compression_optimized_with_SSIM,-,-1.015807229
n-i04-n-02-5,narwaria,n-i04,n-02,5,1,narwaria/04/i04_02_5.exr,narwaria/04/i04.exr,56.5487,JPEG_compression_optimized_with_SSIM,-,-1.102114341
n-i04-n-02-6,narwaria,n-i04,n-02,6,1,narwaria/04/i04_02_6.exr,narwaria/04/i04.exr,56.5487,JPEG_compression_optimized_with_SSIM,-,-1.232556442
n-i04-n-02-7,narwaria,n-i04,n-02,7,1,narwaria/04/i04_02_7.exr,narwaria/04/i04.exr,56.5487,JPEG_compression_optimized_with_SSIM,-,-1.513677539
n-i05-n-01-1,narwaria,n-i05,n-01,1,1,narwaria/05/i05_01_1.exr,narwaria/05/i05.exr,56.5487,JPEG_compression_optimized_with_MSE,-,-0.03339078
n-i05-n-01-2,narwaria,n-i05,n-01,2,1,narwaria/05/i05_01_2.exr,narwaria/05/i05.exr,56.5487,JPEG_compression_optimized_with_MSE,-,-0.148498972
n-i05-n-01-3,narwaria,n-i05,n-01,3,1,narwaria/05/i05_01_3.exr,narwaria/05/i05.exr,56.5487,JPEG_compression_optimized_with_MSE,-,-0.397214855
n-i05-n-01-4,narwaria,n-i05,n-01,4,1,narwaria/05/i05_01_4.exr,narwaria/05/i05.exr,56.5487,JPEG_compression_optimized_with_MSE,-,-0.342984864
n-i05-n-01-5,narwaria,n-i05,n-01,5,1,narwaria/05/i05_01_5.exr,narwaria/05/i05.exr,56.5487,JPEG_compression_optimized_with_MSE,-,-0.549636092
n-i05-n-01-6,narwaria,n-i05,n-01,6,1,narwaria/05/i05_01_6.exr,narwaria/05/i05.exr,56.5487,JPEG_compression_optimized_with_MSE,-,-0.994277581
n-i05-n-01-7,narwaria,n-i05,n-01,7,1,narwaria/05/i05_01_7.exr,narwaria/05/i05.exr,56.5487,JPEG_compression_optimized_with_MSE,-,-1.386390985
n-i05-n-02-1,narwaria,n-i05,n-02,1,1,narwaria/05/i05_02_1.exr,narwaria/05/i05.exr,56.5487,JPEG_compression_optimized_with_SSIM,-,-0.000812744
n-i05-n-02-2,narwaria,n-i05,n-02,2,1,narwaria/05/i05_02_2.exr,narwaria/05/i05.exr,56.5487,JPEG_compression_optimized_with_SSIM,-,-0.29467517
n-i05-n-02-3,narwaria,n-i05,n-02,3,1,narwaria/05/i05_02_3.exr,narwaria/05/i05.exr,56.5487,JPEG_compression_optimized_with_SSIM,-,-0.27305409
n-i05-n-02-4,narwaria,n-i05,n-02,4,1,narwaria/05/i05_02_4.exr,narwaria/05/i05.exr,56.5487,JPEG_compression_optimized_with_SSIM,-,-0.496409673
n-i05-n-02-5,narwaria,n-i05,n-02,5,1,narwaria/05/i05_02_5.exr,narwaria/05/i05.exr,56.5487,JPEG_compression_optimized_with_SSIM,-,-0.582372049
n-i05-n-02-6,narwaria,n-i05,n-02,6,1,narwaria/05/i05_02_6.exr,narwaria/05/i05.exr,56.5487,JPEG_compression_optimized_with_SSIM,-,-0.783658289
n-i05-n-02-7,narwaria,n-i05,n-02,7,1,narwaria/05/i05_02_7.exr,narwaria/05/i05.exr,56.5487,JPEG_compression_optimized_with_SSIM,-,-1.573902185
n-i06-n-01-1,narwaria,n-i06,n-01,1,1,narwaria/06/i06_01_1.exr,narwaria/06/i06.exr,56.5487,JPEG_compression_optimized_with_MSE,-,-0.211871447
n-i06-n-01-2,narwaria,n-i06,n-01,2,1,narwaria/06/i06_01_2.exr,narwaria/06/i06.exr,56.5487,JPEG_compression_optimized_with_MSE,-,-0.617466624
n-i06-n-01-3,narwaria,n-i06,n-01,3,1,narwaria/06/i06_01_3.exr,narwaria/06/i06.exr,56.5487,JPEG_compression_optimized_with_MSE,-,-0.818705095
n-i06-n-01-4,narwaria,n-i06,n-01,4,1,narwaria/06/i06_01_4.exr,narwaria/06/i06.exr,56.5487,JPEG_compression_optimized_with_MSE,-,-1.315123402
n-i06-n-01-5,narwaria,n-i06,n-01,5,1,narwaria/06/i06_01_5.exr,narwaria/06/i06.exr,56.5487,JPEG_compression_optimized_with_MSE,-,-1.663596487
n-i06-n-01-6,narwaria,n-i06,n-01,6,1,narwaria/06/i06_01_6.exr,narwaria/06/i06.exr,56.5487,JPEG_compression_optimized_with_MSE,-,-1.814649506
n-i06-n-01-7,narwaria,n-i06,n-01,7,1,narwaria/06/i06_01_7.exr,narwaria/06/i06.exr,56.5487,JPEG_compression_optimized_with_MSE,-,-1.991913112
n-i06-n-02-1,narwaria,n-i06,n-02,1,1,narwaria/06/i06_02_1.exr,narwaria/06/i06.exr,56.5487,JPEG_compression_optimized_with_SSIM,-,-0.072404777
n-i06-n-02-2,narwaria,n-i06,n-02,2,1,narwaria/06/i06_02_2.exr,narwaria/06/i06.exr,56.5487,JPEG_compression_optimized_with_SSIM,-,-0.096088037
n-i06-n-02-3,narwaria,n-i06,n-02,3,1,narwaria/06/i06_02_3.exr,narwaria/06/i06.exr,56.5487,JPEG_compression_optimized_with_SSIM,-,-0.406031577
n-i06-n-02-4,narwaria,n-i06,n-02,4,1,narwaria/06/i06_02_4.exr,narwaria/06/i06.exr,56.5487,JPEG_compression_optimized_with_SSIM,-,-0.631051475
n-i06-n-02-5,narwaria,n-i06,n-02,5,1,narwaria/06/i06_02_5.exr,narwaria/06/i06.exr,56.5487,JPEG_compression_optimized_with_SSIM,-,-0.924405256
n-i06-n-02-6,narwaria,n-i06,n-02,6,1,narwaria/06/i06_02_6.exr,narwaria/06/i06.exr,56.5487,JPEG_compression_optimized_with_SSIM,-,-1.282075221
n-i06-n-02-7,narwaria,n-i06,n-02,7,1,narwaria/06/i06_02_7.exr,narwaria/06/i06.exr,56.5487,JPEG_compression_optimized_with_SSIM,-,-1.87738783
n-i07-n-01-1,narwaria,n-i07,n-01,1,1,narwaria/07/i07_01_1.exr,narwaria/07/i07.exr,56.5487,JPEG_compression_optimized_with_MSE,-,-0.103725272
n-i07-n-01-2,narwaria,n-i07,n-01,2,1,narwaria/07/i07_01_2.exr,narwaria/07/i07.exr,56.5487,JPEG_compression_optimized_with_MSE,-,-0.307044702
n-i07-n-01-3,narwaria,n-i07,n-01,3,1,narwaria/07/i07_01_3.exr,narwaria/07/i07.exr,56.5487,JPEG_compression_optimized_with_MSE,-,-0.595401254
n-i07-n-01-4,narwaria,n-i07,n-01,4,1,narwaria/07/i07_01_4.exr,narwaria/07/i07.exr,56.5487,JPEG_compression_optimized_with_MSE,-,-0.560306872
n-i07-n-01-5,narwaria,n-i07,n-01,5,1,narwaria/07/i07_01_5.exr,narwaria/07/i07.exr,56.5487,JPEG_compression_optimized_with_MSE,-,-1.050666973
n-i07-n-01-6,narwaria,n-i07,n-01,6,1,narwaria/07/i07_01_6.exr,narwaria/07/i07.exr,56.5487,JPEG_compression_optimized_with_MSE,-,-1.291609033
n-i07-n-01-7,narwaria,n-i07,n-01,7,1,narwaria/07/i07_01_7.exr,narwaria/07/i07.exr,56.5487,JPEG_compression_optimized_with_MSE,-,-1.52959719
n-i07-n-02-1,narwaria,n-i07,n-02,1,1,narwaria/07/i07_02_1.exr,narwaria/07/i07.exr,56.5487,JPEG_compression_optimized_with_SSIM,-,-0.067930865
n-i07-n-02-2,narwaria,n-i07,n-02,2,1,narwaria/07/i07_02_2.exr,narwaria/07/i07.exr,56.5487,JPEG_compression_optimized_with_SSIM,-,-0.418077188
n-i07-n-02-3,narwaria,n-i07,n-02,3,1,narwaria/07/i07_02_3.exr,narwaria/07/i07.exr,56.5487,JPEG_compression_optimized_with_SSIM,-,-0.70825705
n-i07-n-02-4,narwaria,n-i07,n-02,4,1,narwaria/07/i07_02_4.exr,narwaria/07/i07.exr,56.5487,JPEG_compression_optimized_with_SSIM,-,-0.675154416
n-i07-n-02-5,narwaria,n-i07,n-02,5,1,narwaria/07/i07_02_5.exr,narwaria/07/i07.exr,56.5487,JPEG_compression_optimized_with_SSIM,-,-1.021768794
n-i07-n-02-6,narwaria,n-i07,n-02,6,1,narwaria/07/i07_02_6.exr,narwaria/07/i07.exr,56.5487,JPEG_compression_optimized_with_SSIM,-,-1.270561981
n-i07-n-02-7,narwaria,n-i07,n-02,7,1,narwaria/07/i07_02_7.exr,narwaria/07/i07.exr,56.5487,JPEG_compression_optimized_with_SSIM,-,-1.569729753
n-i08-n-01-1,narwaria,n-i08,n-01,1,1,narwaria/08/i08_01_1.exr,narwaria/08/i08.exr,56.5487,JPEG_compression_optimized_with_MSE,-,-0.095340875
n-i08-n-01-2,narwaria,n-i08,n-01,2,1,narwaria/08/i08_01_2.exr,narwaria/08/i08.exr,56.5487,JPEG_compression_optimized_with_MSE,-,-0.506893512
n-i08-n-01-3,narwaria,n-i08,n-01,3,1,narwaria/08/i08_01_3.exr,narwaria/08/i08.exr,56.5487,JPEG_compression_optimized_with_MSE,-,-0.773172689
n-i08-n-01-4,narwaria,n-i08,n-01,4,1,narwaria/08/i08_01_4.exr,narwaria/08/i08.exr,56.5487,JPEG_compression_optimized_with_MSE,-,-0.866837885
n-i08-n-01-5,narwaria,n-i08,n-01,5,1,narwaria/08/i08_01_5.exr,narwaria/08/i08.exr,56.5487,JPEG_compression_optimized_with_MSE,-,-1.022771107
n-i08-n-01-6,narwaria,n-i08,n-01,6,1,narwaria/08/i08_01_6.exr,narwaria/08/i08.exr,56.5487,JPEG_compression_optimized_with_MSE,-,-1.303965219
n-i08-n-01-7,narwaria,n-i08,n-01,7,1,narwaria/08/i08_01_7.exr,narwaria/08/i08.exr,56.5487,JPEG_compression_optimized_with_MSE,-,-1.660008147
n-i08-n-02-1,narwaria,n-i08,n-02,1,1,narwaria/08/i08_02_1.exr,narwaria/08/i08.exr,56.5487,JPEG_compression_optimized_with_SSIM,-,-0.345382822
n-i08-n-02-2,narwaria,n-i08,n-02,2,1,narwaria/08/i08_02_2.exr,narwaria/08/i08.exr,56.5487,JPEG_compression_optimized_with_SSIM,-,-0.717898794
n-i08-n-02-3,narwaria,n-i08,n-02,3,1,narwaria/08/i08_02_3.exr,narwaria/08/i08.exr,56.5487,JPEG_compression_optimized_with_SSIM,-,-0.943720579
n-i08-n-02-4,narwaria,n-i08,n-02,4,1,narwaria/08/i08_02_4.exr,narwaria/08/i08.exr,56.5487,JPEG_compression_optimized_with_SSIM,-,-1.134222759
n-i08-n-02-5,narwaria,n-i08,n-02,5,1,narwaria/08/i08_02_5.exr,narwaria/08/i08.exr,56.5487,JPEG_compression_optimized_with_SSIM,-,-1.188898287
n-i08-n-02-6,narwaria,n-i08,n-02,6,1,narwaria/08/i08_02_6.exr,narwaria/08/i08.exr,56.5487,JPEG_compression_optimized_with_SSIM,-,-1.381554196
n-i08-n-02-7,narwaria,n-i08,n-02,7,1,narwaria/08/i08_02_7.exr,narwaria/08/i08.exr,56.5487,JPEG_compression_optimized_with_SSIM,-,-1.670466345
n-i09-n-01-1,narwaria,n-i09,n-01,1,1,narwaria/09/i09_01_1.exr,narwaria/09/i09.exr,56.5487,JPEG_compression_optimized_with_MSE,-,-0.210803961
n-i09-n-01-2,narwaria,n-i09,n-01,2,1,narwaria/09/i09_01_2.exr,narwaria/09/i09.exr,56.5487,JPEG_compression_optimized_with_MSE,-,-0.462839267
n-i09-n-01-3,narwaria,n-i09,n-01,3,1,narwaria/09/i09_01_3.exr,narwaria/09/i09.exr,56.5487,JPEG_compression_optimized_with_MSE,-,-0.761735964
n-i09-n-01-4,narwaria,n-i09,n-01,4,1,narwaria/09/i09_01_4.exr,narwaria/09/i09.exr,56.5487,JPEG_compression_optimized_with_MSE,-,-0.87221901
n-i09-n-01-5,narwaria,n-i09,n-01,5,1,narwaria/09/i09_01_5.exr,narwaria/09/i09.exr,56.5487,JPEG_compression_optimized_with_MSE,-,-1.193786628
n-i09-n-01-6,narwaria,n-i09,n-01,6,1,narwaria/09/i09_01_6.exr,narwaria/09/i09.exr,56.5487,JPEG_compression_optimized_with_MSE,-,-1.412993449
n-i09-n-01-7,narwaria,n-i09,n-01,7,1,narwaria/09/i09_01_7.exr,narwaria/09/i09.exr,56.5487,JPEG_compression_optimized_with_MSE,-,-1.740059288
n-i09-n-02-1,narwaria,n-i09,n-02,1,1,narwaria/09/i09_02_1.exr,narwaria/09/i09.exr,56.5487,JPEG_compression_optimized_with_SSIM,-,-1.386682295
n-i09-n-02-2,narwaria,n-i09,n-02,2,1,narwaria/09/i09_02_2.exr,narwaria/09/i09.exr,56.5487,JPEG_compression_optimized_with_SSIM,-,-1.674530404
n-i09-n-02-3,narwaria,n-i09,n-02,3,1,narwaria/09/i09_02_3.exr,narwaria/09/i09.exr,56.5487,JPEG_compression_optimized_with_SSIM,-,-1.882977578
n-i09-n-02-4,narwaria,n-i09,n-02,4,1,narwaria/09/i09_02_4.exr,narwaria/09/i09.exr,56.5487,JPEG_compression_optimized_with_SSIM,-,-1.931578191
n-i09-n-02-5,narwaria,n-i09,n-02,5,1,narwaria/09/i09_02_5.exr,narwaria/09/i09.exr,56.5487,JPEG_compression_optimized_with_SSIM,-,-1.947489147
n-i09-n-02-6,narwaria,n-i09,n-02,6,1,narwaria/09/i09_02_6.exr,narwaria/09/i09.exr,56.5487,JPEG_compression_optimized_with_SSIM,-,-2.00208085
n-i09-n-02-7,narwaria,n-i09,n-02,7,1,narwaria/09/i09_02_7.exr,narwaria/09/i09.exr,56.5487,JPEG_compression_optimized_with_SSIM,-,-1.984371898
n-i10-n-01-1,narwaria,n-i10,n-01,1,1,narwaria/10/i10_01_1.exr,narwaria/10/i10.exr,56.5487,JPEG_compression_optimized_with_MSE,-,-0.168606844
n-i10-n-01-2,narwaria,n-i10,n-01,2,1,narwaria/10/i10_01_2.exr,narwaria/10/i10.exr,56.5487,JPEG_compression_optimized_with_MSE,-,-0.574019174
n-i10-n-01-3,narwaria,n-i10,n-01,3,1,narwaria/10/i10_01_3.exr,narwaria/10/i10.exr,56.5487,JPEG_compression_optimized_with_MSE,-,-0.724389231
n-i10-n-01-4,narwaria,n-i10,n-01,4,1,narwaria/10/i10_01_4.exr,narwaria/10/i10.exr,56.5487,JPEG_compression_optimized_with_MSE,-,-1.03025854
n-i10-n-01-5,narwaria,n-i10,n-01,5,1,narwaria/10/i10_01_5.exr,narwaria/10/i10.exr,56.5487,JPEG_compression_optimized_with_MSE,-,-1.173238088
n-i10-n-01-6,narwaria,n-i10,n-01,6,1,narwaria/10/i10_01_6.exr,narwaria/10/i10.exr,56.5487,JPEG_compression_optimized_with_MSE,-,-1.197887629
n-i10-n-01-7,narwaria,n-i10,n-01,7,1,narwaria/10/i10_01_7.exr,narwaria/10/i10.exr,56.5487,JPEG_compression_optimized_with_MSE,-,-1.657507451
n-i10-n-02-1,narwaria,n-i10,n-02,1,1,narwaria/10/i10_02_1.exr,narwaria/10/i10.exr,56.5487,JPEG_compression_optimized_with_SSIM,-,-0.662464536
n-i10-n-02-2,narwaria,n-i10,n-02,2,1,narwaria/10/i10_02_2.exr,narwaria/10/i10.exr,56.5487,JPEG_compression_optimized_with_SSIM,-,-0.958290461
n-i10-n-02-3,narwaria,n-i10,n-02,3,1,narwaria/10/i10_02_3.exr,narwaria/10/i10.exr,56.5487,JPEG_compression_optimized_with_SSIM,-,-1.084086001
n-i10-n-02-4,narwaria,n-i10,n-02,4,1,narwaria/10/i10_02_4.exr,narwaria/10/i10.exr,56.5487,JPEG_compression_optimized_with_SSIM,-,-1.232986135
n-i10-n-02-5,narwaria,n-i10,n-02,5,1,narwaria/10/i10_02_5.exr,narwaria/10/i10.exr,56.5487,JPEG_compression_optimized_with_SSIM,-,-1.372958103
n-i10-n-02-6,narwaria,n-i10,n-02,6,1,narwaria/10/i10_02_6.exr,narwaria/10/i10.exr,56.5487,JPEG_compression_optimized_with_SSIM,-,-1.241063572
n-i10-n-02-7,narwaria,n-i10,n-02,7,1,narwaria/10/i10_02_7.exr,narwaria/10/i10.exr,56.5487,JPEG_compression_optimized_with_SSIM,-,-1.831429347
k-i01-k-01-1,korshunov,k-i01,k-01,1,1,korshunov/01/i01_01_1.exr,korshunov/01/i01.exr,60.3186,JPEGXT_compression_profile_A,-,-0.29888554
k-i01-k-01-2,korshunov,k-i01,k-01,2,1,korshunov/01/i01_01_2.exr,korshunov/01/i01.exr,60.3186,JPEGXT_compression_profile_A,-,-0.693137364
k-i01-k-01-3,korshunov,k-i01,k-01,3,1,korshunov/01/i01_01_3.exr,korshunov/01/i01.exr,60.3186,JPEGXT_compression_profile_A,-,-0.975620256
k-i01-k-01-4,korshunov,k-i01,k-01,4,1,korshunov/01/i01_01_4.exr,korshunov/01/i01.exr,60.3186,JPEGXT_compression_profile_A,-,-2.266019136
k-i01-k-02-1,korshunov,k-i01,k-02,1,1,korshunov/01/i01_02_1.exr,korshunov/01/i01.exr,60.3186,JPEGXT_compression_profile_B,-,-0.298983301
k-i01-k-02-2,korshunov,k-i01,k-02,2,1,korshunov/01/i01_02_2.exr,korshunov/01/i01.exr,60.3186,JPEGXT_compression_profile_B,-,-0.628398775
k-i01-k-02-3,korshunov,k-i01,k-02,3,1,korshunov/01/i01_02_3.exr,korshunov/01/i01.exr,60.3186,JPEGXT_compression_profile_B,-,-0.785092124
k-i01-k-02-4,korshunov,k-i01,k-02,4,1,korshunov/01/i01_02_4.exr,korshunov/01/i01.exr,60.3186,JPEGXT_compression_profile_B,-,-2.156495114
k-i01-k-03-1,korshunov,k-i01,k-03,1,1,korshunov/01/i01_03_1.exr,korshunov/01/i01.exr,60.3186,JPEGXT_compression_profile_C,-,-0.272830408
k-i01-k-03-2,korshunov,k-i01,k-03,2,1,korshunov/01/i01_03_2.exr,korshunov/01/i01.exr,60.3186,JPEGXT_compression_profile_C,-,-0.839874645
k-i01-k-03-3,korshunov,k-i01,k-03,3,1,korshunov/01/i01_03_3.exr,korshunov/01/i01.exr,60.3186,JPEGXT_compression_profile_C,-,-1.113876557
k-i01-k-03-4,korshunov,k-i01,k-03,4,1,korshunov/01/i01_03_4.exr,korshunov/01/i01.exr,60.3186,JPEGXT_compression_profile_C,-,-2.096325741
k-i02-k-01-1,korshunov,k-i02,k-01,1,1,korshunov/02/i02_01_1.exr,korshunov/02/i02.exr,60.3186,JPEGXT_compression_profile_A,-,-0.518523646
k-i02-k-01-2,korshunov,k-i02,k-01,2,1,korshunov/02/i02_01_2.exr,korshunov/02/i02.exr,60.3186,JPEGXT_compression_profile_A,-,-0.804324067
k-i02-k-01-3,korshunov,k-i02,k-01,3,1,korshunov/02/i02_01_3.exr,korshunov/02/i02.exr,60.3186,JPEGXT_compression_profile_A,-,-0.785325677
k-i02-k-01-4,korshunov,k-i02,k-01,4,1,korshunov/02/i02_01_4.exr,korshunov/02/i02.exr,60.3186,JPEGXT_compression_profile_A,-,-2.127648944
k-i02-k-02-1,korshunov,k-i02,k-02,1,1,korshunov/02/i02_02_1.exr,korshunov/02/i02.exr,60.3186,JPEGXT_compression_profile_B,-,-0.259531533
k-i02-k-02-2,korshunov,k-i02,k-02,2,1,korshunov/02/i02_02_2.exr,korshunov/02/i02.exr,60.3186,JPEGXT_compression_profile_B,-,-0.590815575
k-i02-k-02-3,korshunov,k-i02,k-02,3,1,korshunov/02/i02_02_3.exr,korshunov/02/i02.exr,60.3186,JPEGXT_compression_profile_B,-,-0.921843452
k-i02-k-02-4,korshunov,k-i02,k-02,4,1,korshunov/02/i02_02_4.exr,korshunov/02/i02.exr,60.3186,JPEGXT_compression_profile_B,-,-2.128499184
k-i02-k-03-1,korshunov,k-i02,k-03,1,1,korshunov/02/i02_03_1.exr,korshunov/02/i02.exr,60.3186,JPEGXT_compression_profile_C,-,-0.271903425
k-i02-k-03-2,korshunov,k-i02,k-03,2,1,korshunov/02/i02_03_2.exr,korshunov/02/i02.exr,60.3186,JPEGXT_compression_profile_C,-,-0.862818259
k-i02-k-03-3,korshunov,k-i02,k-03,3,1,korshunov/02/i02_03_3.exr,korshunov/02/i02.exr,60.3186,JPEGXT_compression_profile_C,-,-1.163411605
k-i02-k-03-4,korshunov,k-i02,k-03,4,1,korshunov/02/i02_03_4.exr,korshunov/02/i02.exr,60.3186,JPEGXT_compression_profile_C,-,-1.638557595
k-i03-k-01-1,korshunov,k-i03,k-01,1,1,korshunov/03/i03_01_1.exr,korshunov/03/i03.exr,60.3186,JPEGXT_compression_profile_A,-,-0.236640943
k-i03-k-01-2,korshunov,k-i03,k-01,2,1,korshunov/03/i03_01_2.exr,korshunov/03/i03.exr,60.3186,JPEGXT_compression_profile_A,-,-1.252088519
k-i03-k-01-3,korshunov,k-i03,k-01,3,1,korshunov/03/i03_01_3.exr,korshunov/03/i03.exr,60.3186,JPEGXT_compression_profile_A,-,-1.59659402
k-i03-k-01-4,korshunov,k-i03,k-01,4,1,korshunov/03/i03_01_4.exr,korshunov/03/i03.exr,60.3186,JPEGXT_compression_profile_A,-,-2.175844298
k-i03-k-02-1,korshunov,k-i03,k-02,1,1,korshunov/03/i03_02_1.exr,korshunov/03/i03.exr,60.3186,JPEGXT_compression_profile_B,-,-0.355487319
k-i03-k-02-2,korshunov,k-i03,k-02,2,1,korshunov/03/i03_02_2.exr,korshunov/03/i03.exr,60.3186,JPEGXT_compression_profile_B,-,-1.01951299
k-i03-k-02-3,korshunov,k-i03,k-02,3,1,korshunov/03/i03_02_3.exr,korshunov/03/i03.exr,60.3186,JPEGXT_compression_profile_B,-,-1.345640371
k-i03-k-02-4,korshunov,k-i03,k-02,4,1,korshunov/03/i03_02_4.exr,korshunov/03/i03.exr,60.3186,JPEGXT_compression_profile_B,-,-2.094987832
k-i03-k-03-1,korshunov,k-i03,k-03,1,1,korshunov/03/i03_03_1.exr,korshunov/03/i03.exr,60.3186,JPEGXT_compression_profile_C,-,-0.389591641
k-i03-k-03-2,korshunov,k-i03,k-03,2,1,korshunov/03/i03_03_2.exr,korshunov/03/i03.exr,60.3186,JPEGXT_compression_profile_C,-,-1.155105428
k-i03-k-03-3,korshunov,k-i03,k-03,3,1,korshunov/03/i03_03_3.exr,korshunov/03/i03.exr,60.3186,JPEGXT_compression_profile_C,-,-1.319831936
k-i03-k-03-4,korshunov,k-i03,k-03,4,1,korshunov/03/i03_03_4.exr,korshunov/03/i03.exr,60.3186,JPEGXT_compression_profile_C,-,-1.935134086
k-i04-k-01-1,korshunov,k-i04,k-01,1,1,korshunov/04/i04_01_1.exr,korshunov/04/i04.exr,60.3186,JPEGXT_compression_profile_A,-,-0.154859628
k-i04-k-01-2,korshunov,k-i04,k-01,2,1,korshunov/04/i04_01_2.exr,korshunov/04/i04.exr,60.3186,JPEGXT_compression_profile_A,-,-0.291362599
k-i04-k-01-3,korshunov,k-i04,k-01,3,1,korshunov/04/i04_01_3.exr,korshunov/04/i04.exr,60.3186,JPEGXT_compression_profile_A,-,-0.579286305
k-i04-k-01-4,korshunov,k-i04,k-01,4,1,korshunov/04/i04_01_4.exr,korshunov/04/i04.exr,60.3186,JPEGXT_compression_profile_A,-,-1.729244434
k-i04-k-02-1,korshunov,k-i04,k-02,1,1,korshunov/04/i04_02_1.exr,korshunov/04/i04.exr,60.3186,JPEGXT_compression_profile_B,-,-0.155875123
k-i04-k-02-2,korshunov,k-i04,k-02,2,1,korshunov/04/i04_02_2.exr,korshunov/04/i04.exr,60.3186,JPEGXT_compression_profile_B,-,-0.27322584
k-i04-k-02-3,korshunov,k-i04,k-02,3,1,korshunov/04/i04_02_3.exr,korshunov/04/i04.exr,60.3186,JPEGXT_compression_profile_B,-,-0.417648588
k-i04-k-02-4,korshunov,k-i04,k-02,4,1,korshunov/04/i04_02_4.exr,korshunov/04/i04.exr,60.3186,JPEGXT_compression_profile_B,-,-1.915333487
k-i04-k-03-1,korshunov,k-i04,k-03,1,1,korshunov/04/i04_03_1.exr,korshunov/04/i04.exr,60.3186,JPEGXT_compression_profile_C,-,-0.221717584
k-i04-k-03-2,korshunov,k-i04,k-03,2,1,korshunov/04/i04_03_2.exr,korshunov/04/i04.exr,60.3186,JPEGXT_compression_profile_C,-,-0.256604855
k-i04-k-03-3,korshunov,k-i04,k-03,3,1,korshunov/04/i04_03_3.exr,korshunov/04/i04.exr,60.3186,JPEGXT_compression_profile_C,-,-0.512333505
k-i04-k-03-4,korshunov,k-i04,k-03,4,1,korshunov/04/i04_03_4.exr,korshunov/04/i04.exr,60.3186,JPEGXT_compression_profile_C,-,-1.071711161
k-i05-k-01-1,korshunov,k-i05,k-01,1,1,korshunov/05/i05_01_1.exr,korshunov/05/i05.exr,60.3186,JPEGXT_compression_profile_A,-,-0.234740466
k-i05-k-01-2,korshunov,k-i05,k-01,2,1,korshunov/05/i05_01_2.exr,korshunov/05/i05.exr,60.3186,JPEGXT_compression_profile_A,-,-0.757634478
k-i05-k-01-3,korshunov,k-i05,k-01,3,1,korshunov/05/i05_01_3.exr,korshunov/05/i05.exr,60.3186,JPEGXT_compression_profile_A,-,-1.226323886
k-i05-k-01-4,korshunov,k-i05,k-01,4,1,korshunov/05/i05_01_4.exr,korshunov/05/i05.exr,60.3186,JPEGXT_compression_profile_A,-,-1.7859979
k-i05-k-02-1,korshunov,k-i05,k-02,1,1,korshunov/05/i05_02_1.exr,korshunov/05/i05.exr,60.3186,JPEGXT_compression_profile_B,-,-0.401909184
k-i05-k-02-2,korshunov,k-i05,k-02,2,1,korshunov/05/i05_02_2.exr,korshunov/05/i05.exr,60.3186,JPEGXT_compression_profile_B,-,-1.277863073
k-i05-k-02-3,korshunov,k-i05,k-02,3,1,korshunov/05/i05_02_3.exr,korshunov/05/i05.exr,60.3186,JPEGXT_compression_profile_B,-,-1.63114264
k-i05-k-02-4,korshunov,k-i05,k-02,4,1,korshunov/05/i05_02_4.exr,korshunov/05/i05.exr,60.3186,JPEGXT_compression_profile_B,-,-2.190390462
k-i05-k-03-1,korshunov,k-i05,k-03,1,1,korshunov/05/i05_03_1.exr,korshunov/05/i05.exr,60.3186,JPEGXT_compression_profile_C,-,-0.248913635
k-i05-k-03-2,korshunov,k-i05,k-03,2,1,korshunov/05/i05_03_2.exr,korshunov/05/i05.exr,60.3186,JPEGXT_compression_profile_C,-,-1.50815133
k-i05-k-03-3,korshunov,k-i05,k-03,3,1,korshunov/05/i05_03_3.exr,korshunov/05/i05.exr,60.3186,JPEGXT_compression_profile_C,-,-1.509743167
k-i05-k-03-4,korshunov,k-i05,k-03,4,1,korshunov/05/i05_03_4.exr,korshunov/05/i05.exr,60.3186,JPEGXT_compression_profile_C,-,-1.654769061
k-i06-k-01-1,korshunov,k-i06,k-01,1,1,korshunov/06/i06_01_1.exr,korshunov/06/i06.exr,60.3186,JPEGXT_compression_profile_A,-,-0.466035522
k-i06-k-01-2,korshunov,k-i06,k-01,2,1,korshunov/06/i06_01_2.exr,korshunov/06/i06.exr,60.3186,JPEGXT_compression_profile_A,-,-0.659558531
k-i06-k-01-3,korshunov,k-i06,k-01,3,1,korshunov/06/i06_01_3.exr,korshunov/06/i06.exr,60.3186,JPEGXT_compression_profile_A,-,-1.079855411
k-i06-k-01-4,korshunov,k-i06,k-01,4,1,korshunov/06/i06_01_4.exr,korshunov/06/i06.exr,60.3186,JPEGXT_compression_profile_A,-,-2.24190829
k-i06-k-02-1,korshunov,k-i06,k-02,1,1,korshunov/06/i06_02_1.exr,korshunov/06/i06.exr,60.3186,JPEGXT_compression_profile_B,-,-0.350493538
k-i06-k-02-2,korshunov,k-i06,k-02,2,1,korshunov/06/i06_02_2.exr,korshunov/06/i06.exr,60.3186,JPEGXT_compression_profile_B,-,-0.485366114
k-i06-k-02-3,korshunov,k-i06,k-02,3,1,korshunov/06/i06_02_3.exr,korshunov/06/i06.exr,60.3186,JPEGXT_compression_profile_B,-,-0.761345491
k-i06-k-02-4,korshunov,k-i06,k-02,4,1,korshunov/06/i06_02_4.exr,korshunov/06/i06.exr,60.3186,JPEGXT_compression_profile_B,-,-1.643616683
k-i06-k-03-1,korshunov,k-i06,k-03,1,1,korshunov/06/i06_03_1.exr,korshunov/06/i06.exr,60.3186,JPEGXT_compression_profile_C,-,-0.284160808
k-i06-k-03-2,korshunov,k-i06,k-03,2,1,korshunov/06/i06_03_2.exr,korshunov/06/i06.exr,60.3186,JPEGXT_compression_profile_C,-,-0.665504245
k-i06-k-03-3,korshunov,k-i06,k-03,3,1,korshunov/06/i06_03_3.exr,korshunov/06/i06.exr,60.3186,JPEGXT_compression_profile_C,-,-1.238952585
k-i06-k-03-4,korshunov,k-i06,k-03,4,1,korshunov/06/i06_03_4.exr,korshunov/06/i06.exr,60.3186,JPEGXT_compression_profile_C,-,-1.937346489
k-i07-k-01-1,korshunov,k-i07,k-01,1,1,korshunov/07/i07_01_1.exr,korshunov/07/i07.exr,60.3186,JPEGXT_compression_profile_A,-,-0.265301294
k-i07-k-01-2,korshunov,k-i07,k-01,2,1,korshunov/07/i07_01_2.exr,korshunov/07/i07.exr,60.3186,JPEGXT_compression_profile_A,-,-0.757926789
k-i07-k-01-3,korshunov,k-i07,k-01,3,1,korshunov/07/i07_01_3.exr,korshunov/07/i07.exr,60.3186,JPEGXT_compression_profile_A,-,-1.551524018
k-i07-k-01-4,korshunov,k-i07,k-01,4,1,korshunov/07/i07_01_4.exr,korshunov/07/i07.exr,60.3186,JPEGXT_compression_profile_A,-,-2.305570328
k-i07-k-02-1,korshunov,k-i07,k-02,1,1,korshunov/07/i07_02_1.exr,korshunov/07/i07.exr,60.3186,JPEGXT_compression_profile_B,-,-0.249610092
k-i07-k-02-2,korshunov,k-i07,k-02,2,1,korshunov/07/i07_02_2.exr,korshunov/07/i07.exr,60.3186,JPEGXT_compression_profile_B,-,-0.899298792
k-i07-k-02-3,korshunov,k-i07,k-02,3,1,korshunov/07/i07_02_3.exr,korshunov/07/i07.exr,60.3186,JPEGXT_compression_profile_B,-,-1.127916371
k-i07-k-02-4,korshunov,k-i07,k-02,4,1,korshunov/07/i07_02_4.exr,korshunov/07/i07.exr,60.3186,JPEGXT_compression_profile_B,-,-1.812801993
k-i07-k-03-1,korshunov,k-i07,k-03,1,1,korshunov/07/i07_03_1.exr,korshunov/07/i07.exr,60.3186,JPEGXT_compression_profile_C,-,-0.523265945
k-i07-k-03-2,korshunov,k-i07,k-03,2,1,korshunov/07/i07_03_2.exr,korshunov/07/i07.exr,60.3186,JPEGXT_compression_profile_C,-,-1.493642894
k-i07-k-03-3,korshunov,k-i07,k-03,3,1,korshunov/07/i07_03_3.exr,korshunov/07/i07.exr,60.3186,JPEGXT_compression_profile_C,-,-1.435164834
k-i07-k-03-4,korshunov,k-i07,k-03,4,1,korshunov/07/i07_03_4.exr,korshunov/07/i07.exr,60.3186,JPEGXT_compression_profile_C,-,-2.021069575
k-i08-k-01-1,korshunov,k-i08,k-01,1,1,korshunov/08/i08_01_1.exr,korshunov/08/i08.exr,60.3186,JPEGXT_compression_profile_A,-,-0.281245542
k-i08-k-01-2,korshunov,k-i08,k-01,2,1,korshunov/08/i08_01_2.exr,korshunov/08/i08.exr,60.3186,JPEGXT_compression_profile_A,-,-0.729423198
k-i08-k-01-3,korshunov,k-i08,k-01,3,1,korshunov/08/i08_01_3.exr,korshunov/08/i08.exr,60.3186,JPEGXT_compression_profile_A,-,-1.211464008
k-i08-k-01-4,korshunov,k-i08,k-01,4,1,korshunov/08/i08_01_4.exr,korshunov/08/i08.exr,60.3186,JPEGXT_compression_profile_A,-,-2.289324737
k-i08-k-02-1,korshunov,k-i08,k-02,1,1,korshunov/08/i08_02_1.exr,korshunov/08/i08.exr,60.3186,JPEGXT_compression_profile_B,-,-0.191775296
k-i08-k-02-2,korshunov,k-i08,k-02,2,1,korshunov/08/i08_02_2.exr,korshunov/08/i08.exr,60.3186,JPEGXT_compression_profile_B,-,-0.870212124
k-i08-k-02-3,korshunov,k-i08,k-02,3,1,korshunov/08/i08_02_3.exr,korshunov/08/i08.exr,60.3186,JPEGXT_compression_profile_B,-,-0.994394492
k-i08-k-02-4,korshunov,k-i08,k-02,4,1,korshunov/08/i08_02_4.exr,korshunov/08/i08.exr,60.3186,JPEGXT_compression_profile_B,-,-1.932209073
k-i08-k-03-1,korshunov,k-i08,k-03,1,1,korshunov/08/i08_03_1.exr,korshunov/08/i08.exr,60.3186,JPEGXT_compression_profile_C,-,-0.30031618
k-i08-k-03-2,korshunov,k-i08,k-03,2,1,korshunov/08/i08_03_2.exr,korshunov/08/i08.exr,60.3186,JPEGXT_compression_profile_C,-,-1.112321677
k-i08-k-03-3,korshunov,k-i08,k-03,3,1,korshunov/08/i08_03_3.exr,korshunov/08/i08.exr,60.3186,JPEGXT_compression_profile_C,-,-1.27397496
k-i08-k-03-4,korshunov,k-i08,k-03,4,1,korshunov/08/i08_03_4.exr,korshunov/08/i08.exr,60.3186,JPEGXT_compression_profile_C,-,-1.707801383
k-i09-k-01-1,korshunov,k-i09,k-01,1,1,korshunov/09/i09_01_1.exr,korshunov/09/i09.exr,60.3186,JPEGXT_compression_profile_A,-,-0.238870694
k-i09-k-01-2,korshunov,k-i09,k-01,2,1,korshunov/09/i09_01_2.exr,korshunov/09/i09.exr,60.3186,JPEGXT_compression_profile_A,-,-1.156005983
k-i09-k-01-3,korshunov,k-i09,k-01,3,1,korshunov/09/i09_01_3.exr,korshunov/09/i09.exr,60.3186,JPEGXT_compression_profile_A,-,-1.308440512
k-i09-k-01-4,korshunov,k-i09,k-01,4,1,korshunov/09/i09_01_4.exr,korshunov/09/i09.exr,60.3186,JPEGXT_compression_profile_A,-,-2.226299031
k-i09-k-02-1,korshunov,k-i09,k-02,1,1,korshunov/09/i09_02_1.exr,korshunov/09/i09.exr,60.3186,JPEGXT_compression_profile_B,-,-0.280733249
k-i09-k-02-2,korshunov,k-i09,k-02,2,1,korshunov/09/i09_02_2.exr,korshunov/09/i09.exr,60.3186,JPEGXT_compression_profile_B,-,-0.70894104
k-i09-k-02-3,korshunov,k-i09,k-02,3,1,korshunov/09/i09_02_3.exr,korshunov/09/i09.exr,60.3186,JPEGXT_compression_profile_B,-,-0.986565994
k-i09-k-02-4,korshunov,k-i09,k-02,4,1,korshunov/09/i09_02_4.exr,korshunov/09/i09.exr,60.3186,JPEGXT_compression_profile_B,-,-1.603612967
k-i09-k-03-1,korshunov,k-i09,k-03,1,1,korshunov/09/i09_03_1.exr,korshunov/09/i09.exr,60.3186,JPEGXT_compression_profile_C,-,-0.466838649
k-i09-k-03-2,korshunov,k-i09,k-03,2,1,korshunov/09/i09_03_2.exr,korshunov/09/i09.exr,60.3186,JPEGXT_compression_profile_C,-,-0.839875143
k-i09-k-03-3,korshunov,k-i09,k-03,3,1,korshunov/09/i09_03_3.exr,korshunov/09/i09.exr,60.3186,JPEGXT_compression_profile_C,-,-1.359999885
k-i09-k-03-4,korshunov,k-i09,k-03,4,1,korshunov/09/i09_03_4.exr,korshunov/09/i09.exr,60.3186,JPEGXT_compression_profile_C,-,-1.502135922
k-i10-k-01-1,korshunov,k-i10,k-01,1,1,korshunov/10/i10_01_1.exr,korshunov/10/i10.exr,60.3186,JPEGXT_compression_profile_A,-,-0.561329316
k-i10-k-01-2,korshunov,k-i10,k-01,2,1,korshunov/10/i10_01_2.exr,korshunov/10/i10.exr,60.3186,JPEGXT_compression_profile_A,-,-1.968132678
k-i10-k-01-3,korshunov,k-i10,k-01,3,1,korshunov/10/i10_01_3.exr,korshunov/10/i10.exr,60.3186,JPEGXT_compression_profile_A,-,-2.245307799
k-i10-k-01-4,korshunov,k-i10,k-01,4,1,korshunov/10/i10_01_4.exr,korshunov/10/i10.exr,60.3186,JPEGXT_compression_profile_A,-,-2.308323047
k-i10-k-02-1,korshunov,k-i10,k-02,1,1,korshunov/10/i10_02_1.exr,korshunov/10/i10.exr,60.3186,JPEGXT_compression_profile_B,-,-0.245882106
k-i10-k-02-2,korshunov,k-i10,k-02,2,1,korshunov/10/i10_02_2.exr,korshunov/10/i10.exr,60.3186,JPEGXT_compression_profile_B,-,-0.344286381
k-i10-k-02-3,korshunov,k-i10,k-02,3,1,korshunov/10/i10_02_3.exr,korshunov/10/i10.exr,60.3186,JPEGXT_compression_profile_B,-,-0.762593702
k-i10-k-02-4,korshunov,k-i10,k-02,4,1,korshunov/10/i10_02_4.exr,korshunov/10/i10.exr,60.3186,JPEGXT_compression_profile_B,-,-1.199326198
k-i10-k-03-1,korshunov,k-i10,k-03,1,1,korshunov/10/i10_03_1.exr,korshunov/10/i10.exr,60.3186,JPEGXT_compression_profile_C,-,-0.380907327
k-i10-k-03-2,korshunov,k-i10,k-03,2,1,korshunov/10/i10_03_2.exr,korshunov/10/i10.exr,60.3186,JPEGXT_compression_profile_C,-,-1.416502358
k-i10-k-03-3,korshunov,k-i10,k-03,3,1,korshunov/10/i10_03_3.exr,korshunov/10/i10.exr,60.3186,JPEGXT_compression_profile_C,-,-1.600447923
k-i10-k-03-4,korshunov,k-i10,k-03,4,1,korshunov/10/i10_03_4.exr,korshunov/10/i10.exr,60.3186,JPEGXT_compression_profile_C,-,-2.175223491
k-i11-k-01-1,korshunov,k-i11,k-01,1,1,korshunov/11/i11_01_1.exr,korshunov/11/i11.exr,60.3186,JPEGXT_compression_profile_A,-,-0.176752174
k-i11-k-01-2,korshunov,k-i11,k-01,2,1,korshunov/11/i11_01_2.exr,korshunov/11/i11.exr,60.3186,JPEGXT_compression_profile_A,-,-0.518714108
k-i11-k-01-3,korshunov,k-i11,k-01,3,1,korshunov/11/i11_01_3.exr,korshunov/11/i11.exr,60.3186,JPEGXT_compression_profile_A,-,-0.994401804
k-i11-k-01-4,korshunov,k-i11,k-01,4,1,korshunov/11/i11_01_4.exr,korshunov/11/i11.exr,60.3186,JPEGXT_compression_profile_A,-,-1.896165103
k-i11-k-02-1,korshunov,k-i11,k-02,1,1,korshunov/11/i11_02_1.exr,korshunov/11/i11.exr,60.3186,JPEGXT_compression_profile_B,-,-0.292120611
k-i11-k-02-2,korshunov,k-i11,k-02,2,1,korshunov/11/i11_02_2.exr,korshunov/11/i11.exr,60.3186,JPEGXT_compression_profile_B,-,-0.649218982
k-i11-k-02-3,korshunov,k-i11,k-02,3,1,korshunov/11/i11_02_3.exr,korshunov/11/i11.exr,60.3186,JPEGXT_compression_profile_B,-,-0.843773949
k-i11-k-02-4,korshunov,k-i11,k-02,4,1,korshunov/11/i11_02_4.exr,korshunov/11/i11.exr,60.3186,JPEGXT_compression_profile_B,-,-1.638553914
k-i11-k-03-1,korshunov,k-i11,k-03,1,1,korshunov/11/i11_03_1.exr,korshunov/11/i11.exr,60.3186,JPEGXT_compression_profile_C,-,-0.261111468
k-i11-k-03-2,korshunov,k-i11,k-03,2,1,korshunov/11/i11_03_2.exr,korshunov/11/i11.exr,60.3186,JPEGXT_compression_profile_C,-,-0.73013347
k-i11-k-03-3,korshunov,k-i11,k-03,3,1,korshunov/11/i11_03_3.exr,korshunov/11/i11.exr,60.3186,JPEGXT_compression_profile_C,-,-0.845453159
k-i11-k-03-4,korshunov,k-i11,k-03,4,1,korshunov/11/i11_03_4.exr,korshunov/11/i11.exr,60.3186,JPEGXT_compression_profile_C,-,-1.512186394
k-i12-k-01-1,korshunov,k-i12,k-01,1,1,korshunov/12/i12_01_1.exr,korshunov/12/i12.exr,60.3186,JPEGXT_compression_profile_A,-,-0.541731988
k-i12-k-01-2,korshunov,k-i12,k-01,2,1,korshunov/12/i12_01_2.exr,korshunov/12/i12.exr,60.3186,JPEGXT_compression_profile_A,-,-1.177114448
k-i12-k-01-3,korshunov,k-i12,k-01,3,1,korshunov/12/i12_01_3.exr,korshunov/12/i12.exr,60.3186,JPEGXT_compression_profile_A,-,-1.528881699
k-i12-k-01-4,korshunov,k-i12,k-01,4,1,korshunov/12/i12_01_4.exr,korshunov/12/i12.exr,60.3186,JPEGXT_compression_profile_A,-,-2.261657966
k-i12-k-02-1,korshunov,k-i12,k-02,1,1,korshunov/12/i12_02_1.exr,korshunov/12/i12.exr,60.3186,JPEGXT_compression_profile_B,-,-0.397108428
k-i12-k-02-2,korshunov,k-i12,k-02,2,1,korshunov/12/i12_02_2.exr,korshunov/12/i12.exr,60.3186,JPEGXT_compression_profile_B,-,-0.951730441
k-i12-k-02-3,korshunov,k-i12,k-02,3,1,korshunov/12/i12_02_3.exr,korshunov/12/i12.exr,60.3186,JPEGXT_compression_profile_B,-,-1.139132503
k-i12-k-02-4,korshunov,k-i12,k-02,4,1,korshunov/12/i12_02_4.exr,korshunov/12/i12.exr,60.3186,JPEGXT_compression_profile_B,-,-2.117683403
k-i12-k-03-1,korshunov,k-i12,k-03,1,1,korshunov/12/i12_03_1.exr,korshunov/12/i12.exr,60.3186,JPEGXT_compression_profile_C,-,-0.32664629
k-i12-k-03-2,korshunov,k-i12,k-03,2,1,korshunov/12/i12_03_2.exr,korshunov/12/i12.exr,60.3186,JPEGXT_compression_profile_C,-,-1.059622697
k-i12-k-03-3,korshunov,k-i12,k-03,3,1,korshunov/12/i12_03_3.exr,korshunov/12/i12.exr,60.3186,JPEGXT_compression_profile_C,-,-1.562535731
k-i12-k-03-4,korshunov,k-i12,k-03,4,1,korshunov/12/i12_03_4.exr,korshunov/12/i12.exr,60.3186,JPEGXT_compression_profile_C,-,-1.885294338
k-i13-k-01-1,korshunov,k-i13,k-01,1,1,korshunov/13/i13_01_1.exr,korshunov/13/i13.exr,60.3186,JPEGXT_compression_profile_A,-,-0.148923786
k-i13-k-01-2,korshunov,k-i13,k-01,2,1,korshunov/13/i13_01_2.exr,korshunov/13/i13.exr,60.3186,JPEGXT_compression_profile_A,-,-0.673379451
k-i13-k-01-3,korshunov,k-i13,k-01,3,1,korshunov/13/i13_01_3.exr,korshunov/13/i13.exr,60.3186,JPEGXT_compression_profile_A,-,-1.355630923
k-i13-k-01-4,korshunov,k-i13,k-01,4,1,korshunov/13/i13_01_4.exr,korshunov/13/i13.exr,60.3186,JPEGXT_compression_profile_A,-,-1.939652242
k-i13-k-02-1,korshunov,k-i13,k-02,1,1,korshunov/13/i13_02_1.exr,korshunov/13/i13.exr,60.3186,JPEGXT_compression_profile_B,-,-0.421133266
k-i13-k-02-2,korshunov,k-i13,k-02,2,1,korshunov/13/i13_02_2.exr,korshunov/13/i13.exr,60.3186,JPEGXT_compression_profile_B,-,-1.056847564
k-i13-k-02-3,korshunov,k-i13,k-02,3,1,korshunov/13/i13_02_3.exr,korshunov/13/i13.exr,60.3186,JPEGXT_compression_profile_B,-,-1.659689069
k-i13-k-02-4,korshunov,k-i13,k-02,4,1,korshunov/13/i13_02_4.exr,korshunov/13/i13.exr,60.3186,JPEGXT_compression_profile_B,-,-2.281741407
k-i13-k-03-1,korshunov,k-i13,k-03,1,1,korshunov/13/i13_03_1.exr,korshunov/13/i13.exr,60.3186,JPEGXT_compression_profile_C,-,-0.221713992
k-i13-k-03-2,korshunov,k-i13,k-03,2,1,korshunov/13/i13_03_2.exr,korshunov/13/i13.exr,60.3186,JPEGXT_compression_profile_C,-,-0.726741288
k-i13-k-03-3,korshunov,k-i13,k-03,3,1,korshunov/13/i13_03_3.exr,korshunov/13/i13.exr,60.3186,JPEGXT_compression_profile_C,-,-1.649741429
k-i13-k-03-4,korshunov,k-i13,k-03,4,1,korshunov/13/i13_03_4.exr,korshunov/13/i13.exr,60.3186,JPEGXT_compression_profile_C,-,-1.705728988
k-i14-k-01-1,korshunov,k-i14,k-01,1,1,korshunov/14/i14_01_1.exr,korshunov/14/i14.exr,60.3186,JPEGXT_compression_profile_A,-,-0.369388858
k-i14-k-01-2,korshunov,k-i14,k-01,2,1,korshunov/14/i14_01_2.exr,korshunov/14/i14.exr,60.3186,JPEGXT_compression_profile_A,-,-0.608052371
k-i14-k-01-3,korshunov,k-i14,k-01,3,1,korshunov/14/i14_01_3.exr,korshunov/14/i14.exr,60.3186,JPEGXT_compression_profile_A,-,-1.403491615
k-i14-k-01-4,korshunov,k-i14,k-01,4,1,korshunov/14/i14_01_4.exr,korshunov/14/i14.exr,60.3186,JPEGXT_compression_profile_A,-,-2.359841859
k-i14-k-02-1,korshunov,k-i14,k-02,1,1,korshunov/14/i14_02_1.exr,korshunov/14/i14.exr,60.3186,JPEGXT_compression_profile_B,-,-0.297045709
k-i14-k-02-2,korshunov,k-i14,k-02,2,1,korshunov/14/i14_02_2.exr,korshunov/14/i14.exr,60.3186,JPEGXT_compression_profile_B,-,-0.540554653
k-i14-k-02-3,korshunov,k-i14,k-02,3,1,korshunov/14/i14_02_3.exr,korshunov/14/i14.exr,60.3186,JPEGXT_compression_profile_B,-,-1.20317504
k-i14-k-02-4,korshunov,k-i14,k-02,4,1,korshunov/14/i14_02_4.exr,korshunov/14/i14.exr,60.3186,JPEGXT_compression_profile_B,-,-1.980363855
k-i14-k-03-1,korshunov,k-i14,k-03,1,1,korshunov/14/i14_03_1.exr,korshunov/14/i14.exr,60.3186,JPEGXT_compression_profile_C,-,-0.280192791
k-i14-k-03-2,korshunov,k-i14,k-03,2,1,korshunov/14/i14_03_2.exr,korshunov/14/i14.exr,60.3186,JPEGXT_compression_profile_C,-,-0.31799592
k-i14-k-03-3,korshunov,k-i14,k-03,3,1,korshunov/14/i14_03_3.exr,korshunov/14/i14.exr,60.3186,JPEGXT_compression_profile_C,-,-1.255820192
k-i14-k-03-4,korshunov,k-i14,k-03,4,1,korshunov/14/i14_03_4.exr,korshunov/14/i14.exr,60.3186,JPEGXT_compression_profile_C,-,-1.818887421
k-i15-k-01-1,korshunov,k-i15,k-01,1,1,korshunov/15/i15_01_1.exr,korshunov/15/i15.exr,60.3186,JPEGXT_compression_profile_A,-,-0.32562109
k-i15-k-01-2,korshunov,k-i15,k-01,2,1,korshunov/15/i15_01_2.exr,korshunov/15/i15.exr,60.3186,JPEGXT_compression_profile_A,-,-0.634530758
k-i15-k-01-3,korshunov,k-i15,k-01,3,1,korshunov/15/i15_01_3.exr,korshunov/15/i15.exr,60.3186,JPEGXT_compression_profile_A,-,-1.664311282
k-i15-k-01-4,korshunov,k-i15,k-01,4,1,korshunov/15/i15_01_4.exr,korshunov/15/i15.exr,60.3186,JPEGXT_compression_profile_A,-,-2.398678358
k-i15-k-02-1,korshunov,k-i15,k-02,1,1,korshunov/15/i15_02_1.exr,korshunov/15/i15.exr,60.3186,JPEGXT_compression_profile_B,-,-0.273240214
k-i15-k-02-2,korshunov,k-i15,k-02,2,1,korshunov/15/i15_02_2.exr,korshunov/15/i15.exr,60.3186,JPEGXT_compression_profile_B,-,-0.644247767
k-i15-k-02-3,korshunov,k-i15,k-02,3,1,korshunov/15/i15_02_3.exr,korshunov/15/i15.exr,60.3186,JPEGXT_compression_profile_B,-,-1.405671651
k-i15-k-02-4,korshunov,k-i15,k-02,4,1,korshunov/15/i15_02_4.exr,korshunov/15/i15.exr,60.3186,JPEGXT_compression_profile_B,-,-2.251981261
k-i15-k-03-1,korshunov,k-i15,k-03,1,1,korshunov/15/i15_03_1.exr,korshunov/15/i15.exr,60.3186,JPEGXT_compression_profile_C,-,-0.218294404
k-i15-k-03-2,korshunov,k-i15,k-03,2,1,korshunov/15/i15_03_2.exr,korshunov/15/i15.exr,60.3186,JPEGXT_compression_profile_C,-,-0.809593007
k-i15-k-03-3,korshunov,k-i15,k-03,3,1,korshunov/15/i15_03_3.exr,korshunov/15/i15.exr,60.3186,JPEGXT_compression_profile_C,-,-1.431192561
k-i15-k-03-4,korshunov,k-i15,k-03,4,1,korshunov/15/i15_03_4.exr,korshunov/15/i15.exr,60.3186,JPEGXT_compression_profile_C,-,-2.28256455
k-i16-k-01-1,korshunov,k-i16,k-01,1,1,korshunov/16/i16_01_1.exr,korshunov/16/i16.exr,60.3186,JPEGXT_compression_profile_A,-,-0.33601224
k-i16-k-01-2,korshunov,k-i16,k-01,2,1,korshunov/16/i16_01_2.exr,korshunov/16/i16.exr,60.3186,JPEGXT_compression_profile_A,-,-1.049789785
k-i16-k-01-3,korshunov,k-i16,k-01,3,1,korshunov/16/i16_01_3.exr,korshunov/16/i16.exr,60.3186,JPEGXT_compression_profile_A,-,-1.553596832
k-i16-k-01-4,korshunov,k-i16,k-01,4,1,korshunov/16/i16_01_4.exr,korshunov/16/i16.exr,60.3186,JPEGXT_compression_profile_A,-,-2.411364825
k-i16-k-02-1,korshunov,k-i16,k-02,1,1,korshunov/16/i16_02_1.exr,korshunov/16/i16.exr,60.3186,JPEGXT_compression_profile_B,-,-0.531295673
k-i16-k-02-2,korshunov,k-i16,k-02,2,1,korshunov/16/i16_02_2.exr,korshunov/16/i16.exr,60.3186,JPEGXT_compression_profile_B,-,-0.722127352
k-i16-k-02-3,korshunov,k-i16,k-02,3,1,korshunov/16/i16_02_3.exr,korshunov/16/i16.exr,60.3186,JPEGXT_compression_profile_B,-,-1.256516835
k-i16-k-02-4,korshunov,k-i16,k-02,4,1,korshunov/16/i16_02_4.exr,korshunov/16/i16.exr,60.3186,JPEGXT_compression_profile_B,-,-2.399926995
k-i16-k-03-1,korshunov,k-i16,k-03,1,1,korshunov/16/i16_03_1.exr,korshunov/16/i16.exr,60.3186,JPEGXT_compression_profile_C,-,-0.449006222
k-i16-k-03-2,korshunov,k-i16,k-03,2,1,korshunov/16/i16_03_2.exr,korshunov/16/i16.exr,60.3186,JPEGXT_compression_profile_C,-,-1.280367783
k-i16-k-03-3,korshunov,k-i16,k-03,3,1,korshunov/16/i16_03_3.exr,korshunov/16/i16.exr,60.3186,JPEGXT_compression_profile_C,-,-1.489256386
k-i16-k-03-4,korshunov,k-i16,k-03,4,1,korshunov/16/i16_03_4.exr,korshunov/16/i16.exr,60.3186,JPEGXT_compression_profile_C,-,-2.312904617
k-i17-k-01-1,korshunov,k-i17,k-01,1,1,korshunov/17/i17_01_1.exr,korshunov/17/i17.exr,60.3186,JPEGXT_compression_profile_A,-,-0.245576066
k-i17-k-01-2,korshunov,k-i17,k-01,2,1,korshunov/17/i17_01_2.exr,korshunov/17/i17.exr,60.3186,JPEGXT_compression_profile_A,-,-0.937564933
k-i17-k-01-3,korshunov,k-i17,k-01,3,1,korshunov/17/i17_01_3.exr,korshunov/17/i17.exr,60.3186,JPEGXT_compression_profile_A,-,-1.466573839
k-i17-k-01-4,korshunov,k-i17,k-01,4,1,korshunov/17/i17_01_4.exr,korshunov/17/i17.exr,60.3186,JPEGXT_compression_profile_A,-,-2.434376794
k-i17-k-02-1,korshunov,k-i17,k-02,1,1,korshunov/17/i17_02_1.exr,korshunov/17/i17.exr,60.3186,JPEGXT_compression_profile_B,-,-0.232903238
k-i17-k-02-2,korshunov,k-i17,k-02,2,1,korshunov/17/i17_02_2.exr,korshunov/17/i17.exr,60.3186,JPEGXT_compression_profile_B,-,-0.699169216
k-i17-k-02-3,korshunov,k-i17,k-02,3,1,korshunov/17/i17_02_3.exr,korshunov/17/i17.exr,60.3186,JPEGXT_compression_profile_B,-,-1.146832438
k-i17-k-02-4,korshunov,k-i17,k-02,4,1,korshunov/17/i17_02_4.exr,korshunov/17/i17.exr,60.3186,JPEGXT_compression_profile_B,-,-2.125680268
k-i17-k-03-1,korshunov,k-i17,k-03,1,1,korshunov/17/i17_03_1.exr,korshunov/17/i17.exr,60.3186,JPEGXT_compression_profile_C,-,-0.202821132
k-i17-k-03-2,korshunov,k-i17,k-03,2,1,korshunov/17/i17_03_2.exr,korshunov/17/i17.exr,60.3186,JPEGXT_compression_profile_C,-,-0.833137586
k-i17-k-03-3,korshunov,k-i17,k-03,3,1,korshunov/17/i17_03_3.exr,korshunov/17/i17.exr,60.3186,JPEGXT_compression_profile_C,-,-1.431666117
k-i17-k-03-4,korshunov,k-i17,k-03,4,1,korshunov/17/i17_03_4.exr,korshunov/17/i17.exr,60.3186,JPEGXT_compression_profile_C,-,-2.178632671
k-i18-k-01-1,korshunov,k-i18,k-01,1,1,korshunov/18/i18_01_1.exr,korshunov/18/i18.exr,60.3186,JPEGXT_compression_profile_A,-,-0.626921254
k-i18-k-01-2,korshunov,k-i18,k-01,2,1,korshunov/18/i18_01_2.exr,korshunov/18/i18.exr,60.3186,JPEGXT_compression_profile_A,-,-1.655320723
k-i18-k-01-3,korshunov,k-i18,k-01,3,1,korshunov/18/i18_01_3.exr,korshunov/18/i18.exr,60.3186,JPEGXT_compression_profile_A,-,-2.255958698
k-i18-k-01-4,korshunov,k-i18,k-01,4,1,korshunov/18/i18_01_4.exr,korshunov/18/i18.exr,60.3186,JPEGXT_compression_profile_A,-,-2.461664976
k-i18-k-02-1,korshunov,k-i18,k-02,1,1,korshunov/18/i18_02_1.exr,korshunov/18/i18.exr,60.3186,JPEGXT_compression_profile_B,-,-1.6366243
k-i18-k-02-2,korshunov,k-i18,k-02,2,1,korshunov/18/i18_02_2.exr,korshunov/18/i18.exr,60.3186,JPEGXT_compression_profile_B,-,-2.009204349
k-i18-k-02-3,korshunov,k-i18,k-02,3,1,korshunov/18/i18_02_3.exr,korshunov/18/i18.exr,60.3186,JPEGXT_compression_profile_B,-,-2.362181755
k-i18-k-02-4,korshunov,k-i18,k-02,4,1,korshunov/18/i18_02_4.exr,korshunov/18/i18.exr,60.3186,JPEGXT_compression_profile_B,-,-2.507482425
k-i18-k-03-1,korshunov,k-i18,k-03,1,1,korshunov/18/i18_03_1.exr,korshunov/18/i18.exr,60.3186,JPEGXT_compression_profile_C,-,-0.704692016
k-i18-k-03-2,korshunov,k-i18,k-03,2,1,korshunov/18/i18_03_2.exr,korshunov/18/i18.exr,60.3186,JPEGXT_compression_profile_C,-,-1.509742806
k-i18-k-03-3,korshunov,k-i18,k-03,3,1,korshunov/18/i18_03_3.exr,korshunov/18/i18.exr,60.3186,JPEGXT_compression_profile_C,-,-1.715841809
k-i18-k-03-4,korshunov,k-i18,k-03,4,1,korshunov/18/i18_03_4.exr,korshunov/18/i18.exr,60.3186,JPEGXT_compression_profile_C,-,-2.307664459
k-i19-k-01-1,korshunov,k-i19,k-01,1,1,korshunov/19/i19_01_1.exr,korshunov/19/i19.exr,60.3186,JPEGXT_compression_profile_A,-,-0.14976897
k-i19-k-01-2,korshunov,k-i19,k-01,2,1,korshunov/19/i19_01_2.exr,korshunov/19/i19.exr,60.3186,JPEGXT_compression_profile_A,-,-0.368184705
k-i19-k-01-3,korshunov,k-i19,k-01,3,1,korshunov/19/i19_01_3.exr,korshunov/19/i19.exr,60.3186,JPEGXT_compression_profile_A,-,-1.330050557
k-i19-k-01-4,korshunov,k-i19,k-01,4,1,korshunov/19/i19_01_4.exr,korshunov/19/i19.exr,60.3186,JPEGXT_compression_profile_A,-,-2.328730933
k-i19-k-02-1,korshunov,k-i19,k-02,1,1,korshunov/19/i19_02_1.exr,korshunov/19/i19.exr,60.3186,JPEGXT_compression_profile_B,-,-0.236049525
k-i19-k-02-2,korshunov,k-i19,k-02,2,1,korshunov/19/i19_02_2.exr,korshunov/19/i19.exr,60.3186,JPEGXT_compression_profile_B,-,-0.325145914
k-i19-k-02-3,korshunov,k-i19,k-02,3,1,korshunov/19/i19_02_3.exr,korshunov/19/i19.exr,60.3186,JPEGXT_compression_profile_B,-,-1.054942026
k-i19-k-02-4,korshunov,k-i19,k-02,4,1,korshunov/19/i19_02_4.exr,korshunov/19/i19.exr,60.3186,JPEGXT_compression_profile_B,-,-1.87468248
k-i19-k-03-1,korshunov,k-i19,k-03,1,1,korshunov/19/i19_03_1.exr,korshunov/19/i19.exr,60.3186,JPEGXT_compression_profile_C,-,-0.238738613
k-i19-k-03-2,korshunov,k-i19,k-03,2,1,korshunov/19/i19_03_2.exr,korshunov/19/i19.exr,60.3186,JPEGXT_compression_profile_C,-,-1.022489246
k-i19-k-03-3,korshunov,k-i19,k-03,3,1,korshunov/19/i19_03_3.exr,korshunov/19/i19.exr,60.3186,JPEGXT_compression_profile_C,-,-1.870403831
k-i19-k-03-4,korshunov,k-i19,k-03,4,1,korshunov/19/i19_03_4.exr,korshunov/19/i19.exr,60.3186,JPEGXT_compression_profile_C,-,-2.076488924
k-i20-k-01-1,korshunov,k-i20,k-01,1,1,korshunov/20/i20_01_1.exr,korshunov/20/i20.exr,60.3186,JPEGXT_compression_profile_A,-,-0.273223773
k-i20-k-01-2,korshunov,k-i20,k-01,2,1,korshunov/20/i20_01_2.exr,korshunov/20/i20.exr,60.3186,JPEGXT_compression_profile_A,-,-0.530167843
k-i20-k-01-3,korshunov,k-i20,k-01,3,1,korshunov/20/i20_01_3.exr,korshunov/20/i20.exr,60.3186,JPEGXT_compression_profile_A,-,-1.149089112
k-i20-k-01-4,korshunov,k-i20,k-01,4,1,korshunov/20/i20_01_4.exr,korshunov/20/i20.exr,60.3186,JPEGXT_compression_profile_A,-,-2.383585677
k-i20-k-02-1,korshunov,k-i20,k-02,1,1,korshunov/20/i20_02_1.exr,korshunov/20/i20.exr,60.3186,JPEGXT_compression_profile_B,-,-0.274820865
k-i20-k-02-2,korshunov,k-i20,k-02,2,1,korshunov/20/i20_02_2.exr,korshunov/20/i20.exr,60.3186,JPEGXT_compression_profile_B,-,-0.478343519
k-i20-k-02-3,korshunov,k-i20,k-02,3,1,korshunov/20/i20_02_3.exr,korshunov/20/i20.exr,60.3186,JPEGXT_compression_profile_B,-,-1.261787445
k-i20-k-02-4,korshunov,k-i20,k-02,4,1,korshunov/20/i20_02_4.exr,korshunov/20/i20.exr,60.3186,JPEGXT_compression_profile_B,-,-2.192421617
k-i20-k-03-1,korshunov,k-i20,k-03,1,1,korshunov/20/i20_03_1.exr,korshunov/20/i20.exr,60.3186,JPEGXT_compression_profile_C,-,-0.181589743
k-i20-k-03-2,korshunov,k-i20,k-03,2,1,korshunov/20/i20_03_2.exr,korshunov/20/i20.exr,60.3186,JPEGXT_compression_profile_C,-,-0.745221804
k-i20-k-03-3,korshunov,k-i20,k-03,3,1,korshunov/20/i20_03_3.exr,korshunov/20/i20.exr,60.3186,JPEGXT_compression_profile_C,-,-1.599169098
k-i20-k-03-4,korshunov,k-i20,k-03,4,1,korshunov/20/i20_03_4.exr,korshunov/20/i20.exr,60.3186,JPEGXT_compression_profile_C,-,-2.35984686